[nps2_base] attn_out 0x7b9142c00000  flags 0x7b9142d11000 / 0x7b9142d11000  weight 0x7b9142200000 (6.11 MiB)
[nps2_base] aid=0 coherent=0 split=0 hier_split=0
[nps2_base] 184 tiles (23/XCD), 256 threads, 400 layers, delay=0 skew=0, 736 polling waves
[OPROJ_INNER] slicewait=16.48 mfma=2.28 bar=5.68 rmsnorm_router=1.48 topk=0.56 total=26.48
[OPROJ_INNER] slicewait=4.56 mfma=3.80 bar=3.64 rmsnorm_router=1.44 topk=1.16 total=14.60
[OPROJ_INNER] slicewait=15.16 mfma=2.28 bar=5.92 rmsnorm_router=1.76 topk=0.40 total=25.52
[OPROJ_INNER] slicewait=7.68 mfma=3.88 bar=3.80 rmsnorm_router=1.44 topk=3.48 total=20.28
[OPROJ_INNER] slicewait=14.36 mfma=1.72 bar=8.44 rmsnorm_router=1.48 topk=2.12 total=28.12
[OPROJ_INNER] slicewait=8.68 mfma=3.84 bar=6.16 rmsnorm_router=1.96 topk=1.92 total=22.56
[OPROJ_INNER] slicewait=8.80 mfma=4.80 bar=6.32 rmsnorm_router=1.60 topk=1.04 total=22.56
[OPROJ_INNER] slicewait=6.76 mfma=3.84 bar=3.80 rmsnorm_router=1.48 topk=3.48 total=19.36
[OPROJ_INNER] slicewait=2.84 mfma=10.56 bar=7.80 rmsnorm_router=1.48 topk=0.52 total=23.20
[OPROJ_INNER] slicewait=4.28 mfma=8.72 bar=8.32 rmsnorm_router=1.48 topk=1.00 total=23.80
[OPROJ_INNER] slicewait=8.88 mfma=3.76 bar=4.24 rmsnorm_router=1.44 topk=2.40 total=20.72
[OPROJ_INNER] slicewait=11.64 mfma=3.76 bar=5.36 rmsnorm_router=1.68 topk=1.80 total=24.24
[OPROJ_INNER] slicewait=3.80 mfma=8.20 bar=10.16 rmsnorm_router=1.44 topk=1.96 total=25.56
[OPROJ_INNER] slicewait=2.12 mfma=3.84 bar=3.36 rmsnorm_router=1.40 topk=3.00 total=13.72
[OPROJ_INNER] slicewait=0.92 mfma=16.52 bar=5.84 rmsnorm_router=1.44 topk=1.20 total=25.92
[OPROJ_INNER] slicewait=2.88 mfma=8.20 bar=12.00 rmsnorm_router=1.48 topk=2.44 total=27.00
[OPROJ_INNER] slicewait=10.08 mfma=3.00 bar=7.52 rmsnorm_router=1.60 topk=0.44 total=22.64
[OPROJ_INNER] slicewait=9.36 mfma=3.84 bar=5.44 rmsnorm_router=1.48 topk=0.44 total=20.56
[OPROJ_INNER] slicewait=4.88 mfma=3.76 bar=5.16 rmsnorm_router=1.40 topk=2.24 total=17.44
[OPROJ_INNER] slicewait=6.76 mfma=3.04 bar=9.44 rmsnorm_router=1.52 topk=0.36 total=21.12
[OPROJ_INNER] slicewait=5.72 mfma=3.92 bar=5.16 rmsnorm_router=1.44 topk=3.88 total=20.12
[OPROJ_INNER] slicewait=4.92 mfma=3.88 bar=3.08 rmsnorm_router=1.80 topk=0.96 total=14.64
[OPROJ_INNER] slicewait=9.72 mfma=4.08 bar=5.80 rmsnorm_router=1.44 topk=2.28 total=23.32
[OPROJ_INNER] slicewait=5.96 mfma=3.56 bar=10.60 rmsnorm_router=1.44 topk=2.08 total=23.64
[OPROJ_INNER] slicewait=7.80 mfma=3.92 bar=4.24 rmsnorm_router=1.44 topk=3.04 total=20.44
[OPROJ_INNER] slicewait=2.64 mfma=3.76 bar=3.20 rmsnorm_router=1.44 topk=1.52 total=12.56
[OPROJ_INNER] slicewait=10.52 mfma=6.96 bar=7.04 rmsnorm_router=1.44 topk=2.84 total=28.80
[OPROJ_INNER] slicewait=2.80 mfma=6.96 bar=9.04 rmsnorm_router=1.60 topk=0.40 total=20.80
[OPROJ_INNER] slicewait=1.84 mfma=4.56 bar=3.64 rmsnorm_router=1.44 topk=10.24 total=21.72
[OPROJ_INNER] slicewait=3.36 mfma=6.88 bar=8.08 rmsnorm_router=1.44 topk=2.04 total=21.80
[OPROJ_INNER] slicewait=5.32 mfma=3.96 bar=6.48 rmsnorm_router=1.52 topk=1.56 total=18.84
[OPROJ_INNER] slicewait=3.16 mfma=8.60 bar=9.52 rmsnorm_router=1.44 topk=2.68 total=25.40
[OPROJ_INNER] slicewait=4.28 mfma=3.76 bar=6.36 rmsnorm_router=1.44 topk=2.56 total=18.40
[OPROJ_INNER] slicewait=11.52 mfma=3.56 bar=6.12 rmsnorm_router=1.44 topk=2.84 total=25.48
[OPROJ_INNER] slicewait=2.16 mfma=4.68 bar=3.12 rmsnorm_router=1.48 topk=0.40 total=11.84
[OPROJ_INNER] slicewait=5.16 mfma=3.76 bar=6.72 rmsnorm_router=1.64 topk=0.44 total=17.72
[OPROJ_INNER] slicewait=3.08 mfma=5.12 bar=4.28 rmsnorm_router=1.40 topk=3.44 total=17.32
[OPROJ_INNER] slicewait=5.04 mfma=4.44 bar=8.12 rmsnorm_router=1.40 topk=3.56 total=22.56
[OPROJ_INNER] slicewait=4.92 mfma=6.12 bar=8.08 rmsnorm_router=1.44 topk=1.88 total=22.44
[OPROJ_INNER] slicewait=9.88 mfma=5.08 bar=5.84 rmsnorm_router=1.40 topk=2.32 total=24.52
[OPROJ_INNER] slicewait=2.32 mfma=7.36 bar=11.84 rmsnorm_router=1.40 topk=0.40 total=23.32
[OPROJ_INNER] slicewait=2.96 mfma=12.08 bar=7.04 rmsnorm_router=1.48 topk=2.32 total=25.88
[OPROJ_INNER] slicewait=3.28 mfma=9.44 bar=7.40 rmsnorm_router=1.76 topk=0.40 total=22.28
[OPROJ_INNER] slicewait=0.84 mfma=15.24 bar=6.60 rmsnorm_router=1.44 topk=3.08 total=27.20
[OPROJ_INNER] slicewait=5.92 mfma=9.28 bar=5.20 rmsnorm_router=1.44 topk=2.20 total=24.04
[OPROJ_INNER] slicewait=3.48 mfma=7.96 bar=9.72 rmsnorm_router=1.48 topk=1.00 total=23.64
[OPROJ_INNER] slicewait=2.48 mfma=3.96 bar=3.60 rmsnorm_router=1.48 topk=9.96 total=21.48
[OPROJ_INNER] slicewait=2.72 mfma=7.64 bar=11.52 rmsnorm_router=1.48 topk=1.72 total=25.08
[OPROJ_INNER] slicewait=3.76 mfma=11.64 bar=9.24 rmsnorm_router=1.44 topk=0.60 total=26.68
[OPROJ_INNER] slicewait=2.40 mfma=4.56 bar=3.32 rmsnorm_router=1.44 topk=2.40 total=14.12
[OPROJ_INNER] slicewait=3.32 mfma=9.28 bar=8.08 rmsnorm_router=1.44 topk=2.08 total=24.20
[OPROJ_INNER] slicewait=3.32 mfma=11.00 bar=8.92 rmsnorm_router=1.44 topk=1.40 total=26.08
[OPROJ_INNER] slicewait=3.84 mfma=3.96 bar=3.68 rmsnorm_router=1.44 topk=3.32 total=16.24
[OPROJ_INNER] slicewait=5.64 mfma=5.20 bar=3.48 rmsnorm_router=1.44 topk=2.60 total=18.36
[OPROJ_INNER] slicewait=2.08 mfma=15.72 bar=8.60 rmsnorm_router=1.44 topk=0.40 total=28.24
[OPROJ_INNER] slicewait=5.16 mfma=14.12 bar=7.40 rmsnorm_router=1.44 topk=2.76 total=30.88
[OPROJ_INNER] slicewait=6.08 mfma=7.48 bar=8.00 rmsnorm_router=1.48 topk=1.92 total=24.96
[OPROJ_INNER] slicewait=3.84 mfma=12.76 bar=8.60 rmsnorm_router=1.64 topk=1.28 total=28.12
[OPROJ_INNER] slicewait=8.20 mfma=3.80 bar=3.20 rmsnorm_router=1.48 topk=1.24 total=17.92
[OPROJ_INNER] slicewait=3.32 mfma=13.00 bar=8.92 rmsnorm_router=1.48 topk=2.88 total=29.60
[OPROJ_INNER] slicewait=2.24 mfma=3.76 bar=3.60 rmsnorm_router=1.44 topk=10.88 total=21.92
[OPROJ_INNER] slicewait=9.36 mfma=11.64 bar=5.84 rmsnorm_router=1.40 topk=2.52 total=30.76
[OPROJ_INNER] slicewait=3.80 mfma=10.72 bar=10.48 rmsnorm_router=1.44 topk=3.84 total=30.28
[OPROJ_INNER] slicewait=4.96 mfma=4.80 bar=3.24 rmsnorm_router=1.44 topk=2.28 total=16.72
[OPROJ_INNER] slicewait=4.36 mfma=12.08 bar=7.36 rmsnorm_router=1.44 topk=1.88 total=27.12
[OPROJ_INNER] slicewait=3.72 mfma=8.96 bar=8.68 rmsnorm_router=1.40 topk=0.72 total=23.48
[OPROJ_INNER] slicewait=3.88 mfma=8.08 bar=11.64 rmsnorm_router=1.40 topk=3.56 total=28.56
[OPROJ_INNER] slicewait=4.32 mfma=8.00 bar=10.16 rmsnorm_router=1.44 topk=3.12 total=27.04
[OPROJ_INNER] slicewait=2.96 mfma=3.96 bar=2.52 rmsnorm_router=1.44 topk=0.44 total=11.32
[OPROJ_INNER] slicewait=9.68 mfma=4.44 bar=9.40 rmsnorm_router=1.44 topk=3.04 total=28.00
[OPROJ_INNER] slicewait=5.48 mfma=7.56 bar=6.72 rmsnorm_router=1.44 topk=0.76 total=21.96
[OPROJ_INNER] slicewait=2.12 mfma=4.44 bar=3.32 rmsnorm_router=1.48 topk=2.76 total=14.12
[OPROJ_INNER] slicewait=3.76 mfma=3.92 bar=3.20 rmsnorm_router=1.48 topk=0.44 total=12.80
[OPROJ_INNER] slicewait=4.28 mfma=8.24 bar=9.36 rmsnorm_router=1.44 topk=1.04 total=24.36
[OPROJ_INNER] slicewait=3.72 mfma=8.16 bar=10.76 rmsnorm_router=1.40 topk=1.76 total=25.80
[OPROJ_INNER] slicewait=9.36 mfma=3.92 bar=5.08 rmsnorm_router=1.44 topk=1.44 total=21.24
[OPROJ_INNER] slicewait=6.32 mfma=3.88 bar=9.40 rmsnorm_router=1.40 topk=3.04 total=24.04
[OPROJ_INNER] slicewait=3.92 mfma=8.64 bar=9.12 rmsnorm_router=1.92 topk=1.32 total=24.92
[OPROJ_INNER] slicewait=5.84 mfma=8.00 bar=9.52 rmsnorm_router=1.44 topk=2.44 total=27.24
[OPROJ_INNER] slicewait=2.12 mfma=4.48 bar=3.28 rmsnorm_router=1.44 topk=1.56 total=12.88
[OPROJ_INNER] slicewait=3.56 mfma=8.96 bar=9.84 rmsnorm_router=1.40 topk=3.32 total=27.08
[OPROJ_INNER] slicewait=4.20 mfma=8.60 bar=7.96 rmsnorm_router=1.48 topk=1.76 total=24.00
[OPROJ_INNER] slicewait=12.92 mfma=3.96 bar=4.04 rmsnorm_router=1.44 topk=0.40 total=22.76
[OPROJ_INNER] slicewait=6.16 mfma=3.76 bar=8.88 rmsnorm_router=1.36 topk=2.44 total=22.60
[OPROJ_INNER] slicewait=2.00 mfma=13.76 bar=7.64 rmsnorm_router=1.40 topk=0.44 total=25.24
[OPROJ_INNER] slicewait=2.36 mfma=3.96 bar=3.64 rmsnorm_router=1.44 topk=3.52 total=14.92
[OPROJ_INNER] slicewait=4.12 mfma=8.40 bar=9.16 rmsnorm_router=1.72 topk=0.80 total=24.20
[OPROJ_INNER] slicewait=12.44 mfma=3.84 bar=6.20 rmsnorm_router=1.44 topk=2.44 total=26.36
[OPROJ_INNER] slicewait=9.08 mfma=9.60 bar=7.04 rmsnorm_router=1.44 topk=0.40 total=27.56
[OPROJ_INNER] slicewait=5.56 mfma=12.04 bar=8.60 rmsnorm_router=1.64 topk=0.40 total=28.24
[OPROJ_INNER] slicewait=5.64 mfma=6.88 bar=8.80 rmsnorm_router=1.44 topk=0.60 total=23.36
[OPROJ_INNER] slicewait=11.96 mfma=3.88 bar=5.12 rmsnorm_router=1.44 topk=2.56 total=24.96
[OPROJ_INNER] slicewait=3.96 mfma=11.92 bar=9.68 rmsnorm_router=1.44 topk=2.68 total=29.68
[OPROJ_INNER] slicewait=2.04 mfma=4.32 bar=3.80 rmsnorm_router=1.44 topk=3.56 total=15.16
[OPROJ_INNER] slicewait=4.36 mfma=13.04 bar=8.24 rmsnorm_router=1.48 topk=3.44 total=30.56
[OPROJ_INNER] slicewait=9.40 mfma=8.84 bar=7.72 rmsnorm_router=1.44 topk=2.92 total=30.32
[OPROJ_INNER] slicewait=8.60 mfma=6.32 bar=5.28 rmsnorm_router=1.44 topk=0.40 total=22.04
[OPROJ_INNER] slicewait=1.84 mfma=4.44 bar=3.76 rmsnorm_router=1.44 topk=3.16 total=14.64
[OPROJ_INNER] slicewait=3.68 mfma=6.60 bar=9.84 rmsnorm_router=1.44 topk=1.28 total=22.84
[OPROJ_INNER] slicewait=3.40 mfma=5.92 bar=5.04 rmsnorm_router=1.44 topk=3.56 total=19.36
[OPROJ_INNER] slicewait=8.12 mfma=6.24 bar=5.64 rmsnorm_router=1.44 topk=3.48 total=24.92
[OPROJ_INNER] slicewait=4.44 mfma=5.32 bar=10.32 rmsnorm_router=1.44 topk=2.84 total=24.36
[OPROJ_INNER] slicewait=5.24 mfma=3.88 bar=3.08 rmsnorm_router=1.72 topk=1.64 total=15.56
[OPROJ_INNER] slicewait=2.04 mfma=10.20 bar=9.64 rmsnorm_router=1.44 topk=2.00 total=25.32
[OPROJ_INNER] slicewait=6.40 mfma=5.00 bar=10.28 rmsnorm_router=1.48 topk=1.68 total=24.84
[OPROJ_INNER] slicewait=6.88 mfma=6.48 bar=5.68 rmsnorm_router=1.44 topk=1.32 total=21.80
[OPROJ_INNER] slicewait=3.08 mfma=3.84 bar=3.32 rmsnorm_router=1.44 topk=2.16 total=13.84
[OPROJ_INNER] slicewait=4.16 mfma=5.20 bar=6.40 rmsnorm_router=1.84 topk=1.20 total=18.80
[OPROJ_INNER] slicewait=7.04 mfma=7.36 bar=7.52 rmsnorm_router=1.48 topk=2.76 total=26.16
[OPROJ_INNER] slicewait=2.48 mfma=4.52 bar=3.28 rmsnorm_router=1.48 topk=2.56 total=14.32
[OPROJ_INNER] slicewait=3.52 mfma=5.60 bar=6.84 rmsnorm_router=1.44 topk=3.08 total=20.48
[OPROJ_INNER] slicewait=5.00 mfma=3.76 bar=9.08 rmsnorm_router=1.44 topk=3.60 total=22.88
[OPROJ_INNER] slicewait=1.28 mfma=9.92 bar=7.84 rmsnorm_router=1.52 topk=0.36 total=20.92
[OPROJ_INNER] slicewait=3.12 mfma=4.80 bar=10.52 rmsnorm_router=1.48 topk=2.00 total=21.92
[OPROJ_INNER] slicewait=5.04 mfma=3.84 bar=9.16 rmsnorm_router=1.44 topk=2.52 total=22.00
[OPROJ_INNER] slicewait=3.60 mfma=4.40 bar=9.92 rmsnorm_router=1.48 topk=3.44 total=22.84
[OPROJ_INNER] slicewait=5.12 mfma=6.20 bar=6.20 rmsnorm_router=1.44 topk=0.52 total=19.48
[OPROJ_INNER] slicewait=2.20 mfma=4.88 bar=3.28 rmsnorm_router=1.56 topk=1.76 total=13.68
[OPROJ_INNER] slicewait=6.08 mfma=6.08 bar=3.72 rmsnorm_router=1.72 topk=1.24 total=18.84
[OPROJ_INNER] slicewait=2.24 mfma=5.80 bar=5.88 rmsnorm_router=1.44 topk=3.40 total=18.76
[OPROJ_INNER] slicewait=5.16 mfma=3.72 bar=4.92 rmsnorm_router=1.68 topk=0.40 total=15.88
[OPROJ_INNER] slicewait=3.72 mfma=4.48 bar=10.48 rmsnorm_router=1.44 topk=1.32 total=21.44
[OPROJ_INNER] slicewait=6.00 mfma=5.72 bar=7.40 rmsnorm_router=1.44 topk=1.92 total=22.48
[OPROJ_INNER] slicewait=3.56 mfma=5.04 bar=3.04 rmsnorm_router=1.56 topk=0.40 total=13.60
[OPROJ_INNER] slicewait=3.40 mfma=4.20 bar=11.32 rmsnorm_router=1.44 topk=1.92 total=22.28
[OPROJ_INNER] slicewait=4.12 mfma=4.72 bar=5.12 rmsnorm_router=1.44 topk=2.88 total=18.28
[OPROJ_INNER] slicewait=8.00 mfma=4.64 bar=6.32 rmsnorm_router=1.44 topk=3.64 total=24.04
[OPROJ_INNER] slicewait=7.92 mfma=5.20 bar=5.00 rmsnorm_router=1.44 topk=3.64 total=23.20
[OPROJ_INNER] slicewait=2.08 mfma=12.24 bar=9.04 rmsnorm_router=1.40 topk=2.40 total=27.16
[OPROJ_INNER] slicewait=4.24 mfma=8.60 bar=9.52 rmsnorm_router=1.44 topk=1.04 total=24.84
[OPROJ_INNER] slicewait=2.88 mfma=12.32 bar=7.92 rmsnorm_router=1.44 topk=2.76 total=27.32
[OPROJ_INNER] slicewait=12.32 mfma=3.80 bar=4.56 rmsnorm_router=1.72 topk=1.08 total=23.48
[OPROJ_INNER] slicewait=2.52 mfma=3.96 bar=2.64 rmsnorm_router=1.64 topk=1.56 total=12.32
[OPROJ_INNER] slicewait=3.52 mfma=11.44 bar=8.56 rmsnorm_router=1.44 topk=3.24 total=28.20
[OPROJ_INNER] slicewait=5.88 mfma=4.16 bar=9.52 rmsnorm_router=1.40 topk=2.40 total=23.36
[OPROJ_INNER] slicewait=3.64 mfma=7.76 bar=10.20 rmsnorm_router=1.80 topk=1.24 total=24.64
[OPROJ_INNER] slicewait=2.08 mfma=4.24 bar=2.72 rmsnorm_router=1.48 topk=0.40 total=10.92
[OPROJ_INNER] slicewait=10.64 mfma=3.96 bar=4.28 rmsnorm_router=1.56 topk=0.40 total=20.84
[OPROJ_INNER] slicewait=4.24 mfma=10.00 bar=9.80 rmsnorm_router=1.48 topk=2.52 total=28.04
[OPROJ_INNER] slicewait=3.44 mfma=13.92 bar=9.64 rmsnorm_router=1.40 topk=0.68 total=29.08
[OPROJ_INNER] slicewait=2.24 mfma=3.88 bar=3.72 rmsnorm_router=1.48 topk=9.48 total=20.80
[OPROJ_INNER] slicewait=4.68 mfma=3.76 bar=3.36 rmsnorm_router=1.44 topk=2.00 total=15.24
[OPROJ_INNER] slicewait=3.60 mfma=13.48 bar=10.84 rmsnorm_router=1.44 topk=1.88 total=31.24
[OPROJ_INNER] slicewait=3.44 mfma=8.28 bar=10.40 rmsnorm_router=1.48 topk=3.00 total=26.60
[OPROJ_INNER] slicewait=12.12 mfma=2.40 bar=7.20 rmsnorm_router=1.44 topk=0.60 total=23.76
[OPROJ_INNER] slicewait=5.08 mfma=3.84 bar=3.84 rmsnorm_router=1.48 topk=0.40 total=14.64
[OPROJ_INNER] slicewait=6.12 mfma=3.76 bar=5.16 rmsnorm_router=1.80 topk=1.36 total=18.20
[OPROJ_INNER] slicewait=12.08 mfma=2.32 bar=5.68 rmsnorm_router=1.44 topk=0.40 total=21.92
[OPROJ_INNER] slicewait=7.00 mfma=3.84 bar=5.88 rmsnorm_router=1.44 topk=1.88 total=20.04
[OPROJ_INNER] slicewait=10.08 mfma=1.72 bar=9.32 rmsnorm_router=1.44 topk=2.64 total=25.20
[OPROJ_INNER] slicewait=5.72 mfma=3.76 bar=4.28 rmsnorm_router=1.48 topk=3.40 total=18.64
[OPROJ_INNER] slicewait=12.04 mfma=3.76 bar=4.88 rmsnorm_router=1.48 topk=2.36 total=24.52
[OPROJ_INNER] slicewait=3.32 mfma=8.76 bar=7.96 rmsnorm_router=1.44 topk=0.44 total=21.92
[OPROJ_INNER] slicewait=10.08 mfma=11.40 bar=7.28 rmsnorm_router=1.40 topk=2.16 total=32.32
[OPROJ_INNER] slicewait=6.76 mfma=11.16 bar=10.96 rmsnorm_router=1.40 topk=2.00 total=32.28
[OPROJ_INNER] slicewait=2.36 mfma=3.84 bar=3.68 rmsnorm_router=1.48 topk=3.24 total=14.60
[OPROJ_INNER] slicewait=12.80 mfma=9.88 bar=6.96 rmsnorm_router=1.44 topk=3.00 total=34.08
[OPROJ_INNER] slicewait=2.20 mfma=3.96 bar=3.76 rmsnorm_router=1.44 topk=3.60 total=14.96
[OPROJ_INNER] slicewait=3.92 mfma=7.84 bar=10.60 rmsnorm_router=1.44 topk=3.60 total=27.40
[OPROJ_INNER] slicewait=4.36 mfma=7.40 bar=11.52 rmsnorm_router=1.44 topk=3.12 total=27.84
[OPROJ_INNER] slicewait=6.44 mfma=6.52 bar=4.80 rmsnorm_router=1.56 topk=0.40 total=19.72
[OPROJ_INNER] slicewait=3.08 mfma=5.12 bar=11.72 rmsnorm_router=1.44 topk=3.48 total=24.84
[OPROJ_INNER] slicewait=4.96 mfma=3.88 bar=7.52 rmsnorm_router=1.36 topk=0.44 total=18.16
[OPROJ_INNER] slicewait=2.40 mfma=5.88 bar=5.16 rmsnorm_router=1.40 topk=3.24 total=18.08
[OPROJ_INNER] slicewait=4.64 mfma=3.92 bar=5.16 rmsnorm_router=1.44 topk=1.08 total=16.24
[OPROJ_INNER] slicewait=1.92 mfma=4.48 bar=3.20 rmsnorm_router=1.44 topk=1.76 total=12.80
[OPROJ_INNER] slicewait=2.84 mfma=5.40 bar=4.16 rmsnorm_router=1.44 topk=3.56 total=17.40
[OPROJ_INNER] slicewait=7.16 mfma=5.68 bar=7.28 rmsnorm_router=1.44 topk=3.76 total=25.32
[OPROJ_INNER] slicewait=5.56 mfma=3.80 bar=3.16 rmsnorm_router=1.48 topk=0.44 total=14.44
[OPROJ_INNER] slicewait=2.52 mfma=3.96 bar=2.40 rmsnorm_router=1.56 topk=0.44 total=10.88
[OPROJ_INNER] slicewait=3.32 mfma=12.04 bar=8.08 rmsnorm_router=1.48 topk=2.36 total=27.28
[OPROJ_INNER] slicewait=2.04 mfma=12.96 bar=8.32 rmsnorm_router=1.76 topk=0.52 total=25.60
[OPROJ_INNER] slicewait=2.76 mfma=3.92 bar=3.32 rmsnorm_router=1.44 topk=3.12 total=14.56
[OPROJ_INNER] slicewait=8.20 mfma=8.88 bar=4.52 rmsnorm_router=1.60 topk=0.96 total=24.16
[OPROJ_INNER] slicewait=4.24 mfma=8.60 bar=9.20 rmsnorm_router=1.72 topk=1.16 total=24.92
[OPROJ_INNER] slicewait=6.76 mfma=3.92 bar=7.00 rmsnorm_router=1.44 topk=2.28 total=21.40
[OPROJ_INNER] slicewait=2.68 mfma=14.80 bar=8.08 rmsnorm_router=1.40 topk=0.48 total=27.44
[OPROJ_INNER] slicewait=1.00 mfma=19.68 bar=7.60 rmsnorm_router=1.40 topk=2.52 total=32.20
[OPROJ_INNER] slicewait=7.72 mfma=11.20 bar=7.28 rmsnorm_router=1.40 topk=3.36 total=30.96
[OPROJ_INNER] slicewait=1.88 mfma=4.72 bar=3.44 rmsnorm_router=1.40 topk=2.84 total=14.28
[OPROJ_INNER] slicewait=5.92 mfma=8.00 bar=4.28 rmsnorm_router=1.36 topk=0.40 total=19.96
[OPROJ_INNER] slicewait=3.68 mfma=7.56 bar=10.28 rmsnorm_router=1.48 topk=1.04 total=24.04
[OPROJ_INNER] slicewait=3.36 mfma=8.36 bar=10.00 rmsnorm_router=1.48 topk=3.52 total=26.72
[OPROJ_INNER] slicewait=4.28 mfma=11.40 bar=10.08 rmsnorm_router=1.44 topk=0.72 total=27.92
[OPROJ_INNER] slicewait=3.28 mfma=6.36 bar=5.60 rmsnorm_router=1.48 topk=0.40 total=17.12
[OPROJ_INNER] slicewait=11.48 mfma=4.00 bar=5.68 rmsnorm_router=1.48 topk=3.16 total=25.80
[OPROJ_INNER] slicewait=5.20 mfma=3.88 bar=3.12 rmsnorm_router=1.44 topk=0.52 total=14.16
[OPROJ_INNER] slicewait=3.52 mfma=7.44 bar=10.52 rmsnorm_router=1.40 topk=1.68 total=24.56
[OPROJ_INNER] slicewait=3.64 mfma=7.88 bar=9.72 rmsnorm_router=1.60 topk=1.00 total=23.84
[OPROJ_INNER] slicewait=4.28 mfma=5.76 bar=9.88 rmsnorm_router=1.44 topk=2.40 total=23.76
[OPROJ_INNER] slicewait=3.20 mfma=3.76 bar=3.36 rmsnorm_router=1.44 topk=2.52 total=14.28
[OPROJ_INNER] slicewait=10.96 mfma=3.96 bar=4.48 rmsnorm_router=1.76 topk=0.60 total=21.76
[OPROJ_INNER] slicewait=5.68 mfma=9.28 bar=7.24 rmsnorm_router=1.36 topk=1.76 total=25.32
[OPROJ_INNER] slicewait=3.36 mfma=8.96 bar=7.72 rmsnorm_router=1.40 topk=2.44 total=23.88
[OPROJ_INNER] slicewait=3.32 mfma=7.44 bar=11.52 rmsnorm_router=1.44 topk=3.24 total=26.96
[OPROJ_INNER] slicewait=6.92 mfma=9.96 bar=4.68 rmsnorm_router=1.48 topk=0.36 total=23.40
[OPROJ_INNER] slicewait=3.16 mfma=9.32 bar=9.96 rmsnorm_router=1.56 topk=0.48 total=24.48
[OPROJ_INNER] slicewait=11.52 mfma=3.84 bar=4.48 rmsnorm_router=1.72 topk=1.28 total=22.84
[OPROJ_INNER] slicewait=2.64 mfma=3.80 bar=3.36 rmsnorm_router=1.48 topk=2.32 total=13.60
[OPROJ_INNER] slicewait=3.20 mfma=6.16 bar=9.32 rmsnorm_router=1.44 topk=10.92 total=31.04
[OPROJ_INNER] slicewait=5.20 mfma=3.76 bar=3.76 rmsnorm_router=1.56 topk=0.44 total=14.72
[OPROJ_INNER] slicewait=7.28 mfma=3.04 bar=9.48 rmsnorm_router=1.44 topk=0.56 total=21.80
[OPROJ_INNER] slicewait=7.88 mfma=1.68 bar=9.60 rmsnorm_router=1.72 topk=1.04 total=21.92
[OPROJ_INNER] slicewait=9.44 mfma=4.48 bar=5.36 rmsnorm_router=1.60 topk=0.44 total=21.32
[OPROJ_INNER] slicewait=12.88 mfma=2.28 bar=6.28 rmsnorm_router=1.48 topk=2.80 total=25.72
[OPROJ_INNER] slicewait=4.96 mfma=3.80 bar=3.20 rmsnorm_router=1.68 topk=1.36 total=15.00
[OPROJ_INNER] slicewait=10.32 mfma=3.80 bar=6.56 rmsnorm_router=1.44 topk=3.56 total=25.68
[OPROJ_INNER] slicewait=6.04 mfma=3.96 bar=5.24 rmsnorm_router=1.56 topk=1.80 total=18.60
[OPROJ_INNER] slicewait=11.84 mfma=3.96 bar=4.64 rmsnorm_router=1.56 topk=0.64 total=22.64
[OPROJ_INNER] slicewait=3.08 mfma=9.16 bar=10.16 rmsnorm_router=1.48 topk=3.36 total=27.24
[OPROJ_INNER] slicewait=2.16 mfma=10.12 bar=10.80 rmsnorm_router=1.44 topk=0.40 total=24.92
[OPROJ_INNER] slicewait=0.80 mfma=13.68 bar=9.92 rmsnorm_router=1.44 topk=3.12 total=28.96
[OPROJ_INNER] slicewait=6.24 mfma=3.96 bar=7.08 rmsnorm_router=1.48 topk=1.08 total=19.84
[OPROJ_INNER] slicewait=6.28 mfma=11.12 bar=5.00 rmsnorm_router=1.44 topk=2.00 total=25.84
[OPROJ_INNER] slicewait=2.28 mfma=4.44 bar=3.32 rmsnorm_router=1.48 topk=2.44 total=13.96
[OPROJ_INNER] slicewait=5.84 mfma=9.76 bar=7.04 rmsnorm_router=1.40 topk=3.04 total=27.08
[OPROJ_INNER] slicewait=1.16 mfma=16.16 bar=6.52 rmsnorm_router=1.56 topk=0.40 total=25.80
[OPROJ_INNER] slicewait=1.28 mfma=12.12 bar=10.64 rmsnorm_router=1.44 topk=1.32 total=26.80
[OPROJ_INNER] slicewait=2.48 mfma=10.12 bar=10.28 rmsnorm_router=1.36 topk=2.56 total=26.80
[OPROJ_INNER] slicewait=2.60 mfma=3.80 bar=3.68 rmsnorm_router=1.44 topk=2.44 total=13.96
[OPROJ_INNER] slicewait=5.76 mfma=9.64 bar=7.80 rmsnorm_router=1.44 topk=2.24 total=26.88
[OPROJ_INNER] slicewait=3.68 mfma=8.24 bar=10.92 rmsnorm_router=1.68 topk=1.92 total=26.44
[OPROJ_INNER] slicewait=9.16 mfma=6.64 bar=5.76 rmsnorm_router=1.48 topk=2.44 total=25.48
[OPROJ_INNER] slicewait=3.48 mfma=7.40 bar=8.12 rmsnorm_router=1.44 topk=2.92 total=23.36
[OPROJ_INNER] slicewait=8.16 mfma=6.24 bar=5.32 rmsnorm_router=1.48 topk=0.48 total=21.68
[OPROJ_INNER] slicewait=3.76 mfma=6.20 bar=9.88 rmsnorm_router=1.44 topk=2.68 total=23.96
[OPROJ_INNER] slicewait=2.48 mfma=4.76 bar=4.16 rmsnorm_router=1.40 topk=3.00 total=15.80
[OPROJ_INNER] slicewait=4.96 mfma=3.80 bar=5.68 rmsnorm_router=1.44 topk=0.40 total=16.28
[OPROJ_INNER] slicewait=4.72 mfma=4.12 bar=5.16 rmsnorm_router=1.48 topk=1.28 total=16.76
[OPROJ_INNER] slicewait=5.16 mfma=4.52 bar=5.20 rmsnorm_router=1.64 topk=0.92 total=17.44
[OPROJ_INNER] slicewait=7.64 mfma=6.28 bar=5.80 rmsnorm_router=1.72 topk=1.36 total=22.80
[OPROJ_INNER] slicewait=9.84 mfma=3.80 bar=5.48 rmsnorm_router=1.44 topk=2.24 total=22.80
[OPROJ_INNER] slicewait=2.40 mfma=3.76 bar=3.08 rmsnorm_router=1.48 topk=0.60 total=11.32
[OPROJ_INNER] slicewait=2.16 mfma=4.20 bar=2.68 rmsnorm_router=1.68 topk=1.24 total=11.96
[OPROJ_INNER] slicewait=2.12 mfma=3.80 bar=3.72 rmsnorm_router=1.44 topk=3.64 total=14.72
[OPROJ_INNER] slicewait=6.44 mfma=10.72 bar=7.52 rmsnorm_router=1.48 topk=3.16 total=29.32
[OPROJ_INNER] slicewait=3.04 mfma=14.16 bar=8.52 rmsnorm_router=1.40 topk=3.00 total=30.12
[OPROJ_INNER] slicewait=4.64 mfma=9.36 bar=8.24 rmsnorm_router=1.44 topk=2.52 total=26.20
[OPROJ_INNER] slicewait=4.56 mfma=6.68 bar=8.88 rmsnorm_router=1.44 topk=0.40 total=21.96
[OPROJ_INNER] slicewait=4.32 mfma=8.68 bar=10.60 rmsnorm_router=1.44 topk=2.64 total=27.68
[OPROJ_INNER] slicewait=13.48 mfma=3.80 bar=5.96 rmsnorm_router=1.44 topk=0.76 total=25.44
[OPROJ_INNER] slicewait=4.20 mfma=9.96 bar=8.96 rmsnorm_router=1.44 topk=0.40 total=24.96
[OPROJ_INNER] slicewait=3.12 mfma=10.12 bar=10.04 rmsnorm_router=1.44 topk=2.72 total=27.44
[OPROJ_INNER] slicewait=5.84 mfma=3.80 bar=3.24 rmsnorm_router=1.56 topk=0.44 total=14.88
[OPROJ_INNER] slicewait=2.52 mfma=4.00 bar=3.88 rmsnorm_router=1.48 topk=10.20 total=22.08
[OPROJ_INNER] slicewait=3.60 mfma=3.84 bar=3.24 rmsnorm_router=1.48 topk=1.52 total=13.68
[OPROJ_INNER] slicewait=3.00 mfma=8.32 bar=11.48 rmsnorm_router=1.40 topk=3.04 total=27.24
[OPROJ_INNER] slicewait=6.20 mfma=3.76 bar=7.48 rmsnorm_router=1.44 topk=1.80 total=20.68
[OPROJ_INNER] slicewait=2.28 mfma=13.72 bar=8.00 rmsnorm_router=1.48 topk=0.40 total=25.88
[OPROJ_INNER] slicewait=3.88 mfma=8.96 bar=10.40 rmsnorm_router=1.44 topk=1.72 total=26.40
[OPROJ_INNER] slicewait=4.12 mfma=5.00 bar=3.72 rmsnorm_router=1.40 topk=2.64 total=16.88
[OPROJ_INNER] slicewait=3.56 mfma=3.84 bar=3.36 rmsnorm_router=1.40 topk=2.32 total=14.48
[OPROJ_INNER] slicewait=2.56 mfma=15.64 bar=6.60 rmsnorm_router=1.48 topk=2.80 total=29.08
[OPROJ_INNER] slicewait=2.96 mfma=10.72 bar=10.92 rmsnorm_router=1.44 topk=2.92 total=28.96
[OPROJ_INNER] slicewait=3.04 mfma=3.84 bar=3.44 rmsnorm_router=1.40 topk=2.44 total=14.16
[OPROJ_INNER] slicewait=6.32 mfma=3.80 bar=6.28 rmsnorm_router=1.88 topk=1.36 total=19.64
[OPROJ_INNER] slicewait=4.40 mfma=3.92 bar=6.00 rmsnorm_router=1.44 topk=1.16 total=16.92
[OPROJ_INNER] slicewait=8.52 mfma=3.76 bar=4.48 rmsnorm_router=1.64 topk=0.40 total=18.80
[OPROJ_INNER] slicewait=2.60 mfma=3.76 bar=3.16 rmsnorm_router=1.44 topk=1.88 total=12.84
[OPROJ_INNER] slicewait=5.12 mfma=3.84 bar=8.48 rmsnorm_router=1.48 topk=1.92 total=20.84
[OPROJ_INNER] slicewait=4.04 mfma=4.08 bar=10.04 rmsnorm_router=1.48 topk=2.16 total=21.80
[OPROJ_INNER] slicewait=10.72 mfma=2.96 bar=5.56 rmsnorm_router=1.52 topk=1.60 total=22.36
[OPROJ_INNER] slicewait=4.16 mfma=4.16 bar=5.16 rmsnorm_router=1.68 topk=1.20 total=16.36
[OPROJ_INNER] slicewait=3.36 mfma=3.80 bar=3.28 rmsnorm_router=1.52 topk=1.92 total=13.88
[OPROJ_INNER] slicewait=3.92 mfma=12.40 bar=7.20 rmsnorm_router=1.56 topk=0.44 total=25.52
[OPROJ_INNER] slicewait=3.52 mfma=5.92 bar=11.84 rmsnorm_router=1.56 topk=0.52 total=23.36
[OPROJ_INNER] slicewait=3.56 mfma=6.48 bar=8.76 rmsnorm_router=1.44 topk=2.80 total=23.04
[OPROJ_INNER] slicewait=1.76 mfma=4.48 bar=3.48 rmsnorm_router=1.44 topk=2.32 total=13.48
[OPROJ_INNER] slicewait=1.32 mfma=3.80 bar=3.76 rmsnorm_router=1.48 topk=3.68 total=14.04
[OPROJ_INNER] slicewait=3.12 mfma=12.00 bar=8.80 rmsnorm_router=1.44 topk=3.56 total=28.92
[OPROJ_INNER] slicewait=5.16 mfma=4.56 bar=10.20 rmsnorm_router=1.44 topk=1.72 total=23.08
[OPROJ_INNER] slicewait=3.16 mfma=4.64 bar=3.24 rmsnorm_router=1.56 topk=2.08 total=14.68
[OPROJ_INNER] slicewait=4.68 mfma=9.76 bar=10.36 rmsnorm_router=1.44 topk=2.68 total=28.92
[OPROJ_INNER] slicewait=5.68 mfma=11.48 bar=10.40 rmsnorm_router=1.44 topk=0.52 total=29.52
[OPROJ_INNER] slicewait=8.40 mfma=12.84 bar=5.92 rmsnorm_router=1.40 topk=0.44 total=29.00
[OPROJ_INNER] slicewait=3.92 mfma=8.12 bar=9.32 rmsnorm_router=1.56 topk=0.84 total=23.76
[OPROJ_INNER] slicewait=6.36 mfma=12.48 bar=7.24 rmsnorm_router=1.60 topk=0.40 total=28.08
[OPROJ_INNER] slicewait=4.92 mfma=11.60 bar=8.36 rmsnorm_router=1.52 topk=3.56 total=29.96
[OPROJ_INNER] slicewait=10.08 mfma=9.04 bar=7.24 rmsnorm_router=1.48 topk=2.92 total=30.76
[OPROJ_INNER] slicewait=2.72 mfma=3.76 bar=3.40 rmsnorm_router=1.48 topk=2.88 total=14.24
[OPROJ_INNER] slicewait=4.56 mfma=10.36 bar=8.88 rmsnorm_router=1.44 topk=0.88 total=26.12
[OPROJ_INNER] slicewait=3.04 mfma=3.84 bar=3.16 rmsnorm_router=1.44 topk=1.44 total=12.92
[OPROJ_INNER] slicewait=10.36 mfma=12.24 bar=5.72 rmsnorm_router=1.68 topk=0.44 total=30.44
[OPROJ_INNER] slicewait=6.80 mfma=11.88 bar=10.44 rmsnorm_router=1.44 topk=2.12 total=32.68
[OPROJ_INNER] slicewait=2.00 mfma=3.80 bar=3.60 rmsnorm_router=1.44 topk=3.68 total=14.52
[OPROJ_INNER] slicewait=9.92 mfma=3.72 bar=4.32 rmsnorm_router=1.48 topk=3.04 total=22.48
[OPROJ_INNER] slicewait=5.08 mfma=6.72 bar=10.16 rmsnorm_router=1.44 topk=2.00 total=25.40
[OPROJ_INNER] slicewait=5.08 mfma=9.56 bar=9.16 rmsnorm_router=1.44 topk=2.56 total=27.80
[OPROJ_INNER] slicewait=5.04 mfma=3.92 bar=9.84 rmsnorm_router=1.48 topk=1.16 total=21.44
[OPROJ_INNER] slicewait=3.56 mfma=4.28 bar=5.12 rmsnorm_router=1.56 topk=0.76 total=15.28
[OPROJ_INNER] slicewait=2.84 mfma=4.00 bar=3.16 rmsnorm_router=1.44 topk=1.28 total=12.72
[OPROJ_INNER] slicewait=2.96 mfma=3.96 bar=3.56 rmsnorm_router=1.44 topk=1.72 total=13.64
[OPROJ_INNER] slicewait=4.00 mfma=5.20 bar=9.16 rmsnorm_router=1.40 topk=2.12 total=21.88
[OPROJ_INNER] slicewait=9.56 mfma=3.88 bar=6.40 rmsnorm_router=1.40 topk=3.00 total=24.24
[OPROJ_INNER] slicewait=4.20 mfma=3.96 bar=6.20 rmsnorm_router=1.44 topk=3.52 total=19.32
[OPROJ_INNER] slicewait=1.84 mfma=3.80 bar=3.60 rmsnorm_router=1.48 topk=3.16 total=13.88
[OPROJ_INNER] slicewait=6.32 mfma=8.48 bar=5.00 rmsnorm_router=1.44 topk=1.36 total=22.60
[OPROJ_INNER] slicewait=2.72 mfma=10.76 bar=9.56 rmsnorm_router=1.76 topk=0.60 total=25.40
[OPROJ_INNER] slicewait=2.40 mfma=9.32 bar=8.16 rmsnorm_router=1.40 topk=3.24 total=24.52
[OPROJ_INNER] slicewait=4.44 mfma=8.40 bar=9.44 rmsnorm_router=1.44 topk=2.88 total=26.60
[OPROJ_INNER] slicewait=12.64 mfma=3.80 bar=5.60 rmsnorm_router=1.44 topk=2.72 total=26.20
[OPROJ_INNER] slicewait=2.40 mfma=3.96 bar=3.68 rmsnorm_router=1.44 topk=3.64 total=15.12
[OPROJ_INNER] slicewait=4.08 mfma=9.00 bar=9.32 rmsnorm_router=1.72 topk=1.04 total=25.16
[OPROJ_INNER] slicewait=2.00 mfma=3.84 bar=3.52 rmsnorm_router=1.44 topk=3.08 total=13.88
[OPROJ_INNER] slicewait=3.72 mfma=3.84 bar=10.84 rmsnorm_router=1.44 topk=1.60 total=21.44
[OPROJ_INNER] slicewait=7.20 mfma=3.92 bar=7.08 rmsnorm_router=1.48 topk=0.40 total=20.08
[OPROJ_INNER] slicewait=1.72 mfma=4.64 bar=3.72 rmsnorm_router=1.44 topk=3.08 total=14.60
[OPROJ_INNER] slicewait=3.60 mfma=3.84 bar=2.60 rmsnorm_router=1.64 topk=1.04 total=12.72
[OPROJ_INNER] slicewait=1.84 mfma=6.68 bar=10.92 rmsnorm_router=1.40 topk=2.36 total=23.20
[OPROJ_INNER] slicewait=4.36 mfma=4.76 bar=8.08 rmsnorm_router=1.40 topk=3.40 total=22.00
[OPROJ_INNER] slicewait=4.24 mfma=3.92 bar=9.92 rmsnorm_router=1.44 topk=1.60 total=21.12
[OPROJ_INNER] slicewait=8.88 mfma=3.80 bar=4.36 rmsnorm_router=1.88 topk=1.64 total=20.56
[OPROJ_INNER] slicewait=5.44 mfma=11.00 bar=6.20 rmsnorm_router=1.48 topk=3.12 total=27.24
[OPROJ_INNER] slicewait=5.76 mfma=11.00 bar=10.24 rmsnorm_router=1.72 topk=0.40 total=29.12
[OPROJ_INNER] slicewait=3.96 mfma=8.24 bar=11.00 rmsnorm_router=1.44 topk=2.76 total=27.40
[OPROJ_INNER] slicewait=3.88 mfma=12.40 bar=10.20 rmsnorm_router=1.44 topk=2.52 total=30.44
[OPROJ_INNER] slicewait=10.76 mfma=10.68 bar=5.72 rmsnorm_router=1.48 topk=0.52 total=29.16
[OPROJ_INNER] slicewait=4.76 mfma=10.56 bar=8.32 rmsnorm_router=1.44 topk=2.84 total=27.92
[OPROJ_INNER] slicewait=9.60 mfma=10.84 bar=7.88 rmsnorm_router=1.44 topk=3.84 total=33.60
[OPROJ_INNER] slicewait=2.92 mfma=3.92 bar=3.76 rmsnorm_router=1.36 topk=3.80 total=15.76
[OPROJ_INNER] slicewait=2.80 mfma=14.32 bar=10.84 rmsnorm_router=1.44 topk=1.76 total=31.16
[OPROJ_INNER] slicewait=2.08 mfma=18.60 bar=7.68 rmsnorm_router=1.44 topk=0.60 total=30.40
[OPROJ_INNER] slicewait=5.24 mfma=15.44 bar=6.60 rmsnorm_router=1.44 topk=1.12 total=29.84
[OPROJ_INNER] slicewait=2.56 mfma=3.84 bar=3.76 rmsnorm_router=1.40 topk=3.72 total=15.28
[OPROJ_INNER] slicewait=4.88 mfma=5.36 bar=3.32 rmsnorm_router=1.52 topk=2.24 total=17.32
[OPROJ_INNER] slicewait=3.28 mfma=16.00 bar=8.00 rmsnorm_router=1.48 topk=1.16 total=29.92
[OPROJ_INNER] slicewait=2.36 mfma=16.92 bar=9.16 rmsnorm_router=1.44 topk=1.80 total=31.68
[OPROJ_INNER] slicewait=2.96 mfma=12.08 bar=8.28 rmsnorm_router=1.44 topk=2.96 total=27.72
[OPROJ_INNER] slicewait=4.96 mfma=3.96 bar=8.60 rmsnorm_router=1.48 topk=3.56 total=22.56
[OPROJ_INNER] slicewait=8.00 mfma=4.68 bar=6.48 rmsnorm_router=1.44 topk=1.64 total=22.24
[OPROJ_INNER] slicewait=3.24 mfma=4.84 bar=6.60 rmsnorm_router=1.48 topk=0.40 total=16.56
[OPROJ_INNER] slicewait=3.20 mfma=4.76 bar=2.96 rmsnorm_router=1.92 topk=0.80 total=13.64
[OPROJ_INNER] slicewait=8.04 mfma=4.36 bar=5.40 rmsnorm_router=1.44 topk=2.92 total=22.16
[OPROJ_INNER] slicewait=4.72 mfma=3.88 bar=8.00 rmsnorm_router=1.68 topk=0.52 total=18.80
[OPROJ_INNER] slicewait=7.64 mfma=4.44 bar=6.04 rmsnorm_router=1.40 topk=1.76 total=21.28
[OPROJ_INNER] slicewait=2.68 mfma=5.88 bar=5.64 rmsnorm_router=1.48 topk=2.08 total=17.76
[OPROJ_INNER] slicewait=3.28 mfma=4.32 bar=10.68 rmsnorm_router=1.48 topk=0.36 total=20.12
[OPROJ_INNER] slicewait=7.08 mfma=6.00 bar=4.80 rmsnorm_router=1.40 topk=2.36 total=21.64
[OPROJ_INNER] slicewait=3.36 mfma=6.44 bar=9.16 rmsnorm_router=1.52 topk=0.40 total=20.88
[OPROJ_INNER] slicewait=4.32 mfma=3.84 bar=9.40 rmsnorm_router=1.48 topk=2.48 total=21.52
[OPROJ_INNER] slicewait=6.80 mfma=5.76 bar=5.80 rmsnorm_router=1.48 topk=0.44 total=20.28
[OPROJ_INNER] slicewait=2.84 mfma=6.04 bar=4.56 rmsnorm_router=1.44 topk=1.60 total=16.48
[OPROJ_INNER] slicewait=3.80 mfma=4.00 bar=10.20 rmsnorm_router=1.40 topk=2.28 total=21.68
[OPROJ_INNER] slicewait=6.08 mfma=5.88 bar=6.44 rmsnorm_router=1.76 topk=1.12 total=21.28
[OPROJ_INNER] slicewait=4.48 mfma=7.76 bar=9.80 rmsnorm_router=1.44 topk=2.28 total=25.76
[OPROJ_INNER] slicewait=2.20 mfma=4.00 bar=3.68 rmsnorm_router=1.40 topk=3.44 total=14.72
[OPROJ_INNER] slicewait=13.40 mfma=3.32 bar=6.96 rmsnorm_router=1.44 topk=0.68 total=25.80
[OPROJ_INNER] slicewait=3.40 mfma=4.80 bar=3.24 rmsnorm_router=1.80 topk=2.00 total=15.24
[OPROJ_INNER] slicewait=5.04 mfma=4.64 bar=9.56 rmsnorm_router=1.44 topk=0.84 total=21.52
[OPROJ_INNER] slicewait=4.88 mfma=10.56 bar=8.84 rmsnorm_router=1.44 topk=2.72 total=28.44
[OPROJ_INNER] slicewait=10.48 mfma=4.04 bar=7.96 rmsnorm_router=1.44 topk=2.64 total=26.56
[OPROJ_INNER] slicewait=5.64 mfma=3.80 bar=7.60 rmsnorm_router=1.60 topk=0.88 total=19.52
[OPROJ_INNER] slicewait=4.92 mfma=7.36 bar=7.12 rmsnorm_router=1.44 topk=0.60 total=21.44
[OPROJ_INNER] slicewait=0.76 mfma=13.24 bar=6.76 rmsnorm_router=1.44 topk=1.16 total=23.36
[OPROJ_INNER] slicewait=0.96 mfma=8.76 bar=10.72 rmsnorm_router=1.44 topk=1.28 total=23.16
[OPROJ_INNER] slicewait=2.92 mfma=5.80 bar=10.28 rmsnorm_router=1.56 topk=0.76 total=21.32
[OPROJ_INNER] slicewait=1.16 mfma=7.24 bar=12.20 rmsnorm_router=1.40 topk=2.88 total=24.88
[OPROJ_INNER] slicewait=3.04 mfma=5.80 bar=5.12 rmsnorm_router=1.48 topk=3.56 total=19.00
[OPROJ_INNER] slicewait=5.08 mfma=8.24 bar=5.52 rmsnorm_router=1.64 topk=1.44 total=21.92
[OPROJ_INNER] slicewait=7.48 mfma=5.80 bar=6.20 rmsnorm_router=1.44 topk=2.92 total=23.84
[OPROJ_INNER] slicewait=9.28 mfma=9.04 bar=7.96 rmsnorm_router=1.40 topk=1.60 total=29.28
[OPROJ_INNER] slicewait=4.84 mfma=7.12 bar=8.08 rmsnorm_router=1.44 topk=0.68 total=22.16
[OPROJ_INNER] slicewait=5.88 mfma=8.44 bar=10.40 rmsnorm_router=1.44 topk=3.28 total=29.44
[OPROJ_INNER] slicewait=6.96 mfma=8.80 bar=10.92 rmsnorm_router=1.40 topk=2.00 total=30.08
[OPROJ_INNER] slicewait=2.12 mfma=3.76 bar=3.40 rmsnorm_router=1.40 topk=2.68 total=13.36
[OPROJ_INNER] slicewait=8.04 mfma=3.76 bar=3.32 rmsnorm_router=1.44 topk=1.64 total=18.20
[OPROJ_INNER] slicewait=14.64 mfma=7.52 bar=6.68 rmsnorm_router=1.40 topk=2.04 total=32.28
[OPROJ_INNER] slicewait=5.80 mfma=8.92 bar=8.16 rmsnorm_router=1.44 topk=2.20 total=26.52
[OPROJ_INNER] slicewait=8.00 mfma=5.64 bar=4.72 rmsnorm_router=1.44 topk=0.40 total=20.20
[OPROJ_INNER] slicewait=9.32 mfma=3.84 bar=6.64 rmsnorm_router=1.44 topk=3.80 total=25.04
[OPROJ_INNER] slicewait=4.64 mfma=4.76 bar=7.16 rmsnorm_router=1.48 topk=3.40 total=21.44
[OPROJ_INNER] slicewait=3.16 mfma=5.52 bar=5.12 rmsnorm_router=1.48 topk=3.72 total=19.00
[OPROJ_INNER] slicewait=6.60 mfma=5.88 bar=7.28 rmsnorm_router=1.48 topk=2.32 total=23.56
[OPROJ_INNER] slicewait=4.56 mfma=3.80 bar=10.52 rmsnorm_router=1.44 topk=2.64 total=22.96
[OPROJ_INNER] slicewait=7.88 mfma=5.36 bar=5.60 rmsnorm_router=1.48 topk=2.92 total=23.24
[OPROJ_INNER] slicewait=5.20 mfma=3.96 bar=6.72 rmsnorm_router=1.48 topk=1.60 total=18.96
[OPROJ_INNER] slicewait=9.16 mfma=3.88 bar=5.72 rmsnorm_router=1.44 topk=0.60 total=20.80
[OPROJ_INNER] slicewait=2.92 mfma=6.16 bar=11.32 rmsnorm_router=1.40 topk=2.44 total=24.24
[OPROJ_INNER] slicewait=2.68 mfma=6.36 bar=11.16 rmsnorm_router=1.48 topk=0.44 total=22.12
[OPROJ_INNER] slicewait=8.08 mfma=5.44 bar=6.44 rmsnorm_router=1.40 topk=2.68 total=24.04
[OPROJ_INNER] slicewait=4.80 mfma=3.88 bar=6.20 rmsnorm_router=1.48 topk=3.56 total=19.92
[OPROJ_INNER] slicewait=9.48 mfma=4.12 bar=6.76 rmsnorm_router=1.44 topk=10.84 total=32.64
[OPROJ_INNER] slicewait=3.40 mfma=5.88 bar=6.48 rmsnorm_router=1.44 topk=3.44 total=20.64
[OPROJ_INNER] slicewait=2.92 mfma=4.72 bar=3.20 rmsnorm_router=1.76 topk=1.48 total=14.08
[OPROJ_INNER] slicewait=3.72 mfma=12.28 bar=9.36 rmsnorm_router=1.40 topk=0.44 total=27.20
[OPROJ_INNER] slicewait=2.00 mfma=3.84 bar=2.72 rmsnorm_router=1.48 topk=0.40 total=10.44
[OPROJ_INNER] slicewait=4.00 mfma=9.88 bar=10.56 rmsnorm_router=1.48 topk=1.72 total=27.64
[OPROJ_INNER] slicewait=9.44 mfma=9.12 bar=6.24 rmsnorm_router=1.64 topk=1.08 total=27.52
[OPROJ_INNER] slicewait=5.84 mfma=6.48 bar=4.32 rmsnorm_router=1.48 topk=2.88 total=21.00
[OPROJ_INNER] slicewait=3.80 mfma=13.44 bar=7.12 rmsnorm_router=1.76 topk=0.92 total=27.04
[OPROJ_INNER] slicewait=3.96 mfma=3.92 bar=3.64 rmsnorm_router=1.44 topk=10.84 total=23.80
[OPROJ_INNER] slicewait=3.68 mfma=12.16 bar=8.96 rmsnorm_router=1.84 topk=1.76 total=28.40
[OPROJ_INNER] slicewait=8.44 mfma=9.44 bar=6.64 rmsnorm_router=1.64 topk=0.40 total=26.56
[OPROJ_INNER] slicewait=4.32 mfma=13.88 bar=7.48 rmsnorm_router=1.60 topk=0.40 total=27.68
[OPROJ_INNER] slicewait=2.32 mfma=16.28 bar=8.36 rmsnorm_router=1.48 topk=2.64 total=31.08
[OPROJ_INNER] slicewait=6.68 mfma=11.92 bar=8.00 rmsnorm_router=1.44 topk=3.32 total=31.36
[OPROJ_INNER] slicewait=4.96 mfma=7.12 bar=9.12 rmsnorm_router=1.44 topk=3.40 total=26.04
[OPROJ_INNER] slicewait=4.04 mfma=11.28 bar=10.68 rmsnorm_router=1.44 topk=2.92 total=30.36
[OPROJ_INNER] slicewait=2.76 mfma=3.88 bar=3.80 rmsnorm_router=1.40 topk=3.64 total=15.48
[OPROJ_INNER] slicewait=1.88 mfma=4.28 bar=3.16 rmsnorm_router=1.44 topk=1.52 total=12.28
[OPROJ_INNER] slicewait=2.12 mfma=12.08 bar=7.72 rmsnorm_router=1.48 topk=2.12 total=25.52
[OPROJ_INNER] slicewait=1.64 mfma=4.40 bar=3.64 rmsnorm_router=1.48 topk=2.84 total=14.00
[OPROJ_INNER] slicewait=9.68 mfma=5.68 bar=5.20 rmsnorm_router=1.48 topk=1.80 total=23.84
[OPROJ_INNER] slicewait=2.36 mfma=6.92 bar=12.84 rmsnorm_router=1.44 topk=2.24 total=25.80
[OPROJ_INNER] slicewait=4.56 mfma=7.72 bar=7.80 rmsnorm_router=1.40 topk=1.44 total=22.92
[OPROJ_INNER] slicewait=4.08 mfma=8.60 bar=8.68 rmsnorm_router=1.40 topk=3.12 total=25.88
[OPROJ_INNER] slicewait=2.44 mfma=4.56 bar=3.08 rmsnorm_router=1.44 topk=0.76 total=12.28
[OPROJ_INNER] slicewait=4.00 mfma=8.00 bar=9.36 rmsnorm_router=1.48 topk=3.12 total=25.96
[OPROJ_INNER] slicewait=3.20 mfma=6.72 bar=7.96 rmsnorm_router=1.44 topk=2.76 total=22.08
[OPROJ_INNER] slicewait=3.68 mfma=10.32 bar=10.44 rmsnorm_router=1.40 topk=3.08 total=28.92
[OPROJ_INNER] slicewait=2.00 mfma=3.96 bar=3.24 rmsnorm_router=1.44 topk=2.76 total=13.40
[OPROJ_INNER] slicewait=2.68 mfma=3.92 bar=2.72 rmsnorm_router=1.52 topk=1.24 total=12.08
[OPROJ_INNER] slicewait=10.76 mfma=3.76 bar=5.16 rmsnorm_router=1.48 topk=3.40 total=24.56
[OPROJ_INNER] slicewait=3.52 mfma=13.64 bar=6.96 rmsnorm_router=1.52 topk=0.84 total=26.48
[OPROJ_INNER] slicewait=3.92 mfma=3.84 bar=3.20 rmsnorm_router=1.44 topk=1.68 total=14.08
[OPROJ_INNER] slicewait=3.44 mfma=7.04 bar=8.08 rmsnorm_router=1.44 topk=1.72 total=21.72
[OPROJ_INNER] slicewait=3.44 mfma=4.04 bar=5.64 rmsnorm_router=1.44 topk=0.40 total=14.96
[OPROJ_INNER] slicewait=5.60 mfma=6.52 bar=7.00 rmsnorm_router=1.48 topk=0.44 total=21.04
[OPROJ_INNER] slicewait=9.28 mfma=3.92 bar=5.84 rmsnorm_router=1.44 topk=9.00 total=29.48
[OPROJ_INNER] slicewait=3.84 mfma=5.24 bar=9.32 rmsnorm_router=1.48 topk=0.40 total=20.28
[OPROJ_INNER] slicewait=3.48 mfma=4.16 bar=6.36 rmsnorm_router=1.44 topk=3.64 total=19.08
[OPROJ_INNER] slicewait=4.20 mfma=5.64 bar=9.08 rmsnorm_router=1.44 topk=2.04 total=22.40
[OPROJ_INNER] slicewait=2.04 mfma=4.44 bar=3.12 rmsnorm_router=1.64 topk=0.92 total=12.16
[OPROJ_INNER] slicewait=4.92 mfma=8.52 bar=6.52 rmsnorm_router=1.44 topk=2.28 total=23.68
[OPROJ_INNER] slicewait=5.32 mfma=3.92 bar=6.08 rmsnorm_router=1.44 topk=0.48 total=17.24
[OPROJ_INNER] slicewait=9.64 mfma=5.24 bar=7.76 rmsnorm_router=1.64 topk=0.40 total=24.68
[OPROJ_INNER] slicewait=4.76 mfma=3.96 bar=9.56 rmsnorm_router=1.76 topk=1.56 total=21.60
[OPROJ_INNER] slicewait=10.96 mfma=3.80 bar=6.12 rmsnorm_router=1.44 topk=0.60 total=22.92
[OPROJ_INNER] slicewait=6.40 mfma=3.92 bar=4.24 rmsnorm_router=1.44 topk=3.76 total=19.76
[OPROJ_INNER] slicewait=1.56 mfma=4.48 bar=3.28 rmsnorm_router=1.44 topk=1.64 total=12.40
[OPROJ_INNER] slicewait=8.68 mfma=5.32 bar=9.04 rmsnorm_router=1.44 topk=2.44 total=26.92
[OPROJ_INNER] slicewait=10.32 mfma=5.36 bar=5.04 rmsnorm_router=1.72 topk=1.04 total=23.48
[OPROJ_INNER] slicewait=3.60 mfma=14.68 bar=8.88 rmsnorm_router=1.48 topk=0.44 total=29.08
[OPROJ_INNER] slicewait=5.48 mfma=15.72 bar=6.64 rmsnorm_router=1.40 topk=0.40 total=29.64
[OPROJ_INNER] slicewait=1.88 mfma=21.04 bar=5.56 rmsnorm_router=1.48 topk=0.40 total=30.36
[OPROJ_INNER] slicewait=3.44 mfma=9.04 bar=9.68 rmsnorm_router=1.60 topk=1.08 total=24.84
[OPROJ_INNER] slicewait=2.48 mfma=4.56 bar=3.40 rmsnorm_router=1.44 topk=2.80 total=14.68
[OPROJ_INNER] slicewait=8.64 mfma=12.12 bar=7.20 rmsnorm_router=1.48 topk=3.44 total=32.88
[OPROJ_INNER] slicewait=3.32 mfma=15.52 bar=9.84 rmsnorm_router=1.44 topk=3.68 total=33.80
[OPROJ_INNER] slicewait=1.88 mfma=19.36 bar=8.00 rmsnorm_router=1.40 topk=1.72 total=32.36
[OPROJ_INNER] slicewait=7.92 mfma=4.72 bar=6.52 rmsnorm_router=1.48 topk=1.08 total=21.72
[OPROJ_INNER] slicewait=6.04 mfma=3.92 bar=5.76 rmsnorm_router=1.52 topk=0.44 total=17.68
[OPROJ_INNER] slicewait=5.96 mfma=3.92 bar=4.24 rmsnorm_router=1.44 topk=3.12 total=18.68
[OPROJ_INNER] slicewait=4.00 mfma=5.20 bar=6.76 rmsnorm_router=1.44 topk=3.40 total=20.80
[OPROJ_INNER] slicewait=8.16 mfma=5.00 bar=6.48 rmsnorm_router=1.44 topk=2.84 total=23.92
[OPROJ_INNER] slicewait=4.92 mfma=3.92 bar=4.68 rmsnorm_router=1.48 topk=1.48 total=16.48
[OPROJ_INNER] slicewait=5.40 mfma=3.92 bar=3.76 rmsnorm_router=1.68 topk=0.96 total=15.72
[OPROJ_INNER] slicewait=8.68 mfma=4.68 bar=5.64 rmsnorm_router=1.44 topk=3.68 total=24.12
[OPROJ_INNER] slicewait=3.60 mfma=15.28 bar=7.64 rmsnorm_router=1.44 topk=1.20 total=29.16
[OPROJ_INNER] slicewait=2.84 mfma=14.00 bar=10.12 rmsnorm_router=1.48 topk=2.56 total=31.00
[OPROJ_INNER] slicewait=3.60 mfma=14.40 bar=8.16 rmsnorm_router=1.40 topk=1.72 total=29.28
[OPROJ_INNER] slicewait=2.92 mfma=15.68 bar=7.16 rmsnorm_router=1.60 topk=1.00 total=28.36
[OPROJ_INNER] slicewait=6.20 mfma=3.88 bar=3.28 rmsnorm_router=1.44 topk=1.88 total=16.68
[OPROJ_INNER] slicewait=3.12 mfma=11.00 bar=8.80 rmsnorm_router=1.64 topk=0.92 total=25.48
[OPROJ_INNER] slicewait=6.56 mfma=12.00 bar=7.36 rmsnorm_router=1.44 topk=3.28 total=30.64
[OPROJ_INNER] slicewait=2.60 mfma=3.80 bar=3.32 rmsnorm_router=1.44 topk=3.00 total=14.16
[OPROJ_INNER] slicewait=6.28 mfma=9.28 bar=10.08 rmsnorm_router=1.40 topk=0.44 total=27.48
[OPROJ_INNER] slicewait=1.88 mfma=4.36 bar=3.72 rmsnorm_router=1.40 topk=3.48 total=14.84
[OPROJ_INNER] slicewait=11.80 mfma=7.92 bar=7.32 rmsnorm_router=1.48 topk=3.52 total=32.04
[OPROJ_INNER] slicewait=11.08 mfma=8.48 bar=7.44 rmsnorm_router=1.44 topk=3.44 total=31.88
[OPROJ_INNER] slicewait=9.56 mfma=5.96 bar=10.40 rmsnorm_router=1.56 topk=0.92 total=28.40
[OPROJ_INNER] slicewait=4.44 mfma=6.60 bar=7.32 rmsnorm_router=1.48 topk=0.52 total=20.36
[OPROJ_INNER] slicewait=7.24 mfma=9.20 bar=9.64 rmsnorm_router=1.44 topk=3.20 total=30.72
[OPROJ_INNER] slicewait=0.84 mfma=4.20 bar=3.64 rmsnorm_router=1.40 topk=11.28 total=21.36
[OPROJ_INNER] slicewait=4.40 mfma=9.20 bar=9.80 rmsnorm_router=1.56 topk=0.44 total=25.40
[OPROJ_INNER] slicewait=5.24 mfma=13.52 bar=5.84 rmsnorm_router=1.48 topk=0.68 total=26.76
[OPROJ_INNER] slicewait=6.28 mfma=6.76 bar=4.24 rmsnorm_router=1.40 topk=3.32 total=22.00
[OPROJ_INNER] slicewait=3.76 mfma=3.96 bar=2.60 rmsnorm_router=1.68 topk=1.04 total=13.04
[OPROJ_INNER] slicewait=3.16 mfma=12.52 bar=8.68 rmsnorm_router=1.52 topk=1.40 total=27.28
[OPROJ_INNER] slicewait=2.88 mfma=10.56 bar=10.84 rmsnorm_router=1.44 topk=3.12 total=28.84
[OPROJ_INNER] slicewait=4.96 mfma=8.96 bar=9.40 rmsnorm_router=1.88 topk=1.60 total=26.80
[OPROJ_INNER] slicewait=2.32 mfma=3.76 bar=3.24 rmsnorm_router=1.44 topk=2.68 total=13.44
[OPROJ_INNER] slicewait=3.20 mfma=9.08 bar=7.96 rmsnorm_router=1.44 topk=1.40 total=23.08
[OPROJ_INNER] slicewait=3.52 mfma=11.40 bar=10.48 rmsnorm_router=1.48 topk=0.48 total=27.36
[OPROJ_INNER] slicewait=1.76 mfma=3.80 bar=3.16 rmsnorm_router=1.44 topk=1.60 total=11.76
[OPROJ_INNER] slicewait=6.72 mfma=12.72 bar=8.32 rmsnorm_router=1.48 topk=1.52 total=30.76
[OPROJ_INNER] slicewait=6.84 mfma=6.60 bar=6.28 rmsnorm_router=1.56 topk=1.44 total=22.72
[OPROJ_INNER] slicewait=2.52 mfma=3.76 bar=3.92 rmsnorm_router=1.44 topk=9.48 total=21.12
[OPROJ_INNER] slicewait=5.28 mfma=6.32 bar=9.64 rmsnorm_router=1.40 topk=3.32 total=25.96
[OPROJ_INNER] slicewait=12.36 mfma=3.84 bar=4.92 rmsnorm_router=1.44 topk=0.96 total=23.52
[OPROJ_INNER] slicewait=1.76 mfma=12.84 bar=8.56 rmsnorm_router=1.48 topk=2.44 total=27.08
[OPROJ_INNER] slicewait=2.60 mfma=3.76 bar=3.56 rmsnorm_router=1.44 topk=2.04 total=13.40
[OPROJ_INNER] slicewait=1.96 mfma=4.56 bar=3.64 rmsnorm_router=1.48 topk=2.68 total=14.32
[OPROJ_INNER] slicewait=1.64 mfma=3.96 bar=3.72 rmsnorm_router=1.44 topk=3.36 total=14.12
[OPROJ_INNER] slicewait=3.60 mfma=8.40 bar=9.80 rmsnorm_router=1.40 topk=0.44 total=23.64
[OPROJ_INNER] slicewait=9.12 mfma=6.56 bar=7.16 rmsnorm_router=1.48 topk=10.00 total=34.32
[OPROJ_INNER] slicewait=2.56 mfma=10.28 bar=9.36 rmsnorm_router=1.44 topk=1.88 total=25.52
[OPROJ_INNER] slicewait=4.16 mfma=8.72 bar=9.52 rmsnorm_router=1.44 topk=3.04 total=26.88
[OPROJ_INNER] slicewait=9.84 mfma=3.80 bar=4.08 rmsnorm_router=1.44 topk=1.00 total=20.16
[OPROJ_INNER] slicewait=4.56 mfma=3.92 bar=9.60 rmsnorm_router=1.44 topk=1.00 total=20.52
[OPROJ_INNER] slicewait=2.84 mfma=8.32 bar=8.56 rmsnorm_router=1.44 topk=1.64 total=22.80
[OPROJ_INNER] slicewait=2.56 mfma=5.84 bar=5.88 rmsnorm_router=1.44 topk=1.64 total=17.36
[OPROJ_INNER] slicewait=2.56 mfma=7.04 bar=9.64 rmsnorm_router=1.44 topk=0.44 total=21.12
[OPROJ_INNER] slicewait=2.96 mfma=6.56 bar=9.76 rmsnorm_router=1.40 topk=2.52 total=23.20
[OPROJ_INNER] slicewait=2.88 mfma=5.20 bar=4.16 rmsnorm_router=1.48 topk=3.52 total=17.24
[OPROJ_INNER] slicewait=2.60 mfma=3.96 bar=2.56 rmsnorm_router=1.80 topk=1.56 total=12.48
[OPROJ_INNER] slicewait=3.68 mfma=8.92 bar=10.60 rmsnorm_router=1.44 topk=1.80 total=26.44
[OPROJ_INNER] slicewait=2.00 mfma=3.88 bar=2.40 rmsnorm_router=1.56 topk=0.40 total=10.24
[OPROJ_INNER] slicewait=2.80 mfma=7.04 bar=8.48 rmsnorm_router=1.40 topk=0.60 total=20.32
[OPROJ_INNER] slicewait=6.32 mfma=3.92 bar=9.96 rmsnorm_router=1.48 topk=3.28 total=24.96
[OPROJ_INNER] slicewait=3.20 mfma=3.72 bar=3.08 rmsnorm_router=1.40 topk=1.04 total=12.44
[OPROJ_INNER] slicewait=5.32 mfma=12.92 bar=6.84 rmsnorm_router=1.44 topk=2.56 total=29.08
[OPROJ_INNER] slicewait=13.64 mfma=3.76 bar=5.76 rmsnorm_router=1.44 topk=1.64 total=26.24
[OPROJ_INNER] slicewait=3.52 mfma=9.80 bar=8.00 rmsnorm_router=1.48 topk=1.36 total=24.16
[OPROJ_INNER] slicewait=1.28 mfma=13.00 bar=8.52 rmsnorm_router=1.40 topk=3.08 total=27.28
[OPROJ_INNER] slicewait=2.32 mfma=3.92 bar=2.44 rmsnorm_router=1.52 topk=0.40 total=10.60
[OPROJ_INNER] slicewait=4.40 mfma=8.76 bar=7.12 rmsnorm_router=1.40 topk=0.52 total=22.20
[OPROJ_INNER] slicewait=6.12 mfma=3.84 bar=6.36 rmsnorm_router=1.44 topk=2.20 total=19.96
[OPROJ_INNER] slicewait=9.48 mfma=3.76 bar=6.88 rmsnorm_router=1.56 topk=0.40 total=22.08
[OPROJ_INNER] slicewait=7.00 mfma=6.44 bar=7.84 rmsnorm_router=1.44 topk=3.32 total=26.04
[OPROJ_INNER] slicewait=3.76 mfma=6.08 bar=5.20 rmsnorm_router=1.48 topk=2.64 total=19.16
[OPROJ_INNER] slicewait=3.04 mfma=4.72 bar=3.32 rmsnorm_router=1.44 topk=2.40 total=14.92
[OPROJ_INNER] slicewait=3.96 mfma=16.08 bar=6.12 rmsnorm_router=1.40 topk=1.92 total=29.48
[OPROJ_INNER] slicewait=5.96 mfma=12.28 bar=7.56 rmsnorm_router=1.44 topk=1.96 total=29.20
[OPROJ_INNER] slicewait=6.60 mfma=9.84 bar=6.64 rmsnorm_router=1.44 topk=2.00 total=26.52
[OPROJ_INNER] slicewait=3.44 mfma=15.48 bar=7.52 rmsnorm_router=1.64 topk=1.36 total=29.44
[OPROJ_INNER] slicewait=2.28 mfma=15.56 bar=8.92 rmsnorm_router=1.48 topk=1.20 total=29.44
[OPROJ_INNER] slicewait=1.16 mfma=16.72 bar=9.80 rmsnorm_router=1.40 topk=3.24 total=32.32
[OPROJ_INNER] slicewait=3.60 mfma=10.88 bar=10.60 rmsnorm_router=1.44 topk=3.40 total=29.92
[OPROJ_INNER] slicewait=2.16 mfma=3.80 bar=3.72 rmsnorm_router=1.44 topk=3.52 total=14.64
[OPROJ_INNER] slicewait=3.48 mfma=11.12 bar=9.88 rmsnorm_router=1.48 topk=0.56 total=26.52
[OPROJ_INNER] slicewait=3.72 mfma=13.92 bar=10.72 rmsnorm_router=1.48 topk=1.00 total=30.84
[OPROJ_INNER] slicewait=6.16 mfma=15.76 bar=6.24 rmsnorm_router=1.48 topk=2.48 total=32.12
[OPROJ_INNER] slicewait=2.92 mfma=20.12 bar=5.80 rmsnorm_router=1.44 topk=0.40 total=30.68
[OPROJ_INNER] slicewait=3.16 mfma=8.92 bar=10.72 rmsnorm_router=1.44 topk=3.48 total=27.72
[OPROJ_INNER] slicewait=4.64 mfma=11.52 bar=11.28 rmsnorm_router=1.48 topk=3.48 total=32.40
[OPROJ_INNER] slicewait=2.72 mfma=3.96 bar=3.68 rmsnorm_router=1.44 topk=10.68 total=22.48
[OPROJ_INNER] slicewait=6.32 mfma=15.64 bar=6.60 rmsnorm_router=1.60 topk=1.36 total=31.52
[OPROJ_INNER] slicewait=2.80 mfma=8.20 bar=8.92 rmsnorm_router=1.64 topk=0.44 total=22.00
[OPROJ_INNER] slicewait=3.40 mfma=6.48 bar=6.32 rmsnorm_router=1.44 topk=1.08 total=18.72
[OPROJ_INNER] slicewait=7.08 mfma=7.48 bar=6.96 rmsnorm_router=1.44 topk=0.52 total=23.48
[OPROJ_INNER] slicewait=2.80 mfma=8.24 bar=9.08 rmsnorm_router=1.44 topk=0.40 total=21.96
[OPROJ_INNER] slicewait=2.60 mfma=3.92 bar=2.76 rmsnorm_router=1.48 topk=0.96 total=11.72
[OPROJ_INNER] slicewait=1.12 mfma=10.44 bar=10.64 rmsnorm_router=1.44 topk=1.68 total=25.32
[OPROJ_INNER] slicewait=6.04 mfma=3.92 bar=6.76 rmsnorm_router=1.56 topk=1.52 total=19.80
[OPROJ_INNER] slicewait=11.52 mfma=3.80 bar=4.72 rmsnorm_router=1.44 topk=1.76 total=23.24
[OPROJ_INNER] slicewait=6.32 mfma=12.12 bar=7.72 rmsnorm_router=1.44 topk=2.96 total=30.56
[OPROJ_INNER] slicewait=3.96 mfma=12.08 bar=8.88 rmsnorm_router=1.44 topk=1.64 total=28.00
[OPROJ_INNER] slicewait=6.64 mfma=12.76 bar=6.36 rmsnorm_router=1.48 topk=1.56 total=28.80
[OPROJ_INNER] slicewait=4.24 mfma=10.52 bar=8.12 rmsnorm_router=1.40 topk=0.88 total=25.16
[OPROJ_INNER] slicewait=4.12 mfma=10.24 bar=7.92 rmsnorm_router=1.44 topk=0.40 total=24.12
[OPROJ_INNER] slicewait=5.80 mfma=5.32 bar=3.44 rmsnorm_router=1.44 topk=2.12 total=18.12
[OPROJ_INNER] slicewait=3.92 mfma=11.76 bar=9.84 rmsnorm_router=1.44 topk=3.04 total=30.00
[OPROJ_INNER] slicewait=2.44 mfma=3.80 bar=3.36 rmsnorm_router=1.44 topk=2.72 total=13.76
[OPROJ_INNER] slicewait=3.12 mfma=14.84 bar=10.12 rmsnorm_router=1.44 topk=0.52 total=30.04
[OPROJ_INNER] slicewait=3.44 mfma=14.64 bar=10.76 rmsnorm_router=1.44 topk=3.32 total=33.60
[OPROJ_INNER] slicewait=1.48 mfma=20.12 bar=7.04 rmsnorm_router=1.44 topk=0.44 total=30.52
[OPROJ_INNER] slicewait=5.44 mfma=16.04 bar=6.88 rmsnorm_router=1.44 topk=3.48 total=33.28
[OPROJ_INNER] slicewait=10.40 mfma=3.84 bar=6.72 rmsnorm_router=1.48 topk=2.48 total=24.92
[OPROJ_INNER] slicewait=3.44 mfma=14.04 bar=8.36 rmsnorm_router=1.48 topk=2.60 total=29.92
[OPROJ_INNER] slicewait=1.76 mfma=4.16 bar=3.80 rmsnorm_router=1.48 topk=3.64 total=14.84
[OPROJ_INNER] slicewait=2.88 mfma=15.32 bar=10.16 rmsnorm_router=1.44 topk=1.36 total=31.16
[OPROJ_INNER] slicewait=3.44 mfma=7.12 bar=12.08 rmsnorm_router=1.44 topk=0.96 total=25.04
[OPROJ_INNER] slicewait=2.88 mfma=12.56 bar=8.64 rmsnorm_router=1.44 topk=2.84 total=28.36
[OPROJ_INNER] slicewait=2.32 mfma=3.92 bar=3.44 rmsnorm_router=1.44 topk=2.52 total=13.64
[OPROJ_INNER] slicewait=3.92 mfma=5.20 bar=4.32 rmsnorm_router=1.40 topk=3.40 total=18.24
[OPROJ_INNER] slicewait=6.52 mfma=3.80 bar=7.64 rmsnorm_router=1.44 topk=0.40 total=19.80
[OPROJ_INNER] slicewait=3.48 mfma=7.16 bar=7.52 rmsnorm_router=1.44 topk=3.16 total=22.76
[OPROJ_INNER] slicewait=6.92 mfma=3.92 bar=7.44 rmsnorm_router=1.48 topk=2.56 total=22.32
[OPROJ_INNER] slicewait=10.24 mfma=6.08 bar=5.28 rmsnorm_router=1.64 topk=2.12 total=25.36
[OPROJ_INNER] slicewait=4.20 mfma=8.96 bar=10.96 rmsnorm_router=1.44 topk=3.16 total=28.72
[OPROJ_INNER] slicewait=3.72 mfma=11.92 bar=9.56 rmsnorm_router=1.48 topk=1.80 total=28.48
[OPROJ_INNER] slicewait=9.64 mfma=3.80 bar=4.40 rmsnorm_router=1.44 topk=2.96 total=22.24
[OPROJ_INNER] slicewait=2.12 mfma=3.92 bar=3.60 rmsnorm_router=1.44 topk=10.92 total=22.00
[OPROJ_INNER] slicewait=3.68 mfma=11.88 bar=9.28 rmsnorm_router=1.48 topk=1.04 total=27.36
[OPROJ_INNER] slicewait=3.72 mfma=12.76 bar=9.12 rmsnorm_router=1.44 topk=3.24 total=30.28
[OPROJ_INNER] slicewait=6.88 mfma=10.84 bar=7.32 rmsnorm_router=1.44 topk=3.12 total=29.60
[OPROJ_INNER] slicewait=8.68 mfma=10.28 bar=6.16 rmsnorm_router=1.44 topk=3.32 total=29.88
[OPROJ_INNER] slicewait=2.92 mfma=5.52 bar=6.20 rmsnorm_router=1.44 topk=2.52 total=18.60
[OPROJ_INNER] slicewait=1.36 mfma=4.52 bar=3.44 rmsnorm_router=1.48 topk=1.72 total=12.52
[OPROJ_INNER] slicewait=4.00 mfma=6.28 bar=8.52 rmsnorm_router=1.76 topk=1.60 total=22.16
[OPROJ_INNER] slicewait=11.24 mfma=3.96 bar=4.52 rmsnorm_router=1.60 topk=1.20 total=22.52
[OPROJ_INNER] slicewait=6.96 mfma=5.44 bar=8.52 rmsnorm_router=1.44 topk=3.12 total=25.48
[OPROJ_INNER] slicewait=3.24 mfma=5.00 bar=4.36 rmsnorm_router=1.44 topk=2.72 total=16.76
[OPROJ_INNER] slicewait=5.92 mfma=3.92 bar=6.36 rmsnorm_router=1.44 topk=0.88 total=18.52
[OPROJ_INNER] slicewait=2.64 mfma=3.84 bar=3.32 rmsnorm_router=1.44 topk=1.80 total=13.04
[OPROJ_INNER] slicewait=4.24 mfma=6.48 bar=6.16 rmsnorm_router=1.40 topk=0.40 total=18.68
[OPROJ_INNER] slicewait=9.88 mfma=6.76 bar=7.32 rmsnorm_router=1.44 topk=2.52 total=27.92
[OPROJ_INNER] slicewait=8.36 mfma=9.24 bar=4.64 rmsnorm_router=1.44 topk=0.40 total=24.08
[OPROJ_INNER] slicewait=4.08 mfma=12.16 bar=6.92 rmsnorm_router=1.44 topk=2.04 total=26.64
[OPROJ_INNER] slicewait=4.60 mfma=6.28 bar=10.84 rmsnorm_router=1.44 topk=2.92 total=26.08
[OPROJ_INNER] slicewait=4.80 mfma=9.20 bar=8.20 rmsnorm_router=1.44 topk=3.12 total=26.76
[OPROJ_INNER] slicewait=4.60 mfma=8.92 bar=9.00 rmsnorm_router=1.48 topk=3.20 total=27.20
[OPROJ_INNER] slicewait=2.20 mfma=4.60 bar=3.44 rmsnorm_router=1.44 topk=2.60 total=14.28
[OPROJ_INNER] slicewait=4.04 mfma=14.00 bar=9.00 rmsnorm_router=1.44 topk=1.08 total=29.56
[OPROJ_INNER] slicewait=4.12 mfma=9.64 bar=10.32 rmsnorm_router=1.40 topk=3.16 total=28.64
[OPROJ_INNER] slicewait=2.96 mfma=15.92 bar=7.88 rmsnorm_router=1.44 topk=1.92 total=30.12
[OPROJ_INNER] slicewait=3.28 mfma=15.56 bar=8.04 rmsnorm_router=1.44 topk=2.28 total=30.60
[OPROJ_INNER] slicewait=3.32 mfma=13.72 bar=9.84 rmsnorm_router=1.44 topk=3.52 total=31.84
[OPROJ_INNER] slicewait=2.08 mfma=17.64 bar=7.60 rmsnorm_router=1.44 topk=3.12 total=31.88
[OPROJ_INNER] slicewait=2.68 mfma=4.64 bar=3.32 rmsnorm_router=1.44 topk=2.08 total=14.16
[OPROJ_INNER] slicewait=3.40 mfma=8.32 bar=10.44 rmsnorm_router=1.44 topk=2.16 total=25.76
[OPROJ_INNER] slicewait=6.32 mfma=3.84 bar=4.32 rmsnorm_router=1.44 topk=2.00 total=17.92
[OPROJ_INNER] slicewait=0.60 mfma=16.52 bar=6.52 rmsnorm_router=1.44 topk=2.52 total=27.60
[OPROJ_INNER] slicewait=11.84 mfma=3.84 bar=6.08 rmsnorm_router=1.44 topk=2.64 total=25.84
[OPROJ_INNER] slicewait=1.72 mfma=11.12 bar=10.12 rmsnorm_router=1.48 topk=2.36 total=26.80
[OPROJ_INNER] slicewait=6.76 mfma=3.80 bar=6.28 rmsnorm_router=1.44 topk=1.48 total=19.76
[OPROJ_INNER] slicewait=2.84 mfma=10.52 bar=9.20 rmsnorm_router=1.44 topk=3.00 total=27.00
[OPROJ_INNER] slicewait=3.20 mfma=3.96 bar=3.28 rmsnorm_router=1.44 topk=2.32 total=14.20
[OPROJ_INNER] slicewait=3.00 mfma=7.60 bar=9.64 rmsnorm_router=1.44 topk=2.60 total=24.28
[OPROJ_INNER] slicewait=5.24 mfma=7.60 bar=8.28 rmsnorm_router=1.60 topk=0.40 total=23.12
[OPROJ_INNER] slicewait=7.28 mfma=5.64 bar=4.04 rmsnorm_router=1.40 topk=0.44 total=18.80
[OPROJ_INNER] slicewait=5.88 mfma=3.84 bar=9.88 rmsnorm_router=1.40 topk=0.44 total=21.44
[OPROJ_INNER] slicewait=10.00 mfma=6.52 bar=5.92 rmsnorm_router=1.68 topk=1.20 total=25.32
[OPROJ_INNER] slicewait=7.88 mfma=6.36 bar=9.52 rmsnorm_router=1.48 topk=1.44 total=26.68
[OPROJ_INNER] slicewait=1.64 mfma=4.32 bar=3.24 rmsnorm_router=1.48 topk=1.92 total=12.60
[OPROJ_INNER] slicewait=3.44 mfma=9.68 bar=8.76 rmsnorm_router=1.52 topk=1.32 total=24.72
[OPROJ_INNER] slicewait=6.76 mfma=3.80 bar=7.04 rmsnorm_router=1.52 topk=1.88 total=21.00
[OPROJ_INNER] slicewait=4.16 mfma=7.00 bar=11.40 rmsnorm_router=1.40 topk=0.60 total=24.56
[OPROJ_INNER] slicewait=3.60 mfma=8.44 bar=8.84 rmsnorm_router=1.40 topk=2.68 total=24.96
[OPROJ_INNER] slicewait=2.32 mfma=3.92 bar=3.12 rmsnorm_router=1.48 topk=1.88 total=12.72
[OPROJ_INNER] slicewait=5.12 mfma=9.76 bar=8.88 rmsnorm_router=1.40 topk=2.68 total=27.84
[OPROJ_INNER] slicewait=7.92 mfma=8.72 bar=7.56 rmsnorm_router=1.44 topk=3.24 total=28.88
[OPROJ_INNER] slicewait=3.76 mfma=3.88 bar=3.36 rmsnorm_router=1.44 topk=2.76 total=15.20
[OPROJ_INNER] slicewait=6.44 mfma=3.76 bar=7.52 rmsnorm_router=1.44 topk=2.20 total=21.36
[OPROJ_INNER] slicewait=2.20 mfma=4.52 bar=2.72 rmsnorm_router=1.56 topk=0.96 total=11.96
[OPROJ_INNER] slicewait=3.28 mfma=15.64 bar=6.24 rmsnorm_router=1.48 topk=0.40 total=27.04
[OPROJ_INNER] slicewait=5.96 mfma=12.92 bar=6.96 rmsnorm_router=1.44 topk=0.44 total=27.72
[OPROJ_INNER] slicewait=4.12 mfma=9.84 bar=10.04 rmsnorm_router=1.60 topk=0.40 total=26.00
[OPROJ_INNER] slicewait=3.72 mfma=10.00 bar=11.88 rmsnorm_router=1.44 topk=2.80 total=29.84
[OPROJ_INNER] slicewait=2.60 mfma=3.96 bar=3.76 rmsnorm_router=1.48 topk=3.60 total=15.40
[OPROJ_INNER] slicewait=4.16 mfma=7.68 bar=9.60 rmsnorm_router=1.44 topk=1.72 total=24.60
[OPROJ_INNER] slicewait=3.24 mfma=3.80 bar=3.44 rmsnorm_router=1.44 topk=2.60 total=14.52
[OPROJ_INNER] slicewait=2.96 mfma=7.48 bar=7.92 rmsnorm_router=1.44 topk=1.72 total=21.52
[OPROJ_INNER] slicewait=4.80 mfma=4.96 bar=9.40 rmsnorm_router=1.52 topk=0.40 total=21.08
[OPROJ_INNER] slicewait=7.56 mfma=3.88 bar=7.28 rmsnorm_router=1.44 topk=0.40 total=20.56
[OPROJ_INNER] slicewait=2.40 mfma=4.04 bar=3.20 rmsnorm_router=1.44 topk=1.04 total=12.12
[OPROJ_INNER] slicewait=5.24 mfma=3.80 bar=5.96 rmsnorm_router=1.44 topk=2.08 total=18.52
[OPROJ_INNER] slicewait=3.68 mfma=3.96 bar=3.12 rmsnorm_router=1.64 topk=0.96 total=13.36
[OPROJ_INNER] slicewait=4.04 mfma=4.40 bar=9.92 rmsnorm_router=1.40 topk=3.68 total=23.44
[OPROJ_INNER] slicewait=3.36 mfma=5.16 bar=4.96 rmsnorm_router=1.36 topk=1.72 total=16.56
[OPROJ_INNER] slicewait=9.40 mfma=4.04 bar=4.40 rmsnorm_router=1.88 topk=1.84 total=21.56
[OPROJ_INNER] slicewait=4.16 mfma=13.16 bar=10.76 rmsnorm_router=1.40 topk=2.80 total=32.28
[OPROJ_INNER] slicewait=8.08 mfma=16.16 bar=5.80 rmsnorm_router=1.40 topk=0.44 total=31.88
[OPROJ_INNER] slicewait=8.24 mfma=14.04 bar=6.52 rmsnorm_router=1.44 topk=1.44 total=31.68
[OPROJ_INNER] slicewait=11.56 mfma=3.76 bar=4.92 rmsnorm_router=1.44 topk=1.72 total=23.40
[OPROJ_INNER] slicewait=4.28 mfma=14.84 bar=10.60 rmsnorm_router=1.44 topk=2.96 total=34.12
[OPROJ_INNER] slicewait=2.24 mfma=3.76 bar=3.56 rmsnorm_router=1.44 topk=11.16 total=22.16
[OPROJ_INNER] slicewait=4.16 mfma=14.68 bar=10.88 rmsnorm_router=1.44 topk=3.64 total=34.80
[OPROJ_INNER] slicewait=3.16 mfma=12.48 bar=7.28 rmsnorm_router=1.76 topk=1.56 total=26.24
[OPROJ_INNER] slicewait=6.16 mfma=10.28 bar=5.44 rmsnorm_router=1.44 topk=0.48 total=23.80
[OPROJ_INNER] slicewait=2.76 mfma=10.60 bar=9.32 rmsnorm_router=1.40 topk=3.00 total=27.08
[OPROJ_INNER] slicewait=3.04 mfma=12.16 bar=6.76 rmsnorm_router=1.44 topk=0.40 total=23.80
[OPROJ_INNER] slicewait=2.32 mfma=4.56 bar=3.28 rmsnorm_router=1.44 topk=1.20 total=12.80
[OPROJ_INNER] slicewait=10.40 mfma=5.96 bar=4.92 rmsnorm_router=1.68 topk=0.96 total=23.92
[OPROJ_INNER] slicewait=3.80 mfma=3.80 bar=3.36 rmsnorm_router=1.48 topk=1.80 total=14.24
[OPROJ_INNER] slicewait=7.28 mfma=3.80 bar=6.24 rmsnorm_router=1.40 topk=3.56 total=22.28
[OPROJ_INNER] slicewait=6.44 mfma=3.88 bar=5.20 rmsnorm_router=1.60 topk=1.64 total=18.76
[OPROJ_INNER] slicewait=4.00 mfma=5.60 bar=9.12 rmsnorm_router=1.48 topk=0.44 total=20.64
[OPROJ_INNER] slicewait=5.52 mfma=5.44 bar=4.20 rmsnorm_router=1.48 topk=0.84 total=17.48
[OPROJ_INNER] slicewait=2.16 mfma=4.64 bar=3.00 rmsnorm_router=1.44 topk=0.44 total=11.68
[OPROJ_INNER] slicewait=4.56 mfma=3.84 bar=10.36 rmsnorm_router=1.48 topk=1.72 total=21.96
[OPROJ_INNER] slicewait=6.92 mfma=7.96 bar=5.76 rmsnorm_router=1.44 topk=2.68 total=24.76
[OPROJ_INNER] slicewait=2.80 mfma=5.92 bar=3.92 rmsnorm_router=1.72 topk=0.92 total=15.28
[OPROJ_INNER] slicewait=2.44 mfma=7.52 bar=11.24 rmsnorm_router=1.48 topk=3.48 total=26.16
[OPROJ_INNER] slicewait=9.48 mfma=3.96 bar=5.60 rmsnorm_router=1.68 topk=1.44 total=22.16
[OPROJ_INNER] slicewait=2.88 mfma=13.12 bar=10.24 rmsnorm_router=1.44 topk=3.32 total=31.00
[OPROJ_INNER] slicewait=0.60 mfma=18.76 bar=8.00 rmsnorm_router=1.48 topk=0.92 total=29.76
[OPROJ_INNER] slicewait=4.28 mfma=14.84 bar=6.60 rmsnorm_router=1.60 topk=0.40 total=27.72
[OPROJ_INNER] slicewait=2.40 mfma=14.60 bar=9.72 rmsnorm_router=1.40 topk=2.04 total=30.16
[OPROJ_INNER] slicewait=3.92 mfma=15.44 bar=6.96 rmsnorm_router=1.48 topk=0.44 total=28.24
[OPROJ_INNER] slicewait=3.76 mfma=13.36 bar=8.12 rmsnorm_router=1.48 topk=3.04 total=29.76
[OPROJ_INNER] slicewait=3.52 mfma=4.16 bar=3.68 rmsnorm_router=1.48 topk=9.60 total=22.44
[OPROJ_INNER] slicewait=5.12 mfma=15.40 bar=5.48 rmsnorm_router=1.48 topk=0.60 total=28.08
[OPROJ_INNER] slicewait=5.32 mfma=13.24 bar=5.24 rmsnorm_router=1.40 topk=0.52 total=25.72
[OPROJ_INNER] slicewait=3.36 mfma=11.04 bar=10.60 rmsnorm_router=1.44 topk=1.04 total=27.48
[OPROJ_INNER] slicewait=2.32 mfma=3.96 bar=3.72 rmsnorm_router=1.44 topk=3.64 total=15.08
[OPROJ_INNER] slicewait=0.56 mfma=15.44 bar=10.48 rmsnorm_router=1.48 topk=0.88 total=28.84
[OPROJ_INNER] slicewait=3.36 mfma=12.20 bar=8.04 rmsnorm_router=1.60 topk=0.92 total=26.12
[OPROJ_INNER] slicewait=6.60 mfma=4.40 bar=8.16 rmsnorm_router=1.56 topk=1.32 total=22.04
[OPROJ_INNER] slicewait=1.52 mfma=17.04 bar=7.52 rmsnorm_router=1.48 topk=2.64 total=30.20
[OPROJ_INNER] slicewait=2.04 mfma=3.92 bar=3.80 rmsnorm_router=1.48 topk=9.64 total=20.88
[OPROJ_INNER] slicewait=3.24 mfma=16.32 bar=6.88 rmsnorm_router=1.64 topk=0.44 total=28.52
[OPROJ_INNER] slicewait=3.12 mfma=16.64 bar=7.08 rmsnorm_router=1.52 topk=0.88 total=29.24
[OPROJ_INNER] slicewait=3.84 mfma=11.44 bar=10.84 rmsnorm_router=1.44 topk=0.40 total=27.96
[OPROJ_INNER] slicewait=1.40 mfma=18.08 bar=8.08 rmsnorm_router=1.40 topk=0.92 total=29.88
[OPROJ_INNER] slicewait=2.96 mfma=3.96 bar=3.72 rmsnorm_router=1.44 topk=9.72 total=21.80
[OPROJ_INNER] slicewait=2.84 mfma=9.24 bar=9.84 rmsnorm_router=1.56 topk=1.08 total=24.56
[OPROJ_INNER] slicewait=0.72 mfma=19.60 bar=7.92 rmsnorm_router=1.40 topk=2.44 total=32.08
[OPROJ_INNER] slicewait=3.88 mfma=12.40 bar=9.04 rmsnorm_router=1.48 topk=1.80 total=28.60
[OPROJ_INNER] slicewait=3.96 mfma=4.72 bar=3.24 rmsnorm_router=1.44 topk=0.56 total=13.92
[OPROJ_INNER] slicewait=2.52 mfma=10.28 bar=9.32 rmsnorm_router=1.40 topk=1.64 total=25.16
[OPROJ_INNER] slicewait=3.72 mfma=8.64 bar=9.72 rmsnorm_router=1.44 topk=0.40 total=23.92
[OPROJ_INNER] slicewait=10.08 mfma=7.44 bar=5.00 rmsnorm_router=1.44 topk=2.56 total=26.52
[OPROJ_INNER] slicewait=7.56 mfma=8.84 bar=5.24 rmsnorm_router=1.48 topk=1.28 total=24.40
[OPROJ_INNER] slicewait=4.28 mfma=5.80 bar=5.08 rmsnorm_router=1.60 topk=1.16 total=17.92
[OPROJ_INNER] slicewait=4.04 mfma=4.80 bar=3.16 rmsnorm_router=1.76 topk=1.92 total=15.68
[OPROJ_INNER] slicewait=2.32 mfma=10.68 bar=10.12 rmsnorm_router=1.40 topk=1.84 total=26.36
[OPROJ_INNER] slicewait=9.72 mfma=3.92 bar=3.80 rmsnorm_router=1.60 topk=0.40 total=19.44
[OPROJ_INNER] slicewait=3.64 mfma=4.12 bar=3.04 rmsnorm_router=1.64 topk=0.40 total=12.84
[OPROJ_INNER] slicewait=2.36 mfma=8.16 bar=9.40 rmsnorm_router=1.44 topk=0.56 total=21.92
[OPROJ_INNER] slicewait=3.48 mfma=5.24 bar=3.92 rmsnorm_router=1.76 topk=0.92 total=15.32
[OPROJ_INNER] slicewait=5.92 mfma=8.24 bar=6.04 rmsnorm_router=1.44 topk=3.44 total=25.08
[OPROJ_INNER] slicewait=4.16 mfma=4.40 bar=9.72 rmsnorm_router=1.44 topk=1.04 total=20.76
[OPROJ_INNER] slicewait=2.76 mfma=6.20 bar=9.84 rmsnorm_router=1.56 topk=0.44 total=20.80
[OPROJ_INNER] slicewait=3.28 mfma=3.76 bar=3.44 rmsnorm_router=1.48 topk=3.28 total=15.24
[OPROJ_INNER] slicewait=11.64 mfma=11.20 bar=6.52 rmsnorm_router=1.40 topk=3.64 total=34.40
[OPROJ_INNER] slicewait=12.92 mfma=9.48 bar=6.68 rmsnorm_router=1.52 topk=0.44 total=31.04
[OPROJ_INNER] slicewait=5.04 mfma=3.84 bar=3.04 rmsnorm_router=1.44 topk=0.40 total=13.76
[OPROJ_INNER] slicewait=5.76 mfma=14.64 bar=10.00 rmsnorm_router=1.44 topk=3.76 total=35.60
[OPROJ_INNER] slicewait=3.04 mfma=8.40 bar=10.72 rmsnorm_router=1.44 topk=1.88 total=25.48
[OPROJ_INNER] slicewait=3.12 mfma=3.76 bar=3.40 rmsnorm_router=1.44 topk=2.68 total=14.40
[OPROJ_INNER] slicewait=3.64 mfma=13.76 bar=10.68 rmsnorm_router=1.64 topk=0.44 total=30.16
[OPROJ_INNER] slicewait=3.44 mfma=8.40 bar=9.64 rmsnorm_router=1.56 topk=1.44 total=24.48
[OPROJ_INNER] slicewait=6.40 mfma=3.84 bar=7.68 rmsnorm_router=1.44 topk=3.72 total=23.08
[OPROJ_INNER] slicewait=9.20 mfma=3.84 bar=6.04 rmsnorm_router=1.60 topk=0.48 total=21.16
[OPROJ_INNER] slicewait=12.40 mfma=2.32 bar=6.16 rmsnorm_router=1.40 topk=1.56 total=23.84
[OPROJ_INNER] slicewait=10.20 mfma=3.84 bar=5.36 rmsnorm_router=1.44 topk=2.48 total=23.32
[OPROJ_INNER] slicewait=7.92 mfma=3.04 bar=8.24 rmsnorm_router=1.56 topk=0.92 total=21.68
[OPROJ_INNER] slicewait=5.24 mfma=3.80 bar=4.92 rmsnorm_router=1.40 topk=3.28 total=18.64
[OPROJ_INNER] slicewait=5.72 mfma=3.92 bar=5.16 rmsnorm_router=1.44 topk=2.64 total=18.88
[OPROJ_INNER] slicewait=10.24 mfma=3.80 bar=4.52 rmsnorm_router=1.80 topk=1.56 total=21.92
[OPROJ_INNER] slicewait=10.40 mfma=3.76 bar=3.20 rmsnorm_router=1.64 topk=0.40 total=19.40
[OPROJ_INNER] slicewait=6.28 mfma=13.64 bar=6.56 rmsnorm_router=1.64 topk=0.40 total=28.52
[OPROJ_INNER] slicewait=2.92 mfma=13.92 bar=10.72 rmsnorm_router=1.40 topk=1.80 total=30.76
[OPROJ_INNER] slicewait=1.04 mfma=18.04 bar=8.72 rmsnorm_router=1.44 topk=0.48 total=29.72
[OPROJ_INNER] slicewait=2.44 mfma=3.80 bar=3.72 rmsnorm_router=1.44 topk=9.96 total=21.36
[OPROJ_INNER] slicewait=7.72 mfma=11.84 bar=6.80 rmsnorm_router=1.56 topk=1.56 total=29.48
[OPROJ_INNER] slicewait=2.60 mfma=15.88 bar=8.04 rmsnorm_router=1.44 topk=1.04 total=29.00
[OPROJ_INNER] slicewait=3.40 mfma=12.36 bar=8.36 rmsnorm_router=1.48 topk=3.84 total=29.44
[OPROJ_INNER] slicewait=3.88 mfma=5.24 bar=8.28 rmsnorm_router=1.64 topk=0.44 total=19.48
[OPROJ_INNER] slicewait=3.64 mfma=3.80 bar=3.04 rmsnorm_router=1.48 topk=0.44 total=12.40
[OPROJ_INNER] slicewait=4.48 mfma=3.92 bar=5.16 rmsnorm_router=1.44 topk=3.12 total=18.12
[OPROJ_INNER] slicewait=4.76 mfma=3.92 bar=5.28 rmsnorm_router=1.44 topk=2.48 total=17.88
[OPROJ_INNER] slicewait=4.80 mfma=3.80 bar=5.40 rmsnorm_router=1.44 topk=3.72 total=19.16
[OPROJ_INNER] slicewait=8.32 mfma=5.72 bar=6.20 rmsnorm_router=1.44 topk=3.28 total=24.96
[OPROJ_INNER] slicewait=9.68 mfma=3.88 bar=5.72 rmsnorm_router=1.44 topk=2.28 total=23.00
[OPROJ_INNER] slicewait=10.12 mfma=3.80 bar=4.52 rmsnorm_router=1.72 topk=1.16 total=21.32
[OPROJ_INNER] slicewait=4.24 mfma=7.44 bar=11.28 rmsnorm_router=1.44 topk=0.68 total=25.08
[OPROJ_INNER] slicewait=2.68 mfma=3.84 bar=3.52 rmsnorm_router=1.44 topk=3.20 total=14.68
[OPROJ_INNER] slicewait=5.92 mfma=3.84 bar=11.00 rmsnorm_router=1.40 topk=3.64 total=25.80
[OPROJ_INNER] slicewait=3.16 mfma=3.76 bar=2.64 rmsnorm_router=1.68 topk=1.52 total=12.76
[OPROJ_INNER] slicewait=10.20 mfma=4.08 bar=9.60 rmsnorm_router=1.44 topk=1.48 total=26.80
[OPROJ_INNER] slicewait=3.68 mfma=12.84 bar=7.80 rmsnorm_router=1.64 topk=0.44 total=26.40
[OPROJ_INNER] slicewait=6.56 mfma=3.84 bar=7.12 rmsnorm_router=1.72 topk=1.00 total=20.24
[OPROJ_INNER] slicewait=11.92 mfma=3.76 bar=9.20 rmsnorm_router=1.44 topk=3.36 total=29.68
[OPROJ_INNER] slicewait=11.64 mfma=6.16 bar=7.12 rmsnorm_router=1.44 topk=1.28 total=27.64
[OPROJ_INNER] slicewait=5.56 mfma=5.20 bar=8.76 rmsnorm_router=1.48 topk=0.60 total=21.60
[OPROJ_INNER] slicewait=1.60 mfma=4.08 bar=3.52 rmsnorm_router=1.44 topk=3.80 total=14.44
[OPROJ_INNER] slicewait=4.20 mfma=9.12 bar=9.64 rmsnorm_router=1.80 topk=1.04 total=25.80
[OPROJ_INNER] slicewait=8.88 mfma=8.40 bar=7.88 rmsnorm_router=1.44 topk=2.52 total=29.12
[OPROJ_INNER] slicewait=4.24 mfma=9.16 bar=10.72 rmsnorm_router=1.40 topk=3.92 total=29.44
[OPROJ_INNER] slicewait=7.32 mfma=3.92 bar=7.40 rmsnorm_router=1.44 topk=3.12 total=23.20
[OPROJ_INNER] slicewait=9.00 mfma=7.64 bar=6.40 rmsnorm_router=1.44 topk=1.72 total=26.20
[OPROJ_INNER] slicewait=1.84 mfma=4.32 bar=3.60 rmsnorm_router=1.44 topk=3.48 total=14.68
[OPROJ_INNER] slicewait=10.68 mfma=3.92 bar=5.00 rmsnorm_router=1.48 topk=0.40 total=21.48
[OPROJ_INNER] slicewait=4.48 mfma=5.72 bar=9.04 rmsnorm_router=1.40 topk=2.28 total=22.92
[OPROJ_INNER] slicewait=1.52 mfma=4.24 bar=2.60 rmsnorm_router=1.72 topk=1.40 total=11.48
[OPROJ_INNER] slicewait=5.00 mfma=8.36 bar=9.12 rmsnorm_router=1.48 topk=2.64 total=26.60
[OPROJ_INNER] slicewait=5.08 mfma=6.64 bar=8.00 rmsnorm_router=1.56 topk=0.48 total=21.76
[OPROJ_INNER] slicewait=2.08 mfma=3.80 bar=3.36 rmsnorm_router=1.40 topk=3.12 total=13.76
[OPROJ_INNER] slicewait=2.72 mfma=8.44 bar=8.80 rmsnorm_router=1.48 topk=1.00 total=22.44
[OPROJ_INNER] slicewait=3.00 mfma=7.56 bar=7.00 rmsnorm_router=1.44 topk=3.12 total=22.12
[OPROJ_INNER] slicewait=2.04 mfma=3.96 bar=2.48 rmsnorm_router=1.48 topk=0.40 total=10.36
[OPROJ_INNER] slicewait=3.24 mfma=6.48 bar=7.04 rmsnorm_router=1.44 topk=3.24 total=21.44
[OPROJ_INNER] slicewait=3.56 mfma=7.60 bar=11.08 rmsnorm_router=1.36 topk=2.84 total=26.44
[OPROJ_INNER] slicewait=3.84 mfma=6.56 bar=7.52 rmsnorm_router=1.44 topk=3.40 total=22.76
[OPROJ_INNER] slicewait=8.64 mfma=6.08 bar=8.68 rmsnorm_router=1.44 topk=3.48 total=28.32
[OPROJ_INNER] slicewait=9.40 mfma=5.88 bar=7.28 rmsnorm_router=1.56 topk=2.04 total=26.16
[OPROJ_INNER] slicewait=4.16 mfma=12.00 bar=7.72 rmsnorm_router=1.40 topk=3.16 total=28.44
[OPROJ_INNER] slicewait=1.52 mfma=12.36 bar=9.76 rmsnorm_router=1.44 topk=1.28 total=26.36
[OPROJ_INNER] slicewait=2.40 mfma=3.80 bar=2.72 rmsnorm_router=1.56 topk=0.40 total=10.88
[OPROJ_INNER] slicewait=2.00 mfma=12.92 bar=9.12 rmsnorm_router=1.44 topk=3.16 total=28.64
[OPROJ_INNER] slicewait=2.80 mfma=12.56 bar=8.08 rmsnorm_router=1.48 topk=2.00 total=26.92
[OPROJ_INNER] slicewait=2.84 mfma=3.80 bar=3.64 rmsnorm_router=1.44 topk=1.60 total=13.32
[OPROJ_INNER] slicewait=1.80 mfma=3.92 bar=2.84 rmsnorm_router=1.48 topk=0.80 total=10.84
[OPROJ_INNER] slicewait=3.36 mfma=3.96 bar=3.36 rmsnorm_router=1.52 topk=2.68 total=14.88
[OPROJ_INNER] slicewait=3.24 mfma=9.88 bar=10.28 rmsnorm_router=1.44 topk=3.36 total=28.20
[OPROJ_INNER] slicewait=1.96 mfma=12.92 bar=8.44 rmsnorm_router=1.44 topk=3.52 total=28.28
[OPROJ_INNER] slicewait=1.64 mfma=4.20 bar=3.72 rmsnorm_router=1.44 topk=3.04 total=14.04
[OPROJ_INNER] slicewait=2.60 mfma=9.24 bar=9.84 rmsnorm_router=1.40 topk=0.48 total=23.56
[OPROJ_INNER] slicewait=9.04 mfma=6.08 bar=6.20 rmsnorm_router=1.44 topk=3.72 total=26.48
[OPROJ_INNER] slicewait=2.80 mfma=12.84 bar=6.76 rmsnorm_router=1.44 topk=1.32 total=25.16
[OPROJ_INNER] slicewait=0.88 mfma=11.60 bar=10.88 rmsnorm_router=1.40 topk=3.04 total=27.80
[OPROJ_INNER] slicewait=6.88 mfma=7.84 bar=7.28 rmsnorm_router=1.40 topk=2.60 total=26.00
[OPROJ_INNER] slicewait=3.52 mfma=6.36 bar=6.28 rmsnorm_router=1.60 topk=1.80 total=19.56
[OPROJ_INNER] slicewait=9.16 mfma=3.08 bar=8.48 rmsnorm_router=1.48 topk=0.60 total=22.80
[OPROJ_INNER] slicewait=4.32 mfma=3.96 bar=4.88 rmsnorm_router=1.44 topk=0.44 total=15.04
[OPROJ_INNER] slicewait=11.08 mfma=3.08 bar=6.88 rmsnorm_router=1.44 topk=1.96 total=24.44
[OPROJ_INNER] slicewait=3.12 mfma=3.80 bar=3.16 rmsnorm_router=1.44 topk=0.80 total=12.32
[OPROJ_INNER] slicewait=6.96 mfma=3.84 bar=8.56 rmsnorm_router=1.48 topk=2.36 total=23.20
[OPROJ_INNER] slicewait=4.56 mfma=3.80 bar=5.76 rmsnorm_router=1.48 topk=2.00 total=17.60
[OPROJ_INNER] slicewait=10.00 mfma=3.80 bar=6.36 rmsnorm_router=1.48 topk=2.84 total=24.48
[OPROJ_INNER] slicewait=9.80 mfma=3.96 bar=6.12 rmsnorm_router=1.44 topk=1.76 total=23.08
[OPROJ_INNER] slicewait=3.44 mfma=7.20 bar=9.12 rmsnorm_router=1.44 topk=1.28 total=22.48
[OPROJ_INNER] slicewait=3.52 mfma=3.84 bar=3.72 rmsnorm_router=1.44 topk=3.16 total=15.68
[OPROJ_INNER] slicewait=6.60 mfma=11.48 bar=9.04 rmsnorm_router=1.40 topk=3.24 total=31.76
[OPROJ_INNER] slicewait=11.96 mfma=4.00 bar=6.28 rmsnorm_router=1.48 topk=3.76 total=27.48
[OPROJ_INNER] slicewait=5.72 mfma=9.76 bar=9.88 rmsnorm_router=1.72 topk=1.40 total=28.48
[OPROJ_INNER] slicewait=10.56 mfma=7.72 bar=8.24 rmsnorm_router=1.44 topk=3.48 total=31.44
[OPROJ_INNER] slicewait=3.60 mfma=3.76 bar=3.52 rmsnorm_router=1.44 topk=3.08 total=15.40
[OPROJ_INNER] slicewait=7.32 mfma=9.56 bar=9.80 rmsnorm_router=1.48 topk=3.00 total=31.16
[OPROJ_INNER] slicewait=10.04 mfma=3.40 bar=6.72 rmsnorm_router=1.52 topk=1.60 total=23.28
[OPROJ_INNER] slicewait=5.08 mfma=3.76 bar=4.88 rmsnorm_router=1.48 topk=2.44 total=17.64
[OPROJ_INNER] slicewait=9.52 mfma=3.08 bar=6.40 rmsnorm_router=1.48 topk=0.40 total=20.88
[OPROJ_INNER] slicewait=3.80 mfma=3.76 bar=3.12 rmsnorm_router=1.56 topk=1.12 total=13.36
[OPROJ_INNER] slicewait=7.24 mfma=2.28 bar=10.44 rmsnorm_router=1.40 topk=2.88 total=24.24
[OPROJ_INNER] slicewait=5.52 mfma=3.20 bar=11.00 rmsnorm_router=1.48 topk=2.52 total=23.72
[OPROJ_INNER] slicewait=5.04 mfma=3.80 bar=4.68 rmsnorm_router=1.64 topk=1.56 total=16.72
[OPROJ_INNER] slicewait=9.00 mfma=3.80 bar=5.36 rmsnorm_router=1.40 topk=3.28 total=22.84
[OPROJ_INNER] slicewait=3.88 mfma=8.52 bar=9.72 rmsnorm_router=1.44 topk=2.24 total=25.80
[OPROJ_INNER] slicewait=5.92 mfma=11.40 bar=10.72 rmsnorm_router=1.48 topk=2.76 total=32.28
[OPROJ_INNER] slicewait=11.40 mfma=3.88 bar=5.28 rmsnorm_router=1.48 topk=2.56 total=24.60
[OPROJ_INNER] slicewait=9.28 mfma=11.44 bar=5.88 rmsnorm_router=1.48 topk=2.88 total=30.96
[OPROJ_INNER] slicewait=6.64 mfma=3.84 bar=3.24 rmsnorm_router=1.44 topk=0.96 total=16.12
[OPROJ_INNER] slicewait=6.80 mfma=9.24 bar=10.00 rmsnorm_router=1.44 topk=1.12 total=28.60
[OPROJ_INNER] slicewait=6.40 mfma=9.60 bar=10.84 rmsnorm_router=1.48 topk=3.20 total=31.52
[OPROJ_INNER] slicewait=2.20 mfma=3.92 bar=3.76 rmsnorm_router=1.44 topk=3.44 total=14.76
[OPROJ_INNER] slicewait=5.56 mfma=8.60 bar=4.28 rmsnorm_router=1.48 topk=2.12 total=22.04
[OPROJ_INNER] slicewait=3.12 mfma=9.08 bar=8.76 rmsnorm_router=1.44 topk=0.44 total=22.84
[OPROJ_INNER] slicewait=6.84 mfma=12.60 bar=8.16 rmsnorm_router=1.44 topk=0.52 total=29.56
[OPROJ_INNER] slicewait=4.32 mfma=3.84 bar=2.84 rmsnorm_router=1.68 topk=1.68 total=14.36
[OPROJ_INNER] slicewait=2.16 mfma=3.88 bar=3.56 rmsnorm_router=1.44 topk=3.08 total=14.12
[OPROJ_INNER] slicewait=4.76 mfma=10.16 bar=9.20 rmsnorm_router=1.44 topk=3.76 total=29.32
[OPROJ_INNER] slicewait=3.08 mfma=3.80 bar=3.28 rmsnorm_router=1.44 topk=2.36 total=13.96
[OPROJ_INNER] slicewait=3.88 mfma=15.04 bar=8.28 rmsnorm_router=1.44 topk=2.40 total=31.04
[OPROJ_INNER] slicewait=9.04 mfma=11.72 bar=6.00 rmsnorm_router=1.40 topk=0.96 total=29.12
[OPROJ_INNER] slicewait=6.16 mfma=10.96 bar=10.56 rmsnorm_router=1.44 topk=1.44 total=30.56
[OPROJ_INNER] slicewait=2.68 mfma=3.80 bar=3.20 rmsnorm_router=1.44 topk=1.72 total=12.84
[OPROJ_INNER] slicewait=11.72 mfma=8.04 bar=7.96 rmsnorm_router=1.44 topk=3.64 total=32.80
[OPROJ_INNER] slicewait=4.44 mfma=7.12 bar=10.16 rmsnorm_router=1.44 topk=2.00 total=25.16
[OPROJ_INNER] slicewait=5.08 mfma=7.28 bar=9.96 rmsnorm_router=1.64 topk=0.96 total=24.92
[OPROJ_INNER] slicewait=1.96 mfma=3.80 bar=3.64 rmsnorm_router=1.48 topk=11.08 total=21.96
[OPROJ_INNER] slicewait=6.40 mfma=6.52 bar=9.76 rmsnorm_router=1.40 topk=2.96 total=27.04
[OPROJ_INNER] slicewait=3.40 mfma=3.80 bar=4.12 rmsnorm_router=1.44 topk=2.12 total=14.88
[OPROJ_INNER] slicewait=9.20 mfma=3.76 bar=5.00 rmsnorm_router=1.44 topk=0.40 total=19.80
[OPROJ_INNER] slicewait=3.40 mfma=4.24 bar=6.04 rmsnorm_router=1.44 topk=2.04 total=17.16
[OPROJ_INNER] slicewait=4.12 mfma=3.88 bar=5.24 rmsnorm_router=1.88 topk=1.20 total=16.32
[OPROJ_INNER] slicewait=9.00 mfma=3.76 bar=6.16 rmsnorm_router=1.48 topk=2.72 total=23.12
[OPROJ_INNER] slicewait=3.64 mfma=4.24 bar=6.32 rmsnorm_router=1.44 topk=3.44 total=19.08
[OPROJ_INNER] slicewait=2.84 mfma=3.84 bar=3.40 rmsnorm_router=1.48 topk=1.92 total=13.48
[OPROJ_INNER] slicewait=6.84 mfma=3.80 bar=8.44 rmsnorm_router=1.40 topk=2.48 total=22.96
[OPROJ_INNER] slicewait=3.72 mfma=3.80 bar=5.48 rmsnorm_router=1.48 topk=0.36 total=14.84
[OPROJ_INNER] slicewait=10.80 mfma=3.08 bar=6.92 rmsnorm_router=1.48 topk=0.40 total=22.68
[OPROJ_INNER] slicewait=3.88 mfma=3.80 bar=6.08 rmsnorm_router=1.44 topk=0.68 total=15.88
[OPROJ_INNER] slicewait=2.72 mfma=3.84 bar=3.32 rmsnorm_router=1.44 topk=2.28 total=13.60
[OPROJ_INNER] slicewait=5.88 mfma=4.16 bar=10.40 rmsnorm_router=1.40 topk=3.64 total=25.48
[OPROJ_INNER] slicewait=1.60 mfma=3.88 bar=2.44 rmsnorm_router=1.44 topk=0.36 total=9.72
[OPROJ_INNER] slicewait=5.32 mfma=3.72 bar=4.00 rmsnorm_router=1.48 topk=1.76 total=16.28
[OPROJ_INNER] slicewait=7.76 mfma=2.60 bar=9.68 rmsnorm_router=1.36 topk=2.00 total=23.40
[OPROJ_INNER] slicewait=4.48 mfma=9.08 bar=9.56 rmsnorm_router=1.48 topk=0.44 total=25.04
[OPROJ_INNER] slicewait=8.32 mfma=11.12 bar=7.44 rmsnorm_router=1.44 topk=1.28 total=29.60
[OPROJ_INNER] slicewait=3.28 mfma=4.92 bar=2.84 rmsnorm_router=1.72 topk=0.40 total=13.16
[OPROJ_INNER] slicewait=9.56 mfma=11.08 bar=5.92 rmsnorm_router=1.60 topk=1.52 total=29.68
[OPROJ_INNER] slicewait=3.36 mfma=8.32 bar=8.32 rmsnorm_router=1.48 topk=1.36 total=22.84
[OPROJ_INNER] slicewait=2.56 mfma=3.80 bar=3.40 rmsnorm_router=1.44 topk=2.68 total=13.88
[OPROJ_INNER] slicewait=5.24 mfma=11.20 bar=10.68 rmsnorm_router=1.40 topk=2.20 total=30.72
[OPROJ_INNER] slicewait=5.48 mfma=10.92 bar=10.52 rmsnorm_router=1.44 topk=2.80 total=31.16
[OPROJ_INNER] slicewait=12.12 mfma=3.92 bar=4.00 rmsnorm_router=1.60 topk=0.40 total=22.04
[OPROJ_INNER] slicewait=6.08 mfma=5.16 bar=11.88 rmsnorm_router=1.48 topk=0.44 total=25.04
[OPROJ_INNER] slicewait=6.28 mfma=10.16 bar=6.36 rmsnorm_router=1.72 topk=0.44 total=24.96
[OPROJ_INNER] slicewait=3.68 mfma=6.12 bar=9.04 rmsnorm_router=1.44 topk=0.40 total=20.68
[OPROJ_INNER] slicewait=5.08 mfma=7.56 bar=8.12 rmsnorm_router=1.44 topk=3.08 total=25.28
[OPROJ_INNER] slicewait=2.68 mfma=4.60 bar=3.44 rmsnorm_router=1.44 topk=2.28 total=14.44
[OPROJ_INNER] slicewait=2.48 mfma=3.92 bar=3.64 rmsnorm_router=1.48 topk=3.40 total=14.92
[OPROJ_INNER] slicewait=5.84 mfma=3.92 bar=7.00 rmsnorm_router=1.64 topk=0.96 total=19.36
[OPROJ_INNER] slicewait=5.52 mfma=4.76 bar=4.08 rmsnorm_router=1.56 topk=0.44 total=16.36
[OPROJ_INNER] slicewait=4.00 mfma=4.96 bar=5.56 rmsnorm_router=1.44 topk=0.40 total=16.36
[OPROJ_INNER] slicewait=3.92 mfma=4.72 bar=6.92 rmsnorm_router=1.48 topk=0.40 total=17.44
[OPROJ_INNER] slicewait=8.64 mfma=4.80 bar=6.24 rmsnorm_router=1.44 topk=2.60 total=23.72
[OPROJ_INNER] slicewait=3.92 mfma=4.44 bar=5.16 rmsnorm_router=1.72 topk=1.68 total=16.92
[OPROJ_INNER] slicewait=8.44 mfma=4.76 bar=5.88 rmsnorm_router=1.64 topk=1.12 total=21.84
[OPROJ_INNER] slicewait=4.20 mfma=4.64 bar=6.16 rmsnorm_router=1.44 topk=1.16 total=17.60
[OPROJ_INNER] slicewait=4.04 mfma=3.88 bar=4.20 rmsnorm_router=1.44 topk=2.96 total=16.52
[OPROJ_INNER] slicewait=7.88 mfma=6.16 bar=10.28 rmsnorm_router=1.44 topk=0.60 total=26.36
[OPROJ_INNER] slicewait=12.84 mfma=7.24 bar=5.60 rmsnorm_router=1.60 topk=0.40 total=27.68
[OPROJ_INNER] slicewait=10.92 mfma=8.20 bar=6.48 rmsnorm_router=1.44 topk=0.68 total=27.72
[OPROJ_INNER] slicewait=7.08 mfma=9.20 bar=8.80 rmsnorm_router=1.80 topk=1.80 total=28.68
[OPROJ_INNER] slicewait=4.64 mfma=6.68 bar=7.44 rmsnorm_router=1.52 topk=2.40 total=22.68
[OPROJ_INNER] slicewait=6.40 mfma=3.96 bar=3.40 rmsnorm_router=1.48 topk=2.72 total=17.96
[OPROJ_INNER] slicewait=2.48 mfma=3.92 bar=3.76 rmsnorm_router=1.48 topk=3.52 total=15.16
[OPROJ_INNER] slicewait=9.72 mfma=8.92 bar=8.24 rmsnorm_router=1.40 topk=3.08 total=31.36
[OPROJ_INNER] slicewait=5.00 mfma=10.80 bar=5.72 rmsnorm_router=1.56 topk=0.40 total=23.48
[OPROJ_INNER] slicewait=2.28 mfma=3.88 bar=2.48 rmsnorm_router=1.48 topk=0.40 total=10.52
[OPROJ_INNER] slicewait=9.80 mfma=4.36 bar=6.80 rmsnorm_router=1.72 topk=1.00 total=23.68
[OPROJ_INNER] slicewait=1.00 mfma=9.88 bar=11.88 rmsnorm_router=1.44 topk=1.64 total=25.84
[OPROJ_INNER] slicewait=2.84 mfma=9.08 bar=9.16 rmsnorm_router=1.40 topk=2.04 total=24.52
[OPROJ_INNER] slicewait=3.60 mfma=6.96 bar=6.32 rmsnorm_router=1.44 topk=1.28 total=19.60
[OPROJ_INNER] slicewait=3.92 mfma=8.52 bar=8.08 rmsnorm_router=1.80 topk=1.20 total=23.52
[OPROJ_INNER] slicewait=10.56 mfma=4.12 bar=7.08 rmsnorm_router=1.44 topk=3.48 total=26.68
[OPROJ_INNER] slicewait=8.68 mfma=13.92 bar=6.16 rmsnorm_router=1.48 topk=1.76 total=32.00
[OPROJ_INNER] slicewait=6.12 mfma=3.80 bar=3.16 rmsnorm_router=1.36 topk=0.68 total=15.12
[OPROJ_INNER] slicewait=4.72 mfma=12.12 bar=8.84 rmsnorm_router=1.52 topk=0.40 total=27.60
[OPROJ_INNER] slicewait=3.76 mfma=15.68 bar=7.08 rmsnorm_router=1.88 topk=1.04 total=29.44
[OPROJ_INNER] slicewait=3.68 mfma=10.96 bar=11.08 rmsnorm_router=1.44 topk=2.92 total=30.08
[OPROJ_INNER] slicewait=8.76 mfma=12.40 bar=7.44 rmsnorm_router=1.44 topk=3.12 total=33.16
[OPROJ_INNER] slicewait=4.12 mfma=10.80 bar=9.20 rmsnorm_router=1.44 topk=3.60 total=29.16
[OPROJ_INNER] slicewait=2.48 mfma=3.80 bar=3.64 rmsnorm_router=1.48 topk=11.16 total=22.56
[OPROJ_INNER] slicewait=4.68 mfma=13.36 bar=7.72 rmsnorm_router=1.48 topk=3.60 total=30.84
[OPROJ_INNER] slicewait=4.28 mfma=7.00 bar=9.68 rmsnorm_router=1.44 topk=0.48 total=22.88
[OPROJ_INNER] slicewait=4.64 mfma=13.56 bar=7.76 rmsnorm_router=1.44 topk=1.28 total=28.68
[OPROJ_INNER] slicewait=4.16 mfma=12.32 bar=7.52 rmsnorm_router=1.56 topk=1.88 total=27.44
[OPROJ_INNER] slicewait=4.08 mfma=9.76 bar=9.60 rmsnorm_router=1.48 topk=2.24 total=27.16
[OPROJ_INNER] slicewait=10.64 mfma=3.76 bar=4.08 rmsnorm_router=1.48 topk=1.36 total=21.32
[OPROJ_INNER] slicewait=4.12 mfma=12.40 bar=7.08 rmsnorm_router=1.64 topk=0.84 total=26.08
[OPROJ_INNER] slicewait=2.20 mfma=4.44 bar=3.56 rmsnorm_router=1.48 topk=10.00 total=21.68
[OPROJ_INNER] slicewait=11.92 mfma=7.56 bar=6.68 rmsnorm_router=1.48 topk=3.08 total=30.72
[OPROJ_INNER] slicewait=0.76 mfma=22.08 bar=5.32 rmsnorm_router=1.52 topk=0.40 total=30.08
[OPROJ_INNER] slicewait=0.80 mfma=19.20 bar=7.96 rmsnorm_router=1.52 topk=0.40 total=29.88
[OPROJ_INNER] slicewait=3.20 mfma=13.48 bar=9.88 rmsnorm_router=1.40 topk=0.88 total=28.84
[OPROJ_INNER] slicewait=3.32 mfma=12.28 bar=8.40 rmsnorm_router=1.44 topk=3.76 total=29.20
[OPROJ_INNER] slicewait=1.88 mfma=4.16 bar=3.40 rmsnorm_router=1.44 topk=3.28 total=14.16
[OPROJ_INNER] slicewait=9.72 mfma=9.96 bar=6.68 rmsnorm_router=1.48 topk=1.68 total=29.52
[OPROJ_INNER] slicewait=2.96 mfma=16.00 bar=8.08 rmsnorm_router=1.44 topk=2.12 total=30.60
[OPROJ_INNER] slicewait=4.56 mfma=3.72 bar=4.88 rmsnorm_router=1.44 topk=3.36 total=17.96
[OPROJ_INNER] slicewait=6.48 mfma=3.96 bar=6.12 rmsnorm_router=1.44 topk=0.40 total=18.40
[OPROJ_INNER] slicewait=12.16 mfma=1.84 bar=6.08 rmsnorm_router=1.44 topk=2.20 total=23.72
[OPROJ_INNER] slicewait=11.12 mfma=1.68 bar=8.52 rmsnorm_router=1.44 topk=3.08 total=25.84
[OPROJ_INNER] slicewait=10.32 mfma=2.12 bar=7.92 rmsnorm_router=1.56 topk=0.40 total=22.32
[OPROJ_INNER] slicewait=11.24 mfma=1.72 bar=7.84 rmsnorm_router=1.64 topk=1.08 total=23.52
[OPROJ_INNER] slicewait=7.48 mfma=2.28 bar=9.92 rmsnorm_router=1.56 topk=1.56 total=22.80
[OPROJ_INNER] slicewait=10.16 mfma=3.96 bar=4.40 rmsnorm_router=1.52 topk=0.76 total=20.80
[OPROJ_INNER] slicewait=4.48 mfma=4.00 bar=2.52 rmsnorm_router=1.44 topk=0.44 total=12.88
[OPROJ_INNER] slicewait=4.04 mfma=5.00 bar=3.16 rmsnorm_router=1.48 topk=0.96 total=14.64
[OPROJ_INNER] slicewait=3.68 mfma=10.56 bar=10.04 rmsnorm_router=1.44 topk=2.60 total=28.32
[OPROJ_INNER] slicewait=5.08 mfma=9.00 bar=9.52 rmsnorm_router=1.40 topk=1.64 total=26.64
[OPROJ_INNER] slicewait=2.76 mfma=14.80 bar=9.12 rmsnorm_router=1.40 topk=3.44 total=31.52
[OPROJ_INNER] slicewait=5.60 mfma=13.76 bar=6.36 rmsnorm_router=1.68 topk=1.96 total=29.36
[OPROJ_INNER] slicewait=4.00 mfma=14.32 bar=8.00 rmsnorm_router=1.44 topk=1.84 total=29.60
[OPROJ_INNER] slicewait=3.60 mfma=4.40 bar=3.60 rmsnorm_router=1.44 topk=3.48 total=16.52
[OPROJ_INNER] slicewait=7.24 mfma=10.04 bar=5.92 rmsnorm_router=1.44 topk=0.44 total=25.08
[OPROJ_INNER] slicewait=2.44 mfma=11.60 bar=10.12 rmsnorm_router=1.76 topk=0.96 total=26.88
[OPROJ_INNER] slicewait=4.00 mfma=9.88 bar=7.96 rmsnorm_router=1.64 topk=0.44 total=23.92
[OPROJ_INNER] slicewait=3.60 mfma=15.68 bar=6.16 rmsnorm_router=1.44 topk=0.92 total=27.80
[OPROJ_INNER] slicewait=3.44 mfma=3.96 bar=3.84 rmsnorm_router=1.48 topk=10.80 total=23.52
[OPROJ_INNER] slicewait=2.24 mfma=3.80 bar=3.36 rmsnorm_router=1.44 topk=2.28 total=13.12
[OPROJ_INNER] slicewait=4.56 mfma=6.92 bar=10.92 rmsnorm_router=1.48 topk=1.84 total=25.72
[OPROJ_INNER] slicewait=3.92 mfma=9.44 bar=9.88 rmsnorm_router=1.76 topk=1.08 total=26.08
[OPROJ_INNER] slicewait=7.76 mfma=7.52 bar=8.44 rmsnorm_router=1.44 topk=0.72 total=25.88
[OPROJ_INNER] slicewait=1.60 mfma=4.40 bar=3.16 rmsnorm_router=1.44 topk=1.52 total=12.12
[OPROJ_INNER] slicewait=6.28 mfma=3.80 bar=6.16 rmsnorm_router=1.44 topk=2.36 total=20.04
[OPROJ_INNER] slicewait=3.76 mfma=7.76 bar=11.84 rmsnorm_router=1.44 topk=3.48 total=28.28
[OPROJ_INNER] slicewait=11.32 mfma=4.00 bar=6.88 rmsnorm_router=1.68 topk=1.04 total=24.92
[OPROJ_INNER] slicewait=11.48 mfma=5.84 bar=6.60 rmsnorm_router=1.44 topk=3.04 total=28.40
[OPROJ_INNER] slicewait=2.88 mfma=4.76 bar=3.44 rmsnorm_router=1.44 topk=2.40 total=14.92
[OPROJ_INNER] slicewait=6.64 mfma=3.80 bar=7.00 rmsnorm_router=1.40 topk=1.36 total=20.20
[OPROJ_INNER] slicewait=8.20 mfma=3.24 bar=11.80 rmsnorm_router=1.44 topk=2.40 total=27.08
[OPROJ_INNER] slicewait=3.16 mfma=4.72 bar=3.20 rmsnorm_router=1.44 topk=0.44 total=12.96
[OPROJ_INNER] slicewait=6.24 mfma=3.80 bar=6.36 rmsnorm_router=1.44 topk=1.64 total=19.48
[OPROJ_INNER] slicewait=6.00 mfma=9.92 bar=6.76 rmsnorm_router=1.44 topk=2.00 total=26.12
[OPROJ_INNER] slicewait=3.64 mfma=6.32 bar=11.56 rmsnorm_router=1.64 topk=0.88 total=24.04
[OPROJ_INNER] slicewait=8.92 mfma=6.20 bar=7.00 rmsnorm_router=1.48 topk=2.04 total=25.64
[OPROJ_INNER] slicewait=9.80 mfma=5.76 bar=5.40 rmsnorm_router=1.48 topk=2.72 total=25.16
[OPROJ_INNER] slicewait=3.24 mfma=5.84 bar=6.20 rmsnorm_router=1.40 topk=2.44 total=19.12
[OPROJ_INNER] slicewait=9.68 mfma=2.32 bar=8.44 rmsnorm_router=1.48 topk=1.60 total=23.52
[OPROJ_INNER] slicewait=5.76 mfma=3.80 bar=5.16 rmsnorm_router=1.44 topk=1.64 total=17.80
[OPROJ_INNER] slicewait=5.96 mfma=2.92 bar=11.04 rmsnorm_router=1.44 topk=1.00 total=22.36
[OPROJ_INNER] slicewait=10.32 mfma=1.76 bar=8.32 rmsnorm_router=1.48 topk=2.80 total=24.68
[OPROJ_INNER] slicewait=4.52 mfma=3.96 bar=4.84 rmsnorm_router=1.48 topk=3.48 total=18.28
[OPROJ_INNER] slicewait=10.48 mfma=3.88 bar=5.28 rmsnorm_router=1.44 topk=2.52 total=23.60
[OPROJ_INNER] slicewait=8.12 mfma=2.12 bar=10.48 rmsnorm_router=1.48 topk=2.76 total=24.96
[OPROJ_INNER] slicewait=11.08 mfma=1.72 bar=7.84 rmsnorm_router=1.40 topk=3.28 total=25.32
[OPROJ_INNER] slicewait=1.88 mfma=13.48 bar=8.92 rmsnorm_router=1.44 topk=0.44 total=26.16
[OPROJ_INNER] slicewait=4.00 mfma=11.12 bar=9.12 rmsnorm_router=1.48 topk=2.88 total=28.60
[OPROJ_INNER] slicewait=0.64 mfma=17.00 bar=6.84 rmsnorm_router=1.44 topk=0.44 total=26.36
[OPROJ_INNER] slicewait=2.96 mfma=8.60 bar=8.12 rmsnorm_router=1.44 topk=1.16 total=22.28
[OPROJ_INNER] slicewait=2.88 mfma=12.96 bar=8.04 rmsnorm_router=1.44 topk=0.40 total=25.72
[OPROJ_INNER] slicewait=3.28 mfma=12.00 bar=8.44 rmsnorm_router=1.44 topk=2.12 total=27.28
[OPROJ_INNER] slicewait=1.68 mfma=3.80 bar=3.24 rmsnorm_router=1.48 topk=2.32 total=12.52
[OPROJ_INNER] slicewait=1.96 mfma=4.52 bar=3.48 rmsnorm_router=1.44 topk=2.88 total=14.28
[OPROJ_INNER] slicewait=2.40 mfma=14.12 bar=9.12 rmsnorm_router=1.44 topk=2.72 total=29.80
[OPROJ_INNER] slicewait=1.92 mfma=3.88 bar=3.52 rmsnorm_router=1.44 topk=2.56 total=13.32
[OPROJ_INNER] slicewait=3.88 mfma=16.52 bar=5.96 rmsnorm_router=1.48 topk=1.56 total=29.40
[OPROJ_INNER] slicewait=1.04 mfma=15.72 bar=11.16 rmsnorm_router=1.44 topk=3.04 total=32.40
[OPROJ_INNER] slicewait=3.00 mfma=4.56 bar=3.80 rmsnorm_router=1.48 topk=3.44 total=16.28
[OPROJ_INNER] slicewait=2.60 mfma=13.28 bar=10.48 rmsnorm_router=1.40 topk=3.52 total=31.28
[OPROJ_INNER] slicewait=2.40 mfma=3.88 bar=3.84 rmsnorm_router=1.44 topk=9.24 total=20.80
[OPROJ_INNER] slicewait=4.32 mfma=10.04 bar=11.12 rmsnorm_router=1.48 topk=3.64 total=30.60
[OPROJ_INNER] slicewait=3.28 mfma=10.08 bar=10.00 rmsnorm_router=1.40 topk=3.56 total=28.32
[OPROJ_INNER] slicewait=10.72 mfma=3.92 bar=6.40 rmsnorm_router=1.48 topk=3.36 total=25.88
[OPROJ_INNER] slicewait=2.80 mfma=3.80 bar=3.32 rmsnorm_router=1.48 topk=2.64 total=14.04
[OPROJ_INNER] slicewait=6.56 mfma=3.80 bar=6.48 rmsnorm_router=1.76 topk=0.84 total=19.44
[OPROJ_INNER] slicewait=3.44 mfma=6.92 bar=6.88 rmsnorm_router=1.44 topk=0.40 total=19.08
[OPROJ_INNER] slicewait=6.44 mfma=3.80 bar=6.20 rmsnorm_router=1.44 topk=1.76 total=19.64
[OPROJ_INNER] slicewait=3.28 mfma=3.80 bar=3.40 rmsnorm_router=1.44 topk=2.88 total=14.80
[OPROJ_INNER] slicewait=11.16 mfma=6.92 bar=5.00 rmsnorm_router=1.48 topk=2.52 total=27.08
[OPROJ_INNER] slicewait=2.36 mfma=3.84 bar=2.52 rmsnorm_router=1.48 topk=0.36 total=10.56
[OPROJ_INNER] slicewait=6.12 mfma=5.76 bar=3.20 rmsnorm_router=1.48 topk=1.00 total=17.56
[OPROJ_INNER] slicewait=5.36 mfma=9.00 bar=11.68 rmsnorm_router=1.48 topk=3.28 total=30.80
[OPROJ_INNER] slicewait=5.48 mfma=3.80 bar=3.36 rmsnorm_router=1.44 topk=1.76 total=15.84
[OPROJ_INNER] slicewait=4.96 mfma=7.76 bar=9.12 rmsnorm_router=1.40 topk=1.80 total=25.04
[OPROJ_INNER] slicewait=2.44 mfma=15.24 bar=7.96 rmsnorm_router=1.48 topk=2.40 total=29.52
[OPROJ_INNER] slicewait=4.24 mfma=13.24 bar=7.16 rmsnorm_router=1.44 topk=2.88 total=28.96
[OPROJ_INNER] slicewait=8.32 mfma=10.48 bar=6.56 rmsnorm_router=1.44 topk=3.64 total=30.44
[OPROJ_INNER] slicewait=10.40 mfma=3.80 bar=3.16 rmsnorm_router=1.52 topk=0.40 total=19.28
[OPROJ_INNER] slicewait=7.60 mfma=11.64 bar=8.04 rmsnorm_router=1.48 topk=0.44 total=29.20
[OPROJ_INNER] slicewait=6.44 mfma=6.88 bar=4.36 rmsnorm_router=1.48 topk=3.40 total=22.56
[OPROJ_INNER] slicewait=3.56 mfma=8.08 bar=9.28 rmsnorm_router=1.52 topk=0.40 total=22.84
[OPROJ_INNER] slicewait=6.28 mfma=7.64 bar=5.04 rmsnorm_router=1.44 topk=2.36 total=22.76
[OPROJ_INNER] slicewait=4.44 mfma=7.44 bar=9.44 rmsnorm_router=1.52 topk=1.44 total=24.28
[OPROJ_INNER] slicewait=2.32 mfma=3.76 bar=3.80 rmsnorm_router=1.44 topk=10.88 total=22.20
[OPROJ_INNER] slicewait=5.72 mfma=11.32 bar=10.48 rmsnorm_router=1.40 topk=3.04 total=31.96
[OPROJ_INNER] slicewait=8.52 mfma=8.04 bar=8.40 rmsnorm_router=1.48 topk=0.40 total=26.84
[OPROJ_INNER] slicewait=6.44 mfma=3.88 bar=7.92 rmsnorm_router=1.48 topk=0.72 total=20.44
[OPROJ_INNER] slicewait=11.60 mfma=6.56 bar=6.68 rmsnorm_router=1.48 topk=1.60 total=27.92
[OPROJ_INNER] slicewait=4.08 mfma=5.92 bar=9.64 rmsnorm_router=1.48 topk=3.40 total=24.52
[OPROJ_INNER] slicewait=11.88 mfma=5.48 bar=6.08 rmsnorm_router=1.60 topk=1.44 total=26.48
[OPROJ_INNER] slicewait=1.52 mfma=4.44 bar=3.16 rmsnorm_router=1.44 topk=1.68 total=12.24
[OPROJ_INNER] slicewait=2.28 mfma=4.64 bar=3.44 rmsnorm_router=1.44 topk=2.16 total=13.96
[OPROJ_INNER] slicewait=6.92 mfma=5.08 bar=11.16 rmsnorm_router=1.48 topk=0.72 total=25.36
[OPROJ_INNER] slicewait=3.52 mfma=3.88 bar=3.68 rmsnorm_router=1.44 topk=2.12 total=14.64
[OPROJ_INNER] slicewait=2.48 mfma=13.08 bar=9.48 rmsnorm_router=1.44 topk=2.00 total=28.48
[OPROJ_INNER] slicewait=2.08 mfma=4.00 bar=3.84 rmsnorm_router=1.40 topk=10.80 total=22.12
[OPROJ_INNER] slicewait=3.24 mfma=8.84 bar=8.08 rmsnorm_router=1.44 topk=2.68 total=24.28
[OPROJ_INNER] slicewait=8.16 mfma=3.84 bar=4.28 rmsnorm_router=1.44 topk=2.48 total=20.20
[OPROJ_INNER] slicewait=3.64 mfma=4.52 bar=3.00 rmsnorm_router=1.60 topk=0.44 total=13.20
[OPROJ_INNER] slicewait=5.40 mfma=7.16 bar=7.84 rmsnorm_router=1.44 topk=0.40 total=22.24
[OPROJ_INNER] slicewait=4.12 mfma=11.96 bar=8.04 rmsnorm_router=1.44 topk=1.32 total=26.88
[OPROJ_INNER] slicewait=15.76 mfma=3.88 bar=5.44 rmsnorm_router=1.44 topk=0.56 total=27.08
[OPROJ_INNER] slicewait=6.04 mfma=3.92 bar=8.36 rmsnorm_router=1.40 topk=0.40 total=20.12
[OPROJ_INNER] slicewait=6.56 mfma=6.44 bar=10.60 rmsnorm_router=1.48 topk=0.60 total=25.68
[OPROJ_INNER] slicewait=5.92 mfma=10.40 bar=7.88 rmsnorm_router=1.48 topk=3.32 total=29.00
[OPROJ_INNER] slicewait=2.68 mfma=4.76 bar=3.64 rmsnorm_router=1.48 topk=2.56 total=15.12
[OPROJ_INNER] slicewait=3.56 mfma=7.08 bar=6.84 rmsnorm_router=1.72 topk=1.04 total=20.24
[OPROJ_INNER] slicewait=1.60 mfma=4.40 bar=3.24 rmsnorm_router=1.48 topk=2.36 total=13.08
[OPROJ_INNER] slicewait=13.72 mfma=3.80 bar=4.60 rmsnorm_router=1.68 topk=1.24 total=25.04
[OPROJ_INNER] slicewait=4.56 mfma=7.76 bar=7.80 rmsnorm_router=1.60 topk=0.44 total=22.16
[OPROJ_INNER] slicewait=4.88 mfma=5.00 bar=3.32 rmsnorm_router=1.44 topk=1.96 total=16.60
[OPROJ_INNER] slicewait=4.44 mfma=11.36 bar=8.60 rmsnorm_router=1.40 topk=0.56 total=26.36
[OPROJ_INNER] slicewait=5.88 mfma=9.72 bar=10.20 rmsnorm_router=1.44 topk=3.60 total=30.84
[OPROJ_INNER] slicewait=7.08 mfma=9.44 bar=9.64 rmsnorm_router=1.44 topk=0.92 total=28.52
[OPROJ_INNER] slicewait=10.00 mfma=9.84 bar=5.72 rmsnorm_router=1.44 topk=2.72 total=29.72
[OPROJ_INNER] slicewait=3.84 mfma=4.08 bar=3.32 rmsnorm_router=1.44 topk=2.96 total=15.64
[OPROJ_INNER] slicewait=8.24 mfma=3.96 bar=3.48 rmsnorm_router=1.48 topk=1.08 total=18.24
[OPROJ_INNER] slicewait=1.32 mfma=13.20 bar=9.24 rmsnorm_router=1.40 topk=1.68 total=26.84
[OPROJ_INNER] slicewait=2.88 mfma=14.60 bar=5.32 rmsnorm_router=1.56 topk=0.40 total=24.76
[OPROJ_INNER] slicewait=1.88 mfma=4.28 bar=3.64 rmsnorm_router=1.40 topk=2.24 total=13.44
[OPROJ_INNER] slicewait=0.80 mfma=14.40 bar=8.12 rmsnorm_router=1.48 topk=0.44 total=25.24
[OPROJ_INNER] slicewait=4.40 mfma=9.68 bar=8.16 rmsnorm_router=1.44 topk=3.80 total=27.48
[OPROJ_INNER] slicewait=4.28 mfma=3.88 bar=3.40 rmsnorm_router=1.44 topk=2.32 total=15.32
[OPROJ_INNER] slicewait=1.32 mfma=4.16 bar=2.80 rmsnorm_router=1.56 topk=1.12 total=10.96
[OPROJ_INNER] slicewait=3.12 mfma=10.28 bar=9.40 rmsnorm_router=1.48 topk=2.88 total=27.16
[OPROJ_INNER] slicewait=6.08 mfma=3.96 bar=9.64 rmsnorm_router=1.64 topk=0.40 total=21.72
[OPROJ_INNER] slicewait=3.68 mfma=3.84 bar=3.20 rmsnorm_router=1.56 topk=0.44 total=12.72
[OPROJ_INNER] slicewait=7.72 mfma=7.00 bar=5.68 rmsnorm_router=1.40 topk=2.56 total=24.36
[OPROJ_INNER] slicewait=4.12 mfma=4.32 bar=6.72 rmsnorm_router=1.40 topk=2.64 total=19.20
[OPROJ_INNER] slicewait=3.88 mfma=3.80 bar=6.40 rmsnorm_router=1.40 topk=2.96 total=18.44
[OPROJ_INNER] slicewait=4.72 mfma=3.96 bar=8.12 rmsnorm_router=1.44 topk=3.36 total=21.60
[OPROJ_INNER] slicewait=2.60 mfma=3.92 bar=3.48 rmsnorm_router=1.44 topk=2.48 total=13.92
[OPROJ_INNER] slicewait=9.64 mfma=3.96 bar=5.20 rmsnorm_router=1.44 topk=2.20 total=22.44
[OPROJ_INNER] slicewait=4.24 mfma=5.68 bar=5.20 rmsnorm_router=1.60 topk=0.40 total=17.12
[OPROJ_INNER] slicewait=13.28 mfma=2.44 bar=6.00 rmsnorm_router=1.44 topk=0.92 total=24.08
[OPROJ_INNER] slicewait=6.44 mfma=6.32 bar=4.00 rmsnorm_router=1.48 topk=0.44 total=18.68
[OPROJ_INNER] slicewait=6.36 mfma=6.28 bar=8.32 rmsnorm_router=1.48 topk=2.28 total=24.72
[OPROJ_INNER] slicewait=2.64 mfma=3.96 bar=3.68 rmsnorm_router=1.44 topk=9.68 total=21.40
[OPROJ_INNER] slicewait=6.44 mfma=5.56 bar=9.40 rmsnorm_router=1.44 topk=2.00 total=24.84
[OPROJ_INNER] slicewait=7.56 mfma=3.44 bar=10.96 rmsnorm_router=1.44 topk=2.00 total=25.40
[OPROJ_INNER] slicewait=10.72 mfma=3.92 bar=6.32 rmsnorm_router=1.44 topk=3.64 total=26.04
[OPROJ_INNER] slicewait=4.20 mfma=7.68 bar=8.76 rmsnorm_router=1.44 topk=1.04 total=23.12
[OPROJ_INNER] slicewait=6.60 mfma=9.60 bar=9.64 rmsnorm_router=1.44 topk=1.64 total=28.92
[OPROJ_INNER] slicewait=9.32 mfma=9.92 bar=6.28 rmsnorm_router=1.44 topk=0.72 total=27.68
[OPROJ_INNER] slicewait=9.48 mfma=9.76 bar=6.40 rmsnorm_router=1.48 topk=0.48 total=27.60
[OPROJ_INNER] slicewait=4.36 mfma=12.48 bar=8.12 rmsnorm_router=1.48 topk=2.60 total=29.04
[OPROJ_INNER] slicewait=3.40 mfma=15.44 bar=7.52 rmsnorm_router=1.44 topk=3.44 total=31.24
[OPROJ_INNER] slicewait=4.28 mfma=9.96 bar=10.68 rmsnorm_router=1.44 topk=3.40 total=29.76
[OPROJ_INNER] slicewait=2.32 mfma=3.76 bar=3.64 rmsnorm_router=1.44 topk=3.56 total=14.72
[OPROJ_INNER] slicewait=2.12 mfma=12.64 bar=10.24 rmsnorm_router=1.44 topk=0.40 total=26.84
[OPROJ_INNER] slicewait=1.36 mfma=15.16 bar=9.32 rmsnorm_router=1.44 topk=0.48 total=27.76
[OPROJ_INNER] slicewait=8.52 mfma=3.88 bar=3.60 rmsnorm_router=1.44 topk=2.56 total=20.00
[OPROJ_INNER] slicewait=5.60 mfma=3.76 bar=3.16 rmsnorm_router=1.44 topk=0.84 total=14.80
[OPROJ_INNER] slicewait=2.88 mfma=12.64 bar=10.32 rmsnorm_router=1.44 topk=3.76 total=31.04
[OPROJ_INNER] slicewait=6.60 mfma=10.80 bar=7.52 rmsnorm_router=1.48 topk=1.60 total=28.00
[OPROJ_INNER] slicewait=2.48 mfma=3.84 bar=3.44 rmsnorm_router=1.48 topk=3.52 total=14.76
[OPROJ_INNER] slicewait=3.12 mfma=10.60 bar=10.80 rmsnorm_router=1.44 topk=3.44 total=29.40
[OPROJ_INNER] slicewait=4.76 mfma=3.92 bar=6.08 rmsnorm_router=1.44 topk=2.80 total=19.00
[OPROJ_INNER] slicewait=9.72 mfma=6.04 bar=6.60 rmsnorm_router=1.48 topk=0.84 total=24.68
[OPROJ_INNER] slicewait=10.60 mfma=6.16 bar=5.68 rmsnorm_router=1.44 topk=0.40 total=24.28
[OPROJ_INNER] slicewait=6.04 mfma=3.76 bar=6.40 rmsnorm_router=1.40 topk=2.56 total=20.16
[OPROJ_INNER] slicewait=5.64 mfma=4.24 bar=6.92 rmsnorm_router=1.44 topk=2.76 total=21.00
[OPROJ_INNER] slicewait=5.04 mfma=5.68 bar=8.80 rmsnorm_router=1.68 topk=1.28 total=22.48
[OPROJ_INNER] slicewait=11.32 mfma=4.24 bar=6.32 rmsnorm_router=1.56 topk=1.68 total=25.12
[OPROJ_INNER] slicewait=3.28 mfma=3.92 bar=3.36 rmsnorm_router=1.44 topk=2.88 total=14.88
[OPROJ_INNER] slicewait=11.40 mfma=5.12 bar=7.64 rmsnorm_router=1.44 topk=3.32 total=28.92
[OPROJ_INNER] slicewait=6.24 mfma=8.64 bar=8.48 rmsnorm_router=1.48 topk=0.40 total=25.24
[OPROJ_INNER] slicewait=5.20 mfma=7.16 bar=6.76 rmsnorm_router=1.80 topk=1.52 total=22.44
[OPROJ_INNER] slicewait=4.84 mfma=5.44 bar=6.24 rmsnorm_router=1.48 topk=2.48 total=20.48
[OPROJ_INNER] slicewait=7.80 mfma=5.44 bar=9.20 rmsnorm_router=1.44 topk=2.88 total=26.76
[OPROJ_INNER] slicewait=11.12 mfma=5.16 bar=5.92 rmsnorm_router=1.44 topk=0.44 total=24.08
[OPROJ_INNER] slicewait=11.68 mfma=6.68 bar=5.00 rmsnorm_router=1.44 topk=3.48 total=28.28
[OPROJ_INNER] slicewait=2.24 mfma=3.80 bar=3.64 rmsnorm_router=1.48 topk=9.36 total=20.52
[OPROJ_INNER] slicewait=5.32 mfma=8.80 bar=10.08 rmsnorm_router=1.44 topk=0.40 total=26.04
[OPROJ_INNER] slicewait=5.44 mfma=8.84 bar=8.84 rmsnorm_router=1.44 topk=1.60 total=26.16
[OPROJ_INNER] slicewait=2.08 mfma=3.84 bar=2.48 rmsnorm_router=1.48 topk=0.40 total=10.28
[OPROJ_INNER] slicewait=4.08 mfma=15.24 bar=7.64 rmsnorm_router=1.44 topk=2.68 total=31.08
[OPROJ_INNER] slicewait=8.12 mfma=3.92 bar=3.16 rmsnorm_router=1.44 topk=1.56 total=18.20
[OPROJ_INNER] slicewait=3.08 mfma=14.56 bar=9.20 rmsnorm_router=1.48 topk=3.04 total=31.36
[OPROJ_INNER] slicewait=2.52 mfma=3.76 bar=3.36 rmsnorm_router=1.44 topk=2.92 total=14.00
[OPROJ_INNER] slicewait=2.48 mfma=13.88 bar=10.48 rmsnorm_router=1.40 topk=1.64 total=29.88
[OPROJ_INNER] slicewait=4.20 mfma=7.52 bar=9.76 rmsnorm_router=1.48 topk=3.16 total=26.12
[OPROJ_INNER] slicewait=7.80 mfma=7.20 bar=8.12 rmsnorm_router=1.48 topk=3.72 total=28.32
[OPROJ_INNER] slicewait=10.00 mfma=5.20 bar=7.76 rmsnorm_router=1.48 topk=1.32 total=25.76
[OPROJ_INNER] slicewait=6.20 mfma=10.64 bar=5.72 rmsnorm_router=1.44 topk=2.92 total=26.92
[OPROJ_INNER] slicewait=2.60 mfma=3.92 bar=3.64 rmsnorm_router=1.48 topk=11.12 total=22.76
[OPROJ_INNER] slicewait=3.20 mfma=5.96 bar=5.08 rmsnorm_router=1.56 topk=0.40 total=16.20
[OPROJ_INNER] slicewait=4.76 mfma=5.00 bar=7.04 rmsnorm_router=1.40 topk=2.36 total=20.56
[OPROJ_INNER] slicewait=9.84 mfma=5.48 bar=6.80 rmsnorm_router=1.64 topk=1.36 total=25.12
[OPROJ_INNER] slicewait=9.16 mfma=3.92 bar=3.20 rmsnorm_router=1.44 topk=0.40 total=18.12
[OPROJ_INNER] slicewait=3.56 mfma=9.16 bar=7.84 rmsnorm_router=1.60 topk=0.40 total=22.56
[OPROJ_INNER] slicewait=11.20 mfma=8.76 bar=6.80 rmsnorm_router=1.48 topk=1.72 total=29.96
[OPROJ_INNER] slicewait=3.48 mfma=3.88 bar=3.56 rmsnorm_router=1.48 topk=3.80 total=16.20
[OPROJ_INNER] slicewait=5.16 mfma=9.52 bar=10.56 rmsnorm_router=1.44 topk=3.60 total=30.28
[OPROJ_INNER] slicewait=9.12 mfma=3.76 bar=4.20 rmsnorm_router=1.44 topk=2.20 total=20.72
[OPROJ_INNER] slicewait=5.84 mfma=9.88 bar=11.24 rmsnorm_router=1.48 topk=3.12 total=31.56
[OPROJ_INNER] slicewait=6.76 mfma=11.40 bar=9.48 rmsnorm_router=1.44 topk=1.60 total=30.68
[OPROJ_INNER] slicewait=11.88 mfma=8.12 bar=6.72 rmsnorm_router=1.44 topk=0.40 total=28.56
[OPROJ_INNER] slicewait=4.36 mfma=8.20 bar=8.04 rmsnorm_router=1.40 topk=1.80 total=23.80
[OPROJ_INNER] slicewait=2.40 mfma=4.28 bar=3.48 rmsnorm_router=1.44 topk=3.52 total=15.12
[OPROJ_INNER] slicewait=11.80 mfma=4.60 bar=5.12 rmsnorm_router=1.40 topk=2.00 total=24.92
[OPROJ_INNER] slicewait=4.32 mfma=9.60 bar=8.08 rmsnorm_router=1.40 topk=0.80 total=24.20
[OPROJ_INNER] slicewait=4.16 mfma=11.80 bar=8.00 rmsnorm_router=1.52 topk=0.44 total=25.92
[OPROJ_INNER] slicewait=2.84 mfma=3.92 bar=2.56 rmsnorm_router=1.72 topk=1.08 total=12.12
[OPROJ_INNER] slicewait=4.32 mfma=15.08 bar=7.48 rmsnorm_router=1.44 topk=2.08 total=30.40
[OPROJ_INNER] slicewait=3.76 mfma=3.88 bar=10.36 rmsnorm_router=1.40 topk=1.36 total=20.76
[OPROJ_INNER] slicewait=3.68 mfma=3.84 bar=9.92 rmsnorm_router=1.44 topk=1.24 total=20.12
[OPROJ_INNER] slicewait=4.80 mfma=3.84 bar=8.48 rmsnorm_router=1.44 topk=1.80 total=20.36
[OPROJ_INNER] slicewait=3.68 mfma=3.88 bar=6.20 rmsnorm_router=1.48 topk=3.72 total=18.96
[OPROJ_INNER] slicewait=6.88 mfma=5.40 bar=5.84 rmsnorm_router=1.52 topk=0.44 total=20.08
[OPROJ_INNER] slicewait=3.36 mfma=3.88 bar=3.16 rmsnorm_router=1.56 topk=1.08 total=13.04
[OPROJ_INNER] slicewait=6.60 mfma=6.08 bar=5.56 rmsnorm_router=1.44 topk=2.36 total=22.04
[OPROJ_INNER] slicewait=5.48 mfma=6.40 bar=7.36 rmsnorm_router=1.44 topk=3.96 total=24.64
[OPROJ_INNER] slicewait=2.80 mfma=13.88 bar=8.56 rmsnorm_router=1.40 topk=1.16 total=27.80
[OPROJ_INNER] slicewait=4.92 mfma=10.44 bar=8.44 rmsnorm_router=1.44 topk=0.60 total=25.84
[OPROJ_INNER] slicewait=0.96 mfma=18.52 bar=6.08 rmsnorm_router=1.40 topk=0.40 total=27.36
[OPROJ_INNER] slicewait=6.80 mfma=3.80 bar=9.04 rmsnorm_router=1.48 topk=3.68 total=24.80
[OPROJ_INNER] slicewait=3.56 mfma=11.36 bar=9.36 rmsnorm_router=1.44 topk=3.16 total=28.88
[OPROJ_INNER] slicewait=2.64 mfma=10.12 bar=12.68 rmsnorm_router=1.44 topk=2.36 total=29.24
[OPROJ_INNER] slicewait=4.36 mfma=4.56 bar=3.12 rmsnorm_router=1.48 topk=1.72 total=15.24
[OPROJ_INNER] slicewait=0.88 mfma=4.04 bar=3.60 rmsnorm_router=1.44 topk=9.92 total=19.88
[OPROJ_INNER] slicewait=3.04 mfma=10.04 bar=9.12 rmsnorm_router=1.48 topk=2.88 total=26.56
[OPROJ_INNER] slicewait=7.88 mfma=9.04 bar=5.92 rmsnorm_router=1.40 topk=3.04 total=27.28
[OPROJ_INNER] slicewait=4.40 mfma=9.20 bar=7.84 rmsnorm_router=1.44 topk=0.84 total=23.72
[OPROJ_INNER] slicewait=5.88 mfma=5.48 bar=4.36 rmsnorm_router=1.48 topk=3.72 total=20.92
[OPROJ_INNER] slicewait=1.80 mfma=4.44 bar=3.64 rmsnorm_router=1.48 topk=3.12 total=14.48
[OPROJ_INNER] slicewait=4.48 mfma=8.92 bar=8.20 rmsnorm_router=1.44 topk=3.76 total=26.80
[OPROJ_INNER] slicewait=4.48 mfma=9.52 bar=8.04 rmsnorm_router=1.44 topk=3.40 total=26.88
[OPROJ_INNER] slicewait=1.76 mfma=3.92 bar=3.72 rmsnorm_router=1.44 topk=9.64 total=20.48
[OPROJ_INNER] slicewait=2.88 mfma=8.00 bar=10.88 rmsnorm_router=1.48 topk=0.72 total=23.96
[OPROJ_INNER] slicewait=2.88 mfma=8.52 bar=10.32 rmsnorm_router=1.44 topk=0.56 total=23.72
[OPROJ_INNER] slicewait=1.84 mfma=12.20 bar=8.40 rmsnorm_router=1.44 topk=2.08 total=25.96
[OPROJ_INNER] slicewait=4.40 mfma=9.64 bar=7.24 rmsnorm_router=1.60 topk=0.40 total=23.28
[OPROJ_INNER] slicewait=3.00 mfma=8.84 bar=9.64 rmsnorm_router=1.44 topk=2.00 total=24.92
[OPROJ_INNER] slicewait=2.36 mfma=4.36 bar=3.28 rmsnorm_router=1.44 topk=2.76 total=14.20
[OPROJ_INNER] slicewait=2.32 mfma=3.80 bar=2.68 rmsnorm_router=1.76 topk=1.92 total=12.48
[OPROJ_INNER] slicewait=1.72 mfma=10.20 bar=10.96 rmsnorm_router=1.44 topk=3.56 total=27.88
[OPROJ_INNER] slicewait=5.72 mfma=8.72 bar=8.56 rmsnorm_router=1.44 topk=2.52 total=26.96
[OPROJ_INNER] slicewait=3.12 mfma=11.48 bar=10.44 rmsnorm_router=1.44 topk=3.00 total=29.48
[OPROJ_INNER] slicewait=9.76 mfma=7.52 bar=5.48 rmsnorm_router=1.60 topk=0.40 total=24.76
[OPROJ_INNER] slicewait=2.32 mfma=3.80 bar=3.16 rmsnorm_router=1.44 topk=1.04 total=11.76
[OPROJ_INNER] slicewait=3.32 mfma=10.72 bar=10.56 rmsnorm_router=1.40 topk=1.52 total=27.52
[OPROJ_INNER] slicewait=1.64 mfma=4.40 bar=3.36 rmsnorm_router=1.44 topk=2.60 total=13.44
[OPROJ_INNER] slicewait=3.32 mfma=3.96 bar=3.40 rmsnorm_router=1.44 topk=2.72 total=14.84
[OPROJ_INNER] slicewait=6.76 mfma=3.80 bar=8.24 rmsnorm_router=1.44 topk=2.80 total=23.04
[OPROJ_INNER] slicewait=2.68 mfma=4.64 bar=3.08 rmsnorm_router=1.44 topk=1.00 total=12.84
[OPROJ_INNER] slicewait=2.68 mfma=9.80 bar=10.52 rmsnorm_router=1.44 topk=3.56 total=28.00
[OPROJ_INNER] slicewait=1.60 mfma=4.40 bar=3.60 rmsnorm_router=1.48 topk=3.44 total=14.52
[OPROJ_INNER] slicewait=7.32 mfma=3.92 bar=5.28 rmsnorm_router=1.68 topk=1.04 total=19.24
[OPROJ_INNER] slicewait=3.36 mfma=6.88 bar=10.72 rmsnorm_router=1.44 topk=3.48 total=25.88
[OPROJ_INNER] slicewait=7.12 mfma=3.92 bar=5.32 rmsnorm_router=1.80 topk=1.16 total=19.32
[OPROJ_INNER] slicewait=11.36 mfma=3.92 bar=5.20 rmsnorm_router=1.40 topk=1.56 total=23.44
[OPROJ_INNER] slicewait=7.52 mfma=7.28 bar=7.08 rmsnorm_router=1.36 topk=2.08 total=25.32
[OPROJ_INNER] slicewait=4.64 mfma=12.48 bar=8.04 rmsnorm_router=1.40 topk=2.44 total=29.00
[OPROJ_INNER] slicewait=8.04 mfma=11.80 bar=6.88 rmsnorm_router=1.44 topk=3.72 total=31.88
[OPROJ_INNER] slicewait=6.08 mfma=12.36 bar=6.96 rmsnorm_router=1.48 topk=1.96 total=28.84
[OPROJ_INNER] slicewait=3.84 mfma=12.44 bar=8.72 rmsnorm_router=1.60 topk=0.92 total=27.52
[OPROJ_INNER] slicewait=5.16 mfma=14.32 bar=6.76 rmsnorm_router=1.44 topk=2.32 total=30.00
[OPROJ_INNER] slicewait=2.16 mfma=16.72 bar=8.12 rmsnorm_router=1.44 topk=2.84 total=31.28
[OPROJ_INNER] slicewait=1.76 mfma=4.08 bar=3.60 rmsnorm_router=1.44 topk=9.88 total=20.76
[OPROJ_INNER] slicewait=3.56 mfma=12.32 bar=10.36 rmsnorm_router=1.48 topk=2.60 total=30.32
[OPROJ_INNER] slicewait=7.36 mfma=3.84 bar=5.08 rmsnorm_router=1.48 topk=3.24 total=21.00
[OPROJ_INNER] slicewait=8.12 mfma=2.28 bar=7.96 rmsnorm_router=1.48 topk=0.40 total=20.24
[OPROJ_INNER] slicewait=3.80 mfma=3.80 bar=5.64 rmsnorm_router=1.48 topk=2.28 total=17.00
[OPROJ_INNER] slicewait=8.36 mfma=3.88 bar=4.88 rmsnorm_router=1.48 topk=3.76 total=22.36
[OPROJ_INNER] slicewait=4.04 mfma=3.96 bar=7.52 rmsnorm_router=1.44 topk=0.64 total=17.60
[OPROJ_INNER] slicewait=8.04 mfma=3.76 bar=6.04 rmsnorm_router=1.48 topk=2.72 total=22.04
[OPROJ_INNER] slicewait=3.20 mfma=4.04 bar=11.16 rmsnorm_router=1.44 topk=3.72 total=23.56
[OPROJ_INNER] slicewait=3.88 mfma=3.80 bar=9.60 rmsnorm_router=1.40 topk=2.08 total=20.76
[OPROJ_INNER] slicewait=3.16 mfma=3.96 bar=3.20 rmsnorm_router=1.36 topk=0.52 total=12.20
[OPROJ_INNER] slicewait=8.40 mfma=4.24 bar=4.48 rmsnorm_router=1.60 topk=0.40 total=19.12
[OPROJ_INNER] slicewait=5.24 mfma=3.76 bar=6.44 rmsnorm_router=1.44 topk=0.68 total=17.56
[OPROJ_INNER] slicewait=3.92 mfma=3.76 bar=10.88 rmsnorm_router=1.44 topk=2.80 total=22.80
[OPROJ_INNER] slicewait=7.92 mfma=4.32 bar=5.44 rmsnorm_router=1.44 topk=2.48 total=21.60
[OPROJ_INNER] slicewait=8.32 mfma=3.80 bar=5.60 rmsnorm_router=1.64 topk=1.44 total=20.80
[OPROJ_INNER] slicewait=4.04 mfma=5.04 bar=8.44 rmsnorm_router=1.44 topk=2.96 total=21.92
[OPROJ_INNER] slicewait=3.00 mfma=5.52 bar=4.52 rmsnorm_router=1.44 topk=2.12 total=16.60
[OPROJ_INNER] slicewait=10.76 mfma=2.40 bar=6.00 rmsnorm_router=1.44 topk=0.44 total=21.04
[OPROJ_INNER] slicewait=7.52 mfma=4.16 bar=8.24 rmsnorm_router=1.40 topk=1.60 total=22.92
[OPROJ_INNER] slicewait=5.52 mfma=3.80 bar=5.76 rmsnorm_router=1.40 topk=0.40 total=16.88
[OPROJ_INNER] slicewait=6.28 mfma=4.92 bar=9.44 rmsnorm_router=1.44 topk=2.56 total=24.64
[OPROJ_INNER] slicewait=4.52 mfma=4.00 bar=4.04 rmsnorm_router=1.60 topk=0.72 total=14.88
[OPROJ_INNER] slicewait=4.84 mfma=4.20 bar=5.08 rmsnorm_router=1.44 topk=3.80 total=19.36
[OPROJ_INNER] slicewait=9.12 mfma=3.88 bar=6.60 rmsnorm_router=1.44 topk=3.56 total=24.60
[OPROJ_INNER] slicewait=8.44 mfma=4.48 bar=6.16 rmsnorm_router=1.44 topk=2.00 total=22.52
[OPROJ_INNER] slicewait=7.52 mfma=11.44 bar=10.36 rmsnorm_router=1.40 topk=0.40 total=31.12
[OPROJ_INNER] slicewait=11.24 mfma=11.68 bar=5.48 rmsnorm_router=1.44 topk=0.40 total=30.24
[OPROJ_INNER] slicewait=9.84 mfma=11.44 bar=7.72 rmsnorm_router=1.44 topk=1.64 total=32.08
[OPROJ_INNER] slicewait=4.72 mfma=7.56 bar=10.56 rmsnorm_router=1.48 topk=2.76 total=27.08
[OPROJ_INNER] slicewait=18.04 mfma=2.64 bar=7.60 rmsnorm_router=1.52 topk=1.08 total=30.88
[OPROJ_INNER] slicewait=4.08 mfma=7.24 bar=9.96 rmsnorm_router=1.72 topk=0.52 total=23.52
[OPROJ_INNER] slicewait=1.32 mfma=3.76 bar=3.68 rmsnorm_router=1.44 topk=3.64 total=13.84
[OPROJ_INNER] slicewait=7.72 mfma=11.68 bar=10.48 rmsnorm_router=1.40 topk=3.56 total=34.84
[OPROJ_INNER] slicewait=1.60 mfma=4.32 bar=3.56 rmsnorm_router=1.48 topk=3.04 total=14.00
[OPROJ_INNER] slicewait=9.00 mfma=10.20 bar=6.28 rmsnorm_router=1.44 topk=2.60 total=29.52
[OPROJ_INNER] slicewait=2.92 mfma=6.76 bar=9.96 rmsnorm_router=1.48 topk=3.32 total=24.44
[OPROJ_INNER] slicewait=4.84 mfma=8.60 bar=10.84 rmsnorm_router=1.48 topk=0.40 total=26.16
[OPROJ_INNER] slicewait=2.28 mfma=13.32 bar=9.24 rmsnorm_router=1.52 topk=0.44 total=26.80
[OPROJ_INNER] slicewait=13.16 mfma=3.80 bar=8.52 rmsnorm_router=1.44 topk=3.92 total=30.84
[OPROJ_INNER] slicewait=5.40 mfma=7.76 bar=8.12 rmsnorm_router=1.36 topk=2.44 total=25.08
[OPROJ_INNER] slicewait=2.04 mfma=4.44 bar=3.40 rmsnorm_router=1.48 topk=2.60 total=13.96
[OPROJ_INNER] slicewait=4.12 mfma=11.84 bar=7.88 rmsnorm_router=1.44 topk=2.60 total=27.88
[OPROJ_INNER] slicewait=5.36 mfma=9.32 bar=10.44 rmsnorm_router=1.44 topk=1.32 total=27.88
[OPROJ_INNER] slicewait=3.40 mfma=6.76 bar=9.40 rmsnorm_router=1.44 topk=0.40 total=21.40
[OPROJ_INNER] slicewait=9.28 mfma=9.48 bar=6.28 rmsnorm_router=1.44 topk=0.72 total=27.20
[OPROJ_INNER] slicewait=2.48 mfma=3.76 bar=3.32 rmsnorm_router=1.44 topk=2.92 total=13.92
[OPROJ_INNER] slicewait=3.92 mfma=13.92 bar=6.84 rmsnorm_router=1.52 topk=0.76 total=26.96
[OPROJ_INNER] slicewait=6.88 mfma=3.76 bar=8.44 rmsnorm_router=1.44 topk=2.04 total=22.56
[OPROJ_INNER] slicewait=5.52 mfma=3.88 bar=3.24 rmsnorm_router=1.44 topk=2.36 total=16.44
[OPROJ_INNER] slicewait=8.24 mfma=6.28 bar=5.68 rmsnorm_router=1.44 topk=0.76 total=22.40
[OPROJ_INNER] slicewait=3.92 mfma=7.28 bar=8.12 rmsnorm_router=1.44 topk=3.40 total=24.16
[OPROJ_INNER] slicewait=2.40 mfma=3.92 bar=2.72 rmsnorm_router=1.40 topk=0.60 total=11.04
[OPROJ_INNER] slicewait=6.20 mfma=5.92 bar=8.72 rmsnorm_router=1.44 topk=2.92 total=25.20
[OPROJ_INNER] slicewait=5.88 mfma=11.00 bar=8.52 rmsnorm_router=1.44 topk=2.48 total=29.32
[OPROJ_INNER] slicewait=3.52 mfma=3.84 bar=2.88 rmsnorm_router=1.60 topk=2.04 total=13.88
[OPROJ_INNER] slicewait=6.40 mfma=11.32 bar=8.12 rmsnorm_router=1.48 topk=3.68 total=31.00
[OPROJ_INNER] slicewait=3.12 mfma=3.80 bar=3.44 rmsnorm_router=1.44 topk=3.24 total=15.04
[OPROJ_INNER] slicewait=6.56 mfma=7.12 bar=3.24 rmsnorm_router=1.44 topk=0.44 total=18.80
[OPROJ_INNER] slicewait=3.80 mfma=11.36 bar=10.64 rmsnorm_router=1.44 topk=1.80 total=29.04
[OPROJ_INNER] slicewait=2.56 mfma=13.88 bar=10.32 rmsnorm_router=1.44 topk=1.80 total=30.00
[OPROJ_INNER] slicewait=1.88 mfma=4.24 bar=3.08 rmsnorm_router=1.48 topk=1.84 total=12.52
[OPROJ_INNER] slicewait=2.08 mfma=3.76 bar=3.64 rmsnorm_router=1.40 topk=10.92 total=21.80
[OPROJ_INNER] slicewait=6.04 mfma=5.88 bar=9.12 rmsnorm_router=1.40 topk=3.76 total=26.20
[OPROJ_INNER] slicewait=9.32 mfma=3.96 bar=4.32 rmsnorm_router=1.44 topk=2.68 total=21.72
[OPROJ_INNER] slicewait=3.68 mfma=14.88 bar=7.48 rmsnorm_router=1.44 topk=2.08 total=29.56
[OPROJ_INNER] slicewait=2.52 mfma=13.40 bar=9.20 rmsnorm_router=1.40 topk=0.80 total=27.32
[OPROJ_INNER] slicewait=0.80 mfma=15.88 bar=9.44 rmsnorm_router=1.44 topk=2.40 total=29.96
[OPROJ_INNER] slicewait=2.48 mfma=13.44 bar=9.96 rmsnorm_router=1.44 topk=3.64 total=30.96
[OPROJ_INNER] slicewait=2.44 mfma=3.84 bar=3.52 rmsnorm_router=1.44 topk=2.84 total=14.08
[OPROJ_INNER] slicewait=6.20 mfma=9.64 bar=9.08 rmsnorm_router=1.44 topk=3.80 total=30.16
[OPROJ_INNER] slicewait=7.12 mfma=3.76 bar=8.00 rmsnorm_router=1.48 topk=1.36 total=21.72
[OPROJ_INNER] slicewait=2.48 mfma=3.84 bar=2.56 rmsnorm_router=1.68 topk=0.72 total=11.28
[OPROJ_INNER] slicewait=3.36 mfma=15.36 bar=6.84 rmsnorm_router=1.44 topk=3.48 total=30.48
[OPROJ_INNER] slicewait=8.20 mfma=9.08 bar=6.92 rmsnorm_router=1.44 topk=2.60 total=28.24
[OPROJ_INNER] slicewait=4.44 mfma=8.12 bar=7.96 rmsnorm_router=1.48 topk=2.76 total=24.76
[OPROJ_INNER] slicewait=4.08 mfma=8.28 bar=9.36 rmsnorm_router=1.44 topk=1.04 total=24.20
[OPROJ_INNER] slicewait=1.80 mfma=4.40 bar=3.60 rmsnorm_router=1.44 topk=2.88 total=14.12
[OPROJ_INNER] slicewait=1.52 mfma=4.32 bar=2.56 rmsnorm_router=1.84 topk=1.56 total=11.80
[OPROJ_INNER] slicewait=3.08 mfma=9.88 bar=9.24 rmsnorm_router=1.64 topk=1.08 total=24.92
[OPROJ_INNER] slicewait=5.92 mfma=6.72 bar=7.20 rmsnorm_router=1.44 topk=3.52 total=24.80
[OPROJ_INNER] slicewait=11.80 mfma=3.80 bar=6.12 rmsnorm_router=1.44 topk=2.52 total=25.68
[OPROJ_INNER] slicewait=5.28 mfma=10.20 bar=8.72 rmsnorm_router=1.48 topk=0.40 total=26.08
[OPROJ_INNER] slicewait=11.88 mfma=11.20 bar=5.92 rmsnorm_router=1.44 topk=2.24 total=32.68
[OPROJ_INNER] slicewait=5.16 mfma=10.36 bar=10.00 rmsnorm_router=1.44 topk=3.76 total=30.72
[OPROJ_INNER] slicewait=4.80 mfma=10.36 bar=8.28 rmsnorm_router=1.40 topk=1.76 total=26.60
[OPROJ_INNER] slicewait=2.84 mfma=3.84 bar=3.32 rmsnorm_router=1.48 topk=3.00 total=14.48
[OPROJ_INNER] slicewait=9.52 mfma=11.92 bar=7.20 rmsnorm_router=1.48 topk=0.52 total=30.64
[OPROJ_INNER] slicewait=4.48 mfma=14.96 bar=7.96 rmsnorm_router=1.44 topk=1.96 total=30.80
[OPROJ_INNER] slicewait=9.12 mfma=11.16 bar=7.20 rmsnorm_router=1.48 topk=2.84 total=31.80
[OPROJ_INNER] slicewait=2.72 mfma=10.44 bar=8.60 rmsnorm_router=1.44 topk=0.48 total=23.68
[OPROJ_INNER] slicewait=4.80 mfma=8.24 bar=5.04 rmsnorm_router=1.48 topk=1.24 total=20.80
[OPROJ_INNER] slicewait=3.48 mfma=6.44 bar=7.92 rmsnorm_router=1.40 topk=1.88 total=21.12
[OPROJ_INNER] slicewait=9.88 mfma=6.92 bar=4.80 rmsnorm_router=1.44 topk=0.56 total=23.60
[OPROJ_INNER] slicewait=1.92 mfma=3.84 bar=3.36 rmsnorm_router=1.44 topk=2.08 total=12.64
[OPROJ_INNER] slicewait=3.44 mfma=9.72 bar=9.44 rmsnorm_router=1.48 topk=3.20 total=27.28
[OPROJ_INNER] slicewait=3.80 mfma=5.32 bar=12.40 rmsnorm_router=1.48 topk=1.48 total=24.48
[OPROJ_INNER] slicewait=5.52 mfma=3.96 bar=3.48 rmsnorm_router=1.48 topk=1.76 total=16.20
[OPROJ_INNER] slicewait=2.52 mfma=17.20 bar=8.72 rmsnorm_router=1.40 topk=0.76 total=30.60
[OPROJ_INNER] slicewait=8.60 mfma=3.92 bar=3.68 rmsnorm_router=1.48 topk=2.92 total=20.60
[OPROJ_INNER] slicewait=6.00 mfma=9.28 bar=9.48 rmsnorm_router=1.44 topk=2.56 total=28.76
[OPROJ_INNER] slicewait=2.24 mfma=3.80 bar=2.36 rmsnorm_router=1.52 topk=0.40 total=10.32
[OPROJ_INNER] slicewait=9.48 mfma=12.16 bar=6.56 rmsnorm_router=1.44 topk=3.40 total=33.04
[OPROJ_INNER] slicewait=3.04 mfma=3.84 bar=3.40 rmsnorm_router=1.40 topk=2.96 total=14.64
[OPROJ_INNER] slicewait=3.88 mfma=15.92 bar=7.08 rmsnorm_router=1.48 topk=1.24 total=29.60
[OPROJ_INNER] slicewait=6.24 mfma=9.92 bar=7.92 rmsnorm_router=1.44 topk=1.24 total=26.76
[OPROJ_INNER] slicewait=6.80 mfma=4.36 bar=7.24 rmsnorm_router=1.44 topk=0.40 total=20.24
[OPROJ_INNER] slicewait=6.44 mfma=3.84 bar=4.88 rmsnorm_router=1.48 topk=0.76 total=17.40
[OPROJ_INNER] slicewait=1.80 mfma=3.92 bar=3.20 rmsnorm_router=1.44 topk=1.00 total=11.36
[OPROJ_INNER] slicewait=3.88 mfma=4.28 bar=9.28 rmsnorm_router=1.44 topk=1.60 total=20.48
[OPROJ_INNER] slicewait=3.36 mfma=4.96 bar=5.36 rmsnorm_router=1.44 topk=2.80 total=17.92
[OPROJ_INNER] slicewait=3.16 mfma=4.80 bar=5.16 rmsnorm_router=1.44 topk=2.80 total=17.36
[OPROJ_INNER] slicewait=8.60 mfma=3.92 bar=5.80 rmsnorm_router=1.48 topk=3.48 total=23.28
[OPROJ_INNER] slicewait=5.28 mfma=6.32 bar=7.88 rmsnorm_router=1.48 topk=3.64 total=24.60
[OPROJ_INNER] slicewait=10.68 mfma=3.84 bar=4.16 rmsnorm_router=1.40 topk=0.44 total=20.52
[OPROJ_INNER] slicewait=5.72 mfma=5.92 bar=10.20 rmsnorm_router=1.44 topk=2.68 total=25.96
[OPROJ_INNER] slicewait=3.20 mfma=10.56 bar=9.64 rmsnorm_router=1.48 topk=1.20 total=26.08
[OPROJ_INNER] slicewait=2.40 mfma=3.96 bar=2.40 rmsnorm_router=1.60 topk=0.40 total=10.76
[OPROJ_INNER] slicewait=2.52 mfma=3.76 bar=3.28 rmsnorm_router=1.44 topk=1.88 total=12.88
[OPROJ_INNER] slicewait=3.84 mfma=10.16 bar=10.68 rmsnorm_router=1.44 topk=3.48 total=29.60
[OPROJ_INNER] slicewait=9.04 mfma=11.04 bar=6.56 rmsnorm_router=1.48 topk=3.52 total=31.64
[OPROJ_INNER] slicewait=3.48 mfma=12.64 bar=9.00 rmsnorm_router=1.44 topk=2.44 total=29.00
[OPROJ_INNER] slicewait=4.44 mfma=3.92 bar=9.28 rmsnorm_router=1.44 topk=2.36 total=21.44
[OPROJ_INNER] slicewait=2.88 mfma=5.52 bar=5.12 rmsnorm_router=1.44 topk=1.80 total=16.76
[OPROJ_INNER] slicewait=5.52 mfma=5.80 bar=6.80 rmsnorm_router=1.48 topk=1.96 total=21.56
[OPROJ_INNER] slicewait=5.96 mfma=6.44 bar=4.76 rmsnorm_router=1.80 topk=1.60 total=20.56
[OPROJ_INNER] slicewait=6.08 mfma=6.52 bar=5.96 rmsnorm_router=1.48 topk=2.44 total=22.48
[OPROJ_INNER] slicewait=4.44 mfma=4.92 bar=9.16 rmsnorm_router=1.60 topk=1.60 total=21.72
[OPROJ_INNER] slicewait=3.12 mfma=5.16 bar=8.88 rmsnorm_router=1.64 topk=0.40 total=19.20
[OPROJ_INNER] slicewait=2.64 mfma=7.20 bar=9.68 rmsnorm_router=1.44 topk=3.80 total=24.76
[OPROJ_INNER] slicewait=10.52 mfma=2.68 bar=5.92 rmsnorm_router=1.44 topk=0.40 total=20.96
[OPROJ_INNER] slicewait=4.76 mfma=3.20 bar=11.36 rmsnorm_router=1.44 topk=1.12 total=21.88
[OPROJ_INNER] slicewait=4.96 mfma=3.84 bar=5.64 rmsnorm_router=1.48 topk=0.64 total=16.56
[OPROJ_INNER] slicewait=4.92 mfma=3.80 bar=5.04 rmsnorm_router=1.48 topk=3.12 total=18.36
[OPROJ_INNER] slicewait=4.92 mfma=3.96 bar=5.24 rmsnorm_router=1.40 topk=3.40 total=18.92
[OPROJ_INNER] slicewait=10.12 mfma=3.56 bar=5.64 rmsnorm_router=1.40 topk=1.80 total=22.52
[OPROJ_INNER] slicewait=8.48 mfma=3.76 bar=6.00 rmsnorm_router=1.44 topk=1.28 total=20.96
[OPROJ_INNER] slicewait=6.76 mfma=3.88 bar=4.28 rmsnorm_router=1.44 topk=2.92 total=19.28
[OPROJ_INNER] slicewait=7.60 mfma=14.20 bar=5.76 rmsnorm_router=1.40 topk=0.44 total=29.40
[OPROJ_INNER] slicewait=1.72 mfma=17.24 bar=10.52 rmsnorm_router=1.44 topk=0.80 total=31.72
[OPROJ_INNER] slicewait=1.92 mfma=18.36 bar=9.68 rmsnorm_router=1.44 topk=2.56 total=33.96
[OPROJ_INNER] slicewait=3.04 mfma=3.84 bar=3.40 rmsnorm_router=1.44 topk=3.12 total=14.84
[OPROJ_INNER] slicewait=2.36 mfma=20.24 bar=7.52 rmsnorm_router=1.44 topk=3.52 total=35.08
[OPROJ_INNER] slicewait=10.40 mfma=3.84 bar=4.00 rmsnorm_router=1.48 topk=0.44 total=20.16
[OPROJ_INNER] slicewait=2.56 mfma=18.24 bar=8.96 rmsnorm_router=1.44 topk=3.24 total=34.44
[OPROJ_INNER] slicewait=3.68 mfma=11.40 bar=9.40 rmsnorm_router=1.60 topk=1.48 total=27.56
[OPROJ_INNER] slicewait=3.56 mfma=5.44 bar=4.24 rmsnorm_router=1.44 topk=3.00 total=17.68
[OPROJ_INNER] slicewait=3.00 mfma=5.88 bar=5.52 rmsnorm_router=1.52 topk=0.40 total=16.32
[OPROJ_INNER] slicewait=6.00 mfma=3.88 bar=10.28 rmsnorm_router=1.44 topk=1.36 total=22.96
[OPROJ_INNER] slicewait=6.28 mfma=6.72 bar=7.00 rmsnorm_router=1.40 topk=0.40 total=21.80
[OPROJ_INNER] slicewait=8.92 mfma=3.96 bar=6.92 rmsnorm_router=1.44 topk=3.68 total=24.92
[OPROJ_INNER] slicewait=3.68 mfma=5.08 bar=9.12 rmsnorm_router=1.40 topk=2.24 total=21.52
[OPROJ_INNER] slicewait=3.08 mfma=5.72 bar=5.00 rmsnorm_router=1.44 topk=3.08 total=18.32
[OPROJ_INNER] slicewait=8.12 mfma=5.28 bar=5.36 rmsnorm_router=1.44 topk=1.88 total=22.08
[OPROJ_INNER] slicewait=6.72 mfma=11.44 bar=5.20 rmsnorm_router=1.48 topk=0.68 total=25.52
[OPROJ_INNER] slicewait=3.08 mfma=9.04 bar=7.92 rmsnorm_router=1.44 topk=1.16 total=22.64
[OPROJ_INNER] slicewait=2.56 mfma=12.32 bar=9.20 rmsnorm_router=1.44 topk=2.84 total=28.36
[OPROJ_INNER] slicewait=10.88 mfma=5.24 bar=5.84 rmsnorm_router=1.48 topk=0.60 total=24.04
[OPROJ_INNER] slicewait=3.24 mfma=7.24 bar=6.32 rmsnorm_router=1.44 topk=1.80 total=20.04
[OPROJ_INNER] slicewait=2.64 mfma=3.92 bar=3.68 rmsnorm_router=1.40 topk=3.88 total=15.52
[OPROJ_INNER] slicewait=2.96 mfma=6.88 bar=8.20 rmsnorm_router=1.40 topk=3.68 total=23.12
[OPROJ_INNER] slicewait=8.92 mfma=7.88 bar=5.08 rmsnorm_router=1.68 topk=1.80 total=25.36
[OPROJ_INNER] slicewait=2.08 mfma=14.28 bar=8.08 rmsnorm_router=1.48 topk=1.60 total=27.52
[OPROJ_INNER] slicewait=3.72 mfma=9.88 bar=8.00 rmsnorm_router=1.44 topk=1.56 total=24.60
[OPROJ_INNER] slicewait=10.12 mfma=6.96 bar=6.84 rmsnorm_router=1.44 topk=3.12 total=28.48
[OPROJ_INNER] slicewait=3.72 mfma=4.76 bar=3.32 rmsnorm_router=1.44 topk=1.68 total=14.92
[OPROJ_INNER] slicewait=2.36 mfma=4.64 bar=3.84 rmsnorm_router=1.44 topk=3.72 total=16.00
[OPROJ_INNER] slicewait=4.44 mfma=7.88 bar=11.24 rmsnorm_router=1.44 topk=3.64 total=28.64
[OPROJ_INNER] slicewait=3.44 mfma=10.80 bar=9.52 rmsnorm_router=1.44 topk=1.00 total=26.20
[OPROJ_INNER] slicewait=9.16 mfma=8.00 bar=5.92 rmsnorm_router=1.52 topk=1.64 total=26.24
[OPROJ_INNER] slicewait=2.28 mfma=16.32 bar=8.72 rmsnorm_router=1.44 topk=0.40 total=29.16
[OPROJ_INNER] slicewait=2.48 mfma=18.72 bar=7.04 rmsnorm_router=1.44 topk=3.08 total=32.76
[OPROJ_INNER] slicewait=0.88 mfma=17.12 bar=9.72 rmsnorm_router=1.52 topk=0.52 total=29.76
[OPROJ_INNER] slicewait=2.80 mfma=8.52 bar=10.80 rmsnorm_router=1.44 topk=3.24 total=26.80
[OPROJ_INNER] slicewait=2.24 mfma=18.72 bar=7.04 rmsnorm_router=1.44 topk=2.20 total=31.64
[OPROJ_INNER] slicewait=5.52 mfma=14.28 bar=7.00 rmsnorm_router=1.48 topk=2.44 total=30.72
[OPROJ_INNER] slicewait=2.64 mfma=8.96 bar=8.12 rmsnorm_router=1.84 topk=1.52 total=23.08
[OPROJ_INNER] slicewait=2.88 mfma=3.92 bar=3.80 rmsnorm_router=1.40 topk=3.60 total=15.60
[OPROJ_INNER] slicewait=10.08 mfma=3.80 bar=3.28 rmsnorm_router=1.44 topk=0.44 total=19.04
[OPROJ_INNER] slicewait=2.40 mfma=3.80 bar=3.12 rmsnorm_router=1.44 topk=1.28 total=12.04
[OPROJ_INNER] slicewait=2.84 mfma=3.80 bar=3.76 rmsnorm_router=1.40 topk=3.68 total=15.48
[OPROJ_INNER] slicewait=12.36 mfma=11.04 bar=6.00 rmsnorm_router=1.64 topk=1.28 total=32.32
[OPROJ_INNER] slicewait=6.24 mfma=14.92 bar=7.92 rmsnorm_router=1.44 topk=0.72 total=31.24
[OPROJ_INNER] slicewait=4.68 mfma=9.64 bar=9.20 rmsnorm_router=1.44 topk=1.84 total=26.80
[OPROJ_INNER] slicewait=4.08 mfma=15.28 bar=8.28 rmsnorm_router=1.44 topk=1.92 total=31.00
[OPROJ_INNER] slicewait=3.96 mfma=8.20 bar=10.52 rmsnorm_router=1.44 topk=3.36 total=27.48
[OPROJ_INNER] slicewait=9.00 mfma=11.28 bar=6.36 rmsnorm_router=1.44 topk=0.44 total=28.52
[OPROJ_INNER] slicewait=4.84 mfma=7.20 bar=10.60 rmsnorm_router=1.48 topk=1.08 total=25.20
[OPROJ_INNER] slicewait=3.72 mfma=9.76 bar=10.68 rmsnorm_router=1.40 topk=0.56 total=26.12
[OPROJ_INNER] slicewait=9.88 mfma=10.12 bar=7.72 rmsnorm_router=1.44 topk=3.52 total=32.68
[OPROJ_INNER] slicewait=4.04 mfma=8.12 bar=9.32 rmsnorm_router=1.44 topk=3.16 total=26.08
[OPROJ_INNER] slicewait=2.80 mfma=3.96 bar=3.44 rmsnorm_router=1.44 topk=2.64 total=14.28
[OPROJ_INNER] slicewait=3.24 mfma=8.16 bar=9.64 rmsnorm_router=1.44 topk=2.08 total=24.56
[OPROJ_INNER] slicewait=2.72 mfma=3.80 bar=3.88 rmsnorm_router=1.44 topk=10.68 total=22.52
[OPROJ_INNER] slicewait=10.00 mfma=3.84 bar=3.16 rmsnorm_router=1.72 topk=0.40 total=19.12
[OPROJ_INNER] slicewait=4.28 mfma=15.64 bar=6.64 rmsnorm_router=1.44 topk=2.96 total=30.96
[OPROJ_INNER] slicewait=2.60 mfma=14.64 bar=8.12 rmsnorm_router=1.40 topk=0.44 total=27.20
[OPROJ_INNER] slicewait=1.84 mfma=13.72 bar=10.16 rmsnorm_router=1.64 topk=0.40 total=27.76
[OPROJ_INNER] slicewait=1.64 mfma=4.16 bar=2.72 rmsnorm_router=1.64 topk=1.16 total=11.32
[OPROJ_INNER] slicewait=2.32 mfma=3.76 bar=3.44 rmsnorm_router=1.44 topk=2.52 total=13.48
[OPROJ_INNER] slicewait=2.48 mfma=9.36 bar=11.36 rmsnorm_router=1.48 topk=3.56 total=28.24
[OPROJ_INNER] slicewait=4.20 mfma=12.32 bar=8.04 rmsnorm_router=1.64 topk=0.96 total=27.16
[OPROJ_INNER] slicewait=6.92 mfma=3.76 bar=4.32 rmsnorm_router=1.44 topk=2.56 total=19.00
[OPROJ_INNER] slicewait=3.12 mfma=12.60 bar=7.08 rmsnorm_router=1.64 topk=0.96 total=25.40
[OPROJ_INNER] slicewait=4.08 mfma=7.92 bar=10.80 rmsnorm_router=1.40 topk=1.92 total=26.12
[OPROJ_INNER] slicewait=2.36 mfma=12.64 bar=8.60 rmsnorm_router=1.44 topk=1.76 total=26.80
[OPROJ_INNER] slicewait=3.04 mfma=3.96 bar=2.36 rmsnorm_router=1.64 topk=0.36 total=11.36
[OPROJ_INNER] slicewait=2.44 mfma=3.80 bar=3.44 rmsnorm_router=1.48 topk=2.36 total=13.52
[OPROJ_INNER] slicewait=6.40 mfma=3.72 bar=9.00 rmsnorm_router=1.44 topk=3.64 total=24.20
[OPROJ_INNER] slicewait=13.04 mfma=3.80 bar=6.04 rmsnorm_router=1.44 topk=3.40 total=27.72
[OPROJ_INNER] slicewait=7.24 mfma=14.20 bar=6.16 rmsnorm_router=1.44 topk=0.44 total=29.48
[OPROJ_INNER] slicewait=6.72 mfma=6.00 bar=9.16 rmsnorm_router=1.72 topk=1.44 total=25.04
[OPROJ_INNER] slicewait=7.20 mfma=3.80 bar=3.68 rmsnorm_router=1.40 topk=3.04 total=19.12
[OPROJ_INNER] slicewait=1.12 mfma=19.32 bar=8.12 rmsnorm_router=1.44 topk=2.20 total=32.20
[OPROJ_INNER] slicewait=1.16 mfma=16.92 bar=11.08 rmsnorm_router=1.44 topk=2.68 total=33.28
[OPROJ_INNER] slicewait=2.16 mfma=3.76 bar=3.32 rmsnorm_router=1.48 topk=2.92 total=13.64
[OPROJ_INNER] slicewait=3.64 mfma=19.12 bar=5.40 rmsnorm_router=1.48 topk=1.04 total=30.68
[OPROJ_INNER] slicewait=3.52 mfma=15.88 bar=8.04 rmsnorm_router=1.60 topk=1.12 total=30.16
[OPROJ_INNER] slicewait=4.28 mfma=12.04 bar=6.28 rmsnorm_router=1.44 topk=2.84 total=26.88
[OPROJ_INNER] slicewait=2.60 mfma=3.96 bar=2.56 rmsnorm_router=1.52 topk=0.40 total=11.04
[OPROJ_INNER] slicewait=5.28 mfma=4.00 bar=6.32 rmsnorm_router=1.40 topk=2.36 total=19.36
[OPROJ_INNER] slicewait=4.28 mfma=7.36 bar=8.80 rmsnorm_router=1.48 topk=2.64 total=24.56
[OPROJ_INNER] slicewait=1.84 mfma=4.68 bar=3.36 rmsnorm_router=1.48 topk=2.04 total=13.40
[OPROJ_INNER] slicewait=3.40 mfma=7.88 bar=10.60 rmsnorm_router=1.44 topk=3.16 total=26.48
[OPROJ_INNER] slicewait=11.60 mfma=3.80 bar=6.12 rmsnorm_router=1.48 topk=3.44 total=26.44
[OPROJ_INNER] slicewait=3.12 mfma=6.08 bar=6.24 rmsnorm_router=1.48 topk=1.52 total=18.44
[OPROJ_INNER] slicewait=3.68 mfma=12.60 bar=6.60 rmsnorm_router=1.44 topk=0.36 total=24.68
[OPROJ_INNER] slicewait=8.20 mfma=9.36 bar=5.24 rmsnorm_router=1.64 topk=0.40 total=24.84
[OPROJ_INNER] slicewait=5.40 mfma=7.40 bar=7.64 rmsnorm_router=1.44 topk=0.60 total=22.48
[OPROJ_INNER] slicewait=3.64 mfma=7.04 bar=7.20 rmsnorm_router=1.44 topk=2.92 total=22.24
[OPROJ_INNER] slicewait=1.52 mfma=4.28 bar=3.16 rmsnorm_router=1.44 topk=1.72 total=12.12
[OPROJ_INNER] slicewait=2.84 mfma=4.72 bar=3.84 rmsnorm_router=1.44 topk=3.68 total=16.52
[OPROJ_INNER] slicewait=9.48 mfma=6.24 bar=7.12 rmsnorm_router=1.44 topk=2.08 total=26.36
[OPROJ_INNER] slicewait=3.40 mfma=8.64 bar=10.64 rmsnorm_router=1.84 topk=1.72 total=26.24
[OPROJ_INNER] slicewait=5.32 mfma=3.80 bar=8.56 rmsnorm_router=1.40 topk=0.80 total=19.88
[OPROJ_INNER] slicewait=13.24 mfma=2.32 bar=5.52 rmsnorm_router=1.44 topk=0.44 total=22.96
[OPROJ_INNER] slicewait=5.12 mfma=3.76 bar=3.68 rmsnorm_router=1.44 topk=1.68 total=15.68
[OPROJ_INNER] slicewait=4.84 mfma=3.80 bar=5.12 rmsnorm_router=1.56 topk=0.40 total=15.72
[OPROJ_INNER] slicewait=10.08 mfma=3.84 bar=5.24 rmsnorm_router=1.56 topk=0.80 total=21.52
[OPROJ_INNER] slicewait=5.00 mfma=3.88 bar=5.44 rmsnorm_router=1.76 topk=0.88 total=16.96
[OPROJ_INNER] slicewait=9.96 mfma=4.04 bar=6.32 rmsnorm_router=1.44 topk=3.60 total=25.36
[OPROJ_INNER] slicewait=5.40 mfma=3.80 bar=6.88 rmsnorm_router=1.52 topk=1.28 total=18.88
[OPROJ_INNER] slicewait=2.96 mfma=7.52 bar=11.88 rmsnorm_router=1.40 topk=3.00 total=26.76
[OPROJ_INNER] slicewait=3.92 mfma=5.24 bar=11.48 rmsnorm_router=1.60 topk=0.76 total=23.00
[OPROJ_INNER] slicewait=2.12 mfma=4.68 bar=3.00 rmsnorm_router=1.40 topk=0.44 total=11.64
[OPROJ_INNER] slicewait=10.48 mfma=3.88 bar=6.64 rmsnorm_router=1.44 topk=2.36 total=24.80
[OPROJ_INNER] slicewait=2.52 mfma=3.80 bar=3.32 rmsnorm_router=1.44 topk=2.72 total=13.80
[OPROJ_INNER] slicewait=4.40 mfma=3.76 bar=6.28 rmsnorm_router=1.44 topk=3.60 total=19.48
[OPROJ_INNER] slicewait=5.32 mfma=6.92 bar=8.00 rmsnorm_router=1.44 topk=1.52 total=23.20
[OPROJ_INNER] slicewait=2.52 mfma=3.96 bar=2.76 rmsnorm_router=1.56 topk=1.20 total=12.00
[OPROJ_INNER] slicewait=3.48 mfma=18.56 bar=7.16 rmsnorm_router=1.48 topk=2.20 total=32.88
[OPROJ_INNER] slicewait=3.80 mfma=14.20 bar=10.84 rmsnorm_router=1.44 topk=1.72 total=32.00
[OPROJ_INNER] slicewait=3.36 mfma=12.44 bar=9.92 rmsnorm_router=1.48 topk=0.48 total=27.68
[OPROJ_INNER] slicewait=3.52 mfma=8.44 bar=9.92 rmsnorm_router=1.48 topk=3.20 total=26.56
[OPROJ_INNER] slicewait=2.36 mfma=3.96 bar=3.56 rmsnorm_router=1.44 topk=2.96 total=14.28
[OPROJ_INNER] slicewait=2.68 mfma=3.96 bar=3.68 rmsnorm_router=1.44 topk=3.40 total=15.16
[OPROJ_INNER] slicewait=8.48 mfma=11.24 bar=7.44 rmsnorm_router=1.60 topk=1.64 total=30.40
[OPROJ_INNER] slicewait=3.56 mfma=8.80 bar=9.12 rmsnorm_router=1.44 topk=1.36 total=24.28
[OPROJ_INNER] slicewait=4.96 mfma=7.96 bar=8.24 rmsnorm_router=1.48 topk=1.12 total=23.76
[OPROJ_INNER] slicewait=5.52 mfma=3.96 bar=9.48 rmsnorm_router=1.48 topk=1.48 total=21.92
[OPROJ_INNER] slicewait=3.24 mfma=7.32 bar=10.84 rmsnorm_router=1.44 topk=3.12 total=25.96
[OPROJ_INNER] slicewait=5.92 mfma=3.96 bar=3.08 rmsnorm_router=1.60 topk=0.96 total=15.52
[OPROJ_INNER] slicewait=2.32 mfma=13.28 bar=6.24 rmsnorm_router=1.48 topk=2.04 total=25.36
[OPROJ_INNER] slicewait=2.00 mfma=4.52 bar=3.80 rmsnorm_router=1.40 topk=10.44 total=22.16
[OPROJ_INNER] slicewait=5.16 mfma=3.76 bar=6.40 rmsnorm_router=1.40 topk=1.04 total=17.76
[OPROJ_INNER] slicewait=4.00 mfma=4.32 bar=10.76 rmsnorm_router=1.48 topk=1.48 total=22.04
[OPROJ_INNER] slicewait=2.44 mfma=3.84 bar=2.40 rmsnorm_router=1.56 topk=0.40 total=10.64
[OPROJ_INNER] slicewait=2.32 mfma=11.64 bar=7.44 rmsnorm_router=1.64 topk=0.40 total=23.44
[OPROJ_INNER] slicewait=3.92 mfma=3.80 bar=2.60 rmsnorm_router=1.56 topk=0.44 total=12.32
[OPROJ_INNER] slicewait=3.84 mfma=8.36 bar=9.80 rmsnorm_router=1.44 topk=3.76 total=27.20
[OPROJ_INNER] slicewait=2.52 mfma=11.00 bar=8.72 rmsnorm_router=1.40 topk=2.36 total=26.00
[OPROJ_INNER] slicewait=6.08 mfma=3.80 bar=5.12 rmsnorm_router=1.44 topk=3.12 total=19.56
[OPROJ_INNER] slicewait=7.12 mfma=7.16 bar=7.68 rmsnorm_router=1.44 topk=1.68 total=25.08
[OPROJ_INNER] slicewait=3.20 mfma=4.76 bar=3.28 rmsnorm_router=1.44 topk=1.84 total=14.52
[OPROJ_INNER] slicewait=2.92 mfma=9.32 bar=8.36 rmsnorm_router=1.60 topk=0.44 total=22.64
[OPROJ_INNER] slicewait=10.96 mfma=3.92 bar=7.20 rmsnorm_router=1.40 topk=3.08 total=26.56
[OPROJ_INNER] slicewait=5.32 mfma=9.32 bar=5.92 rmsnorm_router=1.52 topk=0.44 total=22.52
[OPROJ_INNER] slicewait=0.96 mfma=10.56 bar=11.64 rmsnorm_router=1.48 topk=2.36 total=27.00
[OPROJ_INNER] slicewait=4.24 mfma=8.24 bar=8.48 rmsnorm_router=1.44 topk=2.48 total=24.88
[OPROJ_INNER] slicewait=3.28 mfma=6.28 bar=10.12 rmsnorm_router=1.44 topk=2.24 total=23.36
[OPROJ_INNER] slicewait=2.00 mfma=4.44 bar=3.72 rmsnorm_router=1.44 topk=10.88 total=22.48
[OPROJ_INNER] slicewait=8.44 mfma=3.92 bar=4.08 rmsnorm_router=1.48 topk=2.68 total=20.60
[OPROJ_INNER] slicewait=2.20 mfma=15.08 bar=9.16 rmsnorm_router=1.44 topk=1.76 total=29.64
[OPROJ_INNER] slicewait=3.64 mfma=17.16 bar=5.68 rmsnorm_router=1.44 topk=1.96 total=29.88
[OPROJ_INNER] slicewait=2.76 mfma=13.88 bar=9.72 rmsnorm_router=1.44 topk=2.56 total=30.36
[OPROJ_INNER] slicewait=7.44 mfma=3.92 bar=4.40 rmsnorm_router=1.44 topk=3.56 total=20.76
[OPROJ_INNER] slicewait=2.52 mfma=3.80 bar=2.64 rmsnorm_router=1.64 topk=1.12 total=11.72
[OPROJ_INNER] slicewait=2.84 mfma=10.12 bar=10.08 rmsnorm_router=1.44 topk=2.80 total=27.28
[OPROJ_INNER] slicewait=6.68 mfma=4.04 bar=8.32 rmsnorm_router=1.52 topk=1.00 total=21.56
[OPROJ_INNER] slicewait=3.52 mfma=3.84 bar=3.28 rmsnorm_router=1.44 topk=2.80 total=14.88
[OPROJ_INNER] slicewait=4.32 mfma=8.48 bar=6.88 rmsnorm_router=1.52 topk=0.40 total=21.60
[OPROJ_INNER] slicewait=2.56 mfma=4.84 bar=3.08 rmsnorm_router=1.56 topk=0.40 total=12.44
[OPROJ_INNER] slicewait=6.16 mfma=4.08 bar=8.52 rmsnorm_router=1.80 topk=0.40 total=20.96
[OPROJ_INNER] slicewait=7.88 mfma=3.72 bar=4.20 rmsnorm_router=1.44 topk=0.64 total=17.88
[OPROJ_INNER] slicewait=8.60 mfma=8.80 bar=5.76 rmsnorm_router=1.56 topk=1.04 total=25.76
[OPROJ_INNER] slicewait=7.80 mfma=8.20 bar=9.16 rmsnorm_router=1.44 topk=1.68 total=28.28
[OPROJ_INNER] slicewait=2.72 mfma=3.92 bar=2.60 rmsnorm_router=1.84 topk=1.48 total=12.56
[OPROJ_INNER] slicewait=6.36 mfma=3.84 bar=8.08 rmsnorm_router=1.44 topk=1.84 total=21.56
[OPROJ_INNER] slicewait=8.60 mfma=8.08 bar=5.28 rmsnorm_router=1.56 topk=0.40 total=23.92
[OPROJ_INNER] slicewait=3.52 mfma=6.12 bar=7.16 rmsnorm_router=1.44 topk=3.20 total=21.44
[OPROJ_INNER] slicewait=13.64 mfma=3.04 bar=6.64 rmsnorm_router=1.44 topk=0.92 total=25.68
[OPROJ_INNER] slicewait=4.60 mfma=7.92 bar=8.28 rmsnorm_router=1.56 topk=0.40 total=22.76
[OPROJ_INNER] slicewait=12.56 mfma=3.72 bar=6.24 rmsnorm_router=1.40 topk=3.56 total=27.48
[OPROJ_INNER] slicewait=3.44 mfma=3.88 bar=3.56 rmsnorm_router=1.44 topk=3.72 total=16.04
[OPROJ_INNER] slicewait=4.00 mfma=7.60 bar=10.80 rmsnorm_router=1.40 topk=2.08 total=25.88
[OPROJ_INNER] slicewait=6.52 mfma=3.84 bar=7.24 rmsnorm_router=1.44 topk=2.40 total=21.44
[OPROJ_INNER] slicewait=5.44 mfma=3.96 bar=6.40 rmsnorm_router=1.44 topk=2.24 total=19.48
[OPROJ_INNER] slicewait=12.36 mfma=4.00 bar=3.88 rmsnorm_router=1.44 topk=0.40 total=22.08
[OPROJ_INNER] slicewait=5.40 mfma=3.80 bar=10.20 rmsnorm_router=1.40 topk=2.88 total=23.68
[OPROJ_INNER] slicewait=4.76 mfma=5.48 bar=4.44 rmsnorm_router=1.44 topk=2.60 total=18.72
[OPROJ_INNER] slicewait=9.40 mfma=6.12 bar=6.28 rmsnorm_router=1.44 topk=1.92 total=25.16
[OPROJ_INNER] slicewait=5.52 mfma=4.96 bar=11.88 rmsnorm_router=1.48 topk=3.72 total=27.56
[OPROJ_INNER] slicewait=6.48 mfma=3.80 bar=5.88 rmsnorm_router=1.72 topk=0.84 total=18.72
[OPROJ_INNER] slicewait=3.16 mfma=4.00 bar=3.20 rmsnorm_router=1.44 topk=2.28 total=14.08
[OPROJ_INNER] slicewait=3.80 mfma=12.52 bar=11.00 rmsnorm_router=1.40 topk=2.80 total=31.52
[OPROJ_INNER] slicewait=8.68 mfma=3.84 bar=4.36 rmsnorm_router=1.44 topk=3.04 total=21.36
[OPROJ_INNER] slicewait=6.76 mfma=3.80 bar=4.16 rmsnorm_router=1.48 topk=2.92 total=19.12
[OPROJ_INNER] slicewait=5.48 mfma=6.88 bar=9.96 rmsnorm_router=1.52 topk=1.20 total=25.04
[OPROJ_INNER] slicewait=3.92 mfma=14.40 bar=9.76 rmsnorm_router=1.44 topk=3.08 total=32.60
[OPROJ_INNER] slicewait=3.80 mfma=14.56 bar=9.20 rmsnorm_router=1.44 topk=1.92 total=30.92
[OPROJ_INNER] slicewait=2.36 mfma=4.68 bar=3.36 rmsnorm_router=1.48 topk=2.48 total=14.36
[OPROJ_INNER] slicewait=6.52 mfma=14.92 bar=6.60 rmsnorm_router=1.40 topk=3.56 total=33.00
[OPROJ_INNER] slicewait=9.24 mfma=8.04 bar=6.60 rmsnorm_router=1.44 topk=0.92 total=26.24
[OPROJ_INNER] slicewait=5.40 mfma=4.88 bar=9.36 rmsnorm_router=1.44 topk=2.32 total=23.40
[OPROJ_INNER] slicewait=6.64 mfma=3.80 bar=8.80 rmsnorm_router=1.44 topk=2.92 total=23.60
[OPROJ_INNER] slicewait=9.36 mfma=3.88 bar=5.04 rmsnorm_router=1.44 topk=3.80 total=23.52
[OPROJ_INNER] slicewait=4.92 mfma=8.08 bar=10.60 rmsnorm_router=1.40 topk=3.16 total=28.16
[OPROJ_INNER] slicewait=2.56 mfma=3.92 bar=3.72 rmsnorm_router=1.44 topk=11.04 total=22.68
[OPROJ_INNER] slicewait=7.80 mfma=8.40 bar=7.56 rmsnorm_router=1.44 topk=3.24 total=28.44
[OPROJ_INNER] slicewait=4.72 mfma=8.04 bar=9.76 rmsnorm_router=1.44 topk=2.36 total=26.32
[OPROJ_INNER] slicewait=1.84 mfma=4.72 bar=3.16 rmsnorm_router=1.48 topk=0.96 total=12.16
[OPROJ_INNER] slicewait=2.76 mfma=4.84 bar=12.12 rmsnorm_router=1.40 topk=1.36 total=22.48
[OPROJ_INNER] slicewait=2.76 mfma=5.92 bar=5.24 rmsnorm_router=1.44 topk=11.56 total=26.92
[OPROJ_INNER] slicewait=7.00 mfma=3.84 bar=5.04 rmsnorm_router=1.44 topk=3.80 total=21.12
[OPROJ_INNER] slicewait=9.24 mfma=3.92 bar=5.12 rmsnorm_router=1.44 topk=1.04 total=20.76
[OPROJ_INNER] slicewait=3.04 mfma=4.80 bar=11.28 rmsnorm_router=1.72 topk=0.76 total=21.60
[OPROJ_INNER] slicewait=0.88 mfma=8.52 bar=10.96 rmsnorm_router=1.40 topk=1.92 total=23.68
[OPROJ_INNER] slicewait=2.04 mfma=4.76 bar=3.08 rmsnorm_router=1.44 topk=0.40 total=11.72
[OPROJ_INNER] slicewait=6.24 mfma=3.80 bar=8.16 rmsnorm_router=1.40 topk=3.28 total=22.88
[OPROJ_INNER] slicewait=1.72 mfma=4.36 bar=2.56 rmsnorm_router=1.56 topk=0.40 total=10.60
[OPROJ_INNER] slicewait=14.92 mfma=3.80 bar=4.52 rmsnorm_router=1.44 topk=0.40 total=25.08
[OPROJ_INNER] slicewait=3.00 mfma=10.52 bar=9.16 rmsnorm_router=1.64 topk=0.48 total=24.80
[OPROJ_INNER] slicewait=3.80 mfma=5.36 bar=4.12 rmsnorm_router=1.44 topk=3.52 total=18.24
[OPROJ_INNER] slicewait=5.52 mfma=7.68 bar=10.28 rmsnorm_router=1.44 topk=0.92 total=25.84
[OPROJ_INNER] slicewait=2.80 mfma=5.12 bar=3.28 rmsnorm_router=1.48 topk=1.96 total=14.64
[OPROJ_INNER] slicewait=5.08 mfma=4.48 bar=9.52 rmsnorm_router=1.44 topk=2.76 total=23.28
[OPROJ_INNER] slicewait=7.32 mfma=9.56 bar=6.84 rmsnorm_router=1.44 topk=0.56 total=25.72
[OPROJ_INNER] slicewait=1.68 mfma=4.44 bar=3.12 rmsnorm_router=1.48 topk=0.96 total=11.68
[OPROJ_INNER] slicewait=2.84 mfma=3.84 bar=2.80 rmsnorm_router=1.64 topk=1.48 total=12.60
[OPROJ_INNER] slicewait=3.24 mfma=11.16 bar=9.52 rmsnorm_router=1.44 topk=2.16 total=27.52
[OPROJ_INNER] slicewait=2.28 mfma=13.60 bar=9.52 rmsnorm_router=1.44 topk=2.00 total=28.84
[OPROJ_INNER] slicewait=3.16 mfma=10.48 bar=9.76 rmsnorm_router=1.48 topk=2.44 total=27.32
[OPROJ_INNER] slicewait=8.84 mfma=9.00 bar=7.08 rmsnorm_router=1.44 topk=3.40 total=29.76
[OPROJ_INNER] slicewait=7.28 mfma=3.76 bar=8.12 rmsnorm_router=1.44 topk=1.84 total=22.44
[OPROJ_INNER] slicewait=2.80 mfma=4.88 bar=10.52 rmsnorm_router=1.56 topk=0.40 total=20.16
[OPROJ_INNER] slicewait=3.24 mfma=4.52 bar=10.40 rmsnorm_router=1.44 topk=1.80 total=21.40
[OPROJ_INNER] slicewait=4.64 mfma=5.72 bar=7.56 rmsnorm_router=1.52 topk=0.40 total=19.84
[OPROJ_INNER] slicewait=2.92 mfma=6.00 bar=5.12 rmsnorm_router=1.40 topk=2.52 total=17.96
[OPROJ_INNER] slicewait=3.68 mfma=5.28 bar=4.16 rmsnorm_router=1.44 topk=3.16 total=17.72
[OPROJ_INNER] slicewait=6.04 mfma=6.16 bar=6.12 rmsnorm_router=1.72 topk=1.48 total=21.52
[OPROJ_INNER] slicewait=6.76 mfma=5.96 bar=5.04 rmsnorm_router=1.44 topk=1.92 total=21.12
[OPROJ_INNER] slicewait=3.24 mfma=4.24 bar=10.92 rmsnorm_router=1.40 topk=0.96 total=20.76
[OPROJ_INNER] slicewait=5.56 mfma=8.80 bar=9.60 rmsnorm_router=1.48 topk=2.96 total=28.40
[OPROJ_INNER] slicewait=6.04 mfma=11.56 bar=5.36 rmsnorm_router=1.40 topk=0.72 total=25.08
[OPROJ_INNER] slicewait=2.00 mfma=4.60 bar=2.72 rmsnorm_router=1.48 topk=0.80 total=11.60
[OPROJ_INNER] slicewait=2.64 mfma=4.68 bar=3.72 rmsnorm_router=1.44 topk=3.28 total=15.76
[OPROJ_INNER] slicewait=3.24 mfma=7.16 bar=7.40 rmsnorm_router=1.40 topk=1.48 total=20.68
[OPROJ_INNER] slicewait=3.92 mfma=7.84 bar=10.36 rmsnorm_router=1.56 topk=1.40 total=25.08
[OPROJ_INNER] slicewait=6.84 mfma=4.00 bar=6.32 rmsnorm_router=1.44 topk=1.08 total=19.68
[OPROJ_INNER] slicewait=12.36 mfma=3.80 bar=5.56 rmsnorm_router=1.48 topk=3.28 total=26.48
[OPROJ_INNER] slicewait=4.92 mfma=6.32 bar=9.80 rmsnorm_router=1.40 topk=2.24 total=24.68
[OPROJ_INNER] slicewait=5.40 mfma=5.44 bar=3.68 rmsnorm_router=1.40 topk=1.92 total=17.84
[OPROJ_INNER] slicewait=5.60 mfma=6.32 bar=9.48 rmsnorm_router=1.44 topk=0.44 total=23.28
[OPROJ_INNER] slicewait=4.96 mfma=9.32 bar=9.24 rmsnorm_router=1.40 topk=3.32 total=28.24
[OPROJ_INNER] slicewait=11.52 mfma=10.16 bar=6.24 rmsnorm_router=1.44 topk=2.08 total=31.44
[OPROJ_INNER] slicewait=1.92 mfma=4.16 bar=3.72 rmsnorm_router=1.44 topk=3.52 total=14.76
[OPROJ_INNER] slicewait=5.20 mfma=8.00 bar=4.88 rmsnorm_router=1.48 topk=2.76 total=22.32
[OPROJ_INNER] slicewait=5.60 mfma=6.32 bar=10.16 rmsnorm_router=1.44 topk=2.76 total=26.28
[OPROJ_INNER] slicewait=4.28 mfma=5.28 bar=6.76 rmsnorm_router=1.64 topk=0.44 total=18.40
[OPROJ_INNER] slicewait=4.36 mfma=4.40 bar=9.44 rmsnorm_router=1.44 topk=2.88 total=22.52
[OPROJ_INNER] slicewait=8.76 mfma=3.92 bar=5.52 rmsnorm_router=1.44 topk=0.56 total=20.20
[OPROJ_INNER] slicewait=9.24 mfma=3.96 bar=6.60 rmsnorm_router=1.52 topk=0.40 total=21.72
[OPROJ_INNER] slicewait=5.20 mfma=3.92 bar=6.20 rmsnorm_router=1.44 topk=2.12 total=18.88
[OPROJ_INNER] slicewait=7.32 mfma=5.72 bar=4.88 rmsnorm_router=1.44 topk=2.92 total=22.28
[OPROJ_INNER] slicewait=3.84 mfma=5.04 bar=5.28 rmsnorm_router=1.40 topk=2.44 total=18.00
[OPROJ_INNER] slicewait=7.92 mfma=5.36 bar=6.32 rmsnorm_router=1.44 topk=1.56 total=22.60
[OPROJ_INNER] slicewait=3.68 mfma=3.84 bar=3.16 rmsnorm_router=1.48 topk=0.40 total=12.56
[OPROJ_INNER] slicewait=4.52 mfma=3.76 bar=5.04 rmsnorm_router=1.44 topk=1.00 total=15.76
[OPROJ_INNER] slicewait=7.44 mfma=3.68 bar=8.00 rmsnorm_router=1.44 topk=0.40 total=20.96
[OPROJ_INNER] slicewait=11.80 mfma=3.80 bar=4.04 rmsnorm_router=1.48 topk=0.60 total=21.72
[OPROJ_INNER] slicewait=5.12 mfma=3.80 bar=5.92 rmsnorm_router=1.44 topk=3.88 total=20.16
[OPROJ_INNER] slicewait=11.92 mfma=3.76 bar=3.72 rmsnorm_router=1.68 topk=1.44 total=22.52
[OPROJ_INNER] slicewait=2.40 mfma=3.72 bar=3.20 rmsnorm_router=1.40 topk=2.12 total=12.84
[OPROJ_INNER] slicewait=4.76 mfma=3.80 bar=5.88 rmsnorm_router=1.48 topk=2.48 total=18.40
[OPROJ_INNER] slicewait=0.56 mfma=17.24 bar=5.64 rmsnorm_router=1.48 topk=1.20 total=26.12
[OPROJ_INNER] slicewait=4.08 mfma=8.68 bar=9.08 rmsnorm_router=1.44 topk=1.92 total=25.20
[OPROJ_INNER] slicewait=2.40 mfma=4.44 bar=3.72 rmsnorm_router=1.44 topk=3.32 total=15.32
[OPROJ_INNER] slicewait=3.60 mfma=9.04 bar=9.40 rmsnorm_router=1.48 topk=2.00 total=25.52
[OPROJ_INNER] slicewait=3.80 mfma=7.80 bar=11.16 rmsnorm_router=1.48 topk=3.12 total=27.36
[OPROJ_INNER] slicewait=3.80 mfma=7.40 bar=6.36 rmsnorm_router=1.44 topk=3.60 total=22.60
[OPROJ_INNER] slicewait=4.60 mfma=5.16 bar=3.00 rmsnorm_router=1.56 topk=0.84 total=15.16
[OPROJ_INNER] slicewait=11.40 mfma=3.92 bar=5.52 rmsnorm_router=1.44 topk=1.72 total=24.00
[OPROJ_INNER] slicewait=6.52 mfma=11.40 bar=8.04 rmsnorm_router=1.56 topk=0.36 total=27.88
[OPROJ_INNER] slicewait=2.92 mfma=8.96 bar=8.28 rmsnorm_router=1.44 topk=3.48 total=25.08
[OPROJ_INNER] slicewait=4.08 mfma=7.04 bar=10.44 rmsnorm_router=1.40 topk=1.76 total=24.72
[OPROJ_INNER] slicewait=6.48 mfma=11.60 bar=8.96 rmsnorm_router=1.44 topk=1.44 total=29.92
[OPROJ_INNER] slicewait=1.96 mfma=4.24 bar=3.20 rmsnorm_router=1.44 topk=1.96 total=12.80
[OPROJ_INNER] slicewait=8.48 mfma=11.28 bar=6.12 rmsnorm_router=1.60 topk=0.40 total=27.88
[OPROJ_INNER] slicewait=2.04 mfma=3.76 bar=3.68 rmsnorm_router=1.44 topk=11.16 total=22.08
[OPROJ_INNER] slicewait=11.52 mfma=7.20 bar=8.00 rmsnorm_router=1.44 topk=3.84 total=32.00
[OPROJ_INNER] slicewait=2.96 mfma=15.68 bar=8.08 rmsnorm_router=1.40 topk=0.60 total=28.72
[OPROJ_INNER] slicewait=6.28 mfma=13.36 bar=8.20 rmsnorm_router=1.44 topk=2.24 total=31.52
[OPROJ_INNER] slicewait=2.84 mfma=4.04 bar=3.88 rmsnorm_router=1.44 topk=11.12 total=23.32
[OPROJ_INNER] slicewait=11.60 mfma=3.84 bar=5.44 rmsnorm_router=1.44 topk=2.84 total=25.16
[OPROJ_INNER] slicewait=2.12 mfma=16.68 bar=9.64 rmsnorm_router=1.44 topk=2.28 total=32.16
[OPROJ_INNER] slicewait=2.40 mfma=12.36 bar=9.96 rmsnorm_router=1.44 topk=1.84 total=28.00
[OPROJ_INNER] slicewait=4.48 mfma=12.00 bar=9.76 rmsnorm_router=1.40 topk=2.44 total=30.08
[OPROJ_INNER] slicewait=1.76 mfma=4.08 bar=2.84 rmsnorm_router=1.64 topk=0.92 total=11.24
[OPROJ_INNER] slicewait=11.20 mfma=5.00 bar=5.68 rmsnorm_router=1.40 topk=1.68 total=24.96
[OPROJ_INNER] slicewait=6.12 mfma=3.88 bar=9.92 rmsnorm_router=1.48 topk=2.08 total=23.48
[OPROJ_INNER] slicewait=2.52 mfma=3.84 bar=3.56 rmsnorm_router=1.48 topk=3.32 total=14.72
[OPROJ_INNER] slicewait=5.84 mfma=11.00 bar=8.28 rmsnorm_router=1.44 topk=3.64 total=30.20
[OPROJ_INNER] slicewait=8.00 mfma=3.80 bar=4.20 rmsnorm_router=1.44 topk=2.64 total=20.08
[OPROJ_INNER] slicewait=7.72 mfma=10.12 bar=8.16 rmsnorm_router=1.44 topk=3.28 total=30.72
[OPROJ_INNER] slicewait=4.12 mfma=6.24 bar=9.04 rmsnorm_router=1.72 topk=1.04 total=22.16
[OPROJ_INNER] slicewait=2.64 mfma=3.92 bar=2.52 rmsnorm_router=1.68 topk=0.88 total=11.64
[OPROJ_INNER] slicewait=5.40 mfma=3.88 bar=8.48 rmsnorm_router=1.40 topk=1.32 total=20.48
[OPROJ_INNER] slicewait=4.28 mfma=7.04 bar=11.60 rmsnorm_router=1.48 topk=2.56 total=26.96
[OPROJ_INNER] slicewait=3.40 mfma=8.92 bar=6.24 rmsnorm_router=1.56 topk=0.48 total=20.60
[OPROJ_INNER] slicewait=2.24 mfma=3.96 bar=2.36 rmsnorm_router=1.52 topk=0.40 total=10.48
[OPROJ_INNER] slicewait=9.72 mfma=4.44 bar=7.52 rmsnorm_router=1.44 topk=2.68 total=25.80
[OPROJ_INNER] slicewait=2.80 mfma=4.60 bar=3.44 rmsnorm_router=1.44 topk=2.28 total=14.56
[OPROJ_INNER] slicewait=3.24 mfma=5.84 bar=9.16 rmsnorm_router=1.44 topk=1.04 total=20.72
[OPROJ_INNER] slicewait=1.28 mfma=4.28 bar=3.32 rmsnorm_router=1.44 topk=2.76 total=13.08
[OPROJ_INNER] slicewait=3.76 mfma=8.20 bar=9.64 rmsnorm_router=1.44 topk=2.24 total=25.28
[OPROJ_INNER] slicewait=2.44 mfma=3.76 bar=3.64 rmsnorm_router=1.48 topk=3.48 total=14.80
[OPROJ_INNER] slicewait=2.56 mfma=3.96 bar=2.68 rmsnorm_router=1.48 topk=0.48 total=11.16
[OPROJ_INNER] slicewait=3.80 mfma=8.68 bar=9.64 rmsnorm_router=1.48 topk=3.68 total=27.28
[OPROJ_INNER] slicewait=3.20 mfma=7.64 bar=10.88 rmsnorm_router=1.48 topk=0.40 total=23.60
[OPROJ_INNER] slicewait=4.84 mfma=8.24 bar=7.96 rmsnorm_router=1.48 topk=3.40 total=25.92
[OPROJ_INNER] slicewait=8.40 mfma=3.84 bar=4.12 rmsnorm_router=1.48 topk=1.44 total=19.28
[OPROJ_INNER] slicewait=8.48 mfma=3.76 bar=10.08 rmsnorm_router=1.40 topk=3.68 total=27.40
[OPROJ_INNER] slicewait=1.60 mfma=18.16 bar=6.44 rmsnorm_router=1.48 topk=1.88 total=29.56
[OPROJ_INNER] slicewait=2.84 mfma=14.40 bar=8.00 rmsnorm_router=1.64 topk=0.52 total=27.40
[OPROJ_INNER] slicewait=3.84 mfma=12.40 bar=9.00 rmsnorm_router=1.44 topk=2.32 total=29.00
[OPROJ_INNER] slicewait=12.20 mfma=3.84 bar=5.56 rmsnorm_router=1.48 topk=2.16 total=25.24
[OPROJ_INNER] slicewait=2.92 mfma=13.36 bar=8.84 rmsnorm_router=1.40 topk=2.08 total=28.60
[OPROJ_INNER] slicewait=2.88 mfma=3.84 bar=3.44 rmsnorm_router=1.44 topk=2.72 total=14.32
[OPROJ_INNER] slicewait=2.96 mfma=4.08 bar=2.60 rmsnorm_router=1.80 topk=1.12 total=12.56
[OPROJ_INNER] slicewait=3.20 mfma=10.24 bar=10.20 rmsnorm_router=1.56 topk=0.84 total=26.04
[OPROJ_INNER] slicewait=3.72 mfma=5.44 bar=8.92 rmsnorm_router=1.44 topk=0.48 total=20.00
[OPROJ_INNER] slicewait=8.72 mfma=3.16 bar=7.96 rmsnorm_router=1.44 topk=1.60 total=22.88
[OPROJ_INNER] slicewait=8.36 mfma=4.56 bar=5.64 rmsnorm_router=1.44 topk=2.36 total=22.36
[OPROJ_INNER] slicewait=4.40 mfma=3.96 bar=5.64 rmsnorm_router=1.48 topk=3.04 total=18.52
[OPROJ_INNER] slicewait=3.04 mfma=4.40 bar=4.32 rmsnorm_router=1.48 topk=3.56 total=16.80
[OPROJ_INNER] slicewait=4.56 mfma=3.76 bar=8.20 rmsnorm_router=1.84 topk=1.48 total=19.84
[OPROJ_INNER] slicewait=4.60 mfma=3.76 bar=5.24 rmsnorm_router=1.56 topk=1.24 total=16.40
[OPROJ_INNER] slicewait=8.28 mfma=4.24 bar=6.16 rmsnorm_router=1.48 topk=3.32 total=23.48
[OPROJ_INNER] slicewait=3.08 mfma=9.52 bar=9.68 rmsnorm_router=1.40 topk=3.84 total=27.52
[OPROJ_INNER] slicewait=5.52 mfma=4.16 bar=10.20 rmsnorm_router=1.40 topk=2.44 total=23.72
[OPROJ_INNER] slicewait=7.20 mfma=3.92 bar=4.32 rmsnorm_router=1.44 topk=3.84 total=20.72
[OPROJ_INNER] slicewait=9.60 mfma=9.44 bar=5.60 rmsnorm_router=1.44 topk=2.40 total=28.48
[OPROJ_INNER] slicewait=2.16 mfma=3.80 bar=2.64 rmsnorm_router=1.68 topk=1.28 total=11.56
[OPROJ_INNER] slicewait=6.36 mfma=3.76 bar=10.16 rmsnorm_router=1.40 topk=3.68 total=25.36
[OPROJ_INNER] slicewait=5.52 mfma=4.32 bar=9.72 rmsnorm_router=1.40 topk=1.40 total=22.36
[OPROJ_INNER] slicewait=6.76 mfma=7.84 bar=9.76 rmsnorm_router=1.40 topk=3.92 total=29.68
[OPROJ_INNER] slicewait=3.84 mfma=11.48 bar=8.08 rmsnorm_router=1.44 topk=0.60 total=25.44
[OPROJ_INNER] slicewait=5.80 mfma=9.88 bar=6.44 rmsnorm_router=1.44 topk=0.56 total=24.12
[OPROJ_INNER] slicewait=13.36 mfma=8.92 bar=6.80 rmsnorm_router=1.44 topk=0.40 total=30.92
[OPROJ_INNER] slicewait=4.16 mfma=12.32 bar=9.76 rmsnorm_router=1.48 topk=1.52 total=29.24
[OPROJ_INNER] slicewait=9.12 mfma=11.40 bar=7.00 rmsnorm_router=1.44 topk=3.28 total=32.24
[OPROJ_INNER] slicewait=3.84 mfma=11.12 bar=8.80 rmsnorm_router=1.44 topk=1.24 total=26.44
[OPROJ_INNER] slicewait=4.36 mfma=10.76 bar=9.00 rmsnorm_router=1.40 topk=2.96 total=28.48
[OPROJ_INNER] slicewait=2.44 mfma=4.64 bar=2.60 rmsnorm_router=1.76 topk=1.28 total=12.72
[OPROJ_INNER] slicewait=3.76 mfma=7.24 bar=9.96 rmsnorm_router=1.44 topk=0.96 total=23.36
[OPROJ_INNER] slicewait=2.04 mfma=3.80 bar=3.08 rmsnorm_router=1.44 topk=0.52 total=10.88
[OPROJ_INNER] slicewait=5.36 mfma=12.52 bar=6.88 rmsnorm_router=1.44 topk=0.64 total=26.84
[OPROJ_INNER] slicewait=2.96 mfma=14.04 bar=8.44 rmsnorm_router=1.40 topk=3.08 total=29.92
[OPROJ_INNER] slicewait=1.72 mfma=4.20 bar=3.20 rmsnorm_router=1.44 topk=1.92 total=12.48
[OPROJ_INNER] slicewait=3.12 mfma=11.48 bar=10.92 rmsnorm_router=1.44 topk=3.32 total=30.28
[OPROJ_INNER] slicewait=4.20 mfma=9.36 bar=9.68 rmsnorm_router=1.48 topk=2.88 total=27.60
[OPROJ_INNER] slicewait=7.04 mfma=3.84 bar=3.24 rmsnorm_router=1.76 topk=2.36 total=18.24
[OPROJ_INNER] slicewait=9.40 mfma=3.88 bar=5.96 rmsnorm_router=1.64 topk=0.40 total=21.28
[OPROJ_INNER] slicewait=11.60 mfma=2.20 bar=7.24 rmsnorm_router=1.44 topk=0.84 total=23.32
[OPROJ_INNER] slicewait=2.64 mfma=3.84 bar=3.56 rmsnorm_router=1.44 topk=3.68 total=15.16
[OPROJ_INNER] slicewait=8.56 mfma=3.12 bar=10.08 rmsnorm_router=1.44 topk=2.64 total=25.84
[OPROJ_INNER] slicewait=4.44 mfma=5.20 bar=5.08 rmsnorm_router=1.48 topk=3.04 total=19.24
[OPROJ_INNER] slicewait=5.64 mfma=4.12 bar=8.52 rmsnorm_router=1.40 topk=0.52 total=20.20
[OPROJ_INNER] slicewait=11.32 mfma=1.88 bar=8.00 rmsnorm_router=1.40 topk=2.40 total=25.00
[OPROJ_INNER] slicewait=7.84 mfma=5.12 bar=7.56 rmsnorm_router=1.44 topk=2.92 total=24.88
[OPROJ_INNER] slicewait=2.68 mfma=12.40 bar=8.96 rmsnorm_router=1.52 topk=0.40 total=25.96
[OPROJ_INNER] slicewait=9.28 mfma=3.80 bar=3.52 rmsnorm_router=1.60 topk=0.44 total=18.64
[OPROJ_INNER] slicewait=2.24 mfma=12.64 bar=10.44 rmsnorm_router=1.40 topk=3.00 total=29.72
[OPROJ_INNER] slicewait=6.68 mfma=3.84 bar=6.36 rmsnorm_router=1.60 topk=0.88 total=19.36
[OPROJ_INNER] slicewait=2.96 mfma=3.84 bar=3.04 rmsnorm_router=1.48 topk=0.40 total=11.72
[OPROJ_INNER] slicewait=4.48 mfma=8.08 bar=11.08 rmsnorm_router=1.44 topk=2.36 total=27.44
[OPROJ_INNER] slicewait=5.64 mfma=11.28 bar=7.20 rmsnorm_router=1.44 topk=3.12 total=28.68
[OPROJ_INNER] slicewait=2.60 mfma=3.76 bar=3.28 rmsnorm_router=1.44 topk=2.08 total=13.16
[OPROJ_INNER] slicewait=6.88 mfma=12.00 bar=6.00 rmsnorm_router=1.60 topk=0.36 total=26.84
[OPROJ_INNER] slicewait=3.84 mfma=10.32 bar=8.20 rmsnorm_router=1.48 topk=1.64 total=25.48
[OPROJ_INNER] slicewait=3.64 mfma=11.56 bar=9.48 rmsnorm_router=1.44 topk=1.64 total=27.76
[OPROJ_INNER] slicewait=6.96 mfma=9.88 bar=6.04 rmsnorm_router=1.44 topk=1.40 total=25.72
[OPROJ_INNER] slicewait=4.28 mfma=9.68 bar=8.72 rmsnorm_router=1.72 topk=0.84 total=25.24
[OPROJ_INNER] slicewait=3.68 mfma=11.80 bar=8.72 rmsnorm_router=1.76 topk=1.48 total=27.44
[OPROJ_INNER] slicewait=2.12 mfma=3.84 bar=3.64 rmsnorm_router=1.44 topk=3.44 total=14.48
[OPROJ_INNER] slicewait=2.48 mfma=3.76 bar=3.84 rmsnorm_router=1.40 topk=3.52 total=15.00
[OPROJ_INNER] slicewait=4.60 mfma=12.04 bar=9.00 rmsnorm_router=1.44 topk=0.80 total=27.88
[OPROJ_INNER] slicewait=6.28 mfma=14.64 bar=7.44 rmsnorm_router=1.40 topk=1.96 total=31.72
[OPROJ_INNER] slicewait=3.68 mfma=14.44 bar=10.68 rmsnorm_router=1.44 topk=3.52 total=33.76
[OPROJ_INNER] slicewait=10.28 mfma=12.00 bar=5.64 rmsnorm_router=1.44 topk=0.40 total=29.76
[OPROJ_INNER] slicewait=4.04 mfma=12.24 bar=10.16 rmsnorm_router=1.48 topk=1.92 total=29.84
[OPROJ_INNER] slicewait=11.28 mfma=9.04 bar=6.96 rmsnorm_router=1.72 topk=2.08 total=31.08
[OPROJ_INNER] slicewait=2.72 mfma=8.72 bar=10.00 rmsnorm_router=1.60 topk=1.84 total=24.88
[OPROJ_INNER] slicewait=2.88 mfma=3.80 bar=3.48 rmsnorm_router=1.48 topk=3.44 total=15.08
[OPROJ_INNER] slicewait=2.20 mfma=3.76 bar=3.16 rmsnorm_router=1.48 topk=1.00 total=11.60
[OPROJ_INNER] slicewait=5.88 mfma=6.00 bar=8.76 rmsnorm_router=1.44 topk=1.60 total=23.68
[OPROJ_INNER] slicewait=3.08 mfma=11.88 bar=9.52 rmsnorm_router=1.40 topk=1.96 total=27.84
[OPROJ_INNER] slicewait=5.68 mfma=7.20 bar=3.92 rmsnorm_router=1.80 topk=1.16 total=19.76
[OPROJ_INNER] slicewait=5.92 mfma=11.12 bar=6.60 rmsnorm_router=1.44 topk=0.40 total=25.48
[OPROJ_INNER] slicewait=3.36 mfma=12.40 bar=8.32 rmsnorm_router=1.48 topk=3.20 total=28.76
[OPROJ_INNER] slicewait=3.88 mfma=3.76 bar=3.24 rmsnorm_router=1.44 topk=1.48 total=13.80
[OPROJ_INNER] slicewait=3.12 mfma=11.48 bar=9.92 rmsnorm_router=1.48 topk=1.80 total=27.80
[OPROJ_INNER] slicewait=4.96 mfma=5.08 bar=6.12 rmsnorm_router=1.48 topk=0.96 total=18.60
[OPROJ_INNER] slicewait=3.92 mfma=5.64 bar=4.96 rmsnorm_router=1.48 topk=0.44 total=16.44
[OPROJ_INNER] slicewait=9.64 mfma=6.64 bar=6.72 rmsnorm_router=1.48 topk=2.56 total=27.04
[OPROJ_INNER] slicewait=12.36 mfma=3.04 bar=6.92 rmsnorm_router=1.44 topk=0.48 total=24.24
[OPROJ_INNER] slicewait=2.48 mfma=3.76 bar=3.76 rmsnorm_router=1.44 topk=11.00 total=22.44
[OPROJ_INNER] slicewait=12.16 mfma=3.88 bar=6.04 rmsnorm_router=1.40 topk=3.52 total=27.00
[OPROJ_INNER] slicewait=6.00 mfma=5.80 bar=10.88 rmsnorm_router=1.48 topk=2.96 total=27.12
[OPROJ_INNER] slicewait=5.36 mfma=4.60 bar=6.28 rmsnorm_router=1.76 topk=1.92 total=19.92
[OPROJ_INNER] slicewait=4.56 mfma=3.84 bar=6.28 rmsnorm_router=1.44 topk=0.72 total=16.84
[OPROJ_INNER] slicewait=8.56 mfma=2.36 bar=10.64 rmsnorm_router=1.44 topk=2.40 total=25.40
[OPROJ_INNER] slicewait=3.28 mfma=3.76 bar=3.24 rmsnorm_router=1.48 topk=0.40 total=12.16
[OPROJ_INNER] slicewait=10.52 mfma=3.84 bar=6.60 rmsnorm_router=1.44 topk=2.64 total=25.04
[OPROJ_INNER] slicewait=6.68 mfma=3.08 bar=9.76 rmsnorm_router=1.52 topk=0.96 total=22.00
[OPROJ_INNER] slicewait=1.88 mfma=4.56 bar=3.16 rmsnorm_router=1.44 topk=1.24 total=12.28
[OPROJ_INNER] slicewait=3.28 mfma=4.80 bar=6.36 rmsnorm_router=1.44 topk=2.28 total=18.16
[OPROJ_INNER] slicewait=9.00 mfma=4.68 bar=5.20 rmsnorm_router=1.40 topk=2.48 total=22.76
[OPROJ_INNER] slicewait=5.60 mfma=9.12 bar=9.52 rmsnorm_router=1.64 topk=0.52 total=26.40
[OPROJ_INNER] slicewait=3.60 mfma=14.12 bar=8.00 rmsnorm_router=1.60 topk=0.40 total=27.72
[OPROJ_INNER] slicewait=7.40 mfma=3.80 bar=3.20 rmsnorm_router=1.48 topk=0.52 total=16.40
[OPROJ_INNER] slicewait=1.96 mfma=4.00 bar=2.56 rmsnorm_router=1.48 topk=0.56 total=10.56
[OPROJ_INNER] slicewait=4.16 mfma=8.04 bar=8.28 rmsnorm_router=1.44 topk=3.44 total=25.36
[OPROJ_INNER] slicewait=4.84 mfma=6.92 bar=9.92 rmsnorm_router=1.40 topk=1.88 total=24.96
[OPROJ_INNER] slicewait=2.88 mfma=3.84 bar=3.64 rmsnorm_router=1.48 topk=3.60 total=15.44
[OPROJ_INNER] slicewait=10.72 mfma=9.08 bar=5.76 rmsnorm_router=1.72 topk=1.44 total=28.72
[OPROJ_INNER] slicewait=2.88 mfma=9.32 bar=10.12 rmsnorm_router=1.48 topk=1.76 total=25.56
[OPROJ_INNER] slicewait=2.88 mfma=8.84 bar=10.56 rmsnorm_router=1.48 topk=1.16 total=24.92
[OPROJ_INNER] slicewait=2.36 mfma=3.76 bar=2.60 rmsnorm_router=1.68 topk=0.88 total=11.28
[OPROJ_INNER] slicewait=3.04 mfma=10.28 bar=8.60 rmsnorm_router=1.40 topk=2.52 total=25.84
[OPROJ_INNER] slicewait=3.56 mfma=3.76 bar=3.48 rmsnorm_router=1.44 topk=1.84 total=14.08
[OPROJ_INNER] slicewait=4.36 mfma=9.52 bar=7.72 rmsnorm_router=1.52 topk=1.44 total=24.56
[OPROJ_INNER] slicewait=2.92 mfma=3.76 bar=3.64 rmsnorm_router=1.52 topk=2.36 total=14.20
[OPROJ_INNER] slicewait=8.36 mfma=6.68 bar=7.20 rmsnorm_router=1.44 topk=3.88 total=27.56
[OPROJ_INNER] slicewait=5.04 mfma=10.88 bar=10.36 rmsnorm_router=1.44 topk=1.32 total=29.04
[OPROJ_INNER] slicewait=7.68 mfma=3.80 bar=3.72 rmsnorm_router=1.44 topk=0.96 total=17.60
[OPROJ_INNER] slicewait=10.68 mfma=10.32 bar=5.72 rmsnorm_router=1.44 topk=0.44 total=28.60
[OPROJ_INNER] slicewait=4.68 mfma=9.84 bar=10.16 rmsnorm_router=1.48 topk=1.44 total=27.60
[OPROJ_INNER] slicewait=5.84 mfma=6.32 bar=10.76 rmsnorm_router=1.44 topk=2.04 total=26.40
[OPROJ_INNER] slicewait=4.20 mfma=9.92 bar=10.64 rmsnorm_router=1.44 topk=2.96 total=29.16
[OPROJ_INNER] slicewait=8.08 mfma=3.92 bar=3.28 rmsnorm_router=1.68 topk=1.96 total=18.92
[OPROJ_INNER] slicewait=3.64 mfma=3.84 bar=3.84 rmsnorm_router=1.44 topk=3.08 total=15.84
[OPROJ_INNER] slicewait=2.80 mfma=13.56 bar=10.96 rmsnorm_router=1.44 topk=3.24 total=32.00
[OPROJ_INNER] slicewait=5.04 mfma=15.16 bar=5.96 rmsnorm_router=1.44 topk=1.76 total=29.36
[OPROJ_INNER] slicewait=4.40 mfma=10.80 bar=11.08 rmsnorm_router=1.44 topk=2.64 total=30.36
[OPROJ_INNER] slicewait=3.24 mfma=3.92 bar=3.68 rmsnorm_router=1.40 topk=3.20 total=15.44
[OPROJ_INNER] slicewait=2.80 mfma=14.04 bar=8.00 rmsnorm_router=1.48 topk=1.36 total=27.68
[OPROJ_INNER] slicewait=2.88 mfma=9.16 bar=9.80 rmsnorm_router=1.52 topk=0.64 total=24.00
[OPROJ_INNER] slicewait=5.84 mfma=14.36 bar=5.96 rmsnorm_router=1.52 topk=1.00 total=28.68
[OPROJ_INNER] slicewait=2.44 mfma=3.92 bar=3.64 rmsnorm_router=1.44 topk=10.64 total=22.08
[OPROJ_INNER] slicewait=1.28 mfma=13.00 bar=10.60 rmsnorm_router=1.44 topk=0.60 total=26.92
[OPROJ_INNER] slicewait=3.16 mfma=10.36 bar=8.68 rmsnorm_router=1.60 topk=0.36 total=24.16
[OPROJ_INNER] slicewait=5.08 mfma=11.60 bar=6.60 rmsnorm_router=1.44 topk=0.40 total=25.12
[OPROJ_INNER] slicewait=5.96 mfma=10.60 bar=7.68 rmsnorm_router=1.40 topk=3.12 total=28.76
[OPROJ_INNER] slicewait=3.48 mfma=9.68 bar=10.36 rmsnorm_router=1.44 topk=2.24 total=27.20
[OPROJ_INNER] slicewait=2.00 mfma=4.12 bar=2.76 rmsnorm_router=1.76 topk=2.24 total=12.88
[OPROJ_INNER] slicewait=8.84 mfma=3.88 bar=4.24 rmsnorm_router=1.48 topk=3.52 total=21.96
[OPROJ_INNER] slicewait=3.24 mfma=11.24 bar=9.72 rmsnorm_router=1.80 topk=1.96 total=27.96
[OPROJ_INNER] slicewait=7.52 mfma=10.44 bar=5.28 rmsnorm_router=1.56 topk=0.44 total=25.24
[OPROJ_INNER] slicewait=2.16 mfma=12.24 bar=10.88 rmsnorm_router=1.48 topk=2.72 total=29.48
[OPROJ_INNER] slicewait=8.72 mfma=3.68 bar=5.12 rmsnorm_router=1.44 topk=2.52 total=21.48
[OPROJ_INNER] slicewait=6.48 mfma=3.96 bar=7.12 rmsnorm_router=1.72 topk=1.36 total=20.64
[OPROJ_INNER] slicewait=4.16 mfma=12.64 bar=7.04 rmsnorm_router=1.40 topk=2.80 total=28.04
[OPROJ_INNER] slicewait=3.16 mfma=10.16 bar=7.96 rmsnorm_router=1.48 topk=3.60 total=26.36
[OPROJ_INNER] slicewait=2.56 mfma=3.76 bar=3.24 rmsnorm_router=1.44 topk=3.08 total=14.08
[OPROJ_INNER] slicewait=11.08 mfma=6.76 bar=6.68 rmsnorm_router=1.40 topk=3.08 total=29.00
[OPROJ_INNER] slicewait=5.20 mfma=16.48 bar=6.68 rmsnorm_router=1.44 topk=1.24 total=31.04
[OPROJ_INNER] slicewait=4.32 mfma=11.56 bar=11.04 rmsnorm_router=1.44 topk=2.00 total=30.36
[OPROJ_INNER] slicewait=10.96 mfma=9.56 bar=7.76 rmsnorm_router=1.44 topk=3.68 total=33.40
[OPROJ_INNER] slicewait=6.48 mfma=14.12 bar=8.08 rmsnorm_router=1.48 topk=2.04 total=32.20
[OPROJ_INNER] slicewait=3.20 mfma=12.32 bar=8.08 rmsnorm_router=1.44 topk=2.08 total=27.12
[OPROJ_INNER] slicewait=4.44 mfma=14.80 bar=10.04 rmsnorm_router=1.44 topk=1.28 total=32.00
[OPROJ_INNER] slicewait=2.12 mfma=3.96 bar=3.60 rmsnorm_router=1.48 topk=11.12 total=22.28
[OPROJ_INNER] slicewait=4.20 mfma=14.68 bar=11.16 rmsnorm_router=1.44 topk=2.64 total=34.12
[OPROJ_INNER] slicewait=2.32 mfma=4.96 bar=4.24 rmsnorm_router=1.48 topk=3.44 total=16.44
[OPROJ_INNER] slicewait=3.80 mfma=3.80 bar=5.60 rmsnorm_router=1.48 topk=1.76 total=16.44
[OPROJ_INNER] slicewait=3.24 mfma=5.92 bar=10.08 rmsnorm_router=1.48 topk=2.04 total=22.76
[OPROJ_INNER] slicewait=9.00 mfma=5.12 bar=5.48 rmsnorm_router=1.52 topk=0.40 total=21.52
[OPROJ_INNER] slicewait=8.04 mfma=4.72 bar=5.88 rmsnorm_router=1.44 topk=2.80 total=22.88
[OPROJ_INNER] slicewait=3.20 mfma=6.08 bar=9.64 rmsnorm_router=1.76 topk=1.44 total=22.12
[OPROJ_INNER] slicewait=2.12 mfma=4.80 bar=3.28 rmsnorm_router=1.48 topk=0.92 total=12.60
[OPROJ_INNER] slicewait=2.48 mfma=5.32 bar=5.80 rmsnorm_router=1.52 topk=0.76 total=15.88
[OPROJ_INNER] slicewait=9.88 mfma=2.44 bar=6.44 rmsnorm_router=1.44 topk=0.44 total=20.64
[OPROJ_INNER] slicewait=4.88 mfma=3.76 bar=5.12 rmsnorm_router=1.44 topk=1.68 total=16.88
[OPROJ_INNER] slicewait=8.24 mfma=1.68 bar=8.24 rmsnorm_router=1.52 topk=0.44 total=20.12
[OPROJ_INNER] slicewait=9.92 mfma=3.04 bar=6.60 rmsnorm_router=1.44 topk=0.40 total=21.40
[OPROJ_INNER] slicewait=7.96 mfma=3.88 bar=6.44 rmsnorm_router=1.48 topk=0.92 total=20.68
[OPROJ_INNER] slicewait=9.04 mfma=3.76 bar=4.84 rmsnorm_router=1.44 topk=3.68 total=22.76
[OPROJ_INNER] slicewait=4.64 mfma=3.80 bar=9.44 rmsnorm_router=1.48 topk=3.20 total=22.56
[OPROJ_INNER] slicewait=5.16 mfma=3.76 bar=4.96 rmsnorm_router=1.44 topk=0.84 total=16.16
[OPROJ_INNER] slicewait=6.76 mfma=3.80 bar=9.84 rmsnorm_router=1.40 topk=0.96 total=22.76
[OPROJ_INNER] slicewait=4.12 mfma=3.96 bar=3.60 rmsnorm_router=1.44 topk=2.04 total=15.16
[OPROJ_INNER] slicewait=2.64 mfma=3.92 bar=2.48 rmsnorm_router=1.44 topk=0.40 total=10.88
[OPROJ_INNER] slicewait=4.12 mfma=3.84 bar=5.00 rmsnorm_router=1.44 topk=0.40 total=14.80
[OPROJ_INNER] slicewait=2.16 mfma=4.56 bar=3.36 rmsnorm_router=1.48 topk=1.76 total=13.32
[OPROJ_INNER] slicewait=3.20 mfma=5.48 bar=4.28 rmsnorm_router=1.44 topk=3.24 total=17.64
[OPROJ_INNER] slicewait=4.16 mfma=3.92 bar=5.08 rmsnorm_router=1.76 topk=0.92 total=15.84
[OPROJ_INNER] slicewait=4.40 mfma=3.92 bar=6.28 rmsnorm_router=1.44 topk=2.20 total=18.24
[OPROJ_INNER] slicewait=3.28 mfma=3.80 bar=3.00 rmsnorm_router=1.56 topk=0.40 total=12.04
[OPROJ_INNER] slicewait=6.08 mfma=6.28 bar=6.76 rmsnorm_router=1.48 topk=0.40 total=21.00
[OPROJ_INNER] slicewait=3.24 mfma=5.44 bar=6.28 rmsnorm_router=1.44 topk=2.72 total=19.12
[OPROJ_INNER] slicewait=7.00 mfma=6.68 bar=5.48 rmsnorm_router=1.52 topk=1.20 total=21.88
[OPROJ_INNER] slicewait=3.52 mfma=7.08 bar=9.04 rmsnorm_router=1.52 topk=0.44 total=21.60
[OPROJ_INNER] slicewait=4.36 mfma=3.96 bar=9.48 rmsnorm_router=1.44 topk=1.28 total=20.52
[OPROJ_INNER] slicewait=4.08 mfma=4.60 bar=8.72 rmsnorm_router=1.44 topk=2.48 total=21.32
[OPROJ_INNER] slicewait=2.28 mfma=4.72 bar=3.40 rmsnorm_router=1.44 topk=2.80 total=14.64
[OPROJ_INNER] slicewait=2.88 mfma=12.84 bar=10.56 rmsnorm_router=1.44 topk=1.40 total=29.12
[OPROJ_INNER] slicewait=2.80 mfma=11.44 bar=9.16 rmsnorm_router=1.44 topk=2.52 total=27.36
[OPROJ_INNER] slicewait=5.32 mfma=11.40 bar=6.20 rmsnorm_router=1.44 topk=2.44 total=26.80
[OPROJ_INNER] slicewait=1.72 mfma=16.96 bar=8.92 rmsnorm_router=1.44 topk=1.44 total=30.48
[OPROJ_INNER] slicewait=3.20 mfma=13.24 bar=10.24 rmsnorm_router=1.44 topk=2.52 total=30.64
[OPROJ_INNER] slicewait=7.00 mfma=13.60 bar=7.12 rmsnorm_router=1.40 topk=3.12 total=32.24
[OPROJ_INNER] slicewait=10.04 mfma=8.84 bar=7.24 rmsnorm_router=1.48 topk=3.00 total=30.60
[OPROJ_INNER] slicewait=1.84 mfma=4.08 bar=3.80 rmsnorm_router=1.48 topk=9.72 total=20.92
[OPROJ_INNER] slicewait=4.20 mfma=10.72 bar=10.04 rmsnorm_router=1.44 topk=0.60 total=27.00
[OPROJ_INNER] slicewait=4.60 mfma=14.68 bar=9.72 rmsnorm_router=1.48 topk=2.92 total=33.40
[OPROJ_INNER] slicewait=10.68 mfma=3.92 bar=4.04 rmsnorm_router=1.44 topk=0.68 total=20.76
[OPROJ_INNER] slicewait=11.16 mfma=3.92 bar=4.28 rmsnorm_router=1.56 topk=0.44 total=21.36
[OPROJ_INNER] slicewait=6.20 mfma=12.60 bar=10.04 rmsnorm_router=1.44 topk=1.56 total=31.84
[OPROJ_INNER] slicewait=9.68 mfma=12.56 bar=7.00 rmsnorm_router=1.44 topk=2.04 total=32.72
[OPROJ_INNER] slicewait=1.92 mfma=4.12 bar=3.20 rmsnorm_router=1.44 topk=2.64 total=13.32
[OPROJ_INNER] slicewait=4.40 mfma=10.92 bar=8.04 rmsnorm_router=1.76 topk=1.16 total=26.28
[OPROJ_INNER] slicewait=5.84 mfma=3.76 bar=6.20 rmsnorm_router=1.68 topk=0.40 total=17.88
[OPROJ_INNER] slicewait=1.84 mfma=4.44 bar=3.52 rmsnorm_router=1.40 topk=3.00 total=14.20
[OPROJ_INNER] slicewait=2.40 mfma=4.44 bar=3.00 rmsnorm_router=1.48 topk=1.68 total=13.00
[OPROJ_INNER] slicewait=7.00 mfma=6.08 bar=8.96 rmsnorm_router=1.40 topk=0.72 total=24.16
[OPROJ_INNER] slicewait=11.80 mfma=3.88 bar=5.76 rmsnorm_router=1.44 topk=3.60 total=26.48
[OPROJ_INNER] slicewait=4.28 mfma=5.88 bar=9.52 rmsnorm_router=1.40 topk=1.84 total=22.92
[OPROJ_INNER] slicewait=2.96 mfma=7.04 bar=6.36 rmsnorm_router=1.56 topk=1.48 total=19.40
[OPROJ_INNER] slicewait=10.48 mfma=5.68 bar=6.12 rmsnorm_router=1.44 topk=2.40 total=26.12
[OPROJ_INNER] slicewait=3.56 mfma=14.44 bar=9.40 rmsnorm_router=1.56 topk=0.44 total=29.40
[OPROJ_INNER] slicewait=2.52 mfma=4.40 bar=3.08 rmsnorm_router=1.44 topk=1.48 total=12.92
[OPROJ_INNER] slicewait=0.72 mfma=20.04 bar=8.96 rmsnorm_router=1.48 topk=1.84 total=33.04
[OPROJ_INNER] slicewait=3.08 mfma=3.80 bar=3.36 rmsnorm_router=1.44 topk=2.80 total=14.48
[OPROJ_INNER] slicewait=3.28 mfma=11.76 bar=8.76 rmsnorm_router=1.84 topk=1.84 total=27.48
[OPROJ_INNER] slicewait=1.44 mfma=21.76 bar=6.76 rmsnorm_router=1.40 topk=2.88 total=34.24
[OPROJ_INNER] slicewait=5.56 mfma=16.80 bar=6.76 rmsnorm_router=1.40 topk=2.64 total=33.16
[OPROJ_INNER] slicewait=3.00 mfma=8.40 bar=9.84 rmsnorm_router=1.56 topk=1.44 total=24.24
[OPROJ_INNER] slicewait=2.96 mfma=8.68 bar=9.92 rmsnorm_router=1.44 topk=1.68 total=24.68
[OPROJ_INNER] slicewait=3.40 mfma=9.04 bar=8.60 rmsnorm_router=1.44 topk=0.40 total=22.88
[OPROJ_INNER] slicewait=11.56 mfma=3.80 bar=5.72 rmsnorm_router=1.44 topk=1.88 total=24.40
[OPROJ_INNER] slicewait=2.52 mfma=3.88 bar=3.76 rmsnorm_router=1.44 topk=3.36 total=14.96
[OPROJ_INNER] slicewait=4.52 mfma=3.88 bar=3.08 rmsnorm_router=1.84 topk=0.64 total=13.96
[OPROJ_INNER] slicewait=5.76 mfma=3.96 bar=7.52 rmsnorm_router=1.44 topk=3.36 total=22.04
[OPROJ_INNER] slicewait=10.16 mfma=5.80 bar=5.36 rmsnorm_router=1.48 topk=0.40 total=23.20
[OPROJ_INNER] slicewait=2.04 mfma=12.20 bar=7.68 rmsnorm_router=1.64 topk=1.36 total=24.92
[OPROJ_INNER] slicewait=8.64 mfma=1.68 bar=7.64 rmsnorm_router=1.44 topk=0.44 total=19.84
[OPROJ_INNER] slicewait=4.00 mfma=3.96 bar=6.84 rmsnorm_router=1.48 topk=0.44 total=16.72
[OPROJ_INNER] slicewait=2.84 mfma=3.80 bar=3.04 rmsnorm_router=1.44 topk=0.44 total=11.56
[OPROJ_INNER] slicewait=4.68 mfma=2.12 bar=11.84 rmsnorm_router=1.48 topk=1.92 total=22.04
[OPROJ_INNER] slicewait=3.96 mfma=3.80 bar=4.32 rmsnorm_router=1.44 topk=3.84 total=17.36
[OPROJ_INNER] slicewait=3.88 mfma=3.76 bar=5.80 rmsnorm_router=1.56 topk=1.44 total=16.44
[OPROJ_INNER] slicewait=7.76 mfma=3.80 bar=6.16 rmsnorm_router=1.48 topk=0.84 total=20.04
[OPROJ_INNER] slicewait=3.56 mfma=4.24 bar=9.88 rmsnorm_router=1.64 topk=1.16 total=20.48
[OPROJ_INNER] slicewait=7.72 mfma=5.52 bar=5.48 rmsnorm_router=1.48 topk=0.40 total=20.60
[OPROJ_INNER] slicewait=8.96 mfma=5.24 bar=5.76 rmsnorm_router=1.44 topk=2.04 total=23.44
[OPROJ_INNER] slicewait=4.08 mfma=4.96 bar=8.52 rmsnorm_router=1.48 topk=0.40 total=19.44
[OPROJ_INNER] slicewait=4.80 mfma=3.84 bar=10.36 rmsnorm_router=1.44 topk=0.92 total=21.36
[OPROJ_INNER] slicewait=7.88 mfma=5.72 bar=5.16 rmsnorm_router=1.76 topk=1.80 total=22.32
[OPROJ_INNER] slicewait=5.48 mfma=3.88 bar=8.16 rmsnorm_router=1.72 topk=0.88 total=20.12
[OPROJ_INNER] slicewait=7.88 mfma=5.96 bar=6.08 rmsnorm_router=1.48 topk=1.52 total=22.92
[OPROJ_INNER] slicewait=3.04 mfma=6.00 bar=5.12 rmsnorm_router=1.44 topk=3.36 total=18.96
[OPROJ_INNER] slicewait=4.16 mfma=8.12 bar=8.32 rmsnorm_router=1.48 topk=0.84 total=22.92
[OPROJ_INNER] slicewait=7.60 mfma=5.92 bar=7.96 rmsnorm_router=1.44 topk=2.72 total=25.64
[OPROJ_INNER] slicewait=2.20 mfma=12.00 bar=8.08 rmsnorm_router=1.48 topk=1.00 total=24.76
[OPROJ_INNER] slicewait=3.20 mfma=6.04 bar=10.52 rmsnorm_router=1.40 topk=2.44 total=23.60
[OPROJ_INNER] slicewait=9.08 mfma=5.68 bar=7.36 rmsnorm_router=1.48 topk=3.80 total=27.40
[OPROJ_INNER] slicewait=4.16 mfma=6.24 bar=6.28 rmsnorm_router=1.48 topk=2.76 total=20.92
[OPROJ_INNER] slicewait=3.60 mfma=3.80 bar=3.28 rmsnorm_router=1.44 topk=1.64 total=13.76
[OPROJ_INNER] slicewait=1.76 mfma=4.48 bar=3.68 rmsnorm_router=1.44 topk=3.36 total=14.72
[OPROJ_INNER] slicewait=3.60 mfma=7.64 bar=9.16 rmsnorm_router=1.44 topk=2.44 total=24.28
[OPROJ_INNER] slicewait=5.24 mfma=5.16 bar=3.04 rmsnorm_router=1.72 topk=0.68 total=15.84
[OPROJ_INNER] slicewait=4.92 mfma=4.96 bar=9.68 rmsnorm_router=1.44 topk=3.32 total=24.32
[OPROJ_INNER] slicewait=3.20 mfma=11.24 bar=5.24 rmsnorm_router=1.72 topk=0.44 total=21.84
[OPROJ_INNER] slicewait=3.40 mfma=7.36 bar=9.72 rmsnorm_router=1.40 topk=1.96 total=23.84
[OPROJ_INNER] slicewait=7.00 mfma=6.20 bar=7.08 rmsnorm_router=1.40 topk=3.76 total=25.44
[OPROJ_INNER] slicewait=5.72 mfma=3.84 bar=7.36 rmsnorm_router=1.44 topk=1.60 total=19.96
[OPROJ_INNER] slicewait=1.52 mfma=4.36 bar=3.52 rmsnorm_router=1.40 topk=3.08 total=13.88
[OPROJ_INNER] slicewait=1.16 mfma=4.24 bar=3.48 rmsnorm_router=1.44 topk=3.20 total=13.52
[OPROJ_INNER] slicewait=4.32 mfma=4.68 bar=3.20 rmsnorm_router=1.48 topk=0.84 total=14.52
[OPROJ_INNER] slicewait=2.24 mfma=9.16 bar=11.88 rmsnorm_router=1.40 topk=3.32 total=28.00
[OPROJ_INNER] slicewait=3.52 mfma=10.68 bar=8.44 rmsnorm_router=1.48 topk=2.40 total=26.52
[OPROJ_INNER] slicewait=5.16 mfma=9.36 bar=7.72 rmsnorm_router=1.60 topk=0.92 total=24.76
[OPROJ_INNER] slicewait=3.32 mfma=9.88 bar=9.72 rmsnorm_router=1.44 topk=2.20 total=26.56
[OPROJ_INNER] slicewait=4.16 mfma=7.08 bar=6.12 rmsnorm_router=1.48 topk=3.56 total=22.40
[OPROJ_INNER] slicewait=7.20 mfma=3.80 bar=6.92 rmsnorm_router=1.44 topk=2.88 total=22.24
[OPROJ_INNER] slicewait=6.32 mfma=6.04 bar=4.16 rmsnorm_router=1.44 topk=2.36 total=20.32
[OPROJ_INNER] slicewait=7.80 mfma=5.56 bar=5.24 rmsnorm_router=1.64 topk=1.60 total=21.84
[OPROJ_INNER] slicewait=2.92 mfma=5.64 bar=11.04 rmsnorm_router=1.40 topk=3.24 total=24.24
[OPROJ_INNER] slicewait=0.68 mfma=12.12 bar=7.32 rmsnorm_router=1.44 topk=0.60 total=22.16
[OPROJ_INNER] slicewait=3.00 mfma=5.96 bar=5.12 rmsnorm_router=1.40 topk=3.68 total=19.16
[OPROJ_INNER] slicewait=3.08 mfma=5.24 bar=11.32 rmsnorm_router=1.40 topk=3.44 total=24.48
[OPROJ_INNER] slicewait=2.08 mfma=7.20 bar=11.08 rmsnorm_router=1.44 topk=2.48 total=24.28
[OPROJ_INNER] slicewait=6.80 mfma=6.36 bar=6.16 rmsnorm_router=1.48 topk=1.72 total=22.52
[OPROJ_INNER] slicewait=3.24 mfma=6.92 bar=7.84 rmsnorm_router=1.48 topk=2.36 total=21.84
[OPROJ_INNER] slicewait=3.72 mfma=7.72 bar=9.48 rmsnorm_router=1.44 topk=0.44 total=22.80
[OPROJ_INNER] slicewait=2.24 mfma=3.88 bar=3.36 rmsnorm_router=1.44 topk=2.72 total=13.64
[OPROJ_INNER] slicewait=3.72 mfma=8.44 bar=9.40 rmsnorm_router=1.44 topk=2.84 total=25.84
[OPROJ_INNER] slicewait=4.00 mfma=12.68 bar=6.68 rmsnorm_router=1.44 topk=1.52 total=26.32
[OPROJ_INNER] slicewait=2.36 mfma=3.80 bar=2.68 rmsnorm_router=1.76 topk=1.32 total=11.92
[OPROJ_INNER] slicewait=5.60 mfma=3.96 bar=6.36 rmsnorm_router=1.44 topk=2.52 total=19.88
[OPROJ_INNER] slicewait=7.28 mfma=9.20 bar=5.84 rmsnorm_router=1.40 topk=2.44 total=26.16
[OPROJ_INNER] slicewait=5.92 mfma=17.40 bar=5.16 rmsnorm_router=1.60 topk=0.40 total=30.48
[OPROJ_INNER] slicewait=3.44 mfma=15.32 bar=9.92 rmsnorm_router=1.48 topk=3.28 total=33.44
[OPROJ_INNER] slicewait=3.56 mfma=14.88 bar=8.76 rmsnorm_router=1.48 topk=0.40 total=29.08
[OPROJ_INNER] slicewait=2.20 mfma=21.24 bar=6.64 rmsnorm_router=1.48 topk=3.32 total=34.88
[OPROJ_INNER] slicewait=2.96 mfma=3.76 bar=3.28 rmsnorm_router=1.52 topk=2.00 total=13.52
[OPROJ_INNER] slicewait=5.80 mfma=17.12 bar=5.88 rmsnorm_router=1.44 topk=2.92 total=33.16
[OPROJ_INNER] slicewait=3.84 mfma=14.52 bar=10.36 rmsnorm_router=1.40 topk=3.68 total=33.80
[OPROJ_INNER] slicewait=3.68 mfma=8.48 bar=9.92 rmsnorm_router=1.64 topk=0.80 total=24.52
[OPROJ_INNER] slicewait=3.48 mfma=3.80 bar=3.12 rmsnorm_router=1.44 topk=0.56 total=12.40
[OPROJ_INNER] slicewait=2.80 mfma=7.68 bar=7.88 rmsnorm_router=1.44 topk=1.28 total=21.08
[OPROJ_INNER] slicewait=5.56 mfma=3.92 bar=3.68 rmsnorm_router=1.48 topk=1.80 total=16.44
[OPROJ_INNER] slicewait=6.08 mfma=10.88 bar=7.96 rmsnorm_router=1.40 topk=1.00 total=27.32
[OPROJ_INNER] slicewait=8.72 mfma=6.24 bar=10.92 rmsnorm_router=1.40 topk=1.00 total=28.28
[OPROJ_INNER] slicewait=2.52 mfma=3.92 bar=3.80 rmsnorm_router=1.40 topk=9.24 total=20.88
[OPROJ_INNER] slicewait=6.88 mfma=3.72 bar=8.28 rmsnorm_router=1.40 topk=3.48 total=23.76
[OPROJ_INNER] slicewait=14.92 mfma=3.88 bar=5.76 rmsnorm_router=1.48 topk=3.64 total=29.68
[OPROJ_INNER] slicewait=7.36 mfma=16.44 bar=6.00 rmsnorm_router=1.56 topk=0.40 total=31.76
[OPROJ_INNER] slicewait=8.16 mfma=17.52 bar=5.60 rmsnorm_router=1.44 topk=1.28 total=34.00
[OPROJ_INNER] slicewait=4.60 mfma=12.64 bar=9.72 rmsnorm_router=1.44 topk=1.96 total=30.36
[OPROJ_INNER] slicewait=4.52 mfma=10.64 bar=9.32 rmsnorm_router=1.56 topk=0.40 total=26.44
[OPROJ_INNER] slicewait=4.40 mfma=11.24 bar=8.32 rmsnorm_router=1.44 topk=3.68 total=29.08
[OPROJ_INNER] slicewait=7.56 mfma=16.52 bar=6.72 rmsnorm_router=1.44 topk=3.52 total=35.76
[OPROJ_INNER] slicewait=6.48 mfma=15.36 bar=9.72 rmsnorm_router=1.40 topk=2.96 total=35.92
[OPROJ_INNER] slicewait=3.60 mfma=3.80 bar=3.36 rmsnorm_router=1.44 topk=2.56 total=14.76
[OPROJ_INNER] slicewait=4.36 mfma=5.32 bar=10.28 rmsnorm_router=1.48 topk=2.08 total=23.52
[OPROJ_INNER] slicewait=4.36 mfma=6.52 bar=10.24 rmsnorm_router=1.44 topk=3.32 total=25.88
[OPROJ_INNER] slicewait=7.68 mfma=9.56 bar=6.64 rmsnorm_router=1.48 topk=3.40 total=28.76
[OPROJ_INNER] slicewait=7.28 mfma=7.88 bar=6.96 rmsnorm_router=1.48 topk=0.80 total=24.40
[OPROJ_INNER] slicewait=6.96 mfma=8.12 bar=6.48 rmsnorm_router=1.44 topk=3.04 total=26.04
[OPROJ_INNER] slicewait=5.96 mfma=3.96 bar=7.08 rmsnorm_router=1.44 topk=2.44 total=20.88
[OPROJ_INNER] slicewait=6.56 mfma=3.76 bar=6.28 rmsnorm_router=1.40 topk=0.92 total=18.92
[OPROJ_INNER] slicewait=1.88 mfma=4.40 bar=3.32 rmsnorm_router=1.44 topk=2.56 total=13.60
[OPROJ_INNER] slicewait=6.24 mfma=4.68 bar=8.84 rmsnorm_router=1.44 topk=0.60 total=21.80
[OPROJ_INNER] slicewait=4.92 mfma=9.56 bar=9.40 rmsnorm_router=1.56 topk=0.44 total=25.88
[OPROJ_INNER] slicewait=3.68 mfma=3.92 bar=2.56 rmsnorm_router=1.44 topk=0.40 total=12.00
[OPROJ_INNER] slicewait=14.96 mfma=7.76 bar=4.96 rmsnorm_router=1.48 topk=2.08 total=31.24
[OPROJ_INNER] slicewait=16.00 mfma=6.80 bar=3.84 rmsnorm_router=1.80 topk=1.76 total=30.20
[OPROJ_INNER] slicewait=6.28 mfma=11.88 bar=8.64 rmsnorm_router=1.52 topk=1.16 total=29.48
[OPROJ_INNER] slicewait=5.20 mfma=9.40 bar=8.12 rmsnorm_router=1.76 topk=1.08 total=25.56
[OPROJ_INNER] slicewait=4.32 mfma=3.84 bar=3.28 rmsnorm_router=1.44 topk=2.44 total=15.32
[OPROJ_INNER] slicewait=2.20 mfma=3.84 bar=3.04 rmsnorm_router=1.44 topk=2.28 total=12.80
[OPROJ_INNER] slicewait=2.16 mfma=13.60 bar=9.52 rmsnorm_router=1.72 topk=0.44 total=27.44
[OPROJ_INNER] slicewait=4.00 mfma=11.52 bar=9.28 rmsnorm_router=1.48 topk=0.88 total=27.16
[OPROJ_INNER] slicewait=6.36 mfma=4.04 bar=8.96 rmsnorm_router=1.44 topk=2.40 total=23.20
[OPROJ_INNER] slicewait=5.32 mfma=6.24 bar=8.16 rmsnorm_router=1.56 topk=1.24 total=22.52
[OPROJ_INNER] slicewait=2.24 mfma=4.76 bar=3.52 rmsnorm_router=1.44 topk=3.32 total=15.28
[OPROJ_INNER] slicewait=4.84 mfma=14.32 bar=6.60 rmsnorm_router=1.48 topk=2.64 total=29.88
[OPROJ_INNER] slicewait=2.64 mfma=17.76 bar=5.72 rmsnorm_router=1.48 topk=1.76 total=29.36
[OPROJ_INNER] slicewait=5.72 mfma=3.88 bar=4.88 rmsnorm_router=1.44 topk=2.32 total=18.24
[OPROJ_INNER] slicewait=9.44 mfma=4.00 bar=6.84 rmsnorm_router=1.72 topk=0.40 total=22.40
[OPROJ_INNER] slicewait=8.40 mfma=3.88 bar=3.96 rmsnorm_router=1.44 topk=0.48 total=18.16
[OPROJ_INNER] slicewait=6.04 mfma=5.84 bar=9.16 rmsnorm_router=1.40 topk=1.12 total=23.56
[OPROJ_INNER] slicewait=2.32 mfma=4.52 bar=3.36 rmsnorm_router=1.44 topk=2.40 total=14.04
[OPROJ_INNER] slicewait=9.96 mfma=3.84 bar=5.96 rmsnorm_router=1.44 topk=1.92 total=23.12
[OPROJ_INNER] slicewait=5.92 mfma=6.52 bar=8.28 rmsnorm_router=1.40 topk=1.12 total=23.24
[OPROJ_INNER] slicewait=5.68 mfma=6.12 bar=9.04 rmsnorm_router=1.80 topk=1.32 total=23.96
[OPROJ_INNER] slicewait=5.68 mfma=3.28 bar=10.76 rmsnorm_router=1.44 topk=0.40 total=21.56
[OPROJ_INNER] slicewait=10.92 mfma=3.04 bar=4.80 rmsnorm_router=1.56 topk=0.40 total=20.72
[OPROJ_INNER] slicewait=5.12 mfma=4.20 bar=9.00 rmsnorm_router=1.48 topk=3.08 total=22.88
[OPROJ_INNER] slicewait=5.00 mfma=3.80 bar=4.92 rmsnorm_router=1.44 topk=2.92 total=18.08
[OPROJ_INNER] slicewait=5.16 mfma=3.76 bar=4.96 rmsnorm_router=1.36 topk=2.60 total=17.84
[OPROJ_INNER] slicewait=10.64 mfma=3.04 bar=5.84 rmsnorm_router=1.48 topk=0.44 total=21.44
[OPROJ_INNER] slicewait=3.92 mfma=3.92 bar=3.12 rmsnorm_router=1.72 topk=1.52 total=14.20
[OPROJ_INNER] slicewait=6.84 mfma=3.84 bar=3.84 rmsnorm_router=1.64 topk=1.88 total=18.04
[OPROJ_INNER] slicewait=5.44 mfma=7.64 bar=8.60 rmsnorm_router=1.44 topk=1.76 total=24.88
[OPROJ_INNER] slicewait=3.20 mfma=9.44 bar=9.76 rmsnorm_router=1.44 topk=2.76 total=26.60
[OPROJ_INNER] slicewait=9.48 mfma=3.80 bar=8.20 rmsnorm_router=1.52 topk=0.36 total=23.36
[OPROJ_INNER] slicewait=10.36 mfma=3.92 bar=8.32 rmsnorm_router=1.44 topk=3.16 total=27.20
[OPROJ_INNER] slicewait=3.04 mfma=7.96 bar=11.96 rmsnorm_router=1.44 topk=2.28 total=26.68
[OPROJ_INNER] slicewait=2.04 mfma=3.92 bar=3.68 rmsnorm_router=1.44 topk=3.64 total=14.72
[OPROJ_INNER] slicewait=3.48 mfma=8.48 bar=11.08 rmsnorm_router=1.44 topk=2.28 total=26.76
[OPROJ_INNER] slicewait=2.84 mfma=13.04 bar=7.08 rmsnorm_router=1.52 topk=1.72 total=26.20
[OPROJ_INNER] slicewait=2.92 mfma=5.16 bar=10.72 rmsnorm_router=1.40 topk=0.80 total=21.00
[OPROJ_INNER] slicewait=0.80 mfma=10.92 bar=7.96 rmsnorm_router=1.44 topk=0.44 total=21.56
[OPROJ_INNER] slicewait=1.56 mfma=6.64 bar=11.64 rmsnorm_router=1.44 topk=2.00 total=23.28
[OPROJ_INNER] slicewait=4.52 mfma=6.88 bar=7.64 rmsnorm_router=1.40 topk=1.24 total=21.68
[OPROJ_INNER] slicewait=2.56 mfma=6.12 bar=5.84 rmsnorm_router=1.44 topk=3.36 total=19.32
[OPROJ_INNER] slicewait=7.00 mfma=5.60 bar=6.24 rmsnorm_router=1.44 topk=2.80 total=23.08
[OPROJ_INNER] slicewait=8.80 mfma=3.92 bar=4.96 rmsnorm_router=1.72 topk=1.12 total=20.52
[OPROJ_INNER] slicewait=3.00 mfma=5.80 bar=4.88 rmsnorm_router=1.52 topk=1.92 total=17.12
[OPROJ_INNER] slicewait=5.92 mfma=7.80 bar=6.44 rmsnorm_router=1.56 topk=0.40 total=22.12
[OPROJ_INNER] slicewait=11.64 mfma=3.20 bar=6.12 rmsnorm_router=1.68 topk=0.44 total=23.08
[OPROJ_INNER] slicewait=4.12 mfma=6.96 bar=10.72 rmsnorm_router=1.44 topk=1.76 total=25.00
[OPROJ_INNER] slicewait=4.20 mfma=4.68 bar=11.48 rmsnorm_router=1.44 topk=12.08 total=33.88
[OPROJ_INNER] slicewait=3.92 mfma=5.04 bar=7.92 rmsnorm_router=1.44 topk=2.68 total=21.00
[OPROJ_INNER] slicewait=8.40 mfma=5.88 bar=5.00 rmsnorm_router=1.40 topk=3.48 total=24.16
[OPROJ_INNER] slicewait=4.92 mfma=3.72 bar=5.84 rmsnorm_router=1.60 topk=1.28 total=17.36
[OPROJ_INNER] slicewait=3.16 mfma=3.88 bar=3.36 rmsnorm_router=1.44 topk=2.44 total=14.28
[OPROJ_INNER] slicewait=6.80 mfma=11.04 bar=8.76 rmsnorm_router=1.48 topk=1.36 total=29.44
[OPROJ_INNER] slicewait=2.24 mfma=3.80 bar=3.16 rmsnorm_router=1.48 topk=1.92 total=12.60
[OPROJ_INNER] slicewait=8.56 mfma=9.52 bar=10.16 rmsnorm_router=1.48 topk=3.76 total=33.48
[OPROJ_INNER] slicewait=6.16 mfma=5.84 bar=8.64 rmsnorm_router=1.56 topk=0.40 total=22.60
[OPROJ_INNER] slicewait=5.72 mfma=7.84 bar=4.28 rmsnorm_router=1.44 topk=1.84 total=21.12
[OPROJ_INNER] slicewait=6.00 mfma=3.80 bar=3.20 rmsnorm_router=1.48 topk=1.84 total=16.32
[OPROJ_INNER] slicewait=2.88 mfma=3.84 bar=3.72 rmsnorm_router=1.44 topk=11.12 total=23.00
[OPROJ_INNER] slicewait=4.76 mfma=7.28 bar=9.40 rmsnorm_router=1.60 topk=1.24 total=24.28
[OPROJ_INNER] slicewait=5.04 mfma=14.84 bar=7.96 rmsnorm_router=1.60 topk=0.48 total=29.92
[OPROJ_INNER] slicewait=4.00 mfma=11.00 bar=7.20 rmsnorm_router=1.52 topk=0.40 total=24.12
[OPROJ_INNER] slicewait=3.28 mfma=3.96 bar=3.76 rmsnorm_router=1.40 topk=9.80 total=22.20
[OPROJ_INNER] slicewait=11.76 mfma=9.12 bar=6.88 rmsnorm_router=1.56 topk=0.40 total=29.72
[OPROJ_INNER] slicewait=10.08 mfma=11.32 bar=6.64 rmsnorm_router=1.44 topk=3.40 total=32.88
[OPROJ_INNER] slicewait=4.44 mfma=7.80 bar=10.52 rmsnorm_router=1.56 topk=1.68 total=26.00
[OPROJ_INNER] slicewait=7.32 mfma=11.32 bar=7.56 rmsnorm_router=1.48 topk=1.84 total=29.52
[OPROJ_INNER] slicewait=4.16 mfma=12.20 bar=8.76 rmsnorm_router=1.60 topk=1.12 total=27.84
[OPROJ_INNER] slicewait=3.44 mfma=7.24 bar=8.64 rmsnorm_router=1.48 topk=0.64 total=21.44
[OPROJ_INNER] slicewait=2.64 mfma=3.92 bar=2.40 rmsnorm_router=1.56 topk=0.40 total=10.92
[OPROJ_INNER] slicewait=7.56 mfma=5.56 bar=5.84 rmsnorm_router=1.48 topk=2.28 total=22.72
[OPROJ_INNER] slicewait=0.76 mfma=9.88 bar=10.04 rmsnorm_router=1.40 topk=1.84 total=23.92
[OPROJ_INNER] slicewait=4.24 mfma=3.92 bar=3.04 rmsnorm_router=1.84 topk=1.00 total=14.04
[OPROJ_INNER] slicewait=5.40 mfma=3.92 bar=5.84 rmsnorm_router=1.48 topk=3.48 total=20.12
[OPROJ_INNER] slicewait=8.60 mfma=4.48 bar=7.00 rmsnorm_router=1.40 topk=2.32 total=23.80
[OPROJ_INNER] slicewait=5.08 mfma=3.80 bar=5.16 rmsnorm_router=1.48 topk=1.84 total=17.36
[OPROJ_INNER] slicewait=3.12 mfma=5.16 bar=10.48 rmsnorm_router=1.48 topk=0.52 total=20.76
[OPROJ_INNER] slicewait=7.32 mfma=5.36 bar=5.64 rmsnorm_router=1.52 topk=0.40 total=20.24
[OPROJ_INNER] slicewait=0.52 mfma=7.96 bar=11.28 rmsnorm_router=1.44 topk=0.48 total=21.68
[OPROJ_INNER] slicewait=2.64 mfma=5.32 bar=10.36 rmsnorm_router=1.44 topk=3.68 total=23.44
[OPROJ_INNER] slicewait=4.00 mfma=5.64 bar=4.16 rmsnorm_router=1.44 topk=1.72 total=16.96
[OPROJ_INNER] slicewait=8.64 mfma=3.88 bar=5.44 rmsnorm_router=1.40 topk=1.28 total=20.64
[OPROJ_INNER] slicewait=3.28 mfma=5.64 bar=5.04 rmsnorm_router=1.48 topk=2.92 total=18.36
[OPROJ_INNER] slicewait=7.00 mfma=5.96 bar=4.88 rmsnorm_router=1.40 topk=3.04 total=22.28
[OPROJ_INNER] slicewait=4.24 mfma=11.76 bar=9.20 rmsnorm_router=1.48 topk=3.52 total=30.20
[OPROJ_INNER] slicewait=2.36 mfma=3.76 bar=3.20 rmsnorm_router=1.40 topk=1.52 total=12.24
[OPROJ_INNER] slicewait=5.44 mfma=14.80 bar=7.68 rmsnorm_router=1.40 topk=2.64 total=31.96
[OPROJ_INNER] slicewait=2.96 mfma=3.80 bar=3.68 rmsnorm_router=1.48 topk=9.56 total=21.48
[OPROJ_INNER] slicewait=5.84 mfma=3.80 bar=3.24 rmsnorm_router=1.44 topk=1.40 total=15.72
[OPROJ_INNER] slicewait=3.08 mfma=8.24 bar=9.68 rmsnorm_router=1.44 topk=0.40 total=22.84
[OPROJ_INNER] slicewait=3.44 mfma=8.76 bar=8.24 rmsnorm_router=1.56 topk=1.28 total=23.28
[OPROJ_INNER] slicewait=4.08 mfma=12.00 bar=10.16 rmsnorm_router=1.44 topk=1.68 total=29.36
[OPROJ_INNER] slicewait=5.44 mfma=5.48 bar=3.96 rmsnorm_router=1.52 topk=0.48 total=16.88
[OPROJ_INNER] slicewait=4.28 mfma=4.88 bar=10.24 rmsnorm_router=1.44 topk=0.56 total=21.40
[OPROJ_INNER] slicewait=7.48 mfma=5.72 bar=5.28 rmsnorm_router=1.64 topk=1.00 total=21.12
[OPROJ_INNER] slicewait=2.68 mfma=5.72 bar=10.60 rmsnorm_router=1.40 topk=3.96 total=24.36
[OPROJ_INNER] slicewait=3.04 mfma=7.84 bar=9.00 rmsnorm_router=1.44 topk=0.56 total=21.88
[OPROJ_INNER] slicewait=7.64 mfma=5.40 bar=6.40 rmsnorm_router=1.44 topk=2.24 total=23.12
[OPROJ_INNER] slicewait=1.60 mfma=12.08 bar=6.32 rmsnorm_router=1.44 topk=0.40 total=21.84
[OPROJ_INNER] slicewait=2.84 mfma=5.76 bar=3.84 rmsnorm_router=1.84 topk=1.48 total=15.76
[OPROJ_INNER] slicewait=5.04 mfma=5.56 bar=8.96 rmsnorm_router=1.44 topk=2.20 total=23.20
[OPROJ_INNER] slicewait=5.08 mfma=3.92 bar=5.76 rmsnorm_router=1.40 topk=2.20 total=18.36
[OPROJ_INNER] slicewait=2.20 mfma=4.56 bar=3.24 rmsnorm_router=1.40 topk=2.12 total=13.52
[OPROJ_INNER] slicewait=9.68 mfma=5.68 bar=4.88 rmsnorm_router=1.48 topk=2.44 total=24.16
[OPROJ_INNER] slicewait=3.48 mfma=5.96 bar=6.48 rmsnorm_router=1.44 topk=3.00 total=20.36
[OPROJ_INNER] slicewait=2.80 mfma=3.92 bar=3.60 rmsnorm_router=1.44 topk=2.88 total=14.64
[OPROJ_INNER] slicewait=11.00 mfma=4.00 bar=5.56 rmsnorm_router=1.40 topk=3.04 total=25.00
[OPROJ_INNER] slicewait=4.64 mfma=5.56 bar=8.88 rmsnorm_router=1.44 topk=2.60 total=23.12
[OPROJ_INNER] slicewait=7.84 mfma=11.68 bar=10.56 rmsnorm_router=1.40 topk=3.12 total=34.60
[OPROJ_INNER] slicewait=2.88 mfma=8.92 bar=10.40 rmsnorm_router=1.48 topk=0.40 total=24.08
[OPROJ_INNER] slicewait=6.08 mfma=15.64 bar=7.36 rmsnorm_router=1.44 topk=1.40 total=31.92
[OPROJ_INNER] slicewait=4.40 mfma=10.76 bar=8.00 rmsnorm_router=1.76 topk=0.84 total=25.76
[OPROJ_INNER] slicewait=7.52 mfma=13.64 bar=7.32 rmsnorm_router=1.48 topk=2.44 total=32.40
[OPROJ_INNER] slicewait=7.72 mfma=13.52 bar=7.20 rmsnorm_router=1.68 topk=1.04 total=31.16
[OPROJ_INNER] slicewait=3.32 mfma=9.04 bar=10.04 rmsnorm_router=1.40 topk=1.32 total=25.12
[OPROJ_INNER] slicewait=2.44 mfma=3.96 bar=3.76 rmsnorm_router=1.44 topk=9.76 total=21.36
[OPROJ_INNER] slicewait=11.20 mfma=10.08 bar=7.36 rmsnorm_router=1.40 topk=1.64 total=31.68
[OPROJ_INNER] slicewait=6.76 mfma=14.60 bar=6.16 rmsnorm_router=1.48 topk=1.92 total=30.92
[OPROJ_INNER] slicewait=4.96 mfma=7.08 bar=10.56 rmsnorm_router=1.44 topk=1.56 total=25.60
[OPROJ_INNER] slicewait=11.16 mfma=8.36 bar=6.60 rmsnorm_router=1.76 topk=1.64 total=29.52
[OPROJ_INNER] slicewait=5.40 mfma=8.88 bar=9.12 rmsnorm_router=1.40 topk=2.84 total=27.64
[OPROJ_INNER] slicewait=7.12 mfma=12.12 bar=8.12 rmsnorm_router=1.48 topk=1.04 total=29.88
[OPROJ_INNER] slicewait=5.12 mfma=9.60 bar=9.16 rmsnorm_router=1.48 topk=3.24 total=28.60
[OPROJ_INNER] slicewait=2.28 mfma=3.80 bar=2.76 rmsnorm_router=1.68 topk=1.16 total=11.68
[OPROJ_INNER] slicewait=2.52 mfma=13.52 bar=9.84 rmsnorm_router=1.44 topk=0.44 total=27.76
[OPROJ_INNER] slicewait=3.48 mfma=7.52 bar=10.44 rmsnorm_router=1.44 topk=1.76 total=24.64
[OPROJ_INNER] slicewait=3.72 mfma=7.28 bar=10.36 rmsnorm_router=1.48 topk=1.48 total=24.32
[OPROJ_INNER] slicewait=10.52 mfma=9.64 bar=5.80 rmsnorm_router=1.40 topk=3.76 total=31.12
[OPROJ_INNER] slicewait=3.20 mfma=11.20 bar=8.24 rmsnorm_router=1.44 topk=2.36 total=26.44
[OPROJ_INNER] slicewait=2.92 mfma=3.80 bar=3.20 rmsnorm_router=1.40 topk=2.00 total=13.32
[OPROJ_INNER] slicewait=7.56 mfma=10.20 bar=7.40 rmsnorm_router=1.44 topk=2.44 total=29.04
[OPROJ_INNER] slicewait=2.20 mfma=3.96 bar=3.56 rmsnorm_router=1.40 topk=3.92 total=15.04
[OPROJ_INNER] slicewait=7.52 mfma=11.88 bar=6.68 rmsnorm_router=1.44 topk=1.12 total=28.64
[OPROJ_INNER] slicewait=3.88 mfma=16.08 bar=7.80 rmsnorm_router=1.40 topk=2.72 total=31.88
[OPROJ_INNER] slicewait=0.84 mfma=18.60 bar=9.04 rmsnorm_router=1.40 topk=2.80 total=32.68
[OPROJ_INNER] slicewait=3.28 mfma=13.36 bar=9.36 rmsnorm_router=1.44 topk=3.64 total=31.08
[OPROJ_INNER] slicewait=1.44 mfma=18.56 bar=7.44 rmsnorm_router=1.64 topk=0.40 total=29.48
[OPROJ_INNER] slicewait=1.96 mfma=3.80 bar=3.72 rmsnorm_router=1.48 topk=9.16 total=20.12
[OPROJ_INNER] slicewait=5.68 mfma=14.16 bar=6.60 rmsnorm_router=1.60 topk=1.04 total=29.08
[OPROJ_INNER] slicewait=2.96 mfma=11.44 bar=9.52 rmsnorm_router=1.44 topk=2.08 total=27.44
[OPROJ_INNER] slicewait=2.96 mfma=6.96 bar=11.16 rmsnorm_router=1.44 topk=2.20 total=24.72
[OPROJ_INNER] slicewait=4.36 mfma=3.84 bar=3.12 rmsnorm_router=1.48 topk=0.64 total=13.44
[OPROJ_INNER] slicewait=3.20 mfma=5.72 bar=10.12 rmsnorm_router=1.48 topk=0.40 total=20.92
[OPROJ_INNER] slicewait=3.00 mfma=5.52 bar=4.24 rmsnorm_router=1.44 topk=3.44 total=17.64
[OPROJ_INNER] slicewait=5.88 mfma=3.76 bar=5.28 rmsnorm_router=1.44 topk=1.96 total=18.32
[OPROJ_INNER] slicewait=8.80 mfma=5.68 bar=5.52 rmsnorm_router=1.48 topk=0.44 total=21.92
[OPROJ_INNER] slicewait=3.80 mfma=6.04 bar=5.16 rmsnorm_router=1.40 topk=2.96 total=19.36
[OPROJ_INNER] slicewait=3.08 mfma=4.92 bar=3.44 rmsnorm_router=1.44 topk=2.00 total=14.88
[OPROJ_INNER] slicewait=9.76 mfma=9.60 bar=7.20 rmsnorm_router=1.48 topk=0.88 total=28.92
[OPROJ_INNER] slicewait=3.20 mfma=16.52 bar=9.16 rmsnorm_router=1.48 topk=3.12 total=33.48
[OPROJ_INNER] slicewait=3.84 mfma=14.80 bar=8.68 rmsnorm_router=1.72 topk=1.04 total=30.08
[OPROJ_INNER] slicewait=4.92 mfma=12.32 bar=10.52 rmsnorm_router=1.44 topk=3.24 total=32.44
[OPROJ_INNER] slicewait=2.16 mfma=4.16 bar=2.40 rmsnorm_router=1.44 topk=0.40 total=10.56
[OPROJ_INNER] slicewait=10.64 mfma=8.88 bar=6.52 rmsnorm_router=1.44 topk=1.40 total=28.88
[OPROJ_INNER] slicewait=6.16 mfma=8.96 bar=8.12 rmsnorm_router=1.48 topk=0.76 total=25.48
[OPROJ_INNER] slicewait=2.80 mfma=3.80 bar=2.60 rmsnorm_router=1.60 topk=0.96 total=11.76
[OPROJ_INNER] slicewait=4.48 mfma=7.52 bar=8.84 rmsnorm_router=1.44 topk=0.40 total=22.68
[OPROJ_INNER] slicewait=5.16 mfma=9.56 bar=10.76 rmsnorm_router=1.44 topk=2.40 total=29.32
[OPROJ_INNER] slicewait=5.92 mfma=14.24 bar=6.88 rmsnorm_router=1.44 topk=0.44 total=28.92
[OPROJ_INNER] slicewait=3.72 mfma=14.92 bar=8.00 rmsnorm_router=1.68 topk=1.12 total=29.44
[OPROJ_INNER] slicewait=6.80 mfma=14.00 bar=5.44 rmsnorm_router=1.68 topk=0.40 total=28.32
[OPROJ_INNER] slicewait=8.00 mfma=11.88 bar=6.88 rmsnorm_router=1.44 topk=2.88 total=31.08
[OPROJ_INNER] slicewait=2.04 mfma=4.12 bar=3.44 rmsnorm_router=1.40 topk=3.16 total=14.16
[OPROJ_INNER] slicewait=5.04 mfma=7.80 bar=10.16 rmsnorm_router=1.44 topk=2.24 total=26.68
[OPROJ_INNER] slicewait=11.60 mfma=9.36 bar=6.04 rmsnorm_router=1.44 topk=0.96 total=29.40
[OPROJ_INNER] slicewait=6.60 mfma=11.12 bar=8.76 rmsnorm_router=1.48 topk=1.52 total=29.48
[OPROJ_INNER] slicewait=6.28 mfma=3.80 bar=10.68 rmsnorm_router=1.44 topk=2.40 total=24.60
[OPROJ_INNER] slicewait=2.24 mfma=3.80 bar=3.64 rmsnorm_router=1.44 topk=2.44 total=13.56
[OPROJ_INNER] slicewait=5.80 mfma=4.48 bar=9.60 rmsnorm_router=1.72 topk=1.16 total=22.76
[OPROJ_INNER] slicewait=4.40 mfma=8.64 bar=10.28 rmsnorm_router=1.52 topk=0.92 total=25.76
[OPROJ_INNER] slicewait=11.04 mfma=7.84 bar=6.40 rmsnorm_router=1.64 topk=1.40 total=28.32
[OPROJ_INNER] slicewait=7.08 mfma=5.64 bar=4.00 rmsnorm_router=1.64 topk=1.60 total=19.96
[OPROJ_INNER] slicewait=4.28 mfma=6.12 bar=8.04 rmsnorm_router=1.44 topk=3.28 total=23.16
[OPROJ_INNER] slicewait=4.92 mfma=10.84 bar=7.80 rmsnorm_router=1.40 topk=2.16 total=27.12
[OPROJ_INNER] slicewait=10.44 mfma=8.72 bar=5.40 rmsnorm_router=1.48 topk=2.04 total=28.08
[OPROJ_INNER] slicewait=1.60 mfma=4.48 bar=3.52 rmsnorm_router=1.44 topk=9.56 total=20.60
[OPROJ_INNER] slicewait=8.32 mfma=3.96 bar=3.20 rmsnorm_router=1.60 topk=0.44 total=17.52
[OPROJ_INNER] slicewait=6.48 mfma=3.88 bar=7.48 rmsnorm_router=1.44 topk=3.48 total=22.76
[OPROJ_INNER] slicewait=7.00 mfma=8.08 bar=8.60 rmsnorm_router=1.36 topk=2.44 total=27.48
[OPROJ_INNER] slicewait=3.52 mfma=4.76 bar=3.24 rmsnorm_router=1.40 topk=2.00 total=14.92
[OPROJ_INNER] slicewait=3.04 mfma=15.12 bar=8.24 rmsnorm_router=1.40 topk=2.40 total=30.20
[OPROJ_INNER] slicewait=9.88 mfma=3.84 bar=4.40 rmsnorm_router=1.44 topk=2.52 total=22.08
[OPROJ_INNER] slicewait=3.88 mfma=11.72 bar=9.68 rmsnorm_router=1.76 topk=1.88 total=28.92
[OPROJ_INNER] slicewait=5.40 mfma=12.36 bar=8.56 rmsnorm_router=1.72 topk=0.80 total=28.84
[OPROJ_INNER] slicewait=2.64 mfma=3.96 bar=2.64 rmsnorm_router=1.48 topk=0.36 total=11.08
[OPROJ_INNER] slicewait=11.72 mfma=8.40 bar=5.80 rmsnorm_router=1.40 topk=3.68 total=31.00
[OPROJ_INNER] slicewait=5.84 mfma=5.60 bar=10.00 rmsnorm_router=1.44 topk=2.08 total=24.96
[OPROJ_INNER] slicewait=3.96 mfma=4.76 bar=3.92 rmsnorm_router=1.40 topk=3.92 total=17.96
[OPROJ_INNER] slicewait=3.04 mfma=16.24 bar=6.20 rmsnorm_router=1.56 topk=0.40 total=27.44
[OPROJ_INNER] slicewait=3.04 mfma=14.04 bar=8.04 rmsnorm_router=1.44 topk=0.64 total=27.20
[OPROJ_INNER] slicewait=4.24 mfma=11.20 bar=9.44 rmsnorm_router=1.44 topk=1.48 total=27.80
[OPROJ_INNER] slicewait=5.88 mfma=3.92 bar=3.24 rmsnorm_router=1.44 topk=1.92 total=16.40
[OPROJ_INNER] slicewait=2.96 mfma=8.48 bar=9.60 rmsnorm_router=1.60 topk=1.16 total=23.80
[OPROJ_INNER] slicewait=8.72 mfma=3.92 bar=3.28 rmsnorm_router=1.44 topk=1.08 total=18.44
[OPROJ_INNER] slicewait=2.36 mfma=4.52 bar=3.40 rmsnorm_router=1.48 topk=2.96 total=14.72
[OPROJ_INNER] slicewait=2.76 mfma=12.84 bar=10.04 rmsnorm_router=1.56 topk=1.08 total=28.28
[OPROJ_INNER] slicewait=4.64 mfma=6.72 bar=10.88 rmsnorm_router=1.40 topk=2.76 total=26.40
[OPROJ_INNER] slicewait=2.36 mfma=4.00 bar=2.76 rmsnorm_router=1.48 topk=1.12 total=11.72
[OPROJ_INNER] slicewait=9.80 mfma=9.44 bar=7.24 rmsnorm_router=1.48 topk=3.48 total=31.44
[OPROJ_INNER] slicewait=3.76 mfma=7.76 bar=7.96 rmsnorm_router=1.60 topk=0.40 total=21.48
[OPROJ_INNER] slicewait=2.56 mfma=3.92 bar=2.40 rmsnorm_router=1.56 topk=0.40 total=10.84
[OPROJ_INNER] slicewait=2.96 mfma=3.80 bar=3.36 rmsnorm_router=1.44 topk=2.72 total=14.28
[OPROJ_INNER] slicewait=6.68 mfma=4.64 bar=8.20 rmsnorm_router=1.44 topk=1.68 total=22.64
[OPROJ_INNER] slicewait=4.32 mfma=6.88 bar=9.64 rmsnorm_router=1.44 topk=2.08 total=24.36
[OPROJ_INNER] slicewait=2.24 mfma=14.40 bar=9.08 rmsnorm_router=1.48 topk=0.40 total=27.60
[OPROJ_INNER] slicewait=6.80 mfma=12.00 bar=6.40 rmsnorm_router=1.44 topk=0.48 total=27.12
[OPROJ_INNER] slicewait=0.56 mfma=17.24 bar=9.76 rmsnorm_router=1.44 topk=0.88 total=29.88
[OPROJ_INNER] slicewait=3.64 mfma=8.28 bar=8.20 rmsnorm_router=1.60 topk=1.24 total=22.96
[OPROJ_INNER] slicewait=4.20 mfma=9.76 bar=10.04 rmsnorm_router=1.48 topk=1.24 total=26.72
[OPROJ_INNER] slicewait=7.68 mfma=10.60 bar=7.04 rmsnorm_router=1.44 topk=3.48 total=30.24
[OPROJ_INNER] slicewait=5.24 mfma=12.24 bar=7.32 rmsnorm_router=1.72 topk=0.48 total=27.00
[OPROJ_INNER] slicewait=2.48 mfma=3.80 bar=3.44 rmsnorm_router=1.48 topk=2.56 total=13.76
[OPROJ_INNER] slicewait=11.04 mfma=7.32 bar=5.92 rmsnorm_router=1.64 topk=0.40 total=26.32
[OPROJ_INNER] slicewait=2.88 mfma=13.24 bar=8.92 rmsnorm_router=1.44 topk=2.36 total=28.84
[OPROJ_INNER] slicewait=3.20 mfma=12.92 bar=8.48 rmsnorm_router=1.60 topk=0.36 total=26.56
[OPROJ_INNER] slicewait=2.92 mfma=10.80 bar=11.00 rmsnorm_router=1.48 topk=3.68 total=29.88
[OPROJ_INNER] slicewait=5.92 mfma=5.12 bar=2.68 rmsnorm_router=1.48 topk=0.40 total=15.60
[OPROJ_INNER] slicewait=2.00 mfma=18.40 bar=6.44 rmsnorm_router=1.40 topk=3.64 total=31.88
[OPROJ_INNER] slicewait=2.48 mfma=4.16 bar=3.40 rmsnorm_router=1.44 topk=2.92 total=14.40
[OPROJ_INNER] slicewait=2.64 mfma=14.40 bar=9.60 rmsnorm_router=1.40 topk=3.52 total=31.56
[OPROJ_INNER] slicewait=2.32 mfma=11.40 bar=9.20 rmsnorm_router=1.40 topk=0.44 total=24.76
[OPROJ_INNER] slicewait=2.32 mfma=11.32 bar=10.52 rmsnorm_router=1.48 topk=2.08 total=27.72
[OPROJ_INNER] slicewait=5.20 mfma=6.88 bar=4.32 rmsnorm_router=1.40 topk=1.88 total=19.68
[OPROJ_INNER] slicewait=7.88 mfma=8.12 bar=5.00 rmsnorm_router=1.48 topk=3.28 total=25.76
[OPROJ_INNER] slicewait=2.60 mfma=4.00 bar=3.64 rmsnorm_router=1.44 topk=10.88 total=22.56
[OPROJ_INNER] slicewait=6.56 mfma=3.84 bar=8.60 rmsnorm_router=1.44 topk=2.28 total=22.72
[OPROJ_INNER] slicewait=6.00 mfma=7.64 bar=6.24 rmsnorm_router=1.64 topk=1.24 total=22.76
[OPROJ_INNER] slicewait=5.04 mfma=3.80 bar=3.24 rmsnorm_router=1.56 topk=2.00 total=15.64
[OPROJ_INNER] slicewait=4.68 mfma=7.44 bar=9.48 rmsnorm_router=1.40 topk=0.44 total=23.44
[OPROJ_INNER] slicewait=4.28 mfma=11.52 bar=10.20 rmsnorm_router=1.64 topk=0.40 total=28.04
[OPROJ_INNER] slicewait=5.72 mfma=3.92 bar=3.20 rmsnorm_router=1.40 topk=1.44 total=15.68
[OPROJ_INNER] slicewait=2.68 mfma=3.92 bar=3.40 rmsnorm_router=1.44 topk=3.40 total=14.84
[OPROJ_INNER] slicewait=10.88 mfma=10.40 bar=6.48 rmsnorm_router=1.44 topk=0.40 total=29.60
[OPROJ_INNER] slicewait=4.88 mfma=7.04 bar=9.96 rmsnorm_router=1.44 topk=1.04 total=24.36
[OPROJ_INNER] slicewait=4.48 mfma=11.48 bar=10.96 rmsnorm_router=1.44 topk=3.72 total=32.08
[OPROJ_INNER] slicewait=7.00 mfma=6.84 bar=4.32 rmsnorm_router=1.44 topk=3.32 total=22.92
[OPROJ_INNER] slicewait=4.84 mfma=5.08 bar=8.76 rmsnorm_router=1.52 topk=0.40 total=20.60
[OPROJ_INNER] slicewait=5.16 mfma=13.64 bar=5.44 rmsnorm_router=1.44 topk=1.56 total=27.24
[OPROJ_INNER] slicewait=2.72 mfma=14.60 bar=6.88 rmsnorm_router=1.48 topk=1.92 total=27.60
[OPROJ_INNER] slicewait=3.80 mfma=3.92 bar=3.60 rmsnorm_router=1.44 topk=2.60 total=15.36
[OPROJ_INNER] slicewait=3.40 mfma=12.76 bar=6.84 rmsnorm_router=1.68 topk=1.36 total=26.04
[OPROJ_INNER] slicewait=2.84 mfma=3.80 bar=3.40 rmsnorm_router=1.44 topk=3.20 total=14.68
[OPROJ_INNER] slicewait=6.80 mfma=3.92 bar=7.96 rmsnorm_router=1.44 topk=2.80 total=22.92
[OPROJ_INNER] slicewait=3.08 mfma=3.76 bar=3.80 rmsnorm_router=1.40 topk=3.72 total=15.76
[OPROJ_INNER] slicewait=6.16 mfma=14.92 bar=5.80 rmsnorm_router=1.40 topk=0.40 total=28.68
[OPROJ_INNER] slicewait=2.88 mfma=13.96 bar=9.84 rmsnorm_router=1.60 topk=0.44 total=28.72
[OPROJ_INNER] slicewait=1.96 mfma=4.24 bar=3.12 rmsnorm_router=1.48 topk=1.52 total=12.32
[OPROJ_INNER] slicewait=4.76 mfma=11.16 bar=10.76 rmsnorm_router=1.40 topk=1.28 total=29.36
[OPROJ_INNER] slicewait=13.32 mfma=3.88 bar=5.64 rmsnorm_router=1.44 topk=2.24 total=26.52
[OPROJ_INNER] slicewait=3.24 mfma=3.80 bar=3.72 rmsnorm_router=1.44 topk=10.56 total=22.76
[OPROJ_INNER] slicewait=3.08 mfma=15.00 bar=9.76 rmsnorm_router=1.44 topk=2.36 total=31.64
[OPROJ_INNER] slicewait=3.48 mfma=8.60 bar=10.48 rmsnorm_router=1.44 topk=3.52 total=27.52
[OPROJ_INNER] slicewait=3.32 mfma=6.52 bar=7.92 rmsnorm_router=1.44 topk=0.40 total=19.60
[OPROJ_INNER] slicewait=3.96 mfma=7.80 bar=11.24 rmsnorm_router=1.40 topk=3.16 total=27.56
[OPROJ_INNER] slicewait=9.20 mfma=8.64 bar=6.12 rmsnorm_router=1.48 topk=0.40 total=25.84
[OPROJ_INNER] slicewait=10.68 mfma=3.84 bar=6.36 rmsnorm_router=1.44 topk=0.48 total=22.80
[OPROJ_INNER] slicewait=4.40 mfma=7.76 bar=9.88 rmsnorm_router=1.48 topk=0.80 total=24.32
[OPROJ_INNER] slicewait=2.96 mfma=3.76 bar=3.20 rmsnorm_router=1.48 topk=1.00 total=12.40
[OPROJ_INNER] slicewait=7.80 mfma=8.36 bar=7.88 rmsnorm_router=1.44 topk=8.96 total=34.44
[OPROJ_INNER] slicewait=6.84 mfma=3.80 bar=8.12 rmsnorm_router=1.88 topk=1.48 total=22.12
[OPROJ_INNER] slicewait=5.00 mfma=3.84 bar=6.88 rmsnorm_router=1.44 topk=0.40 total=17.56
[OPROJ_INNER] slicewait=2.20 mfma=5.12 bar=4.16 rmsnorm_router=1.48 topk=2.92 total=15.88
[OPROJ_INNER] slicewait=9.60 mfma=3.88 bar=4.76 rmsnorm_router=1.44 topk=2.72 total=22.40
[OPROJ_INNER] slicewait=4.88 mfma=5.72 bar=10.24 rmsnorm_router=1.44 topk=2.20 total=24.48
[OPROJ_INNER] slicewait=4.76 mfma=3.88 bar=6.32 rmsnorm_router=1.48 topk=3.64 total=20.08
[OPROJ_INNER] slicewait=4.72 mfma=3.80 bar=8.92 rmsnorm_router=1.44 topk=3.56 total=22.44
[OPROJ_INNER] slicewait=9.36 mfma=4.12 bar=6.04 rmsnorm_router=1.48 topk=1.24 total=22.24
[OPROJ_INNER] slicewait=8.04 mfma=5.28 bar=6.08 rmsnorm_router=1.44 topk=2.24 total=23.08
[OPROJ_INNER] slicewait=5.32 mfma=9.04 bar=4.32 rmsnorm_router=1.44 topk=2.56 total=22.68
[OPROJ_INNER] slicewait=3.28 mfma=8.56 bar=8.96 rmsnorm_router=1.48 topk=2.04 total=24.32
[OPROJ_INNER] slicewait=9.24 mfma=12.92 bar=6.44 rmsnorm_router=1.44 topk=2.32 total=32.36
[OPROJ_INNER] slicewait=4.48 mfma=3.76 bar=3.24 rmsnorm_router=1.44 topk=2.12 total=15.04
[OPROJ_INNER] slicewait=3.88 mfma=14.64 bar=8.44 rmsnorm_router=1.44 topk=3.64 total=32.04
[OPROJ_INNER] slicewait=3.68 mfma=12.12 bar=9.64 rmsnorm_router=1.44 topk=1.68 total=28.56
[OPROJ_INNER] slicewait=2.24 mfma=4.12 bar=3.36 rmsnorm_router=1.44 topk=3.20 total=14.36
[OPROJ_INNER] slicewait=3.64 mfma=11.88 bar=8.16 rmsnorm_router=1.44 topk=3.20 total=28.32
[OPROJ_INNER] slicewait=6.00 mfma=3.76 bar=7.12 rmsnorm_router=1.44 topk=1.44 total=19.76
[OPROJ_INNER] slicewait=7.16 mfma=8.44 bar=7.64 rmsnorm_router=1.68 topk=0.44 total=25.36
[OPROJ_INNER] slicewait=6.28 mfma=11.48 bar=6.28 rmsnorm_router=1.44 topk=2.16 total=27.64
[OPROJ_INNER] slicewait=6.88 mfma=4.00 bar=8.04 rmsnorm_router=1.48 topk=2.92 total=23.32
[OPROJ_INNER] slicewait=12.84 mfma=3.96 bar=6.28 rmsnorm_router=1.48 topk=2.48 total=27.04
[OPROJ_INNER] slicewait=4.52 mfma=3.84 bar=3.32 rmsnorm_router=1.48 topk=2.80 total=15.96
[OPROJ_INNER] slicewait=1.56 mfma=4.32 bar=2.44 rmsnorm_router=1.60 topk=0.40 total=10.32
[OPROJ_INNER] slicewait=3.96 mfma=8.08 bar=11.12 rmsnorm_router=1.44 topk=1.04 total=25.64
[OPROJ_INNER] slicewait=4.00 mfma=11.96 bar=10.80 rmsnorm_router=1.44 topk=1.76 total=29.96
[OPROJ_INNER] slicewait=5.40 mfma=16.60 bar=5.96 rmsnorm_router=1.44 topk=0.84 total=30.24
[OPROJ_INNER] slicewait=4.68 mfma=5.20 bar=3.08 rmsnorm_router=1.44 topk=0.40 total=14.80
[OPROJ_INNER] slicewait=4.12 mfma=14.64 bar=8.28 rmsnorm_router=1.44 topk=1.92 total=30.40
[OPROJ_INNER] slicewait=4.00 mfma=10.32 bar=9.72 rmsnorm_router=1.44 topk=2.40 total=27.88
[OPROJ_INNER] slicewait=3.88 mfma=3.92 bar=3.68 rmsnorm_router=1.44 topk=11.64 total=24.56
[OPROJ_INNER] slicewait=4.96 mfma=4.92 bar=3.40 rmsnorm_router=1.48 topk=1.96 total=16.72
[OPROJ_INNER] slicewait=3.28 mfma=8.68 bar=10.84 rmsnorm_router=1.44 topk=3.32 total=27.56
[OPROJ_INNER] slicewait=4.00 mfma=3.76 bar=6.12 rmsnorm_router=1.40 topk=2.92 total=18.20
[OPROJ_INNER] slicewait=4.48 mfma=3.80 bar=6.80 rmsnorm_router=1.44 topk=2.32 total=18.84
[OPROJ_INNER] slicewait=9.84 mfma=4.52 bar=5.40 rmsnorm_router=1.40 topk=3.04 total=24.20
[OPROJ_INNER] slicewait=11.28 mfma=3.28 bar=5.44 rmsnorm_router=1.48 topk=0.40 total=21.88
[OPROJ_INNER] slicewait=4.76 mfma=3.80 bar=6.32 rmsnorm_router=1.52 topk=0.92 total=17.32
[OPROJ_INNER] slicewait=4.12 mfma=3.84 bar=4.16 rmsnorm_router=1.48 topk=2.56 total=16.16
[OPROJ_INNER] slicewait=6.04 mfma=4.00 bar=9.76 rmsnorm_router=1.44 topk=1.56 total=22.80
[OPROJ_INNER] slicewait=9.96 mfma=3.80 bar=5.36 rmsnorm_router=1.72 topk=1.44 total=22.28
[OPROJ_INNER] slicewait=6.20 mfma=4.00 bar=2.72 rmsnorm_router=1.52 topk=0.36 total=14.80
[OPROJ_INNER] slicewait=2.48 mfma=13.20 bar=9.96 rmsnorm_router=1.88 topk=1.76 total=29.28
[OPROJ_INNER] slicewait=3.44 mfma=12.52 bar=9.32 rmsnorm_router=1.52 topk=0.56 total=27.36
[OPROJ_INNER] slicewait=7.16 mfma=10.32 bar=7.84 rmsnorm_router=1.44 topk=2.64 total=29.40
[OPROJ_INNER] slicewait=3.28 mfma=12.16 bar=10.80 rmsnorm_router=1.48 topk=2.40 total=30.12
[OPROJ_INNER] slicewait=1.64 mfma=3.76 bar=3.64 rmsnorm_router=1.40 topk=3.76 total=14.20
[OPROJ_INNER] slicewait=2.36 mfma=3.84 bar=3.36 rmsnorm_router=1.44 topk=2.64 total=13.64
[OPROJ_INNER] slicewait=1.44 mfma=14.84 bar=10.60 rmsnorm_router=1.40 topk=2.16 total=30.44
[OPROJ_INNER] slicewait=1.68 mfma=9.12 bar=7.60 rmsnorm_router=1.40 topk=0.44 total=20.24
[OPROJ_INNER] slicewait=2.52 mfma=4.84 bar=10.68 rmsnorm_router=1.40 topk=0.44 total=19.88
[OPROJ_INNER] slicewait=7.84 mfma=4.68 bar=5.00 rmsnorm_router=1.48 topk=2.36 total=21.36
[OPROJ_INNER] slicewait=2.64 mfma=5.00 bar=10.36 rmsnorm_router=1.48 topk=1.28 total=20.76
[OPROJ_INNER] slicewait=2.96 mfma=4.52 bar=7.04 rmsnorm_router=1.44 topk=3.80 total=19.76
[OPROJ_INNER] slicewait=7.36 mfma=4.28 bar=5.72 rmsnorm_router=1.72 topk=1.00 total=20.08
[OPROJ_INNER] slicewait=2.68 mfma=4.64 bar=6.20 rmsnorm_router=1.48 topk=1.76 total=16.76
[OPROJ_INNER] slicewait=2.48 mfma=5.12 bar=4.24 rmsnorm_router=1.44 topk=3.68 total=16.96
[OPROJ_INNER] slicewait=6.40 mfma=14.04 bar=7.16 rmsnorm_router=1.44 topk=0.80 total=29.84
[OPROJ_INNER] slicewait=7.04 mfma=13.36 bar=6.92 rmsnorm_router=1.44 topk=2.28 total=31.04
[OPROJ_INNER] slicewait=3.96 mfma=11.00 bar=8.08 rmsnorm_router=1.48 topk=0.60 total=25.12
[OPROJ_INNER] slicewait=3.24 mfma=13.56 bar=11.16 rmsnorm_router=1.44 topk=1.96 total=31.36
[OPROJ_INNER] slicewait=3.12 mfma=3.80 bar=3.44 rmsnorm_router=1.44 topk=3.00 total=14.80
[OPROJ_INNER] slicewait=4.72 mfma=11.20 bar=9.68 rmsnorm_router=1.84 topk=1.12 total=28.56
[OPROJ_INNER] slicewait=3.72 mfma=8.20 bar=10.08 rmsnorm_router=1.60 topk=0.76 total=24.36
[OPROJ_INNER] slicewait=10.32 mfma=9.56 bar=7.00 rmsnorm_router=1.60 topk=0.40 total=28.88
[OPROJ_INNER] slicewait=3.88 mfma=9.60 bar=7.80 rmsnorm_router=1.52 topk=0.40 total=23.20
[OPROJ_INNER] slicewait=4.08 mfma=12.84 bar=7.80 rmsnorm_router=1.44 topk=1.52 total=27.68
[OPROJ_INNER] slicewait=6.68 mfma=3.80 bar=7.00 rmsnorm_router=1.76 topk=1.12 total=20.36
[OPROJ_INNER] slicewait=1.56 mfma=4.32 bar=2.40 rmsnorm_router=1.52 topk=0.40 total=10.20
[OPROJ_INNER] slicewait=4.68 mfma=11.08 bar=9.96 rmsnorm_router=1.40 topk=3.76 total=30.88
[OPROJ_INNER] slicewait=7.04 mfma=3.92 bar=3.24 rmsnorm_router=1.68 topk=1.28 total=17.16
[OPROJ_INNER] slicewait=10.80 mfma=7.72 bar=6.60 rmsnorm_router=1.44 topk=2.44 total=29.00
[OPROJ_INNER] slicewait=12.72 mfma=3.88 bar=7.36 rmsnorm_router=1.52 topk=2.00 total=27.48
[OPROJ_INNER] slicewait=8.76 mfma=9.24 bar=6.84 rmsnorm_router=1.44 topk=1.16 total=27.44
[OPROJ_INNER] slicewait=4.36 mfma=10.36 bar=7.44 rmsnorm_router=1.76 topk=0.60 total=24.52
[OPROJ_INNER] slicewait=1.96 mfma=13.88 bar=10.80 rmsnorm_router=1.44 topk=2.80 total=30.88
[OPROJ_INNER] slicewait=2.72 mfma=4.28 bar=3.16 rmsnorm_router=1.52 topk=1.60 total=13.28
[OPROJ_INNER] slicewait=4.92 mfma=3.84 bar=3.68 rmsnorm_router=1.48 topk=3.88 total=17.80
[OPROJ_INNER] slicewait=3.76 mfma=12.96 bar=8.04 rmsnorm_router=1.48 topk=1.16 total=27.40
[OPROJ_INNER] slicewait=4.24 mfma=12.52 bar=7.44 rmsnorm_router=1.72 topk=1.88 total=27.80
[OPROJ_INNER] slicewait=2.72 mfma=3.92 bar=3.76 rmsnorm_router=1.44 topk=11.04 total=22.88
[OPROJ_INNER] slicewait=6.32 mfma=11.32 bar=5.88 rmsnorm_router=1.44 topk=0.52 total=25.48
[OPROJ_INNER] slicewait=4.64 mfma=6.52 bar=10.92 rmsnorm_router=1.44 topk=1.84 total=25.36
[OPROJ_INNER] slicewait=4.16 mfma=8.76 bar=10.16 rmsnorm_router=1.60 topk=0.60 total=25.28
[OPROJ_INNER] slicewait=4.12 mfma=6.84 bar=9.24 rmsnorm_router=1.44 topk=0.40 total=22.04
[OPROJ_INNER] slicewait=6.20 mfma=11.68 bar=6.16 rmsnorm_router=1.44 topk=2.56 total=28.04
[OPROJ_INNER] slicewait=3.36 mfma=3.92 bar=3.24 rmsnorm_router=1.44 topk=1.84 total=13.80
[OPROJ_INNER] slicewait=3.64 mfma=11.64 bar=9.28 rmsnorm_router=1.44 topk=9.36 total=35.36
[OPROJ_INNER] slicewait=3.44 mfma=3.80 bar=3.36 rmsnorm_router=1.48 topk=1.88 total=13.96
[OPROJ_INNER] slicewait=6.12 mfma=4.44 bar=8.36 rmsnorm_router=1.48 topk=0.44 total=20.84
[OPROJ_INNER] slicewait=10.96 mfma=6.92 bar=5.40 rmsnorm_router=1.44 topk=0.72 total=25.44
[OPROJ_INNER] slicewait=6.92 mfma=8.44 bar=9.00 rmsnorm_router=1.48 topk=2.28 total=28.12
[OPROJ_INNER] slicewait=1.96 mfma=3.84 bar=3.48 rmsnorm_router=1.48 topk=3.48 total=14.24
[OPROJ_INNER] slicewait=10.68 mfma=5.44 bar=6.72 rmsnorm_router=1.52 topk=1.64 total=26.00
[OPROJ_INNER] slicewait=4.12 mfma=8.76 bar=9.56 rmsnorm_router=1.40 topk=2.20 total=26.04
[OPROJ_INNER] slicewait=5.08 mfma=7.68 bar=8.04 rmsnorm_router=1.44 topk=3.12 total=25.36
[OPROJ_INNER] slicewait=3.36 mfma=3.80 bar=3.28 rmsnorm_router=1.44 topk=2.08 total=13.96
[OPROJ_INNER] slicewait=1.84 mfma=18.40 bar=4.88 rmsnorm_router=1.48 topk=1.20 total=27.80
[OPROJ_INNER] slicewait=4.48 mfma=5.40 bar=4.40 rmsnorm_router=1.44 topk=2.36 total=18.08
[OPROJ_INNER] slicewait=2.12 mfma=10.60 bar=12.00 rmsnorm_router=1.48 topk=0.56 total=26.76
[OPROJ_INNER] slicewait=2.32 mfma=10.52 bar=12.28 rmsnorm_router=1.44 topk=2.28 total=28.84
[OPROJ_INNER] slicewait=6.72 mfma=4.00 bar=3.12 rmsnorm_router=1.68 topk=1.08 total=16.60
[OPROJ_INNER] slicewait=3.20 mfma=12.68 bar=8.68 rmsnorm_router=1.48 topk=1.12 total=27.16
[OPROJ_INNER] slicewait=6.72 mfma=3.88 bar=6.16 rmsnorm_router=1.76 topk=1.96 total=20.48
[OPROJ_INNER] slicewait=1.76 mfma=4.52 bar=3.76 rmsnorm_router=1.44 topk=3.48 total=14.96
[OPROJ_INNER] slicewait=6.56 mfma=3.84 bar=7.72 rmsnorm_router=1.72 topk=0.44 total=20.28
[OPROJ_INNER] slicewait=10.04 mfma=8.28 bar=6.28 rmsnorm_router=1.48 topk=0.40 total=26.48
[OPROJ_INNER] slicewait=10.52 mfma=7.40 bar=6.76 rmsnorm_router=1.44 topk=3.00 total=29.12
[OPROJ_INNER] slicewait=8.80 mfma=7.32 bar=8.92 rmsnorm_router=1.44 topk=2.72 total=29.20
[OPROJ_INNER] slicewait=7.64 mfma=8.24 bar=8.84 rmsnorm_router=1.40 topk=1.56 total=27.68
[OPROJ_INNER] slicewait=10.92 mfma=3.48 bar=10.28 rmsnorm_router=1.40 topk=2.88 total=28.96
[OPROJ_INNER] slicewait=5.80 mfma=3.80 bar=10.08 rmsnorm_router=1.40 topk=1.60 total=22.68
[OPROJ_INNER] slicewait=3.16 mfma=3.96 bar=3.88 rmsnorm_router=1.44 topk=3.52 total=15.96
[OPROJ_INNER] slicewait=3.84 mfma=9.16 bar=7.76 rmsnorm_router=1.40 topk=0.44 total=22.60
[OPROJ_INNER] slicewait=2.88 mfma=4.84 bar=3.52 rmsnorm_router=1.48 topk=1.00 total=13.72
[OPROJ_INNER] slicewait=6.80 mfma=3.92 bar=8.08 rmsnorm_router=1.44 topk=3.16 total=23.40
[OPROJ_INNER] slicewait=5.28 mfma=10.96 bar=7.76 rmsnorm_router=1.44 topk=0.72 total=26.16
[OPROJ_INNER] slicewait=2.44 mfma=3.96 bar=3.68 rmsnorm_router=1.44 topk=3.76 total=15.28
[OPROJ_INNER] slicewait=11.00 mfma=6.20 bar=6.68 rmsnorm_router=1.44 topk=3.00 total=28.32
[OPROJ_INNER] slicewait=6.12 mfma=3.80 bar=8.84 rmsnorm_router=1.40 topk=3.12 total=23.28
[OPROJ_INNER] slicewait=2.52 mfma=3.88 bar=3.52 rmsnorm_router=1.48 topk=2.76 total=14.16
[OPROJ_INNER] slicewait=4.28 mfma=3.88 bar=10.12 rmsnorm_router=1.48 topk=0.96 total=20.72
[OPROJ_INNER] slicewait=4.60 mfma=3.88 bar=10.52 rmsnorm_router=1.44 topk=3.76 total=24.20
[OPROJ_INNER] slicewait=6.52 mfma=5.48 bar=5.68 rmsnorm_router=1.56 topk=0.44 total=19.68
[OPROJ_INNER] slicewait=1.68 mfma=4.32 bar=3.24 rmsnorm_router=1.44 topk=2.32 total=13.00
[OPROJ_INNER] slicewait=8.48 mfma=4.80 bar=4.52 rmsnorm_router=1.52 topk=0.92 total=20.24
[OPROJ_INNER] slicewait=2.68 mfma=5.88 bar=3.92 rmsnorm_router=1.84 topk=0.68 total=15.00
[OPROJ_INNER] slicewait=7.52 mfma=5.72 bar=4.60 rmsnorm_router=1.60 topk=1.68 total=21.12
[OPROJ_INNER] slicewait=2.88 mfma=5.92 bar=3.96 rmsnorm_router=1.84 topk=1.24 total=15.84
[OPROJ_INNER] slicewait=2.12 mfma=8.72 bar=11.72 rmsnorm_router=1.40 topk=2.32 total=26.28
[OPROJ_INNER] slicewait=0.92 mfma=15.28 bar=6.96 rmsnorm_router=1.40 topk=3.44 total=28.00
[OPROJ_INNER] slicewait=2.60 mfma=8.52 bar=10.48 rmsnorm_router=1.40 topk=2.00 total=25.00
[OPROJ_INNER] slicewait=4.72 mfma=9.36 bar=6.80 rmsnorm_router=1.44 topk=2.16 total=24.48
[OPROJ_INNER] slicewait=4.08 mfma=6.32 bar=10.24 rmsnorm_router=1.48 topk=3.64 total=25.76
[OPROJ_INNER] slicewait=3.16 mfma=3.80 bar=3.48 rmsnorm_router=1.40 topk=3.28 total=15.12
[OPROJ_INNER] slicewait=5.44 mfma=3.88 bar=3.08 rmsnorm_router=1.76 topk=1.72 total=15.88
[OPROJ_INNER] slicewait=3.16 mfma=6.20 bar=6.40 rmsnorm_router=1.48 topk=1.88 total=19.12
[OPROJ_INNER] slicewait=5.08 mfma=7.88 bar=7.20 rmsnorm_router=1.48 topk=1.68 total=23.32
[OPROJ_INNER] slicewait=6.44 mfma=5.72 bar=6.92 rmsnorm_router=1.48 topk=1.64 total=22.20
[OPROJ_INNER] slicewait=4.44 mfma=3.84 bar=9.36 rmsnorm_router=1.48 topk=2.80 total=21.92
[OPROJ_INNER] slicewait=2.72 mfma=7.00 bar=9.28 rmsnorm_router=1.52 topk=0.40 total=20.92
[OPROJ_INNER] slicewait=2.88 mfma=5.12 bar=3.04 rmsnorm_router=1.64 topk=1.04 total=13.72
[OPROJ_INNER] slicewait=4.00 mfma=5.80 bar=9.32 rmsnorm_router=1.40 topk=3.44 total=23.96
[OPROJ_INNER] slicewait=9.64 mfma=3.92 bar=3.76 rmsnorm_router=1.84 topk=1.68 total=20.84
[OPROJ_INNER] slicewait=3.20 mfma=5.68 bar=5.12 rmsnorm_router=1.40 topk=2.60 total=18.00
[OPROJ_INNER] slicewait=2.92 mfma=17.76 bar=7.28 rmsnorm_router=1.48 topk=0.40 total=29.84
[OPROJ_INNER] slicewait=1.80 mfma=4.12 bar=3.20 rmsnorm_router=1.44 topk=1.80 total=12.36
[OPROJ_INNER] slicewait=5.60 mfma=8.92 bar=11.16 rmsnorm_router=1.44 topk=3.32 total=30.44
[OPROJ_INNER] slicewait=5.24 mfma=17.60 bar=6.00 rmsnorm_router=1.48 topk=1.92 total=32.24
[OPROJ_INNER] slicewait=6.32 mfma=15.32 bar=7.28 rmsnorm_router=1.48 topk=1.88 total=32.28
[OPROJ_INNER] slicewait=3.12 mfma=3.76 bar=2.64 rmsnorm_router=1.84 topk=1.76 total=13.12
[OPROJ_INNER] slicewait=3.88 mfma=7.72 bar=9.68 rmsnorm_router=1.44 topk=2.68 total=25.40
[OPROJ_INNER] slicewait=6.60 mfma=6.96 bar=9.00 rmsnorm_router=1.64 topk=1.28 total=25.48
[OPROJ_INNER] slicewait=1.92 mfma=6.44 bar=9.68 rmsnorm_router=1.52 topk=0.40 total=19.96
[OPROJ_INNER] slicewait=2.24 mfma=5.84 bar=10.40 rmsnorm_router=1.44 topk=1.92 total=21.84
[OPROJ_INNER] slicewait=6.36 mfma=5.40 bar=4.12 rmsnorm_router=1.44 topk=2.84 total=20.16
[OPROJ_INNER] slicewait=7.24 mfma=3.92 bar=5.92 rmsnorm_router=1.48 topk=1.76 total=20.32
[OPROJ_INNER] slicewait=8.56 mfma=3.96 bar=5.12 rmsnorm_router=1.48 topk=2.16 total=21.28
[OPROJ_INNER] slicewait=4.64 mfma=3.88 bar=5.24 rmsnorm_router=1.40 topk=3.60 total=18.76
[OPROJ_INNER] slicewait=2.72 mfma=5.40 bar=8.40 rmsnorm_router=1.52 topk=1.12 total=19.16
[OPROJ_INNER] slicewait=6.56 mfma=5.40 bar=5.88 rmsnorm_router=1.44 topk=2.16 total=21.44
[OPROJ_INNER] slicewait=5.88 mfma=8.72 bar=8.24 rmsnorm_router=1.56 topk=1.16 total=25.56
[OPROJ_INNER] slicewait=7.32 mfma=11.40 bar=9.16 rmsnorm_router=1.44 topk=2.04 total=31.36
[OPROJ_INNER] slicewait=3.68 mfma=7.84 bar=9.04 rmsnorm_router=1.44 topk=2.04 total=24.04
[OPROJ_INNER] slicewait=7.80 mfma=13.36 bar=6.88 rmsnorm_router=1.44 topk=0.40 total=29.88
[OPROJ_INNER] slicewait=7.12 mfma=14.92 bar=5.28 rmsnorm_router=1.68 topk=0.92 total=29.92
[OPROJ_INNER] slicewait=6.68 mfma=13.64 bar=6.76 rmsnorm_router=1.48 topk=0.44 total=29.00
[OPROJ_INNER] slicewait=4.32 mfma=7.52 bar=8.80 rmsnorm_router=1.60 topk=0.80 total=23.04
[OPROJ_INNER] slicewait=1.88 mfma=4.16 bar=3.60 rmsnorm_router=1.48 topk=10.88 total=22.00
[OPROJ_INNER] slicewait=7.96 mfma=10.28 bar=6.92 rmsnorm_router=1.56 topk=0.44 total=27.16
[OPROJ_INNER] slicewait=11.40 mfma=7.84 bar=6.20 rmsnorm_router=1.48 topk=0.44 total=27.36
[OPROJ_INNER] slicewait=4.48 mfma=11.44 bar=9.48 rmsnorm_router=1.52 topk=0.44 total=27.36
[OPROJ_INNER] slicewait=3.04 mfma=8.84 bar=7.80 rmsnorm_router=1.64 topk=0.40 total=21.72
[OPROJ_INNER] slicewait=3.56 mfma=8.40 bar=9.08 rmsnorm_router=1.44 topk=2.04 total=24.52
[OPROJ_INNER] slicewait=4.36 mfma=11.88 bar=8.84 rmsnorm_router=1.52 topk=1.12 total=27.72
[OPROJ_INNER] slicewait=3.72 mfma=3.80 bar=3.36 rmsnorm_router=1.44 topk=2.28 total=14.60
[OPROJ_INNER] slicewait=2.24 mfma=3.92 bar=3.68 rmsnorm_router=1.44 topk=3.64 total=14.92
[OPROJ_INNER] slicewait=0.68 mfma=14.64 bar=8.56 rmsnorm_router=1.60 topk=0.40 total=25.88
[OPROJ_INNER] slicewait=1.36 mfma=11.16 bar=11.32 rmsnorm_router=1.44 topk=0.48 total=25.76
[OPROJ_INNER] slicewait=2.44 mfma=4.72 bar=3.16 rmsnorm_router=1.44 topk=0.88 total=12.64
[OPROJ_INNER] slicewait=2.24 mfma=3.88 bar=3.68 rmsnorm_router=1.44 topk=3.44 total=14.68
[OPROJ_INNER] slicewait=4.20 mfma=8.24 bar=9.84 rmsnorm_router=1.48 topk=3.08 total=26.84
[OPROJ_INNER] slicewait=6.20 mfma=6.76 bar=4.96 rmsnorm_router=1.40 topk=2.48 total=21.80
[OPROJ_INNER] slicewait=6.20 mfma=3.92 bar=8.68 rmsnorm_router=1.44 topk=2.84 total=23.08
[OPROJ_INNER] slicewait=12.76 mfma=3.76 bar=5.96 rmsnorm_router=1.44 topk=10.40 total=34.32
[OPROJ_INNER] slicewait=2.40 mfma=3.96 bar=3.56 rmsnorm_router=1.48 topk=2.92 total=14.32
[OPROJ_INNER] slicewait=3.04 mfma=16.96 bar=7.40 rmsnorm_router=1.68 topk=0.44 total=29.52
[OPROJ_INNER] slicewait=6.76 mfma=13.88 bar=6.32 rmsnorm_router=1.48 topk=2.88 total=31.32
[OPROJ_INNER] slicewait=3.20 mfma=11.48 bar=9.24 rmsnorm_router=1.44 topk=2.80 total=28.16
[OPROJ_INNER] slicewait=2.16 mfma=4.20 bar=3.88 rmsnorm_router=1.44 topk=3.52 total=15.20
[OPROJ_INNER] slicewait=3.60 mfma=14.04 bar=10.40 rmsnorm_router=1.44 topk=3.40 total=32.88
[OPROJ_INNER] slicewait=8.08 mfma=11.56 bar=6.88 rmsnorm_router=1.52 topk=1.76 total=29.80
[OPROJ_INNER] slicewait=4.04 mfma=8.48 bar=9.88 rmsnorm_router=1.72 topk=1.28 total=25.40
[OPROJ_INNER] slicewait=3.44 mfma=8.76 bar=11.72 rmsnorm_router=1.44 topk=2.92 total=28.28
[OPROJ_INNER] slicewait=5.12 mfma=3.96 bar=2.52 rmsnorm_router=1.56 topk=0.44 total=13.60
[OPROJ_INNER] slicewait=3.92 mfma=9.44 bar=8.52 rmsnorm_router=1.80 topk=1.20 total=24.88
[OPROJ_INNER] slicewait=3.04 mfma=6.88 bar=10.08 rmsnorm_router=1.48 topk=1.92 total=23.40
[OPROJ_INNER] slicewait=3.56 mfma=7.28 bar=7.00 rmsnorm_router=1.52 topk=1.04 total=20.40
[OPROJ_INNER] slicewait=4.24 mfma=15.16 bar=5.44 rmsnorm_router=1.44 topk=1.28 total=27.56
[OPROJ_INNER] slicewait=7.64 mfma=3.80 bar=4.08 rmsnorm_router=1.44 topk=1.64 total=18.60
[OPROJ_INNER] slicewait=3.16 mfma=3.80 bar=2.60 rmsnorm_router=1.68 topk=0.64 total=11.88
[OPROJ_INNER] slicewait=8.56 mfma=3.84 bar=8.48 rmsnorm_router=1.40 topk=0.60 total=22.88
[OPROJ_INNER] slicewait=5.20 mfma=4.80 bar=8.88 rmsnorm_router=1.44 topk=0.48 total=20.80
[OPROJ_INNER] slicewait=1.48 mfma=4.28 bar=3.52 rmsnorm_router=1.44 topk=2.76 total=13.48
[OPROJ_INNER] slicewait=4.24 mfma=8.16 bar=8.40 rmsnorm_router=1.64 topk=0.96 total=23.40
[OPROJ_INNER] slicewait=1.92 mfma=4.36 bar=3.80 rmsnorm_router=1.40 topk=3.56 total=15.04
[OPROJ_INNER] slicewait=4.04 mfma=8.92 bar=9.32 rmsnorm_router=1.44 topk=3.40 total=27.12
[OPROJ_INNER] slicewait=3.72 mfma=11.12 bar=7.88 rmsnorm_router=1.44 topk=2.40 total=26.56
[OPROJ_INNER] slicewait=11.72 mfma=3.96 bar=5.64 rmsnorm_router=1.40 topk=3.64 total=26.36
[OPROJ_INNER] slicewait=3.16 mfma=14.60 bar=10.84 rmsnorm_router=1.44 topk=1.60 total=31.64
[OPROJ_INNER] slicewait=1.12 mfma=21.44 bar=6.96 rmsnorm_router=1.48 topk=0.72 total=31.72
[OPROJ_INNER] slicewait=1.84 mfma=21.52 bar=6.36 rmsnorm_router=1.44 topk=2.48 total=33.64
[OPROJ_INNER] slicewait=0.64 mfma=21.16 bar=8.28 rmsnorm_router=1.40 topk=1.40 total=32.88
[OPROJ_INNER] slicewait=1.32 mfma=21.20 bar=6.64 rmsnorm_router=1.44 topk=0.44 total=31.04
[OPROJ_INNER] slicewait=2.48 mfma=3.80 bar=3.44 rmsnorm_router=1.44 topk=2.76 total=13.92
[OPROJ_INNER] slicewait=1.96 mfma=16.92 bar=10.92 rmsnorm_router=1.40 topk=3.20 total=34.40
[OPROJ_INNER] slicewait=3.04 mfma=9.00 bar=10.48 rmsnorm_router=1.48 topk=3.48 total=27.48
[OPROJ_INNER] slicewait=6.68 mfma=6.80 bar=4.76 rmsnorm_router=1.48 topk=0.60 total=20.32
[OPROJ_INNER] slicewait=4.16 mfma=4.44 bar=7.72 rmsnorm_router=1.40 topk=2.52 total=20.24
[OPROJ_INNER] slicewait=5.56 mfma=3.16 bar=11.40 rmsnorm_router=1.40 topk=2.76 total=24.28
[OPROJ_INNER] slicewait=2.16 mfma=4.00 bar=2.60 rmsnorm_router=1.72 topk=1.08 total=11.56
[OPROJ_INNER] slicewait=3.96 mfma=3.80 bar=5.08 rmsnorm_router=1.56 topk=1.44 total=15.84
[OPROJ_INNER] slicewait=7.88 mfma=5.60 bar=4.52 rmsnorm_router=1.52 topk=1.64 total=21.16
[OPROJ_INNER] slicewait=4.00 mfma=3.88 bar=10.84 rmsnorm_router=1.44 topk=3.44 total=23.60
[OPROJ_INNER] slicewait=5.44 mfma=6.96 bar=7.00 rmsnorm_router=1.44 topk=1.80 total=22.64
[OPROJ_INNER] slicewait=2.24 mfma=4.52 bar=3.20 rmsnorm_router=1.44 topk=0.44 total=11.84
[OPROJ_INNER] slicewait=2.76 mfma=7.72 bar=10.40 rmsnorm_router=1.52 topk=0.56 total=22.96
[OPROJ_INNER] slicewait=4.28 mfma=6.28 bar=8.72 rmsnorm_router=1.44 topk=0.40 total=21.12
[OPROJ_INNER] slicewait=3.28 mfma=8.68 bar=9.16 rmsnorm_router=1.44 topk=2.68 total=25.24
[OPROJ_INNER] slicewait=5.16 mfma=3.88 bar=6.32 rmsnorm_router=1.40 topk=3.88 total=20.64
[OPROJ_INNER] slicewait=10.80 mfma=3.76 bar=5.28 rmsnorm_router=1.52 topk=0.92 total=22.28
[OPROJ_INNER] slicewait=10.32 mfma=3.88 bar=6.96 rmsnorm_router=1.44 topk=3.88 total=26.48
[OPROJ_INNER] slicewait=1.92 mfma=4.36 bar=3.52 rmsnorm_router=1.44 topk=2.80 total=14.04
[OPROJ_INNER] slicewait=4.76 mfma=12.36 bar=7.92 rmsnorm_router=1.40 topk=2.24 total=28.68
[OPROJ_INNER] slicewait=2.60 mfma=13.36 bar=8.80 rmsnorm_router=1.48 topk=1.96 total=28.20
[OPROJ_INNER] slicewait=4.76 mfma=4.92 bar=3.08 rmsnorm_router=1.44 topk=1.48 total=15.68
[OPROJ_INNER] slicewait=4.12 mfma=6.96 bar=8.24 rmsnorm_router=1.44 topk=3.32 total=24.08
[OPROJ_INNER] slicewait=1.76 mfma=4.24 bar=2.60 rmsnorm_router=1.48 topk=0.44 total=10.52
[OPROJ_INNER] slicewait=3.44 mfma=9.36 bar=9.80 rmsnorm_router=1.44 topk=4.08 total=28.12
[OPROJ_INNER] slicewait=4.96 mfma=8.72 bar=9.08 rmsnorm_router=1.48 topk=0.44 total=24.68
[OPROJ_INNER] slicewait=12.64 mfma=3.76 bar=7.04 rmsnorm_router=1.44 topk=4.00 total=28.88
[OPROJ_INNER] slicewait=3.08 mfma=13.20 bar=8.76 rmsnorm_router=1.48 topk=0.88 total=27.40
[OPROJ_INNER] slicewait=1.72 mfma=13.64 bar=10.28 rmsnorm_router=1.52 topk=0.40 total=27.56
[OPROJ_INNER] slicewait=2.64 mfma=12.40 bar=10.28 rmsnorm_router=1.40 topk=1.16 total=27.88
[OPROJ_INNER] slicewait=8.00 mfma=9.84 bar=6.56 rmsnorm_router=1.56 topk=0.36 total=26.32
[OPROJ_INNER] slicewait=3.92 mfma=15.00 bar=6.76 rmsnorm_router=1.40 topk=2.80 total=29.88
[OPROJ_INNER] slicewait=6.60 mfma=11.04 bar=6.12 rmsnorm_router=1.44 topk=1.24 total=26.44
[OPROJ_INNER] slicewait=3.56 mfma=13.52 bar=8.24 rmsnorm_router=1.44 topk=3.72 total=30.48
[OPROJ_INNER] slicewait=2.40 mfma=3.76 bar=3.68 rmsnorm_router=1.48 topk=10.76 total=22.08
[OPROJ_INNER] slicewait=2.88 mfma=12.92 bar=10.40 rmsnorm_router=1.44 topk=1.84 total=29.48
[OPROJ_INNER] slicewait=7.04 mfma=3.92 bar=3.76 rmsnorm_router=1.48 topk=3.04 total=19.24
[OPROJ_INNER] slicewait=8.52 mfma=3.76 bar=4.20 rmsnorm_router=1.40 topk=2.36 total=20.24
[OPROJ_INNER] slicewait=3.20 mfma=3.92 bar=3.84 rmsnorm_router=1.48 topk=9.88 total=22.32
[OPROJ_INNER] slicewait=2.96 mfma=16.20 bar=7.36 rmsnorm_router=1.48 topk=0.40 total=28.40
[OPROJ_INNER] slicewait=3.12 mfma=16.12 bar=7.44 rmsnorm_router=1.44 topk=1.48 total=29.60
[OPROJ_INNER] slicewait=4.52 mfma=3.76 bar=3.84 rmsnorm_router=1.44 topk=3.60 total=17.16
[OPROJ_INNER] slicewait=3.00 mfma=11.28 bar=10.44 rmsnorm_router=1.44 topk=2.16 total=28.32
[OPROJ_INNER] slicewait=3.00 mfma=5.28 bar=10.88 rmsnorm_router=1.40 topk=0.52 total=21.08
[OPROJ_INNER] slicewait=8.00 mfma=3.92 bar=5.32 rmsnorm_router=1.52 topk=0.40 total=19.16
[OPROJ_INNER] slicewait=6.56 mfma=5.96 bar=4.08 rmsnorm_router=1.44 topk=1.32 total=19.36
[OPROJ_INNER] slicewait=3.76 mfma=4.44 bar=10.84 rmsnorm_router=1.40 topk=3.12 total=23.56
[OPROJ_INNER] slicewait=3.48 mfma=4.72 bar=6.28 rmsnorm_router=1.44 topk=3.28 total=19.20
[OPROJ_INNER] slicewait=8.56 mfma=5.88 bar=4.60 rmsnorm_router=1.40 topk=1.48 total=21.92
[OPROJ_INNER] slicewait=3.56 mfma=4.36 bar=6.68 rmsnorm_router=1.40 topk=1.56 total=17.56
[OPROJ_INNER] slicewait=2.40 mfma=5.08 bar=4.28 rmsnorm_router=1.44 topk=3.32 total=16.52
[OPROJ_INNER] slicewait=4.12 mfma=17.20 bar=5.24 rmsnorm_router=1.44 topk=0.40 total=28.40
[OPROJ_INNER] slicewait=6.04 mfma=9.16 bar=7.96 rmsnorm_router=1.60 topk=0.84 total=25.60
[OPROJ_INNER] slicewait=5.76 mfma=13.64 bar=7.28 rmsnorm_router=1.44 topk=2.28 total=30.40
[OPROJ_INNER] slicewait=4.40 mfma=9.56 bar=9.72 rmsnorm_router=1.72 topk=0.44 total=25.84
[OPROJ_INNER] slicewait=4.88 mfma=8.00 bar=7.92 rmsnorm_router=1.44 topk=0.40 total=22.64
[OPROJ_INNER] slicewait=5.16 mfma=9.24 bar=9.56 rmsnorm_router=1.44 topk=1.92 total=27.32
[OPROJ_INNER] slicewait=2.76 mfma=3.80 bar=3.36 rmsnorm_router=1.40 topk=2.88 total=14.20
[OPROJ_INNER] slicewait=6.52 mfma=8.96 bar=4.12 rmsnorm_router=1.52 topk=1.00 total=22.12
[OPROJ_INNER] slicewait=8.36 mfma=8.76 bar=6.24 rmsnorm_router=1.52 topk=0.40 total=25.28
[OPROJ_INNER] slicewait=3.44 mfma=13.72 bar=10.92 rmsnorm_router=1.44 topk=0.56 total=30.08
[OPROJ_INNER] slicewait=3.60 mfma=7.44 bar=10.72 rmsnorm_router=1.48 topk=0.60 total=23.84
[OPROJ_INNER] slicewait=8.16 mfma=14.08 bar=5.52 rmsnorm_router=1.60 topk=0.40 total=29.76
[OPROJ_INNER] slicewait=2.72 mfma=3.96 bar=3.92 rmsnorm_router=1.44 topk=3.72 total=15.76
[OPROJ_INNER] slicewait=4.20 mfma=8.20 bar=9.16 rmsnorm_router=1.44 topk=1.64 total=24.64
[OPROJ_INNER] slicewait=2.44 mfma=3.80 bar=3.88 rmsnorm_router=1.48 topk=3.76 total=15.36
[OPROJ_INNER] slicewait=3.60 mfma=14.04 bar=10.36 rmsnorm_router=1.44 topk=2.52 total=31.96
[OPROJ_INNER] slicewait=4.20 mfma=3.88 bar=6.44 rmsnorm_router=1.44 topk=2.20 total=18.16
[OPROJ_INNER] slicewait=11.16 mfma=3.04 bar=6.24 rmsnorm_router=1.44 topk=2.00 total=23.88
[OPROJ_INNER] slicewait=4.48 mfma=3.96 bar=5.84 rmsnorm_router=1.68 topk=1.32 total=17.28
[OPROJ_INNER] slicewait=4.08 mfma=3.80 bar=6.48 rmsnorm_router=1.40 topk=2.88 total=18.64
[OPROJ_INNER] slicewait=11.28 mfma=3.00 bar=5.40 rmsnorm_router=1.56 topk=1.72 total=22.96
[OPROJ_INNER] slicewait=2.48 mfma=3.80 bar=3.16 rmsnorm_router=1.48 topk=1.84 total=12.76
[OPROJ_INNER] slicewait=5.44 mfma=3.76 bar=3.88 rmsnorm_router=1.52 topk=1.60 total=16.20
[OPROJ_INNER] slicewait=8.28 mfma=1.72 bar=10.56 rmsnorm_router=1.44 topk=3.72 total=25.72
[OPROJ_INNER] slicewait=5.12 mfma=3.80 bar=8.24 rmsnorm_router=1.44 topk=0.56 total=19.16
[OPROJ_INNER] slicewait=6.04 mfma=3.76 bar=4.88 rmsnorm_router=1.40 topk=2.68 total=18.76
[OPROJ_INNER] slicewait=5.28 mfma=3.92 bar=5.24 rmsnorm_router=1.48 topk=3.76 total=19.68
[OPROJ_INNER] slicewait=5.56 mfma=3.96 bar=6.68 rmsnorm_router=1.44 topk=2.08 total=19.72
[OPROJ_INNER] slicewait=2.04 mfma=4.36 bar=3.24 rmsnorm_router=1.44 topk=2.60 total=13.68
[OPROJ_INNER] slicewait=8.44 mfma=6.44 bar=4.88 rmsnorm_router=1.44 topk=3.28 total=24.48
[OPROJ_INNER] slicewait=7.60 mfma=6.28 bar=5.44 rmsnorm_router=1.44 topk=1.96 total=22.72
[OPROJ_INNER] slicewait=9.16 mfma=5.24 bar=6.28 rmsnorm_router=1.44 topk=3.76 total=25.88
[OPROJ_INNER] slicewait=4.40 mfma=12.32 bar=10.96 rmsnorm_router=1.40 topk=2.08 total=31.16
[OPROJ_INNER] slicewait=4.88 mfma=17.00 bar=6.60 rmsnorm_router=1.44 topk=2.64 total=32.56
[OPROJ_INNER] slicewait=2.92 mfma=12.84 bar=8.16 rmsnorm_router=1.48 topk=2.60 total=28.00
[OPROJ_INNER] slicewait=7.56 mfma=3.96 bar=3.92 rmsnorm_router=1.44 topk=9.92 total=26.80
[OPROJ_INNER] slicewait=5.52 mfma=14.36 bar=7.56 rmsnorm_router=1.44 topk=2.04 total=30.92
[OPROJ_INNER] slicewait=2.40 mfma=17.36 bar=8.80 rmsnorm_router=1.40 topk=0.88 total=30.84
[OPROJ_INNER] slicewait=2.96 mfma=3.96 bar=3.72 rmsnorm_router=1.40 topk=4.00 total=16.04
[OPROJ_INNER] slicewait=3.88 mfma=15.80 bar=8.04 rmsnorm_router=1.60 topk=1.04 total=30.36
[OPROJ_INNER] slicewait=3.44 mfma=5.00 bar=8.36 rmsnorm_router=1.56 topk=0.44 total=18.80
[OPROJ_INNER] slicewait=2.32 mfma=4.76 bar=3.12 rmsnorm_router=1.44 topk=0.44 total=12.08
[OPROJ_INNER] slicewait=2.24 mfma=4.56 bar=3.12 rmsnorm_router=1.40 topk=1.08 total=12.40
[OPROJ_INNER] slicewait=4.56 mfma=3.96 bar=5.72 rmsnorm_router=1.48 topk=1.16 total=16.88
[OPROJ_INNER] slicewait=3.64 mfma=3.92 bar=3.20 rmsnorm_router=1.64 topk=1.52 total=13.92
[OPROJ_INNER] slicewait=4.40 mfma=4.00 bar=5.24 rmsnorm_router=1.48 topk=3.84 total=18.96
[OPROJ_INNER] slicewait=7.32 mfma=5.76 bar=5.12 rmsnorm_router=1.52 topk=1.44 total=21.16
[OPROJ_INNER] slicewait=3.20 mfma=6.60 bar=10.08 rmsnorm_router=1.44 topk=2.40 total=23.72
[OPROJ_INNER] slicewait=5.96 mfma=3.84 bar=9.20 rmsnorm_router=1.44 topk=0.72 total=21.16
[OPROJ_INNER] slicewait=6.48 mfma=3.96 bar=8.52 rmsnorm_router=1.40 topk=0.40 total=20.76
[OPROJ_INNER] slicewait=1.60 mfma=4.48 bar=2.48 rmsnorm_router=1.56 topk=0.40 total=10.52
[OPROJ_INNER] slicewait=11.52 mfma=6.24 bar=5.48 rmsnorm_router=1.44 topk=3.08 total=27.76
[OPROJ_INNER] slicewait=4.04 mfma=5.64 bar=9.40 rmsnorm_router=1.56 topk=0.80 total=21.44
[OPROJ_INNER] slicewait=8.32 mfma=6.08 bar=9.48 rmsnorm_router=1.48 topk=2.08 total=27.44
[OPROJ_INNER] slicewait=13.92 mfma=3.92 bar=5.44 rmsnorm_router=1.40 topk=2.80 total=27.48
[OPROJ_INNER] slicewait=5.76 mfma=10.32 bar=8.08 rmsnorm_router=1.44 topk=2.32 total=27.92
[OPROJ_INNER] slicewait=1.32 mfma=15.44 bar=9.20 rmsnorm_router=1.44 topk=1.64 total=29.04
[OPROJ_INNER] slicewait=2.72 mfma=13.08 bar=9.20 rmsnorm_router=1.40 topk=1.04 total=27.44
[OPROJ_INNER] slicewait=2.16 mfma=3.92 bar=3.48 rmsnorm_router=1.40 topk=2.52 total=13.48
[OPROJ_INNER] slicewait=1.08 mfma=15.56 bar=9.36 rmsnorm_router=1.40 topk=1.84 total=29.24
[OPROJ_INNER] slicewait=2.92 mfma=3.96 bar=3.72 rmsnorm_router=1.48 topk=3.24 total=15.32
[OPROJ_INNER] slicewait=2.68 mfma=13.92 bar=9.08 rmsnorm_router=1.48 topk=3.00 total=30.16
[OPROJ_INNER] slicewait=8.88 mfma=3.84 bar=4.36 rmsnorm_router=1.40 topk=1.92 total=20.40
[OPROJ_INNER] slicewait=5.80 mfma=4.32 bar=9.52 rmsnorm_router=1.40 topk=2.52 total=23.56
[OPROJ_INNER] slicewait=2.80 mfma=3.80 bar=3.20 rmsnorm_router=1.48 topk=1.64 total=12.92
[OPROJ_INNER] slicewait=2.72 mfma=3.80 bar=3.60 rmsnorm_router=1.48 topk=3.96 total=15.56
[OPROJ_INNER] slicewait=9.68 mfma=3.92 bar=6.96 rmsnorm_router=1.44 topk=2.88 total=24.88
[OPROJ_INNER] slicewait=3.04 mfma=5.48 bar=5.08 rmsnorm_router=1.56 topk=0.40 total=15.56
[OPROJ_INNER] slicewait=10.92 mfma=3.80 bar=4.76 rmsnorm_router=1.68 topk=1.52 total=22.68
[OPROJ_INNER] slicewait=3.88 mfma=7.48 bar=9.68 rmsnorm_router=1.44 topk=3.88 total=26.36
[OPROJ_INNER] slicewait=3.00 mfma=6.32 bar=11.84 rmsnorm_router=1.44 topk=1.96 total=24.56
[OPROJ_INNER] slicewait=4.68 mfma=3.80 bar=5.08 rmsnorm_router=1.80 topk=0.84 total=16.20
[OPROJ_INNER] slicewait=4.36 mfma=5.60 bar=7.96 rmsnorm_router=1.48 topk=1.56 total=20.96
[OPROJ_INNER] slicewait=10.32 mfma=8.12 bar=6.64 rmsnorm_router=1.48 topk=3.12 total=29.68
[OPROJ_INNER] slicewait=10.80 mfma=8.48 bar=5.28 rmsnorm_router=1.44 topk=0.40 total=26.40
[OPROJ_INNER] slicewait=3.16 mfma=3.76 bar=3.72 rmsnorm_router=1.44 topk=10.96 total=23.04
[OPROJ_INNER] slicewait=13.84 mfma=3.76 bar=6.16 rmsnorm_router=1.44 topk=2.00 total=27.20
[OPROJ_INNER] slicewait=4.24 mfma=6.00 bar=7.52 rmsnorm_router=1.44 topk=2.12 total=21.32
[OPROJ_INNER] slicewait=6.04 mfma=7.08 bar=8.04 rmsnorm_router=1.44 topk=2.48 total=25.08
[OPROJ_INNER] slicewait=5.64 mfma=4.96 bar=8.76 rmsnorm_router=1.40 topk=1.52 total=22.28
[OPROJ_INNER] slicewait=2.24 mfma=3.84 bar=3.04 rmsnorm_router=1.44 topk=0.92 total=11.48
[OPROJ_INNER] slicewait=5.64 mfma=3.80 bar=3.00 rmsnorm_router=1.60 topk=0.44 total=14.48
[OPROJ_INNER] slicewait=4.32 mfma=7.40 bar=7.48 rmsnorm_router=1.60 topk=0.40 total=21.20
[OPROJ_INNER] slicewait=1.56 mfma=9.04 bar=11.88 rmsnorm_router=1.44 topk=2.08 total=26.00
[OPROJ_INNER] slicewait=7.48 mfma=7.68 bar=6.76 rmsnorm_router=1.44 topk=2.52 total=25.88
[OPROJ_INNER] slicewait=6.76 mfma=7.64 bar=7.64 rmsnorm_router=1.40 topk=3.12 total=26.56
[OPROJ_INNER] slicewait=3.60 mfma=6.20 bar=7.16 rmsnorm_router=1.48 topk=3.16 total=21.60
[OPROJ_INNER] slicewait=5.80 mfma=3.88 bar=6.24 rmsnorm_router=1.40 topk=1.72 total=19.04
[OPROJ_INNER] slicewait=3.60 mfma=3.80 bar=10.16 rmsnorm_router=1.44 topk=1.76 total=20.76
[OPROJ_INNER] slicewait=2.44 mfma=5.72 bar=10.08 rmsnorm_router=1.44 topk=0.76 total=20.44
[OPROJ_INNER] slicewait=6.56 mfma=4.28 bar=6.68 rmsnorm_router=1.44 topk=1.64 total=20.60
[OPROJ_INNER] slicewait=3.44 mfma=4.92 bar=5.16 rmsnorm_router=1.56 topk=1.28 total=16.36
[OPROJ_INNER] slicewait=4.16 mfma=3.80 bar=9.24 rmsnorm_router=1.36 topk=2.36 total=20.92
[OPROJ_INNER] slicewait=7.48 mfma=4.24 bar=7.00 rmsnorm_router=1.44 topk=3.68 total=23.84
[OPROJ_INNER] slicewait=2.44 mfma=4.40 bar=3.16 rmsnorm_router=1.80 topk=1.64 total=13.44
[OPROJ_INNER] slicewait=1.64 mfma=4.28 bar=3.72 rmsnorm_router=1.44 topk=2.32 total=13.40
[OPROJ_INNER] slicewait=4.36 mfma=3.76 bar=5.16 rmsnorm_router=1.60 topk=0.40 total=15.28
[OPROJ_INNER] slicewait=2.08 mfma=4.96 bar=3.32 rmsnorm_router=1.44 topk=1.96 total=13.76
[OPROJ_INNER] slicewait=3.84 mfma=4.08 bar=10.52 rmsnorm_router=1.44 topk=0.60 total=20.48
[OPROJ_INNER] slicewait=2.60 mfma=3.80 bar=3.52 rmsnorm_router=1.40 topk=2.24 total=13.56
[OPROJ_INNER] slicewait=4.08 mfma=3.80 bar=9.44 rmsnorm_router=1.68 topk=1.00 total=20.00
[OPROJ_INNER] slicewait=3.36 mfma=6.36 bar=10.60 rmsnorm_router=1.48 topk=3.44 total=25.24
[OPROJ_INNER] slicewait=6.36 mfma=5.56 bar=7.76 rmsnorm_router=1.44 topk=0.44 total=21.56
[OPROJ_INNER] slicewait=9.72 mfma=3.80 bar=6.92 rmsnorm_router=1.44 topk=10.68 total=32.56
[OPROJ_INNER] slicewait=4.60 mfma=13.68 bar=7.00 rmsnorm_router=1.44 topk=0.56 total=27.28
[OPROJ_INNER] slicewait=11.16 mfma=9.00 bar=6.36 rmsnorm_router=1.48 topk=1.64 total=29.64
[OPROJ_INNER] slicewait=6.24 mfma=5.56 bar=8.76 rmsnorm_router=1.44 topk=0.44 total=22.44
[OPROJ_INNER] slicewait=7.48 mfma=9.84 bar=9.20 rmsnorm_router=1.40 topk=1.76 total=29.68
[OPROJ_INNER] slicewait=4.32 mfma=10.16 bar=8.32 rmsnorm_router=1.44 topk=2.08 total=26.32
[OPROJ_INNER] slicewait=2.44 mfma=3.80 bar=3.16 rmsnorm_router=1.44 topk=1.92 total=12.76
[OPROJ_INNER] slicewait=2.28 mfma=4.20 bar=2.64 rmsnorm_router=1.68 topk=1.40 total=12.20
[OPROJ_INNER] slicewait=4.72 mfma=3.92 bar=3.16 rmsnorm_router=1.44 topk=2.24 total=15.48
[OPROJ_INNER] slicewait=1.92 mfma=13.00 bar=8.52 rmsnorm_router=1.40 topk=1.24 total=26.08
[OPROJ_INNER] slicewait=1.20 mfma=15.80 bar=6.16 rmsnorm_router=1.60 topk=0.44 total=25.20
[OPROJ_INNER] slicewait=6.64 mfma=3.96 bar=3.20 rmsnorm_router=1.48 topk=0.48 total=15.76
[OPROJ_INNER] slicewait=2.40 mfma=7.60 bar=9.96 rmsnorm_router=1.48 topk=3.32 total=24.76
[OPROJ_INNER] slicewait=10.44 mfma=3.80 bar=7.88 rmsnorm_router=1.76 topk=1.76 total=25.64
[OPROJ_INNER] slicewait=10.60 mfma=3.84 bar=8.04 rmsnorm_router=1.44 topk=1.44 total=25.36
[OPROJ_INNER] slicewait=2.56 mfma=9.60 bar=10.44 rmsnorm_router=1.48 topk=3.32 total=27.40
[OPROJ_INNER] slicewait=1.72 mfma=4.36 bar=2.56 rmsnorm_router=1.72 topk=1.20 total=11.56
[OPROJ_INNER] slicewait=10.76 mfma=5.52 bar=4.84 rmsnorm_router=1.48 topk=1.44 total=24.04
[OPROJ_INNER] slicewait=2.28 mfma=4.64 bar=3.24 rmsnorm_router=1.40 topk=0.72 total=12.28
[OPROJ_INNER] slicewait=2.08 mfma=9.96 bar=11.40 rmsnorm_router=1.40 topk=2.40 total=27.24
[OPROJ_INNER] slicewait=6.24 mfma=3.76 bar=8.16 rmsnorm_router=1.44 topk=3.44 total=23.04
[OPROJ_INNER] slicewait=4.40 mfma=8.40 bar=8.72 rmsnorm_router=1.40 topk=1.76 total=24.68
[OPROJ_INNER] slicewait=4.08 mfma=8.68 bar=9.28 rmsnorm_router=1.44 topk=3.20 total=26.68
[OPROJ_INNER] slicewait=10.76 mfma=3.96 bar=6.76 rmsnorm_router=1.48 topk=1.48 total=24.44
[OPROJ_INNER] slicewait=5.64 mfma=3.92 bar=3.20 rmsnorm_router=1.44 topk=1.52 total=15.72
[OPROJ_INNER] slicewait=5.16 mfma=15.36 bar=9.00 rmsnorm_router=1.44 topk=0.76 total=31.72
[OPROJ_INNER] slicewait=3.32 mfma=8.64 bar=11.16 rmsnorm_router=1.40 topk=3.68 total=28.20
[OPROJ_INNER] slicewait=2.88 mfma=9.12 bar=10.72 rmsnorm_router=1.40 topk=0.72 total=24.84
[OPROJ_INNER] slicewait=6.16 mfma=17.56 bar=5.28 rmsnorm_router=1.48 topk=0.72 total=31.20
[OPROJ_INNER] slicewait=3.72 mfma=4.36 bar=3.68 rmsnorm_router=1.48 topk=3.28 total=16.52
[OPROJ_INNER] slicewait=2.40 mfma=3.84 bar=3.16 rmsnorm_router=1.44 topk=1.04 total=11.88
[OPROJ_INNER] slicewait=3.84 mfma=15.84 bar=7.36 rmsnorm_router=1.52 topk=0.52 total=29.08
[OPROJ_INNER] slicewait=2.20 mfma=4.00 bar=3.72 rmsnorm_router=1.44 topk=9.64 total=21.00
[OPROJ_INNER] slicewait=3.88 mfma=3.84 bar=3.44 rmsnorm_router=1.48 topk=1.76 total=14.40
[OPROJ_INNER] slicewait=6.60 mfma=13.24 bar=7.80 rmsnorm_router=1.40 topk=2.36 total=31.40
[OPROJ_INNER] slicewait=2.28 mfma=15.08 bar=9.64 rmsnorm_router=1.40 topk=3.16 total=31.56
[OPROJ_INNER] slicewait=2.68 mfma=14.60 bar=10.24 rmsnorm_router=1.48 topk=0.40 total=29.40
[OPROJ_INNER] slicewait=1.32 mfma=17.20 bar=9.08 rmsnorm_router=1.68 topk=0.40 total=29.68
[OPROJ_INNER] slicewait=2.32 mfma=15.40 bar=8.24 rmsnorm_router=1.40 topk=2.08 total=29.44
[OPROJ_INNER] slicewait=9.44 mfma=11.92 bar=5.80 rmsnorm_router=1.48 topk=1.76 total=30.40
[OPROJ_INNER] slicewait=1.88 mfma=3.76 bar=3.84 rmsnorm_router=1.44 topk=3.44 total=14.36
[OPROJ_INNER] slicewait=3.92 mfma=3.76 bar=3.56 rmsnorm_router=1.44 topk=1.64 total=14.32
[OPROJ_INNER] slicewait=2.36 mfma=19.40 bar=7.00 rmsnorm_router=1.44 topk=0.60 total=30.80
[OPROJ_INNER] slicewait=0.64 mfma=20.12 bar=8.00 rmsnorm_router=1.48 topk=0.44 total=30.68
[OPROJ_INNER] slicewait=3.96 mfma=14.08 bar=9.88 rmsnorm_router=1.44 topk=2.32 total=31.68
[OPROJ_INNER] slicewait=2.80 mfma=12.48 bar=9.36 rmsnorm_router=1.44 topk=3.20 total=29.28
[OPROJ_INNER] slicewait=1.76 mfma=3.92 bar=3.80 rmsnorm_router=1.48 topk=3.36 total=14.32
[OPROJ_INNER] slicewait=2.84 mfma=16.56 bar=8.32 rmsnorm_router=1.44 topk=2.12 total=31.28
[OPROJ_INNER] slicewait=8.24 mfma=13.08 bar=7.04 rmsnorm_router=1.44 topk=2.00 total=31.80
[OPROJ_INNER] slicewait=14.16 mfma=3.00 bar=7.72 rmsnorm_router=1.40 topk=0.68 total=26.96
[OPROJ_INNER] slicewait=4.80 mfma=5.64 bar=9.04 rmsnorm_router=1.44 topk=3.08 total=24.00
[OPROJ_INNER] slicewait=3.16 mfma=3.88 bar=3.60 rmsnorm_router=1.44 topk=2.68 total=14.76
[OPROJ_INNER] slicewait=4.80 mfma=8.60 bar=9.12 rmsnorm_router=1.48 topk=0.40 total=24.40
[OPROJ_INNER] slicewait=6.44 mfma=3.80 bar=10.64 rmsnorm_router=1.48 topk=3.40 total=25.76
[OPROJ_INNER] slicewait=2.40 mfma=3.76 bar=3.40 rmsnorm_router=1.44 topk=2.44 total=13.44
[OPROJ_INNER] slicewait=6.88 mfma=3.84 bar=8.60 rmsnorm_router=1.64 topk=1.72 total=22.68
[OPROJ_INNER] slicewait=13.40 mfma=3.84 bar=6.92 rmsnorm_router=1.44 topk=3.56 total=29.16
[OPROJ_INNER] slicewait=4.48 mfma=11.16 bar=10.24 rmsnorm_router=1.44 topk=3.00 total=30.32
[OPROJ_INNER] slicewait=10.88 mfma=7.92 bar=7.20 rmsnorm_router=1.48 topk=2.72 total=30.20
[OPROJ_INNER] slicewait=2.00 mfma=4.40 bar=2.64 rmsnorm_router=1.80 topk=1.44 total=12.28
[OPROJ_INNER] slicewait=4.64 mfma=9.40 bar=10.32 rmsnorm_router=1.48 topk=3.00 total=28.84
[OPROJ_INNER] slicewait=7.92 mfma=10.92 bar=5.84 rmsnorm_router=1.68 topk=0.72 total=27.08
[OPROJ_INNER] slicewait=5.64 mfma=8.64 bar=8.12 rmsnorm_router=1.48 topk=0.40 total=24.28
[OPROJ_INNER] slicewait=9.32 mfma=11.20 bar=6.64 rmsnorm_router=1.44 topk=3.16 total=31.76
[OPROJ_INNER] slicewait=4.32 mfma=6.96 bar=9.84 rmsnorm_router=1.44 topk=3.68 total=26.24
[OPROJ_INNER] slicewait=11.00 mfma=3.80 bar=5.96 rmsnorm_router=1.40 topk=3.28 total=25.44
[OPROJ_INNER] slicewait=4.08 mfma=6.08 bar=6.80 rmsnorm_router=1.44 topk=2.60 total=21.00
[OPROJ_INNER] slicewait=2.00 mfma=4.00 bar=2.60 rmsnorm_router=1.44 topk=0.40 total=10.44
[OPROJ_INNER] slicewait=3.92 mfma=8.96 bar=9.12 rmsnorm_router=1.44 topk=3.52 total=26.96
[OPROJ_INNER] slicewait=6.32 mfma=8.12 bar=10.32 rmsnorm_router=1.44 topk=1.68 total=27.88
[OPROJ_INNER] slicewait=3.56 mfma=6.96 bar=6.32 rmsnorm_router=1.76 topk=1.28 total=19.88
[OPROJ_INNER] slicewait=2.08 mfma=4.52 bar=3.40 rmsnorm_router=1.44 topk=1.76 total=13.20
[OPROJ_INNER] slicewait=1.48 mfma=3.92 bar=3.40 rmsnorm_router=1.44 topk=2.88 total=13.12
[OPROJ_INNER] slicewait=4.04 mfma=7.92 bar=12.52 rmsnorm_router=1.44 topk=1.92 total=27.84
[OPROJ_INNER] slicewait=2.52 mfma=17.64 bar=5.84 rmsnorm_router=1.44 topk=1.72 total=29.16
[OPROJ_INNER] slicewait=3.84 mfma=7.24 bar=12.52 rmsnorm_router=1.44 topk=1.64 total=26.68
[OPROJ_INNER] slicewait=1.32 mfma=18.28 bar=5.96 rmsnorm_router=1.44 topk=1.32 total=28.32
[OPROJ_INNER] slicewait=2.64 mfma=3.92 bar=2.64 rmsnorm_router=1.60 topk=1.12 total=11.92
[OPROJ_INNER] slicewait=6.24 mfma=3.96 bar=9.44 rmsnorm_router=1.44 topk=1.68 total=22.76
[OPROJ_INNER] slicewait=8.00 mfma=3.92 bar=4.20 rmsnorm_router=1.44 topk=3.64 total=21.20
[OPROJ_INNER] slicewait=6.36 mfma=4.00 bar=7.48 rmsnorm_router=1.44 topk=2.68 total=21.96
[OPROJ_INNER] slicewait=3.44 mfma=8.40 bar=10.20 rmsnorm_router=1.64 topk=0.40 total=24.08
[OPROJ_INNER] slicewait=13.28 mfma=5.60 bar=5.00 rmsnorm_router=1.48 topk=1.56 total=26.92
[OPROJ_INNER] slicewait=1.80 mfma=4.48 bar=3.68 rmsnorm_router=1.44 topk=2.44 total=13.84
[OPROJ_INNER] slicewait=3.32 mfma=7.28 bar=6.40 rmsnorm_router=1.44 topk=1.20 total=19.64
[OPROJ_INNER] slicewait=3.60 mfma=6.24 bar=8.20 rmsnorm_router=1.44 topk=3.20 total=22.68
[OPROJ_INNER] slicewait=9.88 mfma=6.04 bar=5.68 rmsnorm_router=1.44 topk=3.04 total=26.08
[OPROJ_INNER] slicewait=6.68 mfma=3.92 bar=6.76 rmsnorm_router=1.44 topk=1.68 total=20.48
[OPROJ_INNER] slicewait=7.96 mfma=8.28 bar=6.24 rmsnorm_router=1.52 topk=1.32 total=25.32
[OPROJ_INNER] slicewait=3.20 mfma=18.12 bar=5.92 rmsnorm_router=1.44 topk=0.44 total=29.12
[OPROJ_INNER] slicewait=1.36 mfma=20.80 bar=6.04 rmsnorm_router=1.44 topk=2.16 total=31.80
[OPROJ_INNER] slicewait=2.96 mfma=16.40 bar=8.08 rmsnorm_router=1.48 topk=1.36 total=30.28
[OPROJ_INNER] slicewait=3.24 mfma=8.52 bar=9.24 rmsnorm_router=1.48 topk=3.04 total=25.52
[OPROJ_INNER] slicewait=2.68 mfma=3.76 bar=3.40 rmsnorm_router=1.44 topk=2.56 total=13.84
[OPROJ_INNER] slicewait=3.40 mfma=14.48 bar=9.56 rmsnorm_router=1.44 topk=2.40 total=31.28
[OPROJ_INNER] slicewait=2.00 mfma=15.92 bar=10.12 rmsnorm_router=1.48 topk=2.16 total=31.68
[OPROJ_INNER] slicewait=2.16 mfma=4.32 bar=3.80 rmsnorm_router=1.44 topk=3.60 total=15.32
[OPROJ_INNER] slicewait=3.24 mfma=14.16 bar=11.40 rmsnorm_router=1.44 topk=2.84 total=33.08
[OPROJ_INNER] slicewait=3.00 mfma=3.92 bar=3.52 rmsnorm_router=1.48 topk=2.76 total=14.68
[OPROJ_INNER] slicewait=6.00 mfma=12.00 bar=7.24 rmsnorm_router=1.44 topk=2.48 total=29.16
[OPROJ_INNER] slicewait=4.80 mfma=11.76 bar=10.00 rmsnorm_router=1.44 topk=3.56 total=31.56
[OPROJ_INNER] slicewait=1.96 mfma=15.92 bar=11.36 rmsnorm_router=1.44 topk=3.44 total=34.12
[OPROJ_INNER] slicewait=5.56 mfma=3.92 bar=2.72 rmsnorm_router=1.84 topk=1.68 total=15.72
[OPROJ_INNER] slicewait=3.28 mfma=8.44 bar=10.88 rmsnorm_router=1.40 topk=1.88 total=25.88
[OPROJ_INNER] slicewait=2.36 mfma=3.84 bar=3.84 rmsnorm_router=1.48 topk=9.48 total=21.00
[OPROJ_INNER] slicewait=3.96 mfma=7.96 bar=10.60 rmsnorm_router=1.52 topk=2.28 total=26.32
[OPROJ_INNER] slicewait=2.36 mfma=4.16 bar=3.24 rmsnorm_router=1.44 topk=2.52 total=13.72
[OPROJ_INNER] slicewait=11.92 mfma=7.92 bar=8.12 rmsnorm_router=1.44 topk=1.60 total=31.00
[OPROJ_INNER] slicewait=8.28 mfma=11.76 bar=8.64 rmsnorm_router=1.80 topk=1.16 total=31.64
[OPROJ_INNER] slicewait=9.88 mfma=11.68 bar=6.04 rmsnorm_router=1.44 topk=2.48 total=31.52
[OPROJ_INNER] slicewait=2.28 mfma=3.80 bar=3.60 rmsnorm_router=1.44 topk=9.84 total=20.96
[OPROJ_INNER] slicewait=3.76 mfma=8.00 bar=9.64 rmsnorm_router=1.44 topk=2.08 total=24.92
[OPROJ_INNER] slicewait=4.36 mfma=7.60 bar=9.56 rmsnorm_router=1.76 topk=0.84 total=24.12
[OPROJ_INNER] slicewait=1.44 mfma=14.80 bar=9.20 rmsnorm_router=1.56 topk=0.40 total=27.40
[OPROJ_INNER] slicewait=0.76 mfma=18.76 bar=6.44 rmsnorm_router=1.48 topk=0.40 total=27.84
[OPROJ_INNER] slicewait=6.48 mfma=4.28 bar=8.20 rmsnorm_router=1.56 topk=1.56 total=22.08
[OPROJ_INNER] slicewait=9.68 mfma=7.56 bar=7.24 rmsnorm_router=1.44 topk=1.40 total=27.32
[OPROJ_INNER] slicewait=3.24 mfma=11.28 bar=10.96 rmsnorm_router=1.44 topk=2.36 total=29.28
[OPROJ_INNER] slicewait=2.16 mfma=3.72 bar=3.32 rmsnorm_router=1.44 topk=2.80 total=13.44
[OPROJ_INNER] slicewait=6.32 mfma=3.88 bar=8.32 rmsnorm_router=1.44 topk=2.96 total=22.92
[OPROJ_INNER] slicewait=14.40 mfma=3.76 bar=6.48 rmsnorm_router=1.44 topk=10.68 total=36.76
[OPROJ_INNER] slicewait=3.44 mfma=7.44 bar=6.76 rmsnorm_router=1.48 topk=0.52 total=19.64
[OPROJ_INNER] slicewait=11.84 mfma=3.84 bar=4.84 rmsnorm_router=1.48 topk=0.40 total=22.40
[OPROJ_INNER] slicewait=2.36 mfma=3.84 bar=3.72 rmsnorm_router=1.44 topk=10.64 total=22.00
[OPROJ_INNER] slicewait=3.76 mfma=8.68 bar=9.80 rmsnorm_router=1.68 topk=0.96 total=24.88
[OPROJ_INNER] slicewait=8.04 mfma=5.12 bar=9.68 rmsnorm_router=1.52 topk=1.28 total=25.64
[OPROJ_INNER] slicewait=7.76 mfma=3.80 bar=4.32 rmsnorm_router=1.44 topk=3.04 total=20.36
[OPROJ_INNER] slicewait=3.80 mfma=8.16 bar=10.56 rmsnorm_router=1.48 topk=1.84 total=25.84
[OPROJ_INNER] slicewait=2.64 mfma=12.92 bar=7.96 rmsnorm_router=1.44 topk=2.24 total=27.20
[OPROJ_INNER] slicewait=12.20 mfma=1.96 bar=5.60 rmsnorm_router=1.48 topk=0.40 total=21.64
[OPROJ_INNER] slicewait=6.84 mfma=2.96 bar=10.20 rmsnorm_router=1.44 topk=2.84 total=24.28
[OPROJ_INNER] slicewait=7.08 mfma=2.96 bar=9.88 rmsnorm_router=1.44 topk=1.00 total=22.36
[OPROJ_INNER] slicewait=5.24 mfma=3.76 bar=4.28 rmsnorm_router=1.48 topk=1.56 total=16.32
[OPROJ_INNER] slicewait=4.56 mfma=3.80 bar=4.88 rmsnorm_router=1.40 topk=0.44 total=15.08
[OPROJ_INNER] slicewait=9.68 mfma=4.32 bar=5.68 rmsnorm_router=1.44 topk=0.60 total=21.72
[OPROJ_INNER] slicewait=8.60 mfma=1.68 bar=10.08 rmsnorm_router=1.48 topk=0.44 total=22.28
[OPROJ_INNER] slicewait=11.04 mfma=2.08 bar=7.28 rmsnorm_router=1.48 topk=1.44 total=23.32
[OPROJ_INNER] slicewait=6.00 mfma=5.84 bar=8.64 rmsnorm_router=1.44 topk=0.40 total=22.32
[OPROJ_INNER] slicewait=3.32 mfma=7.28 bar=8.12 rmsnorm_router=1.44 topk=1.32 total=21.48
[OPROJ_INNER] slicewait=5.08 mfma=3.80 bar=2.56 rmsnorm_router=1.60 topk=0.44 total=13.48
[OPROJ_INNER] slicewait=8.20 mfma=9.76 bar=9.16 rmsnorm_router=1.44 topk=3.52 total=32.08
[OPROJ_INNER] slicewait=4.88 mfma=8.92 bar=11.04 rmsnorm_router=1.44 topk=3.40 total=29.68
[OPROJ_INNER] slicewait=7.04 mfma=3.84 bar=2.96 rmsnorm_router=1.72 topk=0.40 total=15.96
[OPROJ_INNER] slicewait=10.84 mfma=8.32 bar=6.36 rmsnorm_router=1.48 topk=1.32 total=28.32
[OPROJ_INNER] slicewait=4.40 mfma=3.80 bar=3.40 rmsnorm_router=1.44 topk=2.52 total=15.56
[OPROJ_INNER] slicewait=4.92 mfma=7.76 bar=7.80 rmsnorm_router=1.60 topk=0.44 total=22.52
[OPROJ_INNER] slicewait=10.48 mfma=9.80 bar=6.72 rmsnorm_router=1.40 topk=2.48 total=30.88
[OPROJ_INNER] slicewait=10.60 mfma=9.44 bar=6.52 rmsnorm_router=1.72 topk=0.56 total=28.84
[OPROJ_INNER] slicewait=12.32 mfma=3.88 bar=6.28 rmsnorm_router=1.44 topk=1.56 total=25.48
[OPROJ_INNER] slicewait=4.04 mfma=12.80 bar=8.60 rmsnorm_router=1.56 topk=1.04 total=28.04
[OPROJ_INNER] slicewait=5.56 mfma=12.32 bar=8.80 rmsnorm_router=1.44 topk=0.40 total=28.52
[OPROJ_INNER] slicewait=4.36 mfma=12.24 bar=9.68 rmsnorm_router=1.44 topk=3.44 total=31.16
[OPROJ_INNER] slicewait=2.28 mfma=4.32 bar=3.76 rmsnorm_router=1.48 topk=10.24 total=22.08
[OPROJ_INNER] slicewait=5.56 mfma=6.88 bar=7.96 rmsnorm_router=1.44 topk=0.72 total=22.56
[OPROJ_INNER] slicewait=2.48 mfma=3.92 bar=3.36 rmsnorm_router=1.44 topk=2.32 total=13.52
[OPROJ_INNER] slicewait=3.88 mfma=11.48 bar=7.96 rmsnorm_router=1.48 topk=1.72 total=26.52
[OPROJ_INNER] slicewait=6.16 mfma=8.72 bar=9.44 rmsnorm_router=1.44 topk=1.76 total=27.52
[OPROJ_INNER] slicewait=5.88 mfma=3.96 bar=3.68 rmsnorm_router=1.48 topk=2.48 total=17.48
[OPROJ_INNER] slicewait=6.40 mfma=3.92 bar=6.16 rmsnorm_router=1.72 topk=1.08 total=19.28
[OPROJ_INNER] slicewait=2.36 mfma=3.80 bar=3.32 rmsnorm_router=1.44 topk=2.44 total=13.36
[OPROJ_INNER] slicewait=2.12 mfma=3.92 bar=3.64 rmsnorm_router=1.40 topk=3.80 total=14.88
[OPROJ_INNER] slicewait=6.08 mfma=13.88 bar=4.72 rmsnorm_router=1.52 topk=0.40 total=26.60
[OPROJ_INNER] slicewait=2.96 mfma=13.68 bar=9.24 rmsnorm_router=1.40 topk=2.88 total=30.16
[OPROJ_INNER] slicewait=3.20 mfma=11.64 bar=10.96 rmsnorm_router=1.48 topk=1.92 total=29.20
[OPROJ_INNER] slicewait=3.08 mfma=8.16 bar=10.04 rmsnorm_router=1.48 topk=1.36 total=24.12
[OPROJ_INNER] slicewait=4.20 mfma=13.96 bar=8.00 rmsnorm_router=1.44 topk=2.64 total=30.24
[OPROJ_INNER] slicewait=4.24 mfma=3.92 bar=3.24 rmsnorm_router=1.48 topk=1.68 total=14.56
[OPROJ_INNER] slicewait=1.84 mfma=3.80 bar=3.68 rmsnorm_router=1.44 topk=3.92 total=14.68
[OPROJ_INNER] slicewait=6.68 mfma=3.92 bar=8.24 rmsnorm_router=1.40 topk=2.64 total=22.88
[OPROJ_INNER] slicewait=3.88 mfma=10.72 bar=9.00 rmsnorm_router=1.40 topk=0.64 total=25.64
[OPROJ_INNER] slicewait=3.16 mfma=8.72 bar=10.04 rmsnorm_router=1.40 topk=1.20 total=24.52
[OPROJ_INNER] slicewait=7.92 mfma=3.80 bar=3.72 rmsnorm_router=1.44 topk=2.04 total=18.92
[OPROJ_INNER] slicewait=2.72 mfma=3.80 bar=3.04 rmsnorm_router=1.44 topk=0.80 total=11.80
[OPROJ_INNER] slicewait=4.00 mfma=8.44 bar=11.24 rmsnorm_router=1.44 topk=3.56 total=28.68
[OPROJ_INNER] slicewait=3.68 mfma=15.48 bar=8.04 rmsnorm_router=1.48 topk=1.36 total=30.04
[OPROJ_INNER] slicewait=10.20 mfma=9.76 bar=6.44 rmsnorm_router=1.40 topk=3.12 total=30.92
[OPROJ_INNER] slicewait=2.12 mfma=3.76 bar=3.72 rmsnorm_router=1.44 topk=3.56 total=14.60
[OPROJ_INNER] slicewait=3.32 mfma=7.76 bar=10.36 rmsnorm_router=1.44 topk=0.36 total=23.24
[OPROJ_INNER] slicewait=4.40 mfma=13.88 bar=8.12 rmsnorm_router=1.48 topk=0.44 total=28.32
[OPROJ_INNER] slicewait=3.92 mfma=16.72 bar=7.16 rmsnorm_router=1.44 topk=0.68 total=29.92
[OPROJ_INNER] slicewait=7.44 mfma=13.44 bar=6.36 rmsnorm_router=1.48 topk=2.92 total=31.64
[OPROJ_INNER] slicewait=4.00 mfma=8.52 bar=9.92 rmsnorm_router=1.72 topk=1.08 total=25.24
[OPROJ_INNER] slicewait=3.12 mfma=3.92 bar=3.44 rmsnorm_router=1.48 topk=3.04 total=15.00
[OPROJ_INNER] slicewait=4.92 mfma=3.84 bar=3.36 rmsnorm_router=1.44 topk=2.28 total=15.84
[OPROJ_INNER] slicewait=3.80 mfma=8.20 bar=10.28 rmsnorm_router=1.44 topk=2.20 total=25.92
[OPROJ_INNER] slicewait=1.00 mfma=18.12 bar=10.52 rmsnorm_router=1.48 topk=1.84 total=32.96
[OPROJ_INNER] slicewait=6.92 mfma=14.12 bar=7.60 rmsnorm_router=1.44 topk=1.24 total=31.32
[OPROJ_INNER] slicewait=7.92 mfma=12.72 bar=6.20 rmsnorm_router=1.40 topk=0.40 total=28.64
[OPROJ_INNER] slicewait=2.68 mfma=16.04 bar=9.36 rmsnorm_router=1.56 topk=1.28 total=30.92
[OPROJ_INNER] slicewait=3.16 mfma=17.52 bar=8.12 rmsnorm_router=1.44 topk=2.08 total=32.32
[OPROJ_INNER] slicewait=5.60 mfma=3.76 bar=3.40 rmsnorm_router=1.48 topk=2.68 total=16.92
[OPROJ_INNER] slicewait=1.96 mfma=4.12 bar=3.64 rmsnorm_router=1.44 topk=9.84 total=21.00
[OPROJ_INNER] slicewait=3.76 mfma=12.20 bar=8.08 rmsnorm_router=1.48 topk=1.36 total=26.88
[OPROJ_INNER] slicewait=1.00 mfma=12.36 bar=10.72 rmsnorm_router=1.48 topk=0.40 total=25.96
[OPROJ_INNER] slicewait=6.76 mfma=11.00 bar=5.40 rmsnorm_router=1.48 topk=0.44 total=25.08
[OPROJ_INNER] slicewait=1.32 mfma=15.40 bar=7.88 rmsnorm_router=1.44 topk=1.60 total=27.64
[OPROJ_INNER] slicewait=2.32 mfma=3.84 bar=2.76 rmsnorm_router=1.44 topk=0.36 total=10.72
[OPROJ_INNER] slicewait=2.56 mfma=9.88 bar=11.56 rmsnorm_router=1.48 topk=3.16 total=28.64
[OPROJ_INNER] slicewait=6.72 mfma=3.80 bar=8.08 rmsnorm_router=1.40 topk=3.24 total=23.24
[OPROJ_INNER] slicewait=1.84 mfma=4.44 bar=3.80 rmsnorm_router=1.44 topk=3.04 total=14.56
[OPROJ_INNER] slicewait=11.72 mfma=3.76 bar=8.64 rmsnorm_router=1.44 topk=10.32 total=35.88
[OPROJ_INNER] slicewait=3.00 mfma=13.56 bar=8.80 rmsnorm_router=1.44 topk=0.40 total=27.20
[OPROJ_INNER] slicewait=6.48 mfma=5.44 bar=3.24 rmsnorm_router=1.48 topk=0.44 total=17.08
[OPROJ_INNER] slicewait=2.68 mfma=15.08 bar=9.32 rmsnorm_router=1.64 topk=1.04 total=29.76
[OPROJ_INNER] slicewait=3.56 mfma=8.20 bar=9.40 rmsnorm_router=1.52 topk=0.84 total=23.52
[OPROJ_INNER] slicewait=9.04 mfma=9.00 bar=4.96 rmsnorm_router=1.44 topk=0.76 total=25.20
[OPROJ_INNER] slicewait=6.68 mfma=6.00 bar=3.04 rmsnorm_router=1.68 topk=0.80 total=18.20
[OPROJ_INNER] slicewait=3.44 mfma=12.64 bar=10.52 rmsnorm_router=1.48 topk=2.44 total=30.52
[OPROJ_INNER] slicewait=2.84 mfma=3.80 bar=2.72 rmsnorm_router=1.72 topk=1.56 total=12.64
[OPROJ_INNER] slicewait=2.84 mfma=12.96 bar=9.12 rmsnorm_router=1.48 topk=2.60 total=29.00
[OPROJ_INNER] slicewait=6.24 mfma=12.68 bar=6.84 rmsnorm_router=1.48 topk=2.00 total=29.24
[OPROJ_INNER] slicewait=2.64 mfma=3.80 bar=3.24 rmsnorm_router=1.44 topk=2.04 total=13.16
[OPROJ_INNER] slicewait=6.24 mfma=5.44 bar=3.44 rmsnorm_router=1.52 topk=2.44 total=19.08
[OPROJ_INNER] slicewait=3.00 mfma=10.56 bar=10.16 rmsnorm_router=1.40 topk=2.08 total=27.20
[OPROJ_INNER] slicewait=1.36 mfma=14.88 bar=10.84 rmsnorm_router=1.48 topk=2.32 total=30.88
[OPROJ_INNER] slicewait=2.48 mfma=3.76 bar=3.20 rmsnorm_router=1.48 topk=2.28 total=13.20
[OPROJ_INNER] slicewait=3.16 mfma=13.32 bar=8.16 rmsnorm_router=1.44 topk=2.20 total=28.28
[OPROJ_INNER] slicewait=0.60 mfma=8.40 bar=10.64 rmsnorm_router=1.52 topk=0.40 total=21.56
[OPROJ_INNER] slicewait=8.04 mfma=4.84 bar=5.00 rmsnorm_router=1.52 topk=0.40 total=19.80
[OPROJ_INNER] slicewait=2.44 mfma=5.36 bar=12.00 rmsnorm_router=1.52 topk=3.20 total=24.52
[OPROJ_INNER] slicewait=8.40 mfma=3.92 bar=6.44 rmsnorm_router=1.40 topk=1.76 total=21.92
[OPROJ_INNER] slicewait=7.60 mfma=3.88 bar=7.64 rmsnorm_router=1.44 topk=3.32 total=23.88
[OPROJ_INNER] slicewait=3.48 mfma=3.92 bar=3.16 rmsnorm_router=1.60 topk=1.76 total=13.92
[OPROJ_INNER] slicewait=2.36 mfma=5.52 bar=6.24 rmsnorm_router=1.44 topk=3.52 total=19.08
[OPROJ_INNER] slicewait=4.00 mfma=4.08 bar=9.72 rmsnorm_router=1.48 topk=1.32 total=20.60
[OPROJ_INNER] slicewait=3.56 mfma=3.84 bar=3.24 rmsnorm_router=1.40 topk=0.80 total=12.84
[OPROJ_INNER] slicewait=11.40 mfma=6.28 bar=4.76 rmsnorm_router=1.44 topk=0.40 total=24.28
[OPROJ_INNER] slicewait=2.84 mfma=11.44 bar=9.00 rmsnorm_router=1.44 topk=2.72 total=27.44
[OPROJ_INNER] slicewait=2.84 mfma=7.00 bar=7.72 rmsnorm_router=1.44 topk=0.40 total=19.40
[OPROJ_INNER] slicewait=3.08 mfma=3.88 bar=3.16 rmsnorm_router=1.48 topk=1.60 total=13.20
[OPROJ_INNER] slicewait=6.68 mfma=3.80 bar=7.48 rmsnorm_router=1.44 topk=3.44 total=22.84
[OPROJ_INNER] slicewait=6.40 mfma=4.52 bar=7.04 rmsnorm_router=1.44 topk=1.84 total=21.24
[OPROJ_INNER] slicewait=11.48 mfma=6.16 bar=5.56 rmsnorm_router=1.44 topk=3.56 total=28.20
[OPROJ_INNER] slicewait=4.84 mfma=8.16 bar=9.12 rmsnorm_router=1.44 topk=0.44 total=24.00
[OPROJ_INNER] slicewait=3.48 mfma=8.32 bar=11.64 rmsnorm_router=1.48 topk=2.08 total=27.00
[OPROJ_INNER] slicewait=2.12 mfma=4.48 bar=3.16 rmsnorm_router=1.48 topk=1.72 total=12.96
[OPROJ_INNER] slicewait=2.20 mfma=3.80 bar=3.36 rmsnorm_router=1.40 topk=3.44 total=14.20
[OPROJ_INNER] slicewait=7.64 mfma=9.40 bar=6.28 rmsnorm_router=1.44 topk=1.12 total=25.88
[OPROJ_INNER] slicewait=2.36 mfma=15.32 bar=5.92 rmsnorm_router=1.68 topk=1.60 total=26.88
[OPROJ_INNER] slicewait=6.52 mfma=3.88 bar=8.72 rmsnorm_router=1.44 topk=2.60 total=23.16
[OPROJ_INNER] slicewait=4.60 mfma=7.84 bar=9.44 rmsnorm_router=1.44 topk=2.88 total=26.20
[OPROJ_INNER] slicewait=2.52 mfma=10.36 bar=11.08 rmsnorm_router=1.44 topk=0.68 total=26.08
[OPROJ_INNER] slicewait=7.32 mfma=9.44 bar=6.80 rmsnorm_router=1.44 topk=2.52 total=27.52
[OPROJ_INNER] slicewait=7.44 mfma=3.80 bar=7.96 rmsnorm_router=1.44 topk=1.52 total=22.16
[OPROJ_INNER] slicewait=6.40 mfma=3.96 bar=7.04 rmsnorm_router=1.60 topk=1.36 total=20.36
[OPROJ_INNER] slicewait=13.04 mfma=3.80 bar=5.32 rmsnorm_router=1.72 topk=1.68 total=25.56
[OPROJ_INNER] slicewait=2.52 mfma=3.84 bar=3.52 rmsnorm_router=1.44 topk=2.24 total=13.56
[OPROJ_INNER] slicewait=3.52 mfma=11.12 bar=9.24 rmsnorm_router=1.48 topk=0.52 total=25.88
[OPROJ_INNER] slicewait=3.48 mfma=3.88 bar=3.76 rmsnorm_router=1.44 topk=3.44 total=16.00
[OPROJ_INNER] slicewait=9.20 mfma=11.52 bar=6.76 rmsnorm_router=1.44 topk=0.92 total=29.84
[OPROJ_INNER] slicewait=4.24 mfma=8.08 bar=10.92 rmsnorm_router=1.48 topk=2.60 total=27.32
[OPROJ_INNER] slicewait=3.24 mfma=14.64 bar=9.56 rmsnorm_router=1.44 topk=2.80 total=31.68
[OPROJ_INNER] slicewait=6.76 mfma=13.76 bar=6.12 rmsnorm_router=1.48 topk=2.12 total=30.24
[OPROJ_INNER] slicewait=8.20 mfma=12.04 bar=6.76 rmsnorm_router=1.44 topk=2.00 total=30.44
[OPROJ_INNER] slicewait=3.56 mfma=15.88 bar=7.08 rmsnorm_router=1.80 topk=1.00 total=29.32
[OPROJ_INNER] slicewait=2.96 mfma=3.80 bar=3.44 rmsnorm_router=1.44 topk=3.04 total=14.68
[OPROJ_INNER] slicewait=3.84 mfma=12.28 bar=10.52 rmsnorm_router=1.48 topk=2.08 total=30.20
[OPROJ_INNER] slicewait=2.04 mfma=10.88 bar=5.84 rmsnorm_router=1.44 topk=0.52 total=20.72
[OPROJ_INNER] slicewait=8.08 mfma=3.92 bar=4.80 rmsnorm_router=1.48 topk=0.44 total=18.72
[OPROJ_INNER] slicewait=4.76 mfma=3.88 bar=8.52 rmsnorm_router=1.44 topk=1.56 total=20.16
[OPROJ_INNER] slicewait=4.52 mfma=3.92 bar=9.36 rmsnorm_router=1.44 topk=1.64 total=20.88
[OPROJ_INNER] slicewait=3.80 mfma=3.96 bar=5.04 rmsnorm_router=1.88 topk=1.60 total=16.28
[OPROJ_INNER] slicewait=2.52 mfma=5.96 bar=10.12 rmsnorm_router=1.44 topk=0.60 total=20.64
[OPROJ_INNER] slicewait=7.40 mfma=5.20 bar=5.56 rmsnorm_router=1.44 topk=3.68 total=23.28
[OPROJ_INNER] slicewait=3.96 mfma=3.92 bar=4.36 rmsnorm_router=1.44 topk=3.76 total=17.44
[OPROJ_INNER] slicewait=0.60 mfma=15.56 bar=9.72 rmsnorm_router=1.64 topk=0.40 total=27.92
[OPROJ_INNER] slicewait=1.64 mfma=16.60 bar=7.76 rmsnorm_router=1.44 topk=1.20 total=28.64
[OPROJ_INNER] slicewait=6.56 mfma=3.96 bar=3.32 rmsnorm_router=1.36 topk=2.48 total=17.68
[OPROJ_INNER] slicewait=5.68 mfma=11.80 bar=7.44 rmsnorm_router=1.44 topk=1.00 total=27.36
[OPROJ_INNER] slicewait=2.80 mfma=11.96 bar=10.40 rmsnorm_router=1.44 topk=0.44 total=27.04
[OPROJ_INNER] slicewait=1.96 mfma=3.80 bar=3.84 rmsnorm_router=1.44 topk=10.72 total=21.76
[OPROJ_INNER] slicewait=2.76 mfma=12.88 bar=9.80 rmsnorm_router=1.68 topk=1.20 total=28.32
[OPROJ_INNER] slicewait=2.92 mfma=14.00 bar=8.08 rmsnorm_router=1.44 topk=2.28 total=28.72
[OPROJ_INNER] slicewait=3.84 mfma=3.80 bar=3.20 rmsnorm_router=1.48 topk=0.40 total=12.72
[OPROJ_INNER] slicewait=4.24 mfma=3.84 bar=6.96 rmsnorm_router=1.44 topk=3.20 total=19.68
[OPROJ_INNER] slicewait=4.68 mfma=4.08 bar=9.20 rmsnorm_router=1.68 topk=0.40 total=20.04
[OPROJ_INNER] slicewait=9.12 mfma=3.92 bar=5.52 rmsnorm_router=1.44 topk=3.72 total=23.72
[OPROJ_INNER] slicewait=9.72 mfma=3.36 bar=6.84 rmsnorm_router=1.48 topk=2.68 total=24.08
[OPROJ_INNER] slicewait=4.32 mfma=4.12 bar=7.00 rmsnorm_router=1.44 topk=3.24 total=20.12
[OPROJ_INNER] slicewait=10.32 mfma=2.40 bar=6.64 rmsnorm_router=1.44 topk=2.20 total=23.00
[OPROJ_INNER] slicewait=4.20 mfma=3.76 bar=6.12 rmsnorm_router=1.44 topk=2.28 total=17.80
[OPROJ_INNER] slicewait=7.64 mfma=2.40 bar=8.72 rmsnorm_router=1.64 topk=0.44 total=20.84
[OPROJ_INNER] slicewait=4.48 mfma=3.84 bar=5.12 rmsnorm_router=1.40 topk=0.68 total=15.52
[OPROJ_INNER] slicewait=8.40 mfma=3.84 bar=5.44 rmsnorm_router=1.44 topk=0.48 total=19.60
[OPROJ_INNER] slicewait=2.44 mfma=3.76 bar=3.20 rmsnorm_router=1.48 topk=0.88 total=11.76
[OPROJ_INNER] slicewait=4.96 mfma=3.80 bar=5.92 rmsnorm_router=1.40 topk=3.16 total=19.24
[OPROJ_INNER] slicewait=3.64 mfma=4.24 bar=10.76 rmsnorm_router=1.48 topk=1.72 total=21.84
[OPROJ_INNER] slicewait=9.40 mfma=3.92 bar=4.44 rmsnorm_router=1.64 topk=1.36 total=20.76
[OPROJ_INNER] slicewait=9.32 mfma=3.80 bar=5.88 rmsnorm_router=1.48 topk=2.96 total=23.44
[OPROJ_INNER] slicewait=9.80 mfma=11.80 bar=7.36 rmsnorm_router=1.44 topk=0.40 total=30.80
[OPROJ_INNER] slicewait=3.56 mfma=7.76 bar=11.48 rmsnorm_router=1.48 topk=3.08 total=27.36
[OPROJ_INNER] slicewait=9.92 mfma=3.76 bar=4.44 rmsnorm_router=1.44 topk=2.80 total=22.36
[OPROJ_INNER] slicewait=4.12 mfma=7.84 bar=8.80 rmsnorm_router=1.56 topk=1.04 total=23.36
[OPROJ_INNER] slicewait=11.44 mfma=10.64 bar=6.76 rmsnorm_router=1.48 topk=2.40 total=32.72
[OPROJ_INNER] slicewait=5.68 mfma=12.12 bar=10.44 rmsnorm_router=1.44 topk=2.16 total=31.84
[OPROJ_INNER] slicewait=3.08 mfma=3.80 bar=3.36 rmsnorm_router=1.48 topk=2.76 total=14.48
[OPROJ_INNER] slicewait=10.16 mfma=10.60 bar=7.28 rmsnorm_router=1.40 topk=1.56 total=31.00
[OPROJ_INNER] slicewait=2.52 mfma=6.64 bar=10.08 rmsnorm_router=1.48 topk=0.48 total=21.20
[OPROJ_INNER] slicewait=6.24 mfma=3.92 bar=5.08 rmsnorm_router=1.44 topk=3.28 total=19.96
[OPROJ_INNER] slicewait=1.68 mfma=4.36 bar=2.56 rmsnorm_router=1.48 topk=0.40 total=10.48
[OPROJ_INNER] slicewait=2.72 mfma=7.32 bar=10.00 rmsnorm_router=1.44 topk=0.44 total=21.92
[OPROJ_INNER] slicewait=2.40 mfma=8.56 bar=9.48 rmsnorm_router=1.40 topk=2.24 total=24.08
[OPROJ_INNER] slicewait=5.40 mfma=8.52 bar=6.24 rmsnorm_router=1.44 topk=1.72 total=23.32
[OPROJ_INNER] slicewait=4.60 mfma=3.76 bar=5.12 rmsnorm_router=1.44 topk=1.56 total=16.48
[OPROJ_INNER] slicewait=2.08 mfma=4.68 bar=3.20 rmsnorm_router=1.44 topk=1.32 total=12.72
[OPROJ_INNER] slicewait=2.00 mfma=11.48 bar=9.92 rmsnorm_router=1.72 topk=0.44 total=25.56
[OPROJ_INNER] slicewait=8.04 mfma=3.80 bar=4.24 rmsnorm_router=1.44 topk=3.24 total=20.76
[OPROJ_INNER] slicewait=2.32 mfma=3.92 bar=3.76 rmsnorm_router=1.44 topk=3.68 total=15.12
[OPROJ_INNER] slicewait=1.56 mfma=13.28 bar=9.64 rmsnorm_router=1.48 topk=2.20 total=28.16
[OPROJ_INNER] slicewait=3.20 mfma=12.60 bar=8.20 rmsnorm_router=1.48 topk=3.36 total=28.84
[OPROJ_INNER] slicewait=2.04 mfma=4.48 bar=3.76 rmsnorm_router=1.44 topk=3.52 total=15.24
[OPROJ_INNER] slicewait=5.44 mfma=11.48 bar=6.84 rmsnorm_router=1.48 topk=2.12 total=27.36
[OPROJ_INNER] slicewait=4.80 mfma=9.04 bar=9.04 rmsnorm_router=1.40 topk=3.40 total=27.68
[OPROJ_INNER] slicewait=9.96 mfma=3.92 bar=3.68 rmsnorm_router=1.40 topk=3.08 total=22.04
[OPROJ_INNER] slicewait=4.60 mfma=14.16 bar=9.80 rmsnorm_router=1.40 topk=3.16 total=33.12
[OPROJ_INNER] slicewait=8.20 mfma=11.36 bar=7.56 rmsnorm_router=1.40 topk=2.68 total=31.20
[OPROJ_INNER] slicewait=4.36 mfma=10.04 bar=10.44 rmsnorm_router=1.44 topk=2.12 total=28.40
[OPROJ_INNER] slicewait=3.64 mfma=3.76 bar=3.68 rmsnorm_router=1.40 topk=3.76 total=16.24
[OPROJ_INNER] slicewait=2.88 mfma=9.04 bar=9.68 rmsnorm_router=1.52 topk=1.08 total=24.20
[OPROJ_INNER] slicewait=2.80 mfma=3.84 bar=2.76 rmsnorm_router=1.56 topk=1.44 total=12.40
[OPROJ_INNER] slicewait=4.40 mfma=12.04 bar=9.64 rmsnorm_router=1.44 topk=2.80 total=30.32
[OPROJ_INNER] slicewait=5.44 mfma=3.72 bar=3.88 rmsnorm_router=1.64 topk=0.44 total=15.12
[OPROJ_INNER] slicewait=11.12 mfma=2.28 bar=5.48 rmsnorm_router=1.44 topk=0.40 total=20.72
[OPROJ_INNER] slicewait=6.80 mfma=2.28 bar=10.28 rmsnorm_router=1.44 topk=1.84 total=22.64
[OPROJ_INNER] slicewait=4.44 mfma=4.24 bar=5.12 rmsnorm_router=1.48 topk=2.32 total=17.60
[OPROJ_INNER] slicewait=4.60 mfma=3.80 bar=5.48 rmsnorm_router=1.40 topk=2.24 total=17.52
[OPROJ_INNER] slicewait=8.20 mfma=2.32 bar=8.76 rmsnorm_router=1.40 topk=1.96 total=22.64
[OPROJ_INNER] slicewait=9.36 mfma=3.80 bar=4.40 rmsnorm_router=1.60 topk=1.20 total=20.36
[OPROJ_INNER] slicewait=8.64 mfma=5.76 bar=4.80 rmsnorm_router=1.44 topk=2.44 total=23.08
[OPROJ_INNER] slicewait=3.88 mfma=12.68 bar=10.56 rmsnorm_router=1.76 topk=0.40 total=29.28
[OPROJ_INNER] slicewait=6.40 mfma=3.88 bar=3.60 rmsnorm_router=1.40 topk=2.72 total=18.00
[OPROJ_INNER] slicewait=7.16 mfma=15.56 bar=5.96 rmsnorm_router=1.44 topk=1.88 total=32.00
[OPROJ_INNER] slicewait=4.12 mfma=9.84 bar=10.36 rmsnorm_router=1.48 topk=0.68 total=26.48
[OPROJ_INNER] slicewait=3.00 mfma=15.68 bar=9.68 rmsnorm_router=1.44 topk=1.84 total=31.64
[OPROJ_INNER] slicewait=4.44 mfma=7.88 bar=9.52 rmsnorm_router=1.84 topk=1.04 total=24.72
[OPROJ_INNER] slicewait=11.24 mfma=9.32 bar=7.24 rmsnorm_router=1.44 topk=2.76 total=32.00
[OPROJ_INNER] slicewait=3.04 mfma=3.80 bar=3.80 rmsnorm_router=1.40 topk=3.76 total=15.80
[OPROJ_INNER] slicewait=3.04 mfma=16.44 bar=9.28 rmsnorm_router=1.44 topk=3.12 total=33.32
[OPROJ_INNER] slicewait=3.76 mfma=18.16 bar=6.80 rmsnorm_router=1.44 topk=1.84 total=32.00
[OPROJ_INNER] slicewait=6.20 mfma=15.32 bar=5.80 rmsnorm_router=1.56 topk=0.40 total=29.28
[OPROJ_INNER] slicewait=3.72 mfma=8.88 bar=9.16 rmsnorm_router=1.44 topk=2.96 total=26.16
[OPROJ_INNER] slicewait=5.16 mfma=11.52 bar=8.96 rmsnorm_router=1.44 topk=2.88 total=29.96
[OPROJ_INNER] slicewait=2.36 mfma=3.80 bar=3.60 rmsnorm_router=1.44 topk=10.36 total=21.56
[OPROJ_INNER] slicewait=5.92 mfma=4.96 bar=3.76 rmsnorm_router=1.44 topk=3.72 total=19.80
[OPROJ_INNER] slicewait=2.84 mfma=9.32 bar=11.44 rmsnorm_router=1.40 topk=3.76 total=28.76
[OPROJ_INNER] slicewait=3.00 mfma=5.44 bar=9.60 rmsnorm_router=1.64 topk=0.40 total=20.08
[OPROJ_INNER] slicewait=2.64 mfma=4.88 bar=3.16 rmsnorm_router=1.56 topk=0.36 total=12.60
[OPROJ_INNER] slicewait=4.28 mfma=3.88 bar=10.16 rmsnorm_router=1.44 topk=0.72 total=20.48
[OPROJ_INNER] slicewait=6.64 mfma=6.24 bar=5.12 rmsnorm_router=1.40 topk=3.52 total=22.92
[OPROJ_INNER] slicewait=2.68 mfma=5.92 bar=5.00 rmsnorm_router=1.44 topk=2.28 total=17.32
[OPROJ_INNER] slicewait=1.84 mfma=4.36 bar=3.60 rmsnorm_router=1.44 topk=2.12 total=13.36
[OPROJ_INNER] slicewait=4.96 mfma=7.88 bar=6.52 rmsnorm_router=1.48 topk=3.36 total=24.20
[OPROJ_INNER] slicewait=3.24 mfma=5.96 bar=4.64 rmsnorm_router=1.56 topk=0.92 total=16.32
[OPROJ_INNER] slicewait=8.92 mfma=3.80 bar=6.68 rmsnorm_router=1.48 topk=0.68 total=21.56
[OPROJ_INNER] slicewait=2.20 mfma=3.76 bar=3.20 rmsnorm_router=1.44 topk=1.28 total=11.88
[OPROJ_INNER] slicewait=6.44 mfma=3.80 bar=9.88 rmsnorm_router=1.44 topk=3.32 total=24.88
[OPROJ_INNER] slicewait=3.88 mfma=4.00 bar=6.16 rmsnorm_router=1.40 topk=2.12 total=17.56
[OPROJ_INNER] slicewait=7.32 mfma=1.68 bar=10.92 rmsnorm_router=1.44 topk=3.24 total=24.60
[OPROJ_INNER] slicewait=10.04 mfma=3.80 bar=6.20 rmsnorm_router=1.44 topk=3.56 total=25.04
[OPROJ_INNER] slicewait=4.40 mfma=3.84 bar=6.32 rmsnorm_router=1.44 topk=2.40 total=18.40
[OPROJ_INNER] slicewait=9.92 mfma=4.56 bar=5.28 rmsnorm_router=1.48 topk=1.44 total=22.68
[OPROJ_INNER] slicewait=2.52 mfma=15.40 bar=9.88 rmsnorm_router=1.44 topk=0.40 total=29.64
[OPROJ_INNER] slicewait=4.44 mfma=3.92 bar=2.44 rmsnorm_router=1.64 topk=0.40 total=12.84
[OPROJ_INNER] slicewait=2.88 mfma=12.60 bar=7.56 rmsnorm_router=1.56 topk=1.36 total=25.96
[OPROJ_INNER] slicewait=3.16 mfma=17.56 bar=8.08 rmsnorm_router=1.44 topk=0.92 total=31.16
[OPROJ_INNER] slicewait=5.56 mfma=16.12 bar=6.32 rmsnorm_router=1.40 topk=3.08 total=32.48
[OPROJ_INNER] slicewait=6.00 mfma=16.20 bar=6.76 rmsnorm_router=1.48 topk=2.72 total=33.16
[OPROJ_INNER] slicewait=3.20 mfma=3.92 bar=3.68 rmsnorm_router=1.40 topk=9.48 total=21.68
[OPROJ_INNER] slicewait=2.48 mfma=12.24 bar=8.64 rmsnorm_router=1.80 topk=1.12 total=26.28
[OPROJ_INNER] slicewait=6.44 mfma=3.84 bar=3.16 rmsnorm_router=1.44 topk=0.40 total=15.28
[OPROJ_INNER] slicewait=3.00 mfma=13.76 bar=8.68 rmsnorm_router=1.40 topk=3.00 total=29.84
[OPROJ_INNER] slicewait=2.04 mfma=3.92 bar=2.44 rmsnorm_router=1.68 topk=0.40 total=10.48
[OPROJ_INNER] slicewait=6.08 mfma=3.84 bar=10.28 rmsnorm_router=1.40 topk=1.84 total=23.44
[OPROJ_INNER] slicewait=12.68 mfma=3.92 bar=7.04 rmsnorm_router=1.40 topk=3.72 total=28.76
[OPROJ_INNER] slicewait=3.24 mfma=13.16 bar=7.88 rmsnorm_router=1.48 topk=3.04 total=28.80
[OPROJ_INNER] slicewait=10.52 mfma=5.88 bar=6.56 rmsnorm_router=1.44 topk=3.72 total=28.12
[OPROJ_INNER] slicewait=6.72 mfma=3.80 bar=8.56 rmsnorm_router=1.48 topk=2.44 total=23.00
[OPROJ_INNER] slicewait=3.80 mfma=3.96 bar=3.24 rmsnorm_router=1.44 topk=0.48 total=12.92
[OPROJ_INNER] slicewait=7.08 mfma=6.56 bar=8.52 rmsnorm_router=1.40 topk=1.56 total=25.12
[OPROJ_INNER] slicewait=4.60 mfma=3.92 bar=7.32 rmsnorm_router=1.44 topk=2.76 total=20.04
[OPROJ_INNER] slicewait=2.40 mfma=3.96 bar=2.36 rmsnorm_router=1.64 topk=0.40 total=10.76
[OPROJ_INNER] slicewait=6.16 mfma=6.80 bar=8.08 rmsnorm_router=1.44 topk=1.84 total=24.32
[OPROJ_INNER] slicewait=10.96 mfma=4.84 bar=6.00 rmsnorm_router=1.48 topk=3.68 total=26.96
[OPROJ_INNER] slicewait=3.20 mfma=5.04 bar=6.40 rmsnorm_router=1.56 topk=1.20 total=17.40
[OPROJ_INNER] slicewait=9.60 mfma=5.24 bar=5.40 rmsnorm_router=1.72 topk=1.44 total=23.40
[OPROJ_INNER] slicewait=1.36 mfma=4.12 bar=3.64 rmsnorm_router=1.44 topk=3.08 total=13.64
[OPROJ_INNER] slicewait=2.92 mfma=11.08 bar=8.36 rmsnorm_router=1.44 topk=1.52 total=25.32
[OPROJ_INNER] slicewait=4.80 mfma=8.96 bar=7.56 rmsnorm_router=1.44 topk=0.40 total=23.16
[OPROJ_INNER] slicewait=3.04 mfma=12.00 bar=8.84 rmsnorm_router=1.48 topk=2.96 total=28.32
[OPROJ_INNER] slicewait=5.72 mfma=10.72 bar=6.52 rmsnorm_router=1.44 topk=1.24 total=25.64
[OPROJ_INNER] slicewait=3.80 mfma=3.80 bar=3.52 rmsnorm_router=1.44 topk=3.08 total=15.64
[OPROJ_INNER] slicewait=1.44 mfma=3.96 bar=3.72 rmsnorm_router=1.44 topk=3.64 total=14.20
[OPROJ_INNER] slicewait=2.60 mfma=12.32 bar=8.24 rmsnorm_router=1.60 topk=0.96 total=25.72
[OPROJ_INNER] slicewait=3.44 mfma=9.84 bar=9.32 rmsnorm_router=1.40 topk=0.64 total=24.64
[OPROJ_INNER] slicewait=4.28 mfma=8.72 bar=10.52 rmsnorm_router=1.48 topk=0.40 total=25.40
[OPROJ_INNER] slicewait=2.80 mfma=4.80 bar=3.32 rmsnorm_router=1.44 topk=2.80 total=15.16
[OPROJ_INNER] slicewait=4.72 mfma=13.16 bar=7.08 rmsnorm_router=1.44 topk=2.92 total=29.32
[OPROJ_INNER] slicewait=1.72 mfma=4.28 bar=3.24 rmsnorm_router=1.48 topk=2.52 total=13.24
[OPROJ_INNER] slicewait=11.76 mfma=4.60 bar=7.40 rmsnorm_router=1.44 topk=2.32 total=27.52
[OPROJ_INNER] slicewait=4.60 mfma=9.20 bar=8.72 rmsnorm_router=1.44 topk=1.60 total=25.56
[OPROJ_INNER] slicewait=6.52 mfma=4.64 bar=7.84 rmsnorm_router=1.40 topk=3.44 total=23.84
[OPROJ_INNER] slicewait=9.36 mfma=4.20 bar=7.96 rmsnorm_router=1.44 topk=0.44 total=23.40
[OPROJ_INNER] slicewait=3.08 mfma=12.28 bar=7.88 rmsnorm_router=1.44 topk=3.20 total=27.88
[OPROJ_INNER] slicewait=2.84 mfma=7.88 bar=10.88 rmsnorm_router=1.40 topk=0.44 total=23.44
[OPROJ_INNER] slicewait=9.52 mfma=3.88 bar=8.56 rmsnorm_router=1.56 topk=0.44 total=23.96
[OPROJ_INNER] slicewait=3.76 mfma=7.96 bar=11.04 rmsnorm_router=1.44 topk=3.48 total=27.68
[OPROJ_INNER] slicewait=2.00 mfma=4.64 bar=2.56 rmsnorm_router=1.76 topk=1.20 total=12.16
[OPROJ_INNER] slicewait=3.24 mfma=7.32 bar=7.00 rmsnorm_router=1.40 topk=2.92 total=21.88
[OPROJ_INNER] slicewait=11.64 mfma=3.92 bar=6.36 rmsnorm_router=1.44 topk=2.28 total=25.64
[OPROJ_INNER] slicewait=3.84 mfma=8.04 bar=9.88 rmsnorm_router=1.68 topk=0.40 total=23.84
[OPROJ_INNER] slicewait=10.60 mfma=3.80 bar=5.44 rmsnorm_router=1.44 topk=1.68 total=22.96
[OPROJ_INNER] slicewait=6.76 mfma=11.44 bar=10.44 rmsnorm_router=1.44 topk=1.84 total=31.92
[OPROJ_INNER] slicewait=6.92 mfma=3.84 bar=4.20 rmsnorm_router=1.44 topk=2.44 total=18.84
[OPROJ_INNER] slicewait=4.24 mfma=3.92 bar=3.84 rmsnorm_router=1.44 topk=3.56 total=17.00
[OPROJ_INNER] slicewait=4.32 mfma=7.56 bar=10.20 rmsnorm_router=1.80 topk=1.76 total=25.64
[OPROJ_INNER] slicewait=3.28 mfma=3.80 bar=3.52 rmsnorm_router=1.44 topk=2.32 total=14.36
[OPROJ_INNER] slicewait=6.76 mfma=12.20 bar=9.36 rmsnorm_router=1.44 topk=3.44 total=33.20
[OPROJ_INNER] slicewait=4.36 mfma=6.96 bar=9.24 rmsnorm_router=1.48 topk=0.80 total=22.84
[OPROJ_INNER] slicewait=1.64 mfma=12.44 bar=9.12 rmsnorm_router=1.48 topk=1.60 total=26.28
[OPROJ_INNER] slicewait=8.88 mfma=7.04 bar=5.96 rmsnorm_router=1.48 topk=1.56 total=24.92
[OPROJ_INNER] slicewait=12.16 mfma=3.80 bar=5.64 rmsnorm_router=1.44 topk=3.32 total=26.36
[OPROJ_INNER] slicewait=3.84 mfma=6.60 bar=5.16 rmsnorm_router=1.56 topk=0.84 total=18.00
[OPROJ_INNER] slicewait=1.88 mfma=4.36 bar=3.68 rmsnorm_router=1.44 topk=2.92 total=14.28
[OPROJ_INNER] slicewait=1.76 mfma=4.24 bar=3.24 rmsnorm_router=1.44 topk=2.28 total=12.96
[OPROJ_INNER] slicewait=3.80 mfma=6.36 bar=5.20 rmsnorm_router=1.68 topk=1.48 total=18.52
[OPROJ_INNER] slicewait=2.68 mfma=3.92 bar=3.52 rmsnorm_router=1.40 topk=3.16 total=14.68
[OPROJ_INNER] slicewait=3.32 mfma=8.76 bar=7.24 rmsnorm_router=1.68 topk=0.40 total=21.40
[OPROJ_INNER] slicewait=3.76 mfma=4.24 bar=11.44 rmsnorm_router=1.52 topk=0.36 total=21.32
[OPROJ_INNER] slicewait=4.20 mfma=5.28 bar=7.44 rmsnorm_router=1.44 topk=2.08 total=20.44
[OPROJ_INNER] slicewait=2.04 mfma=7.72 bar=10.48 rmsnorm_router=1.44 topk=0.76 total=22.44
[OPROJ_INNER] slicewait=7.96 mfma=5.76 bar=5.32 rmsnorm_router=1.44 topk=3.24 total=23.72
[OPROJ_INNER] slicewait=7.72 mfma=5.88 bar=6.04 rmsnorm_router=1.44 topk=3.72 total=24.80
[OPROJ_INNER] slicewait=4.92 mfma=3.92 bar=3.80 rmsnorm_router=1.68 topk=1.28 total=15.60
[OPROJ_INNER] slicewait=5.76 mfma=11.56 bar=7.44 rmsnorm_router=1.44 topk=1.76 total=27.96
[OPROJ_INNER] slicewait=4.08 mfma=8.12 bar=8.80 rmsnorm_router=1.40 topk=0.44 total=22.84
[OPROJ_INNER] slicewait=3.84 mfma=13.16 bar=8.28 rmsnorm_router=1.44 topk=3.08 total=29.80
[OPROJ_INNER] slicewait=3.24 mfma=10.48 bar=10.52 rmsnorm_router=1.44 topk=0.40 total=26.08
[OPROJ_INNER] slicewait=6.20 mfma=3.80 bar=4.24 rmsnorm_router=1.48 topk=3.12 total=18.84
[OPROJ_INNER] slicewait=4.08 mfma=9.04 bar=9.84 rmsnorm_router=1.44 topk=3.12 total=27.52
[OPROJ_INNER] slicewait=2.96 mfma=7.12 bar=8.20 rmsnorm_router=1.72 topk=0.96 total=20.96
[OPROJ_INNER] slicewait=3.04 mfma=3.92 bar=3.40 rmsnorm_router=1.44 topk=2.64 total=14.44
[OPROJ_INNER] slicewait=4.64 mfma=10.40 bar=8.04 rmsnorm_router=1.40 topk=0.48 total=24.96
[OPROJ_INNER] slicewait=4.16 mfma=10.36 bar=10.32 rmsnorm_router=1.48 topk=3.12 total=29.44
[OPROJ_INNER] slicewait=5.00 mfma=5.44 bar=4.12 rmsnorm_router=1.44 topk=3.20 total=19.20
[OPROJ_INNER] slicewait=10.64 mfma=12.08 bar=7.64 rmsnorm_router=1.40 topk=3.60 total=35.36
[OPROJ_INNER] slicewait=10.68 mfma=3.80 bar=4.48 rmsnorm_router=1.44 topk=2.84 total=23.24
[OPROJ_INNER] slicewait=4.64 mfma=7.88 bar=10.16 rmsnorm_router=1.52 topk=0.84 total=25.04
[OPROJ_INNER] slicewait=3.04 mfma=3.88 bar=3.36 rmsnorm_router=1.44 topk=2.60 total=14.32
[OPROJ_INNER] slicewait=6.68 mfma=13.20 bar=10.56 rmsnorm_router=1.44 topk=3.36 total=35.24
[OPROJ_INNER] slicewait=6.64 mfma=11.08 bar=6.24 rmsnorm_router=1.48 topk=2.16 total=27.60
[OPROJ_INNER] slicewait=4.72 mfma=7.40 bar=10.84 rmsnorm_router=1.44 topk=2.08 total=26.48
[OPROJ_INNER] slicewait=3.36 mfma=3.84 bar=3.68 rmsnorm_router=1.44 topk=9.84 total=22.16
[OPROJ_INNER] slicewait=11.68 mfma=11.04 bar=5.40 rmsnorm_router=1.56 topk=0.84 total=30.52
[OPROJ_INNER] slicewait=6.20 mfma=9.04 bar=9.72 rmsnorm_router=1.40 topk=2.88 total=29.24
[OPROJ_INNER] slicewait=5.52 mfma=9.16 bar=10.64 rmsnorm_router=1.44 topk=3.64 total=30.40
[OPROJ_INNER] slicewait=6.12 mfma=8.56 bar=9.24 rmsnorm_router=1.48 topk=1.04 total=26.44
[OPROJ_INNER] slicewait=12.20 mfma=9.48 bar=6.92 rmsnorm_router=1.48 topk=2.28 total=32.36
[OPROJ_INNER] slicewait=3.96 mfma=7.96 bar=9.04 rmsnorm_router=1.40 topk=0.80 total=23.16
[OPROJ_INNER] slicewait=4.00 mfma=6.24 bar=5.84 rmsnorm_router=1.44 topk=3.20 total=20.72
[OPROJ_INNER] slicewait=3.28 mfma=11.52 bar=7.20 rmsnorm_router=1.44 topk=2.32 total=25.76
[OPROJ_INNER] slicewait=3.72 mfma=8.04 bar=8.92 rmsnorm_router=1.48 topk=0.76 total=22.92
[OPROJ_INNER] slicewait=7.36 mfma=5.48 bar=8.08 rmsnorm_router=1.64 topk=1.76 total=24.32
[OPROJ_INNER] slicewait=4.08 mfma=7.64 bar=8.96 rmsnorm_router=1.48 topk=1.44 total=23.60
[OPROJ_INNER] slicewait=7.00 mfma=3.80 bar=3.08 rmsnorm_router=1.80 topk=1.12 total=16.80
[OPROJ_INNER] slicewait=1.60 mfma=4.24 bar=2.40 rmsnorm_router=1.76 topk=0.40 total=10.40
[OPROJ_INNER] slicewait=3.72 mfma=5.08 bar=10.28 rmsnorm_router=1.44 topk=0.52 total=21.04
[OPROJ_INNER] slicewait=4.28 mfma=6.84 bar=9.68 rmsnorm_router=1.44 topk=1.96 total=24.20
[OPROJ_INNER] slicewait=1.76 mfma=4.52 bar=3.68 rmsnorm_router=1.44 topk=3.24 total=14.64
[OPROJ_INNER] slicewait=11.52 mfma=3.88 bar=5.48 rmsnorm_router=1.48 topk=3.52 total=25.88
[OPROJ_INNER] slicewait=4.76 mfma=10.48 bar=6.92 rmsnorm_router=1.40 topk=3.04 total=26.60
[OPROJ_INNER] slicewait=6.56 mfma=3.88 bar=6.24 rmsnorm_router=1.40 topk=2.12 total=20.20
[OPROJ_INNER] slicewait=3.96 mfma=7.44 bar=9.04 rmsnorm_router=1.68 topk=1.68 total=23.80
[OPROJ_INNER] slicewait=2.40 mfma=4.64 bar=3.12 rmsnorm_router=1.68 topk=1.84 total=13.68
[OPROJ_INNER] slicewait=3.44 mfma=14.00 bar=6.44 rmsnorm_router=1.44 topk=2.00 total=27.32
[OPROJ_INNER] slicewait=2.64 mfma=13.28 bar=8.04 rmsnorm_router=1.48 topk=2.24 total=27.68
[OPROJ_INNER] slicewait=1.00 mfma=14.52 bar=8.60 rmsnorm_router=1.48 topk=0.52 total=26.12
[OPROJ_INNER] slicewait=2.16 mfma=4.40 bar=3.24 rmsnorm_router=1.44 topk=2.16 total=13.40
[OPROJ_INNER] slicewait=3.80 mfma=8.20 bar=11.76 rmsnorm_router=1.40 topk=2.60 total=27.76
[OPROJ_INNER] slicewait=9.16 mfma=3.92 bar=4.96 rmsnorm_router=1.44 topk=3.24 total=22.72
[OPROJ_INNER] slicewait=5.84 mfma=3.96 bar=9.44 rmsnorm_router=1.72 topk=0.96 total=21.92
[OPROJ_INNER] slicewait=6.44 mfma=10.84 bar=5.92 rmsnorm_router=1.44 topk=0.40 total=25.04
[OPROJ_INNER] slicewait=2.96 mfma=7.72 bar=9.48 rmsnorm_router=1.44 topk=1.72 total=23.32
[OPROJ_INNER] slicewait=2.00 mfma=4.68 bar=3.64 rmsnorm_router=1.48 topk=3.12 total=14.92
[OPROJ_INNER] slicewait=4.00 mfma=10.64 bar=9.84 rmsnorm_router=1.48 topk=3.00 total=28.96
[OPROJ_INNER] slicewait=1.28 mfma=4.28 bar=2.48 rmsnorm_router=1.60 topk=0.40 total=10.04
[OPROJ_INNER] slicewait=4.48 mfma=12.76 bar=6.84 rmsnorm_router=1.44 topk=3.48 total=29.00
[OPROJ_INNER] slicewait=3.72 mfma=9.20 bar=8.92 rmsnorm_router=1.48 topk=3.60 total=26.92
[OPROJ_INNER] slicewait=3.68 mfma=4.88 bar=3.24 rmsnorm_router=1.52 topk=1.88 total=15.20
[OPROJ_INNER] slicewait=3.44 mfma=9.00 bar=10.64 rmsnorm_router=1.44 topk=2.80 total=27.32
[OPROJ_INNER] slicewait=5.28 mfma=3.80 bar=10.20 rmsnorm_router=1.44 topk=0.44 total=21.16
[OPROJ_INNER] slicewait=7.36 mfma=5.56 bar=8.96 rmsnorm_router=1.44 topk=2.60 total=25.92
[OPROJ_INNER] slicewait=1.52 mfma=4.44 bar=3.16 rmsnorm_router=1.48 topk=0.44 total=11.04
[OPROJ_INNER] slicewait=4.16 mfma=8.24 bar=8.76 rmsnorm_router=1.44 topk=2.84 total=25.44
[OPROJ_INNER] slicewait=4.36 mfma=7.56 bar=8.28 rmsnorm_router=1.44 topk=3.36 total=25.00
[OPROJ_INNER] slicewait=10.92 mfma=3.80 bar=7.04 rmsnorm_router=1.44 topk=1.68 total=24.88
[OPROJ_INNER] slicewait=3.44 mfma=6.08 bar=7.44 rmsnorm_router=1.48 topk=1.12 total=19.56
[OPROJ_INNER] slicewait=10.04 mfma=5.76 bar=5.60 rmsnorm_router=1.40 topk=3.56 total=26.36
[OPROJ_INNER] slicewait=4.00 mfma=12.40 bar=10.68 rmsnorm_router=1.44 topk=3.24 total=31.76
[OPROJ_INNER] slicewait=2.76 mfma=17.44 bar=7.24 rmsnorm_router=1.52 topk=0.40 total=29.36
[OPROJ_INNER] slicewait=7.28 mfma=3.84 bar=3.44 rmsnorm_router=1.44 topk=3.04 total=19.04
[OPROJ_INNER] slicewait=4.72 mfma=15.40 bar=7.56 rmsnorm_router=1.44 topk=2.92 total=32.04
[OPROJ_INNER] slicewait=3.24 mfma=11.64 bar=8.52 rmsnorm_router=1.80 topk=0.88 total=26.08
[OPROJ_INNER] slicewait=3.64 mfma=13.44 bar=8.04 rmsnorm_router=1.52 topk=1.52 total=28.16
[OPROJ_INNER] slicewait=1.16 mfma=21.28 bar=6.00 rmsnorm_router=1.44 topk=2.16 total=32.04
[OPROJ_INNER] slicewait=2.04 mfma=3.80 bar=3.24 rmsnorm_router=1.44 topk=2.96 total=13.48
[OPROJ_INNER] slicewait=2.16 mfma=18.40 bar=6.76 rmsnorm_router=1.56 topk=0.40 total=29.28
[OPROJ_INNER] slicewait=5.28 mfma=15.40 bar=6.12 rmsnorm_router=1.40 topk=2.40 total=30.60
[OPROJ_INNER] slicewait=2.40 mfma=16.88 bar=8.08 rmsnorm_router=1.40 topk=0.40 total=29.16
[OPROJ_INNER] slicewait=2.08 mfma=15.12 bar=10.84 rmsnorm_router=1.44 topk=1.96 total=31.44
[OPROJ_INNER] slicewait=3.20 mfma=3.80 bar=3.76 rmsnorm_router=1.44 topk=3.76 total=15.96
[OPROJ_INNER] slicewait=3.52 mfma=8.56 bar=10.20 rmsnorm_router=1.44 topk=2.88 total=26.60
[OPROJ_INNER] slicewait=2.52 mfma=9.84 bar=10.00 rmsnorm_router=1.56 topk=0.88 total=24.80
[OPROJ_INNER] slicewait=5.72 mfma=13.60 bar=7.32 rmsnorm_router=1.48 topk=2.36 total=30.48
[OPROJ_INNER] slicewait=4.08 mfma=8.04 bar=9.68 rmsnorm_router=1.48 topk=1.76 total=25.04
[OPROJ_INNER] slicewait=10.40 mfma=3.84 bar=4.84 rmsnorm_router=1.52 topk=0.44 total=21.04
[OPROJ_INNER] slicewait=4.64 mfma=7.96 bar=8.76 rmsnorm_router=1.44 topk=0.56 total=23.36
[OPROJ_INNER] slicewait=2.84 mfma=3.84 bar=3.16 rmsnorm_router=1.44 topk=0.56 total=11.84
[OPROJ_INNER] slicewait=2.52 mfma=7.16 bar=8.64 rmsnorm_router=1.64 topk=1.40 total=21.36
[OPROJ_INNER] slicewait=2.20 mfma=3.80 bar=3.40 rmsnorm_router=1.44 topk=2.80 total=13.64
[OPROJ_INNER] slicewait=12.44 mfma=3.92 bar=4.88 rmsnorm_router=1.44 topk=1.92 total=24.60
[OPROJ_INNER] slicewait=5.92 mfma=3.92 bar=7.12 rmsnorm_router=1.44 topk=2.40 total=20.80
[OPROJ_INNER] slicewait=2.72 mfma=3.96 bar=3.16 rmsnorm_router=1.48 topk=1.24 total=12.56
[OPROJ_INNER] slicewait=8.28 mfma=3.92 bar=6.12 rmsnorm_router=1.48 topk=0.80 total=20.60
[OPROJ_INNER] slicewait=7.76 mfma=3.84 bar=9.76 rmsnorm_router=1.44 topk=2.36 total=25.16
[OPROJ_INNER] slicewait=4.88 mfma=3.72 bar=5.80 rmsnorm_router=1.56 topk=1.04 total=17.00
[OPROJ_INNER] slicewait=4.36 mfma=3.76 bar=6.08 rmsnorm_router=1.40 topk=2.76 total=18.36
[OPROJ_INNER] slicewait=3.48 mfma=3.80 bar=4.32 rmsnorm_router=1.44 topk=3.56 total=16.60
[OPROJ_INNER] slicewait=4.84 mfma=3.96 bar=5.12 rmsnorm_router=1.56 topk=0.80 total=16.28
[OPROJ_INNER] slicewait=9.60 mfma=3.76 bar=4.60 rmsnorm_router=1.68 topk=1.92 total=21.56
[OPROJ_INNER] slicewait=5.32 mfma=6.84 bar=9.08 rmsnorm_router=1.44 topk=3.20 total=25.88
[OPROJ_INNER] slicewait=5.92 mfma=8.84 bar=7.92 rmsnorm_router=1.44 topk=0.44 total=24.56
[OPROJ_INNER] slicewait=9.24 mfma=12.16 bar=5.88 rmsnorm_router=1.44 topk=0.64 total=29.36
[OPROJ_INNER] slicewait=9.68 mfma=9.64 bar=6.92 rmsnorm_router=1.40 topk=0.92 total=28.56
[OPROJ_INNER] slicewait=6.04 mfma=7.04 bar=9.68 rmsnorm_router=1.68 topk=0.68 total=25.12
[OPROJ_INNER] slicewait=6.20 mfma=8.36 bar=8.84 rmsnorm_router=1.56 topk=1.44 total=26.40
[OPROJ_INNER] slicewait=12.24 mfma=8.16 bar=6.88 rmsnorm_router=1.52 topk=0.76 total=29.56
[OPROJ_INNER] slicewait=2.32 mfma=3.80 bar=3.68 rmsnorm_router=1.44 topk=9.40 total=20.64
[OPROJ_INNER] slicewait=2.72 mfma=10.68 bar=9.08 rmsnorm_router=1.56 topk=0.48 total=24.52
[OPROJ_INNER] slicewait=7.32 mfma=9.56 bar=5.16 rmsnorm_router=1.44 topk=0.64 total=24.12
[OPROJ_INNER] slicewait=3.72 mfma=7.16 bar=8.88 rmsnorm_router=1.44 topk=1.08 total=22.28
[OPROJ_INNER] slicewait=3.80 mfma=9.00 bar=9.68 rmsnorm_router=1.40 topk=3.76 total=27.64
[OPROJ_INNER] slicewait=7.28 mfma=8.08 bar=6.76 rmsnorm_router=1.52 topk=1.16 total=24.80
[OPROJ_INNER] slicewait=6.56 mfma=8.56 bar=7.32 rmsnorm_router=1.44 topk=1.28 total=25.16
[OPROJ_INNER] slicewait=2.08 mfma=4.20 bar=3.32 rmsnorm_router=1.44 topk=2.84 total=13.88
[OPROJ_INNER] slicewait=3.44 mfma=9.12 bar=9.76 rmsnorm_router=1.72 topk=1.52 total=25.56
[OPROJ_INNER] slicewait=8.16 mfma=8.96 bar=10.88 rmsnorm_router=1.44 topk=1.48 total=30.92
[OPROJ_INNER] slicewait=5.24 mfma=6.44 bar=10.08 rmsnorm_router=1.44 topk=3.00 total=26.20
[OPROJ_INNER] slicewait=11.88 mfma=9.52 bar=6.64 rmsnorm_router=1.48 topk=2.52 total=32.04
[OPROJ_INNER] slicewait=10.72 mfma=10.20 bar=7.88 rmsnorm_router=1.48 topk=2.76 total=33.04
[OPROJ_INNER] slicewait=2.44 mfma=3.92 bar=3.80 rmsnorm_router=1.44 topk=3.52 total=15.12
[OPROJ_INNER] slicewait=6.16 mfma=7.32 bar=8.32 rmsnorm_router=1.56 topk=0.92 total=24.28
[OPROJ_INNER] slicewait=2.52 mfma=3.84 bar=3.48 rmsnorm_router=1.44 topk=2.60 total=13.88
[OPROJ_INNER] slicewait=5.92 mfma=8.36 bar=11.28 rmsnorm_router=1.40 topk=10.56 total=37.52
[OPROJ_INNER] slicewait=8.20 mfma=3.92 bar=5.32 rmsnorm_router=1.60 topk=0.40 total=19.44
[OPROJ_INNER] slicewait=3.00 mfma=5.52 bar=6.16 rmsnorm_router=1.48 topk=3.20 total=19.36
[OPROJ_INNER] slicewait=2.92 mfma=6.84 bar=10.12 rmsnorm_router=1.44 topk=1.56 total=22.88
[OPROJ_INNER] slicewait=3.80 mfma=4.76 bar=6.72 rmsnorm_router=1.48 topk=0.44 total=17.20
[OPROJ_INNER] slicewait=5.04 mfma=6.60 bar=7.92 rmsnorm_router=1.52 topk=0.52 total=21.60
[OPROJ_INNER] slicewait=3.32 mfma=5.48 bar=4.24 rmsnorm_router=1.48 topk=3.20 total=17.72
[OPROJ_INNER] slicewait=3.96 mfma=5.92 bar=5.00 rmsnorm_router=1.44 topk=0.84 total=17.16
[OPROJ_INNER] slicewait=6.76 mfma=6.24 bar=6.88 rmsnorm_router=1.48 topk=3.48 total=24.84
[OPROJ_INNER] slicewait=4.20 mfma=8.40 bar=7.76 rmsnorm_router=1.68 topk=0.48 total=22.52
[OPROJ_INNER] slicewait=4.80 mfma=5.68 bar=7.28 rmsnorm_router=1.44 topk=1.92 total=21.12
[OPROJ_INNER] slicewait=15.12 mfma=2.40 bar=7.00 rmsnorm_router=1.48 topk=3.40 total=29.40
[OPROJ_INNER] slicewait=8.96 mfma=6.12 bar=8.84 rmsnorm_router=1.44 topk=3.40 total=28.76
[OPROJ_INNER] slicewait=11.56 mfma=3.92 bar=6.60 rmsnorm_router=1.40 topk=2.88 total=26.36
[OPROJ_INNER] slicewait=9.04 mfma=4.64 bar=8.44 rmsnorm_router=1.44 topk=2.64 total=26.20
[OPROJ_INNER] slicewait=2.68 mfma=3.72 bar=3.40 rmsnorm_router=1.44 topk=2.72 total=13.96
[OPROJ_INNER] slicewait=5.08 mfma=7.72 bar=8.72 rmsnorm_router=1.44 topk=2.28 total=25.24
[OPROJ_INNER] slicewait=2.00 mfma=6.32 bar=11.04 rmsnorm_router=1.44 topk=0.48 total=21.28
[OPROJ_INNER] slicewait=2.12 mfma=4.48 bar=3.08 rmsnorm_router=1.48 topk=0.40 total=11.56
[OPROJ_INNER] slicewait=3.80 mfma=4.24 bar=9.60 rmsnorm_router=1.40 topk=0.48 total=19.52
[OPROJ_INNER] slicewait=9.40 mfma=3.92 bar=4.92 rmsnorm_router=1.48 topk=1.84 total=21.56
[OPROJ_INNER] slicewait=5.80 mfma=5.88 bar=7.24 rmsnorm_router=1.48 topk=2.48 total=22.88
[OPROJ_INNER] slicewait=2.44 mfma=6.08 bar=5.08 rmsnorm_router=1.48 topk=3.44 total=18.52
[OPROJ_INNER] slicewait=7.12 mfma=5.80 bar=5.64 rmsnorm_router=1.72 topk=1.40 total=21.68
[OPROJ_INNER] slicewait=2.80 mfma=5.48 bar=5.16 rmsnorm_router=1.44 topk=1.88 total=16.76
[OPROJ_INNER] slicewait=11.96 mfma=3.84 bar=6.24 rmsnorm_router=1.44 topk=3.24 total=26.72
[OPROJ_INNER] slicewait=1.40 mfma=15.44 bar=9.80 rmsnorm_router=1.40 topk=0.44 total=28.48
[OPROJ_INNER] slicewait=0.92 mfma=18.56 bar=7.84 rmsnorm_router=1.48 topk=2.16 total=30.96
[OPROJ_INNER] slicewait=3.72 mfma=15.84 bar=6.92 rmsnorm_router=1.44 topk=1.88 total=29.80
[OPROJ_INNER] slicewait=2.60 mfma=13.76 bar=10.24 rmsnorm_router=1.44 topk=2.96 total=31.00
[OPROJ_INNER] slicewait=2.76 mfma=8.88 bar=8.60 rmsnorm_router=1.84 topk=1.04 total=23.12
[OPROJ_INNER] slicewait=3.20 mfma=12.92 bar=8.68 rmsnorm_router=1.76 topk=1.48 total=28.04
[OPROJ_INNER] slicewait=3.00 mfma=3.80 bar=3.48 rmsnorm_router=1.44 topk=3.32 total=15.04
[OPROJ_INNER] slicewait=4.32 mfma=13.76 bar=8.12 rmsnorm_router=1.44 topk=0.60 total=28.24
[OPROJ_INNER] slicewait=4.36 mfma=17.48 bar=5.00 rmsnorm_router=1.60 topk=0.40 total=28.84
[OPROJ_INNER] slicewait=4.36 mfma=7.16 bar=9.88 rmsnorm_router=1.44 topk=3.32 total=26.16
[OPROJ_INNER] slicewait=2.52 mfma=3.80 bar=3.56 rmsnorm_router=1.44 topk=3.60 total=14.92
[OPROJ_INNER] slicewait=4.52 mfma=15.60 bar=7.12 rmsnorm_router=1.44 topk=0.92 total=29.60
[OPROJ_INNER] slicewait=5.40 mfma=3.80 bar=3.24 rmsnorm_router=1.44 topk=1.88 total=15.76
[OPROJ_INNER] slicewait=4.24 mfma=7.80 bar=9.84 rmsnorm_router=1.48 topk=3.16 total=26.52
[OPROJ_INNER] slicewait=3.92 mfma=14.20 bar=9.36 rmsnorm_router=1.44 topk=11.24 total=40.16
[OPROJ_INNER] slicewait=10.48 mfma=3.16 bar=8.40 rmsnorm_router=1.40 topk=1.08 total=24.52
[OPROJ_INNER] slicewait=2.68 mfma=3.84 bar=3.40 rmsnorm_router=1.44 topk=2.92 total=14.28
[OPROJ_INNER] slicewait=1.96 mfma=4.44 bar=3.32 rmsnorm_router=1.44 topk=2.96 total=14.12
[OPROJ_INNER] slicewait=5.40 mfma=3.76 bar=5.32 rmsnorm_router=1.68 topk=0.84 total=17.00
[OPROJ_INNER] slicewait=12.32 mfma=4.68 bar=6.00 rmsnorm_router=1.48 topk=2.32 total=26.80
[OPROJ_INNER] slicewait=4.96 mfma=3.80 bar=5.96 rmsnorm_router=1.44 topk=1.56 total=17.72
[OPROJ_INNER] slicewait=6.88 mfma=3.32 bar=10.60 rmsnorm_router=1.60 topk=0.40 total=22.80
[OPROJ_INNER] slicewait=8.88 mfma=3.16 bar=10.40 rmsnorm_router=1.56 topk=1.44 total=25.44
[OPROJ_INNER] slicewait=10.24 mfma=9.32 bar=6.60 rmsnorm_router=1.64 topk=0.40 total=28.20
[OPROJ_INNER] slicewait=4.72 mfma=6.96 bar=8.08 rmsnorm_router=1.40 topk=0.96 total=22.12
[OPROJ_INNER] slicewait=10.08 mfma=9.40 bar=7.36 rmsnorm_router=1.44 topk=3.32 total=31.60
[OPROJ_INNER] slicewait=4.44 mfma=11.36 bar=9.72 rmsnorm_router=1.44 topk=3.28 total=30.24
[OPROJ_INNER] slicewait=2.40 mfma=3.92 bar=3.68 rmsnorm_router=1.40 topk=9.76 total=21.16
[OPROJ_INNER] slicewait=4.52 mfma=12.24 bar=8.36 rmsnorm_router=1.44 topk=3.80 total=30.36
[OPROJ_INNER] slicewait=2.72 mfma=3.80 bar=2.68 rmsnorm_router=1.72 topk=0.96 total=11.88
[OPROJ_INNER] slicewait=6.52 mfma=7.24 bar=7.52 rmsnorm_router=1.48 topk=0.64 total=23.40
[OPROJ_INNER] slicewait=3.12 mfma=7.08 bar=8.28 rmsnorm_router=1.40 topk=0.48 total=20.36
[OPROJ_INNER] slicewait=4.12 mfma=6.56 bar=7.32 rmsnorm_router=1.72 topk=0.52 total=20.24
[OPROJ_INNER] slicewait=3.32 mfma=6.68 bar=9.00 rmsnorm_router=1.44 topk=2.40 total=22.84
[OPROJ_INNER] slicewait=8.72 mfma=3.96 bar=5.60 rmsnorm_router=1.44 topk=2.28 total=22.00
[OPROJ_INNER] slicewait=0.60 mfma=13.56 bar=6.28 rmsnorm_router=1.44 topk=3.28 total=25.16
[OPROJ_INNER] slicewait=2.56 mfma=10.60 bar=6.20 rmsnorm_router=1.40 topk=2.56 total=23.32
[OPROJ_INNER] slicewait=3.24 mfma=5.76 bar=7.64 rmsnorm_router=1.44 topk=3.84 total=21.92
[OPROJ_INNER] slicewait=4.68 mfma=3.92 bar=5.16 rmsnorm_router=1.40 topk=3.16 total=18.32
[OPROJ_INNER] slicewait=3.24 mfma=4.36 bar=12.48 rmsnorm_router=1.40 topk=3.48 total=24.96
[OPROJ_INNER] slicewait=4.16 mfma=5.52 bar=6.68 rmsnorm_router=1.64 topk=0.48 total=18.48
[OPROJ_INNER] slicewait=5.80 mfma=5.88 bar=8.12 rmsnorm_router=1.48 topk=2.68 total=23.96
[OPROJ_INNER] slicewait=3.96 mfma=4.48 bar=5.12 rmsnorm_router=1.44 topk=1.20 total=16.20
[OPROJ_INNER] slicewait=7.52 mfma=5.64 bar=5.04 rmsnorm_router=1.44 topk=3.36 total=23.00
[OPROJ_INNER] slicewait=7.88 mfma=5.20 bar=5.52 rmsnorm_router=1.44 topk=3.40 total=23.44
[OPROJ_INNER] slicewait=7.08 mfma=5.36 bar=7.36 rmsnorm_router=1.40 topk=3.52 total=24.72
[OPROJ_INNER] slicewait=3.40 mfma=5.20 bar=5.00 rmsnorm_router=1.44 topk=3.32 total=18.36
[OPROJ_INNER] slicewait=11.12 mfma=3.76 bar=5.12 rmsnorm_router=1.44 topk=3.40 total=24.84
[OPROJ_INNER] slicewait=4.84 mfma=3.84 bar=5.20 rmsnorm_router=1.44 topk=2.60 total=17.92
[OPROJ_INNER] slicewait=8.92 mfma=2.28 bar=9.72 rmsnorm_router=1.48 topk=2.44 total=24.84
[OPROJ_INNER] slicewait=5.72 mfma=3.72 bar=5.84 rmsnorm_router=1.44 topk=3.60 total=20.32
[OPROJ_INNER] slicewait=5.08 mfma=3.76 bar=7.60 rmsnorm_router=1.44 topk=3.04 total=20.92
[OPROJ_INNER] slicewait=11.28 mfma=3.80 bar=3.84 rmsnorm_router=1.48 topk=0.40 total=20.80
[OPROJ_INNER] slicewait=10.32 mfma=3.20 bar=6.72 rmsnorm_router=1.40 topk=2.00 total=23.64
[OPROJ_INNER] slicewait=3.92 mfma=3.76 bar=3.20 rmsnorm_router=1.88 topk=2.20 total=14.96
[OPROJ_INNER] slicewait=5.00 mfma=8.96 bar=9.36 rmsnorm_router=1.44 topk=1.12 total=25.88
[OPROJ_INNER] slicewait=1.88 mfma=4.12 bar=3.24 rmsnorm_router=1.44 topk=2.08 total=12.76
[OPROJ_INNER] slicewait=8.48 mfma=3.80 bar=3.08 rmsnorm_router=1.60 topk=0.40 total=17.36
[OPROJ_INNER] slicewait=1.92 mfma=4.12 bar=3.24 rmsnorm_router=1.44 topk=2.80 total=13.52
[OPROJ_INNER] slicewait=2.16 mfma=16.60 bar=8.20 rmsnorm_router=1.48 topk=1.76 total=30.20
[OPROJ_INNER] slicewait=3.40 mfma=12.08 bar=9.84 rmsnorm_router=1.40 topk=2.76 total=29.48
[OPROJ_INNER] slicewait=4.24 mfma=9.88 bar=9.08 rmsnorm_router=1.64 topk=1.28 total=26.12
[OPROJ_INNER] slicewait=5.48 mfma=3.80 bar=3.40 rmsnorm_router=1.52 topk=3.12 total=17.32
[OPROJ_INNER] slicewait=4.72 mfma=7.96 bar=10.96 rmsnorm_router=1.40 topk=2.84 total=27.88
[OPROJ_INNER] slicewait=6.16 mfma=3.76 bar=4.32 rmsnorm_router=1.44 topk=2.88 total=18.56
[OPROJ_INNER] slicewait=3.72 mfma=6.76 bar=7.24 rmsnorm_router=1.48 topk=1.92 total=21.12
[OPROJ_INNER] slicewait=12.72 mfma=3.84 bar=7.52 rmsnorm_router=1.40 topk=1.68 total=27.16
[OPROJ_INNER] slicewait=4.44 mfma=8.80 bar=7.16 rmsnorm_router=1.48 topk=2.04 total=23.92
[OPROJ_INNER] slicewait=6.56 mfma=6.16 bar=11.04 rmsnorm_router=1.64 topk=1.52 total=26.92
[OPROJ_INNER] slicewait=2.84 mfma=3.84 bar=3.40 rmsnorm_router=1.48 topk=3.08 total=14.64
[OPROJ_INNER] slicewait=14.44 mfma=6.52 bar=4.24 rmsnorm_router=1.44 topk=3.84 total=30.48
[nps2_base] blocks per XCD: 23 23 23 23 23 23 23 23
[nps2_base] wall 354.77 ms / 400 layers = 886.91 us per layer
[nps2_base] hash attn_proj_out=d5f0c50124e2cb83 rmsnorm_out=ff1bdbe7ad2c4ed3
[nps2_base] attn_out(in)       8192/8192 nonzero bytes  head 3f803f80 3f803f80 3f803f80 3f803f80
[nps2_base] weight_data(in)     256/256 nonzero bytes  head 22222222 22222222 22222222 22222222
[nps2_base] weight_scale(in)    256/256 nonzero bytes  head 77777777 77777777 77777777 77777777
[nps2_base] norm_weight(in)     256/256 nonzero bytes  head 3c3c3c3c 3c3c3c3c 3c3c3c3c 3c3c3c3c
[nps2_base] attn_proj_out      5888/5888 nonzero bytes  head 41a0419c 41a841a4 41b041ac 41b841b4
[nps2_base] rmsnorm_out        2903/5760 nonzero bytes  head 7b7a7a7a 7c7b7b7b 7d7c7c7c 7e7d7d7d
[nps2_base] topk_weight           8/4096 nonzero bytes  head 3e800000 3e800000 3e800000 3e800000
[nps2_base] routing_indices       4/4096 nonzero bytes  head 00000000 00000000 00000000 00000000
[nps2_base] logits_scratch        0/4096 nonzero bytes  head 00000000 00000000 00000000 00000000
[nps2_base] counters             34/4096 nonzero bytes  head 00000190 00000000 00000000 00000000
