[AID] AID0 -> range 0, AID1 -> range 1
[AID] 2.00 MiB in AID0 (range 0, COHERENT set) -> 0x78af2ce00000
[AID] 2.00 MiB in AID1 (range 1, COHERENT set) -> 0x78af2ca00000
[fixlocal] attn_out 0x78af34200000  flags 0x78af2ce00000 / 0x78af2ca00000  weight 0x78af2ee00000 (6.11 MiB)
[fixlocal] aid=1 coherent=1 split=1 hier_split=1 local_split=1
[fixlocal] 184 tiles (23/XCD), 256 threads, 150 layers, delay=0 skew=0, 736 polling waves
[BAR_ARR] ep=1 xcd=4 l1=0.360 l2=0.360
[BAR_ARR] ep=1 xcd=7 l1=0.360 l2=0.360
[BAR_ARR] ep=1 xcd=2 l1=0.360 l2=0.400
[BAR_ARR] ep=1 xcd=3 l1=0.400 l2=0.280
[BAR_ARR] ep=1 xcd=1 l1=0.440 l2=0.280
[BAR_ARR] ep=1 xcd=0 l1=0.400 l2=0.280
[OPROJ_INNER] slicewait=1.96 mfma=3.12 bar=4.60 rmsnorm_router=1.76 topk=3.84 total=15.28
[OPROJ_INNER] slicewait=4.96 mfma=1.80 bar=5.92 rmsnorm_router=1.44 topk=0.52 total=14.64
[OPROJ_INNER] slicewait=4.48 mfma=1.76 bar=5.96 rmsnorm_router=1.52 topk=0.76 total=14.48
[OPROJ_INNER] slicewait=5.04 mfma=1.76 bar=6.00 rmsnorm_router=1.52 topk=1.20 total=15.52
[BAR_OBS] ep=1 xcd=7 drain=0.440 l1=0.240 wait=3.840 acq=0.080 obs=19115173344502 bar=4.600
[OPROJ_INNER] slicewait=0.44 mfma=4.08 bar=1.72 rmsnorm_router=1.52 topk=1.68 total=9.44
[BAR_REL] ep=1 xcd=0 rel=19115173344497
[BAR_ARR] ep=1 xcd=6 l1=0.400 l2=0.480
[BAR_OBS] ep=1 xcd=3 drain=0.400 l1=0.200 wait=5.320 acq=0.040 obs=19115173344496 bar=5.960
[BAR_OBS] ep=1 xcd=1 drain=0.360 l1=0.240 wait=5.360 acq=0.040 obs=19115173344498 bar=6.000
[OPROJ_INNER] slicewait=1.48 mfma=3.60 bar=3.96 rmsnorm_router=1.72 topk=1.92 total=12.68
[BAR_ARR] ep=1 xcd=5 l1=0.360 l2=0.360
[OPROJ_INNER] slicewait=1.24 mfma=3.76 bar=3.64 rmsnorm_router=1.72 topk=3.00 total=13.36
[BAR_OBS] ep=1 xcd=0 drain=0.440 l1=0.240 wait=0.960 acq=0.080 obs=19115173344501 bar=1.720
[BAR_OBS] ep=1 xcd=2 drain=0.400 l1=0.200 wait=5.240 acq=0.080 obs=19115173344496 bar=5.920
[OPROJ_INNER] slicewait=1.08 mfma=3.96 bar=3.60 rmsnorm_router=1.72 topk=3.28 total=13.64
[BAR_OBS] ep=1 xcd=4 drain=0.480 l1=0.240 wait=3.160 acq=0.080 obs=19115173344497 bar=3.960
[BAR_OBS] ep=1 xcd=6 drain=0.520 l1=0.240 wait=2.800 acq=0.080 obs=19115173344499 bar=3.640
[BAR_OBS] ep=1 xcd=5 drain=0.440 l1=0.280 wait=2.800 acq=0.080 obs=19115173344503 bar=3.600
[OPROJ_INNER] slicewait=0.40 mfma=3.92 bar=2.68 rmsnorm_router=1.56 topk=1.32 total=9.88
[OPROJ_INNER] slicewait=0.40 mfma=3.88 bar=2.68 rmsnorm_router=1.56 topk=1.40 total=9.92
[BAR_OBS] ep=2 xcd=0 drain=0.360 l1=0.200 wait=2.040 acq=0.080 obs=19115173731117 bar=2.680
[OPROJ_INNER] slicewait=0.40 mfma=3.84 bar=2.60 rmsnorm_router=1.52 topk=0.40 total=8.76
[OPROJ_INNER] slicewait=0.40 mfma=4.00 bar=2.40 rmsnorm_router=1.52 topk=3.72 total=12.04
[BAR_OBS] ep=2 xcd=3 drain=0.400 l1=0.200 wait=2.000 acq=0.080 obs=19115173731116 bar=2.680
[OPROJ_INNER] slicewait=0.44 mfma=3.88 bar=2.64 rmsnorm_router=1.64 topk=2.40 total=11.00
[OPROJ_INNER] slicewait=0.36 mfma=4.00 bar=2.28 rmsnorm_router=1.60 topk=3.48 total=11.72
[BAR_ARR] ep=2 xcd=0 l1=0.200 l2=0.440
[BAR_ARR] ep=2 xcd=3 l1=0.200 l2=0.560
[OPROJ_INNER] slicewait=0.40 mfma=3.92 bar=2.72 rmsnorm_router=1.72 topk=6.96 total=15.72
[BAR_OBS] ep=2 xcd=1 drain=0.360 l1=0.240 wait=1.960 acq=0.080 obs=19115173731118 bar=2.640
[BAR_OBS] ep=2 xcd=5 drain=0.440 l1=0.200 wait=1.680 acq=0.080 obs=19115173731147 bar=2.400
[BAR_ARR] ep=2 xcd=1 l1=0.240 l2=0.760
[OPROJ_INNER] slicewait=0.36 mfma=3.96 bar=2.20 rmsnorm_router=1.56 topk=2.16 total=10.24
[BAR_ARR] ep=2 xcd=5 l1=0.200 l2=0.760
[BAR_OBS] ep=2 xcd=6 drain=0.480 l1=0.200 wait=1.960 acq=0.080 obs=19115173731175 bar=2.720
[BAR_OBS] ep=2 xcd=2 drain=0.360 l1=0.200 wait=1.960 acq=0.080 obs=19115173731112 bar=2.600
[BAR_OBS] ep=2 xcd=4 drain=0.480 l1=0.200 wait=1.480 acq=0.040 obs=19115173731121 bar=2.200
[BAR_OBS] ep=2 xcd=7 drain=0.440 l1=0.200 wait=1.600 acq=0.040 obs=19115173731134 bar=2.280
[BAR_ARR] ep=2 xcd=2 l1=0.200 l2=0.840
[BAR_ARR] ep=2 xcd=6 l1=0.200 l2=0.880
[BAR_ARR] ep=2 xcd=4 l1=0.200 l2=0.560
[BAR_ARR] ep=2 xcd=7 l1=0.200 l2=0.560
[BAR_REL] ep=2 xcd=6 rel=19115173731115
[OPROJ_INNER] slicewait=0.40 mfma=3.96 bar=2.60 rmsnorm_router=1.64 topk=1.96 total=10.56
[OPROJ_INNER] slicewait=0.40 mfma=3.92 bar=2.20 rmsnorm_router=1.60 topk=3.36 total=11.48
[OPROJ_INNER] slicewait=0.44 mfma=3.88 bar=2.80 rmsnorm_router=1.52 topk=0.44 total=9.08
[OPROJ_INNER] slicewait=0.40 mfma=3.96 bar=2.68 rmsnorm_router=1.60 topk=0.76 total=9.40
[OPROJ_INNER] slicewait=0.40 mfma=4.00 bar=2.64 rmsnorm_router=1.64 topk=1.72 total=10.40
[OPROJ_INNER] slicewait=0.40 mfma=3.92 bar=2.36 rmsnorm_router=1.48 topk=3.12 total=11.28
[BAR_OBS] ep=3 xcd=0 drain=0.400 l1=0.200 wait=1.960 acq=0.080 obs=19115173977753 bar=2.640
[OPROJ_INNER] slicewait=0.40 mfma=4.00 bar=2.04 rmsnorm_router=1.68 topk=3.00 total=11.12
[BAR_OBS] ep=3 xcd=1 drain=0.360 l1=0.240 wait=1.960 acq=0.040 obs=19115173977758 bar=2.600
[BAR_OBS] ep=3 xcd=3 drain=0.400 l1=0.200 wait=2.000 acq=0.080 obs=19115173977752 bar=2.680
[BAR_OBS] ep=3 xcd=2 drain=0.400 l1=0.200 wait=2.120 acq=0.080 obs=19115173977752 bar=2.800
[BAR_ARR] ep=3 xcd=2 l1=0.200 l2=0.280
[OPROJ_INNER] slicewait=0.40 mfma=3.96 bar=2.60 rmsnorm_router=1.76 topk=6.20 total=14.92
[BAR_ARR] ep=3 xcd=1 l1=0.240 l2=0.640
[BAR_ARR] ep=3 xcd=3 l1=0.200 l2=0.440
[BAR_ARR] ep=3 xcd=0 l1=0.200 l2=0.680
[BAR_OBS] ep=3 xcd=5 drain=0.480 l1=0.200 wait=1.280 acq=0.080 obs=19115173977747 bar=2.040
[BAR_ARR] ep=3 xcd=5 l1=0.200 l2=0.480
[BAR_OBS] ep=3 xcd=4 drain=0.480 l1=0.200 wait=1.640 acq=0.040 obs=19115173977781 bar=2.360
[BAR_OBS] ep=3 xcd=7 drain=0.480 l1=0.200 wait=1.480 acq=0.040 obs=19115173977766 bar=2.200
[BAR_OBS] ep=3 xcd=6 drain=0.480 l1=0.200 wait=1.840 acq=0.080 obs=19115173977811 bar=2.600
[BAR_ARR] ep=3 xcd=7 l1=0.200 l2=0.560
[BAR_ARR] ep=3 xcd=4 l1=0.200 l2=0.640
[BAR_ARR] ep=3 xcd=6 l1=0.200 l2=0.760
[BAR_REL] ep=3 xcd=6 rel=19115173977751
[OPROJ_INNER] slicewait=0.40 mfma=3.96 bar=2.96 rmsnorm_router=1.56 topk=1.04 total=9.92
[OPROJ_INNER] slicewait=0.40 mfma=3.88 bar=3.04 rmsnorm_router=1.52 topk=0.40 total=9.24
[OPROJ_INNER] slicewait=0.44 mfma=3.96 bar=2.28 rmsnorm_router=1.52 topk=2.16 total=10.36
[OPROJ_INNER] slicewait=0.40 mfma=3.92 bar=2.88 rmsnorm_router=1.64 topk=1.84 total=10.68
[OPROJ_INNER] slicewait=0.44 mfma=3.96 bar=2.72 rmsnorm_router=1.68 topk=3.28 total=12.08
[BAR_OBS] ep=4 xcd=1 drain=0.400 l1=0.200 wait=2.240 acq=0.040 obs=19115174251498 bar=2.880
[OPROJ_INNER] slicewait=0.40 mfma=3.96 bar=2.12 rmsnorm_router=1.76 topk=2.84 total=11.08
[OPROJ_INNER] slicewait=0.36 mfma=3.92 bar=3.00 rmsnorm_router=1.60 topk=1.20 total=10.08
[BAR_OBS] ep=4 xcd=0 drain=0.360 l1=0.200 wait=2.320 acq=0.080 obs=19115174251493 bar=2.960
[BAR_OBS] ep=4 xcd=6 drain=0.480 l1=0.200 wait=1.960 acq=0.080 obs=19115174251559 bar=2.720
[BAR_ARR] ep=4 xcd=0 l1=0.200 l2=0.560
[BAR_ARR] ep=4 xcd=1 l1=0.200 l2=0.560
[BAR_OBS] ep=4 xcd=3 drain=0.360 l1=0.240 wait=2.360 acq=0.040 obs=19115174251496 bar=3.000
[BAR_OBS] ep=4 xcd=2 drain=0.400 l1=0.200 wait=2.400 acq=0.040 obs=19115174251492 bar=3.040
[OPROJ_INNER] slicewait=0.44 mfma=4.00 bar=2.52 rmsnorm_router=2.04 topk=6.48 total=15.48
[BAR_ARR] ep=4 xcd=2 l1=0.200 l2=0.400
[BAR_ARR] ep=4 xcd=3 l1=0.240 l2=0.440
[BAR_OBS] ep=4 xcd=4 drain=0.440 l1=0.240 wait=1.520 acq=0.080 obs=19115174251501 bar=2.280
[BAR_OBS] ep=4 xcd=7 drain=0.440 l1=0.320 wait=1.320 acq=0.040 obs=19115174251490 bar=2.120
[BAR_ARR] ep=4 xcd=4 l1=0.240 l2=0.640
[BAR_ARR] ep=4 xcd=7 l1=0.320 l2=0.560
[BAR_ARR] ep=4 xcd=6 l1=0.200 l2=0.800
[BAR_OBS] ep=4 xcd=5 drain=0.440 l1=0.200 wait=1.800 acq=0.080 obs=19115174251531 bar=2.520
[BAR_REL] ep=4 xcd=6 rel=19115174251491
[BAR_ARR] ep=4 xcd=5 l1=0.200 l2=0.760
[OPROJ_INNER] slicewait=0.40 mfma=3.92 bar=2.60 rmsnorm_router=1.60 topk=1.28 total=9.80
[OPROJ_INNER] slicewait=0.36 mfma=3.96 bar=2.64 rmsnorm_router=1.52 topk=0.40 total=8.88
[OPROJ_INNER] slicewait=0.40 mfma=3.96 bar=2.32 rmsnorm_router=1.52 topk=3.16 total=11.36
[OPROJ_INNER] slicewait=0.36 mfma=3.96 bar=2.32 rmsnorm_router=1.52 topk=2.24 total=10.40
[OPROJ_INNER] slicewait=0.40 mfma=4.00 bar=2.56 rmsnorm_router=1.64 topk=1.80 total=10.40
[OPROJ_INNER] slicewait=0.40 mfma=4.00 bar=2.52 rmsnorm_router=1.52 topk=0.76 total=9.20
[OPROJ_INNER] slicewait=0.44 mfma=3.96 bar=2.64 rmsnorm_router=1.76 topk=6.08 total=14.88
[BAR_OBS] ep=5 xcd=2 drain=0.360 l1=0.200 wait=2.000 acq=0.080 obs=19115174520732 bar=2.640
[BAR_OBS] ep=5 xcd=1 drain=0.360 l1=0.200 wait=1.960 acq=0.040 obs=19115174520738 bar=2.560
[BAR_OBS] ep=5 xcd=7 drain=0.480 l1=0.200 wait=1.560 acq=0.080 obs=19115174520754 bar=2.320
[BAR_OBS] ep=5 xcd=3 drain=0.360 l1=0.200 wait=1.880 acq=0.080 obs=19115174520732 bar=2.520
[BAR_ARR] ep=5 xcd=2 l1=0.200 l2=0.440
[BAR_OBS] ep=5 xcd=0 drain=0.360 l1=0.200 wait=1.960 acq=0.080 obs=19115174520733 bar=2.600
[BAR_ARR] ep=5 xcd=0 l1=0.200 l2=0.600
[BAR_ARR] ep=5 xcd=1 l1=0.200 l2=0.600
[BAR_ARR] ep=5 xcd=3 l1=0.200 l2=0.720
[BAR_ARR] ep=5 xcd=7 l1=0.200 l2=0.640
[OPROJ_INNER] slicewait=0.44 mfma=3.92 bar=2.20 rmsnorm_router=1.72 topk=2.84 total=11.12
[BAR_OBS] ep=5 xcd=4 drain=0.480 l1=0.200 wait=1.600 acq=0.040 obs=19115174520745 bar=2.320
[BAR_OBS] ep=5 xcd=6 drain=0.480 l1=0.200 wait=1.880 acq=0.080 obs=19115174520791 bar=2.640
[BAR_ARR] ep=5 xcd=4 l1=0.200 l2=0.680
[BAR_ARR] ep=5 xcd=6 l1=0.200 l2=0.800
[BAR_OBS] ep=5 xcd=5 drain=0.480 l1=0.200 wait=1.440 acq=0.080 obs=19115174520727 bar=2.200
[BAR_REL] ep=5 xcd=6 rel=19115174520731
[BAR_ARR] ep=5 xcd=5 l1=0.200 l2=0.520
[OPROJ_INNER] slicewait=0.40 mfma=3.96 bar=2.76 rmsnorm_router=1.60 topk=1.40 total=10.12
[OPROJ_INNER] slicewait=0.40 mfma=3.96 bar=2.80 rmsnorm_router=1.56 topk=0.76 total=9.48
[OPROJ_INNER] slicewait=0.40 mfma=3.96 bar=2.68 rmsnorm_router=1.64 topk=2.56 total=11.24
[OPROJ_INNER] slicewait=0.40 mfma=3.96 bar=2.68 rmsnorm_router=1.72 topk=6.20 total=14.96
[OPROJ_INNER] slicewait=0.36 mfma=3.96 bar=2.80 rmsnorm_router=1.52 topk=0.40 total=9.04
[OPROJ_INNER] slicewait=0.40 mfma=3.96 bar=2.12 rmsnorm_router=1.72 topk=3.04 total=11.24
[BAR_OBS] ep=6 xcd=3 drain=0.360 l1=0.200 wait=2.160 acq=0.080 obs=19115174781824 bar=2.800
[OPROJ_INNER] slicewait=0.40 mfma=3.92 bar=2.12 rmsnorm_router=1.76 topk=3.48 total=11.68
[OPROJ_INNER] slicewait=0.36 mfma=3.96 bar=2.24 rmsnorm_router=1.48 topk=1.40 total=9.44
[BAR_ARR] ep=6 xcd=3 l1=0.200 l2=0.560
[BAR_OBS] ep=6 xcd=4 drain=0.480 l1=0.240 wait=1.440 acq=0.080 obs=19115174781833 bar=2.240
[BAR_OBS] ep=6 xcd=1 drain=0.360 l1=0.200 wait=2.040 acq=0.080 obs=19115174781826 bar=2.680
[BAR_OBS] ep=6 xcd=0 drain=0.360 l1=0.200 wait=2.120 acq=0.080 obs=19115174781825 bar=2.760
[BAR_OBS] ep=6 xcd=6 drain=0.480 l1=0.200 wait=1.920 acq=0.080 obs=19115174781883 bar=2.680
[BAR_ARR] ep=6 xcd=0 l1=0.200 l2=0.680
[BAR_OBS] ep=6 xcd=7 drain=0.440 l1=0.240 wait=1.360 acq=0.080 obs=19115174781818 bar=2.120
[BAR_ARR] ep=6 xcd=4 l1=0.240 l2=0.720
[BAR_ARR] ep=6 xcd=1 l1=0.200 l2=0.720
[BAR_OBS] ep=6 xcd=5 drain=0.480 l1=0.200 wait=1.360 acq=0.080 obs=19115174781819 bar=2.120
[BAR_OBS] ep=6 xcd=2 drain=0.400 l1=0.160 wait=2.160 acq=0.080 obs=19115174781824 bar=2.800
[BAR_ARR] ep=6 xcd=6 l1=0.200 l2=0.800
[BAR_ARR] ep=6 xcd=5 l1=0.200 l2=0.600
[BAR_ARR] ep=6 xcd=2 l1=0.160 l2=0.480
[BAR_REL] ep=6 xcd=6 rel=19115174781823
[BAR_ARR] ep=6 xcd=7 l1=0.240 l2=0.320
[OPROJ_INNER] slicewait=0.40 mfma=4.00 bar=2.60 rmsnorm_router=1.64 topk=1.20 total=9.84
[OPROJ_INNER] slicewait=0.40 mfma=4.00 bar=2.68 rmsnorm_router=1.68 topk=2.64 total=11.40
[OPROJ_INNER] slicewait=0.40 mfma=3.96 bar=2.80 rmsnorm_router=1.64 topk=0.40 total=9.20
[OPROJ_INNER] slicewait=0.40 mfma=3.92 bar=2.16 rmsnorm_router=1.76 topk=3.80 total=12.04
[OPROJ_INNER] slicewait=0.40 mfma=3.96 bar=2.84 rmsnorm_router=1.68 topk=3.00 total=11.88
[OPROJ_INNER] slicewait=0.44 mfma=3.92 bar=2.64 rmsnorm_router=1.88 topk=6.44 total=15.32
[BAR_OBS] ep=7 xcd=0 drain=0.360 l1=0.200 wait=1.960 acq=0.080 obs=19115175051657 bar=2.600
[BAR_OBS] ep=7 xcd=6 drain=0.480 l1=0.160 wait=1.960 acq=0.040 obs=19115175051719 bar=2.640
[BAR_OBS] ep=7 xcd=1 drain=0.360 l1=0.240 wait=2.000 acq=0.080 obs=19115175051662 bar=2.680
[BAR_ARR] ep=7 xcd=0 l1=0.200 l2=0.680
[OPROJ_INNER] slicewait=0.40 mfma=3.96 bar=2.24 rmsnorm_router=1.56 topk=2.56 total=10.72
[BAR_ARR] ep=7 xcd=1 l1=0.240 l2=0.520
[BAR_ARR] ep=7 xcd=6 l1=0.160 l2=0.840
[BAR_OBS] ep=7 xcd=2 drain=0.360 l1=0.200 wait=2.160 acq=0.080 obs=19115175051656 bar=2.800
[BAR_OBS] ep=7 xcd=5 drain=0.440 l1=0.240 wait=1.480 acq=0.080 obs=19115175051663 bar=2.240
[OPROJ_INNER] slicewait=0.40 mfma=3.96 bar=2.32 rmsnorm_router=1.44 topk=2.72 total=10.84
[BAR_ARR] ep=7 xcd=2 l1=0.200 l2=0.600
[BAR_OBS] ep=7 xcd=7 drain=0.440 l1=0.240 wait=1.400 acq=0.080 obs=19115175051654 bar=2.160
[BAR_ARR] ep=7 xcd=5 l1=0.240 l2=0.600
[BAR_REL] ep=7 xcd=6 rel=19115175051655
[BAR_ARR] ep=7 xcd=7 l1=0.240 l2=0.440
[BAR_OBS] ep=7 xcd=4 drain=0.480 l1=0.200 wait=1.560 acq=0.080 obs=19115175051677 bar=2.320
[BAR_OBS] ep=7 xcd=3 drain=0.400 l1=0.200 wait=2.160 acq=0.080 obs=19115175051660 bar=2.840
[BAR_ARR] ep=7 xcd=4 l1=0.200 l2=0.680
[BAR_ARR] ep=7 xcd=3 l1=0.200 l2=0.480
[OPROJ_INNER] slicewait=0.44 mfma=3.84 bar=2.72 rmsnorm_router=1.48 topk=0.44 total=8.92
[OPROJ_INNER] slicewait=0.40 mfma=3.92 bar=2.12 rmsnorm_router=1.72 topk=3.04 total=11.20
[OPROJ_INNER] slicewait=0.40 mfma=3.92 bar=2.68 rmsnorm_router=1.72 topk=5.84 total=14.56
[OPROJ_INNER] slicewait=0.40 mfma=3.96 bar=2.28 rmsnorm_router=1.56 topk=2.72 total=10.92
[OPROJ_INNER] slicewait=0.40 mfma=3.92 bar=2.72 rmsnorm_router=1.52 topk=0.80 total=9.36
[OPROJ_INNER] slicewait=0.36 mfma=3.92 bar=2.68 rmsnorm_router=1.68 topk=2.08 total=10.72
[OPROJ_INNER] slicewait=0.36 mfma=3.92 bar=2.12 rmsnorm_router=1.64 topk=1.60 total=9.64
[OPROJ_INNER] slicewait=0.40 mfma=4.00 bar=2.80 rmsnorm_router=1.56 topk=1.20 total=9.96
[BAR_OBS] ep=8 xcd=2 drain=0.400 l1=0.160 wait=2.080 acq=0.080 obs=19115175312776 bar=2.720
[BAR_OBS] ep=8 xcd=3 drain=0.360 l1=0.240 wait=2.040 acq=0.080 obs=19115175312780 bar=2.720
[BAR_OBS] ep=8 xcd=0 drain=0.360 l1=0.200 wait=2.160 acq=0.080 obs=19115175312781 bar=2.800
[BAR_OBS] ep=8 xcd=7 drain=0.440 l1=0.200 wait=1.400 acq=0.080 obs=19115175312774 bar=2.120
[BAR_ARR] ep=8 xcd=3 l1=0.240 l2=0.480
[BAR_OBS] ep=8 xcd=6 drain=0.480 l1=0.200 wait=1.920 acq=0.080 obs=19115175312835 bar=2.680
[BAR_ARR] ep=8 xcd=7 l1=0.200 l2=0.520
[BAR_OBS] ep=8 xcd=4 drain=0.440 l1=0.200 wait=1.400 acq=0.080 obs=19115175312773 bar=2.120
[BAR_OBS] ep=8 xcd=1 drain=0.360 l1=0.200 wait=2.040 acq=0.080 obs=19115175312782 bar=2.680
[BAR_ARR] ep=8 xcd=1 l1=0.200 l2=0.720
[BAR_ARR] ep=8 xcd=6 l1=0.200 l2=0.840
[BAR_OBS] ep=8 xcd=5 drain=0.440 l1=0.200 wait=1.560 acq=0.080 obs=19115175312791 bar=2.280
[BAR_ARR] ep=8 xcd=2 l1=0.160 l2=0.640
[BAR_ARR] ep=8 xcd=4 l1=0.200 l2=0.560
[BAR_REL] ep=8 xcd=6 rel=19115175312775
[BAR_ARR] ep=8 xcd=0 l1=0.200 l2=0.320
[BAR_ARR] ep=8 xcd=5 l1=0.200 l2=0.760
[OPROJ_INNER] slicewait=0.40 mfma=3.96 bar=2.80 rmsnorm_router=1.52 topk=0.44 total=9.12
[OPROJ_INNER] slicewait=0.40 mfma=3.92 bar=2.68 rmsnorm_router=1.68 topk=2.00 total=10.68
[OPROJ_INNER] slicewait=0.40 mfma=3.96 bar=2.72 rmsnorm_router=1.60 topk=0.84 total=9.52
[OPROJ_INNER] slicewait=0.44 mfma=3.96 bar=2.76 rmsnorm_router=1.68 topk=1.08 total=9.92
[OPROJ_INNER] slicewait=0.40 mfma=3.96 bar=2.12 rmsnorm_router=1.72 topk=3.08 total=11.28
[OPROJ_INNER] slicewait=0.40 mfma=3.92 bar=2.08 rmsnorm_router=1.76 topk=1.68 total=9.84
[BAR_OBS] ep=9 xcd=2 drain=0.400 l1=0.160 wait=2.160 acq=0.080 obs=19115175592860 bar=2.800
[BAR_ARR] ep=9 xcd=2 l1=0.160 l2=0.280
[OPROJ_INNER] slicewait=0.40 mfma=3.96 bar=2.64 rmsnorm_router=1.76 topk=6.20 total=14.96
[BAR_OBS] ep=9 xcd=1 drain=0.400 l1=0.200 wait=2.000 acq=0.080 obs=19115175592866 bar=2.680
[BAR_OBS] ep=9 xcd=0 drain=0.360 l1=0.200 wait=2.120 acq=0.040 obs=19115175592865 bar=2.720
[BAR_OBS] ep=9 xcd=3 drain=0.400 l1=0.200 wait=2.080 acq=0.080 obs=19115175592864 bar=2.760
[OPROJ_INNER] slicewait=0.40 mfma=3.96 bar=2.32 rmsnorm_router=1.52 topk=3.48 total=11.68
[BAR_ARR] ep=9 xcd=0 l1=0.200 l2=0.560
[BAR_OBS] ep=9 xcd=6 drain=0.480 l1=0.200 wait=1.880 acq=0.080 obs=19115175592923 bar=2.640
[BAR_OBS] ep=9 xcd=5 drain=0.440 l1=0.240 wait=1.360 acq=0.080 obs=19115175592859 bar=2.120
[BAR_OBS] ep=9 xcd=4 drain=0.480 l1=0.200 wait=1.360 acq=0.040 obs=19115175592857 bar=2.080
[BAR_ARR] ep=9 xcd=5 l1=0.240 l2=0.520
[BAR_ARR] ep=9 xcd=6 l1=0.200 l2=0.760
[BAR_ARR] ep=9 xcd=1 l1=0.200 l2=0.680
[BAR_ARR] ep=9 xcd=4 l1=0.200 l2=0.480
[BAR_REL] ep=9 xcd=6 rel=19115175592863
[BAR_OBS] ep=9 xcd=7 drain=0.480 l1=0.200 wait=1.560 acq=0.080 obs=19115175592882 bar=2.320
[BAR_ARR] ep=9 xcd=3 l1=0.200 l2=0.480
[BAR_ARR] ep=9 xcd=7 l1=0.200 l2=0.720
[OPROJ_INNER] slicewait=0.40 mfma=3.92 bar=2.60 rmsnorm_router=1.56 topk=0.40 total=8.88
[OPROJ_INNER] slicewait=0.40 mfma=3.96 bar=2.48 rmsnorm_router=1.72 topk=3.52 total=12.08
[OPROJ_INNER] slicewait=0.40 mfma=3.92 bar=2.68 rmsnorm_router=1.56 topk=0.88 total=9.44
[OPROJ_INNER] slicewait=0.44 mfma=3.88 bar=2.68 rmsnorm_router=1.60 topk=1.32 total=9.92
[BAR_OBS] ep=10 xcd=2 drain=0.400 l1=0.200 wait=1.920 acq=0.080 obs=19115175861128 bar=2.600
[OPROJ_INNER] slicewait=0.44 mfma=3.96 bar=2.20 rmsnorm_router=1.68 topk=3.32 total=11.60
[BAR_ARR] ep=10 xcd=2 l1=0.200 l2=0.720
[OPROJ_INNER] slicewait=0.40 mfma=3.92 bar=2.72 rmsnorm_router=1.60 topk=2.20 total=10.84
[BAR_OBS] ep=10 xcd=4 drain=0.480 l1=0.200 wait=1.760 acq=0.040 obs=19115175861169 bar=2.480
[OPROJ_INNER] slicewait=0.40 mfma=4.00 bar=2.12 rmsnorm_router=1.72 topk=2.88 total=11.12
[OPROJ_INNER] slicewait=0.40 mfma=3.96 bar=2.76 rmsnorm_router=1.76 topk=6.08 total=14.96
[BAR_ARR] ep=10 xcd=4 l1=0.200 l2=0.760
[BAR_OBS] ep=10 xcd=0 drain=0.400 l1=0.200 wait=2.000 acq=0.080 obs=19115175861137 bar=2.680
[BAR_ARR] ep=10 xcd=0 l1=0.200 l2=0.520
[BAR_OBS] ep=10 xcd=1 drain=0.360 l1=0.240 wait=2.000 acq=0.080 obs=19115175861138 bar=2.680
[BAR_OBS] ep=10 xcd=6 drain=0.480 l1=0.200 wait=2.040 acq=0.040 obs=19115175861203 bar=2.760
[BAR_OBS] ep=10 xcd=3 drain=0.360 l1=0.200 wait=2.080 acq=0.080 obs=19115175861144 bar=2.720
[BAR_ARR] ep=10 xcd=1 l1=0.240 l2=0.360
[BAR_ARR] ep=10 xcd=3 l1=0.200 l2=0.840
[BAR_OBS] ep=10 xcd=7 drain=0.440 l1=0.240 wait=1.440 acq=0.080 obs=19115175861138 bar=2.200
[BAR_ARR] ep=10 xcd=6 l1=0.200 l2=0.840
[BAR_OBS] ep=10 xcd=5 drain=0.440 l1=0.200 wait=1.400 acq=0.080 obs=19115175861127 bar=2.120
[BAR_ARR] ep=10 xcd=7 l1=0.240 l2=0.600
[BAR_REL] ep=10 xcd=6 rel=19115175861131
[BAR_ARR] ep=10 xcd=5 l1=0.200 l2=0.560
[OPROJ_INNER] slicewait=0.40 mfma=3.96 bar=2.68 rmsnorm_router=1.60 topk=0.40 total=9.04
[OPROJ_INNER] slicewait=0.40 mfma=4.00 bar=2.60 rmsnorm_router=1.60 topk=1.28 total=9.88
[OPROJ_INNER] slicewait=0.36 mfma=3.92 bar=2.16 rmsnorm_router=1.64 topk=1.64 total=9.72
[OPROJ_INNER] slicewait=0.44 mfma=3.96 bar=2.64 rmsnorm_router=1.60 topk=0.76 total=9.40
[OPROJ_INNER] slicewait=0.40 mfma=3.92 bar=2.16 rmsnorm_router=1.68 topk=2.76 total=10.92
[OPROJ_INNER] slicewait=0.40 mfma=3.96 bar=2.32 rmsnorm_router=1.48 topk=3.12 total=11.28
[BAR_OBS] ep=11 xcd=0 drain=0.360 l1=0.200 wait=2.000 acq=0.080 obs=19115176111241 bar=2.640
[BAR_OBS] ep=11 xcd=2 drain=0.400 l1=0.160 wait=2.040 acq=0.080 obs=19115176111236 bar=2.680
[BAR_OBS] ep=11 xcd=1 drain=0.400 l1=0.200 wait=1.920 acq=0.080 obs=19115176111242 bar=2.600
[OPROJ_INNER] slicewait=0.40 mfma=3.96 bar=2.68 rmsnorm_router=1.64 topk=2.20 total=10.88
[BAR_OBS] ep=11 xcd=7 drain=0.480 l1=0.200 wait=1.560 acq=0.080 obs=19115176111266 bar=2.320
[BAR_ARR] ep=11 xcd=2 l1=0.160 l2=0.320
[BAR_OBS] ep=11 xcd=5 drain=0.480 l1=0.200 wait=1.400 acq=0.080 obs=19115176111235 bar=2.160
[BAR_ARR] ep=11 xcd=1 l1=0.200 l2=0.720
[OPROJ_INNER] slicewait=0.44 mfma=4.00 bar=2.68 rmsnorm_router=1.64 topk=5.80 total=14.56
[BAR_ARR] ep=11 xcd=0 l1=0.200 l2=0.680
[BAR_OBS] ep=11 xcd=3 drain=0.400 l1=0.200 wait=2.000 acq=0.080 obs=19115176111244 bar=2.680
[BAR_ARR] ep=11 xcd=5 l1=0.200 l2=0.560
[BAR_ARR] ep=11 xcd=3 l1=0.200 l2=0.360
[BAR_ARR] ep=11 xcd=7 l1=0.200 l2=0.600
[BAR_OBS] ep=11 xcd=6 drain=0.480 l1=0.200 wait=1.920 acq=0.080 obs=19115176111311 bar=2.680
[BAR_OBS] ep=11 xcd=4 drain=0.480 l1=0.200 wait=1.400 acq=0.080 obs=19115176111233 bar=2.160
[BAR_ARR] ep=11 xcd=6 l1=0.200 l2=0.720
[BAR_ARR] ep=11 xcd=4 l1=0.200 l2=0.520
[BAR_REL] ep=11 xcd=6 rel=19115176111239
[OPROJ_INNER] slicewait=0.36 mfma=3.92 bar=2.16 rmsnorm_router=1.72 topk=1.84 total=10.00
[OPROJ_INNER] slicewait=0.40 mfma=4.00 bar=2.72 rmsnorm_router=1.80 topk=5.88 total=14.80
[OPROJ_INNER] slicewait=0.44 mfma=4.04 bar=2.36 rmsnorm_router=1.48 topk=2.68 total=11.00
[BAR_OBS] ep=12 xcd=4 drain=0.480 l1=0.280 wait=1.320 acq=0.080 obs=19115176382445 bar=2.160
[BAR_OBS] ep=12 xcd=6 drain=0.480 l1=0.200 wait=1.960 acq=0.080 obs=19115176382515 bar=2.720
[BAR_ARR] ep=12 xcd=6 l1=0.200 l2=0.880
[BAR_REL] ep=12 xcd=6 rel=19115176382455
[BAR_OBS] ep=12 xcd=5 drain=0.480 l1=0.200 wait=1.600 acq=0.080 obs=19115176382479 bar=2.360
[OPROJ_INNER] slicewait=0.40 mfma=3.96 bar=2.80 rmsnorm_router=1.64 topk=0.96 total=9.76
[OPROJ_INNER] slicewait=0.40 mfma=3.92 bar=3.04 rmsnorm_router=1.60 topk=2.00 total=10.96
[OPROJ_INNER] slicewait=0.36 mfma=3.92 bar=3.00 rmsnorm_router=1.52 topk=0.40 total=9.20
[BAR_ARR] ep=12 xcd=4 l1=0.280 l2=0.480
[OPROJ_INNER] slicewait=0.40 mfma=4.00 bar=2.24 rmsnorm_router=1.72 topk=3.04 total=11.40
[BAR_OBS] ep=12 xcd=0 drain=0.360 l1=0.200 wait=2.200 acq=0.040 obs=19115176382457 bar=2.800
[OPROJ_INNER] slicewait=0.40 mfma=3.92 bar=2.84 rmsnorm_router=1.64 topk=1.20 total=10.00
[BAR_ARR] ep=12 xcd=0 l1=0.200 l2=0.680
[BAR_ARR] ep=12 xcd=5 l1=0.200 l2=0.720
[BAR_OBS] ep=12 xcd=2 drain=0.360 l1=0.200 wait=2.360 acq=0.080 obs=19115176382456 bar=3.000
[BAR_OBS] ep=12 xcd=3 drain=0.360 l1=0.240 wait=2.360 acq=0.080 obs=19115176382468 bar=3.040
[BAR_ARR] ep=12 xcd=2 l1=0.200 l2=0.280
[BAR_OBS] ep=12 xcd=1 drain=0.360 l1=0.200 wait=2.240 acq=0.040 obs=19115176382462 bar=2.840
[BAR_ARR] ep=12 xcd=3 l1=0.240 l2=0.400
[BAR_OBS] ep=12 xcd=7 drain=0.480 l1=0.200 wait=1.480 acq=0.080 obs=19115176382458 bar=2.240
[BAR_ARR] ep=12 xcd=1 l1=0.200 l2=0.560
[BAR_ARR] ep=12 xcd=7 l1=0.200 l2=0.640
[OPROJ_INNER] slicewait=0.40 mfma=3.92 bar=2.32 rmsnorm_router=1.64 topk=3.16 total=11.44
[OPROJ_INNER] slicewait=0.36 mfma=3.96 bar=2.28 rmsnorm_router=1.56 topk=1.76 total=9.92
[OPROJ_INNER] slicewait=0.44 mfma=3.92 bar=2.64 rmsnorm_router=1.52 topk=0.40 total=8.92
[OPROJ_INNER] slicewait=0.44 mfma=3.96 bar=2.60 rmsnorm_router=1.56 topk=1.24 total=9.80
[OPROJ_INNER] slicewait=0.44 mfma=3.96 bar=2.64 rmsnorm_router=1.60 topk=1.16 total=9.80
[OPROJ_INNER] slicewait=0.40 mfma=4.00 bar=2.36 rmsnorm_router=1.48 topk=2.92 total=11.16
[OPROJ_INNER] slicewait=0.40 mfma=4.00 bar=2.68 rmsnorm_router=1.92 topk=5.68 total=14.68
[BAR_OBS] ep=13 xcd=0 drain=0.360 l1=0.200 wait=1.960 acq=0.080 obs=19115176633321 bar=2.600
[BAR_OBS] ep=13 xcd=2 drain=0.360 l1=0.200 wait=2.040 acq=0.040 obs=19115176633320 bar=2.640
[OPROJ_INNER] slicewait=0.40 mfma=3.96 bar=2.60 rmsnorm_router=1.64 topk=2.20 total=10.80
[BAR_ARR] ep=13 xcd=0 l1=0.200 l2=0.800
[BAR_ARR] ep=13 xcd=2 l1=0.200 l2=0.560
[BAR_OBS] ep=13 xcd=1 drain=0.360 l1=0.200 wait=2.000 acq=0.040 obs=19115176633326 bar=2.600
[BAR_OBS] ep=13 xcd=3 drain=0.360 l1=0.240 wait=2.000 acq=0.040 obs=19115176633324 bar=2.640
[BAR_OBS] ep=13 xcd=7 drain=0.480 l1=0.200 wait=1.560 acq=0.080 obs=19115176633326 bar=2.320
[BAR_ARR] ep=13 xcd=1 l1=0.200 l2=0.640
[BAR_OBS] ep=13 xcd=4 drain=0.480 l1=0.200 wait=1.520 acq=0.080 obs=19115176633325 bar=2.280
[BAR_ARR] ep=13 xcd=3 l1=0.240 l2=0.360
[BAR_OBS] ep=13 xcd=5 drain=0.440 l1=0.200 wait=1.680 acq=0.040 obs=19115176633343 bar=2.360
[BAR_ARR] ep=13 xcd=7 l1=0.200 l2=0.640
[BAR_ARR] ep=13 xcd=4 l1=0.200 l2=0.600
[BAR_ARR] ep=13 xcd=5 l1=0.200 l2=0.760
[BAR_OBS] ep=13 xcd=6 drain=0.480 l1=0.200 wait=1.920 acq=0.080 obs=19115176633379 bar=2.680
[BAR_ARR] ep=13 xcd=6 l1=0.200 l2=0.840
[BAR_REL] ep=13 xcd=6 rel=19115176633319
[OPROJ_INNER] slicewait=0.40 mfma=3.96 bar=2.72 rmsnorm_router=1.52 topk=0.44 total=9.04
[OPROJ_INNER] slicewait=0.40 mfma=3.88 bar=2.92 rmsnorm_router=1.64 topk=1.40 total=10.24
[OPROJ_INNER] slicewait=0.36 mfma=3.92 bar=2.20 rmsnorm_router=1.76 topk=3.48 total=11.72
[OPROJ_INNER] slicewait=0.40 mfma=3.92 bar=2.76 rmsnorm_router=1.68 topk=2.40 total=11.16
[OPROJ_INNER] slicewait=0.36 mfma=3.96 bar=2.88 rmsnorm_router=1.56 topk=0.80 total=9.56
[OPROJ_INNER] slicewait=0.40 mfma=3.92 bar=2.72 rmsnorm_router=1.72 topk=6.40 total=15.16
[BAR_OBS] ep=14 xcd=2 drain=0.400 l1=0.200 wait=2.040 acq=0.080 obs=19115176905496 bar=2.720
[OPROJ_INNER] slicewait=0.40 mfma=3.96 bar=2.40 rmsnorm_router=1.48 topk=3.24 total=11.48
[BAR_OBS] ep=14 xcd=0 drain=0.400 l1=0.200 wait=2.240 acq=0.080 obs=19115176905497 bar=2.920
[OPROJ_INNER] slicewait=0.40 mfma=4.00 bar=2.24 rmsnorm_router=1.60 topk=3.28 total=11.52
[BAR_OBS] ep=14 xcd=3 drain=0.400 l1=0.200 wait=2.200 acq=0.080 obs=19115176905500 bar=2.880
[BAR_OBS] ep=14 xcd=7 drain=0.480 l1=0.200 wait=1.440 acq=0.080 obs=19115176905494 bar=2.200
[BAR_OBS] ep=14 xcd=5 drain=0.440 l1=0.240 wait=1.520 acq=0.040 obs=19115176905511 bar=2.240
[BAR_ARR] ep=14 xcd=0 l1=0.200 l2=0.480
[BAR_ARR] ep=14 xcd=5 l1=0.240 l2=0.720
[BAR_OBS] ep=14 xcd=1 drain=0.360 l1=0.240 wait=2.080 acq=0.080 obs=19115176905502 bar=2.760
[BAR_ARR] ep=14 xcd=7 l1=0.200 l2=0.520
[BAR_OBS] ep=14 xcd=6 drain=0.480 l1=0.200 wait=2.000 acq=0.040 obs=19115176905559 bar=2.720
[BAR_ARR] ep=14 xcd=3 l1=0.200 l2=0.560
[BAR_ARR] ep=14 xcd=1 l1=0.240 l2=0.640
[BAR_ARR] ep=14 xcd=2 l1=0.200 l2=0.640
[BAR_OBS] ep=14 xcd=4 drain=0.440 l1=0.200 wait=1.680 acq=0.080 obs=19115176905521 bar=2.400
[BAR_ARR] ep=14 xcd=6 l1=0.200 l2=0.880
[BAR_ARR] ep=14 xcd=4 l1=0.200 l2=0.760
[BAR_REL] ep=14 xcd=6 rel=19115176905495
[OPROJ_INNER] slicewait=0.44 mfma=3.88 bar=2.68 rmsnorm_router=1.68 topk=2.08 total=10.76
[OPROJ_INNER] slicewait=0.40 mfma=3.96 bar=2.48 rmsnorm_router=1.48 topk=3.08 total=11.40
[OPROJ_INNER] slicewait=0.44 mfma=3.88 bar=2.60 rmsnorm_router=1.52 topk=0.40 total=8.84
[OPROJ_INNER] slicewait=0.44 mfma=3.88 bar=2.36 rmsnorm_router=1.52 topk=2.68 total=10.88
[OPROJ_INNER] slicewait=0.40 mfma=4.00 bar=2.60 rmsnorm_router=1.52 topk=0.76 total=9.28
[OPROJ_INNER] slicewait=0.44 mfma=3.92 bar=2.64 rmsnorm_router=1.60 topk=1.36 total=9.96
[BAR_OBS] ep=15 xcd=2 drain=0.360 l1=0.200 wait=1.960 acq=0.080 obs=19115177181776 bar=2.600
[BAR_OBS] ep=15 xcd=1 drain=0.400 l1=0.200 wait=2.040 acq=0.040 obs=19115177181782 bar=2.680
[OPROJ_INNER] slicewait=0.36 mfma=3.92 bar=2.76 rmsnorm_router=1.88 topk=5.60 total=14.52
[BAR_ARR] ep=15 xcd=2 l1=0.200 l2=0.720
[BAR_ARR] ep=15 xcd=1 l1=0.200 l2=0.400
[BAR_OBS] ep=15 xcd=5 drain=0.440 l1=0.200 wait=1.760 acq=0.080 obs=19115177181803 bar=2.480
[BAR_OBS] ep=15 xcd=3 drain=0.360 l1=0.200 wait=1.960 acq=0.080 obs=19115177181780 bar=2.600
[BAR_OBS] ep=15 xcd=0 drain=0.400 l1=0.200 wait=1.960 acq=0.080 obs=19115177181777 bar=2.640
[BAR_OBS] ep=15 xcd=7 drain=0.440 l1=0.240 wait=1.600 acq=0.080 obs=19115177181790 bar=2.360
[BAR_ARR] ep=15 xcd=0 l1=0.200 l2=0.520
[BAR_ARR] ep=15 xcd=5 l1=0.200 l2=0.800
[OPROJ_INNER] slicewait=0.36 mfma=3.92 bar=2.12 rmsnorm_router=1.68 topk=1.64 total=9.72
[BAR_ARR] ep=15 xcd=7 l1=0.240 l2=0.600
[BAR_ARR] ep=15 xcd=3 l1=0.200 l2=0.720
[BAR_OBS] ep=15 xcd=6 drain=0.520 l1=0.200 wait=1.960 acq=0.080 obs=19115177181835 bar=2.760
[BAR_OBS] ep=15 xcd=4 drain=0.440 l1=0.200 wait=1.400 acq=0.080 obs=19115177181765 bar=2.120
[BAR_ARR] ep=15 xcd=6 l1=0.200 l2=0.880
[BAR_ARR] ep=15 xcd=4 l1=0.200 l2=0.600
[BAR_REL] ep=15 xcd=6 rel=19115177181775
[OPROJ_INNER] slicewait=0.44 mfma=3.92 bar=2.68 rmsnorm_router=1.60 topk=1.32 total=9.96
[OPROJ_INNER] slicewait=0.40 mfma=3.92 bar=2.64 rmsnorm_router=1.64 topk=2.44 total=11.04
[OPROJ_INNER] slicewait=0.40 mfma=3.92 bar=2.64 rmsnorm_router=1.60 topk=1.36 total=9.92
[BAR_OBS] ep=16 xcd=0 drain=0.360 l1=0.200 wait=2.080 acq=0.040 obs=19115177442677 bar=2.680
[OPROJ_INNER] slicewait=0.40 mfma=3.88 bar=2.32 rmsnorm_router=1.72 topk=3.44 total=11.76
[OPROJ_INNER] slicewait=0.36 mfma=3.92 bar=2.44 rmsnorm_router=1.44 topk=1.84 total=10.00
[OPROJ_INNER] slicewait=0.40 mfma=4.00 bar=2.48 rmsnorm_router=1.44 topk=3.56 total=11.88
[BAR_OBS] ep=16 xcd=1 drain=0.360 l1=0.240 wait=1.960 acq=0.080 obs=19115177442678 bar=2.640
[BAR_ARR] ep=16 xcd=0 l1=0.200 l2=0.560
[OPROJ_INNER] slicewait=0.40 mfma=3.92 bar=2.80 rmsnorm_router=1.68 topk=6.40 total=15.20
[BAR_OBS] ep=16 xcd=4 drain=0.480 l1=0.280 wait=1.600 acq=0.080 obs=19115177442689 bar=2.440
[BAR_ARR] ep=16 xcd=4 l1=0.280 l2=0.600
[BAR_OBS] ep=16 xcd=6 drain=0.480 l1=0.200 wait=2.040 acq=0.080 obs=19115177442735 bar=2.800
[OPROJ_INNER] slicewait=0.44 mfma=3.88 bar=2.68 rmsnorm_router=1.52 topk=0.40 total=8.92
[BAR_OBS] ep=16 xcd=7 drain=0.480 l1=0.200 wait=1.560 acq=0.080 obs=19115177442674 bar=2.320
[BAR_ARR] ep=16 xcd=1 l1=0.240 l2=0.720
[BAR_OBS] ep=16 xcd=3 drain=0.360 l1=0.240 wait=1.960 acq=0.080 obs=19115177442676 bar=2.640
[BAR_OBS] ep=16 xcd=5 drain=0.480 l1=0.200 wait=1.760 acq=0.040 obs=19115177442707 bar=2.480
[BAR_ARR] ep=16 xcd=3 l1=0.240 l2=0.680
[BAR_ARR] ep=16 xcd=7 l1=0.200 l2=0.560
[BAR_OBS] ep=16 xcd=2 drain=0.400 l1=0.160 wait=2.040 acq=0.080 obs=19115177442672 bar=2.680
[BAR_ARR] ep=16 xcd=6 l1=0.200 l2=0.920
[BAR_ARR] ep=16 xcd=5 l1=0.200 l2=0.760
[BAR_ARR] ep=16 xcd=2 l1=0.160 l2=0.600
[BAR_REL] ep=16 xcd=6 rel=19115177442675
[OPROJ_INNER] slicewait=0.44 mfma=3.92 bar=2.16 rmsnorm_router=1.72 topk=3.08 total=11.32
[OPROJ_INNER] slicewait=0.44 mfma=4.00 bar=2.72 rmsnorm_router=1.60 topk=2.16 total=10.92
[OPROJ_INNER] slicewait=0.40 mfma=4.00 bar=2.68 rmsnorm_router=1.68 topk=6.52 total=15.28
[OPROJ_INNER] slicewait=0.40 mfma=4.00 bar=2.72 rmsnorm_router=1.68 topk=2.64 total=11.44
[OPROJ_INNER] slicewait=0.44 mfma=3.96 bar=2.80 rmsnorm_router=1.56 topk=0.72 total=9.48
[BAR_OBS] ep=17 xcd=1 drain=0.360 l1=0.240 wait=2.040 acq=0.080 obs=19115177699082 bar=2.720
[OPROJ_INNER] slicewait=0.36 mfma=3.92 bar=2.92 rmsnorm_router=1.52 topk=0.44 total=9.16
[BAR_ARR] ep=17 xcd=1 l1=0.240 l2=0.480
[OPROJ_INNER] slicewait=0.44 mfma=3.92 bar=2.32 rmsnorm_router=1.56 topk=3.52 total=11.76
[BAR_OBS] ep=17 xcd=0 drain=0.400 l1=0.200 wait=2.040 acq=0.080 obs=19115177699081 bar=2.720
[OPROJ_INNER] slicewait=0.36 mfma=3.92 bar=2.20 rmsnorm_router=1.64 topk=1.20 total=9.32
[BAR_OBS] ep=17 xcd=5 drain=0.480 l1=0.200 wait=1.440 acq=0.040 obs=19115177699075 bar=2.160
[BAR_ARR] ep=17 xcd=0 l1=0.200 l2=0.600
[BAR_OBS] ep=17 xcd=7 drain=0.440 l1=0.240 wait=1.560 acq=0.080 obs=19115177699094 bar=2.320
[BAR_OBS] ep=17 xcd=2 drain=0.360 l1=0.200 wait=2.280 acq=0.080 obs=19115177699076 bar=2.920
[BAR_OBS] ep=17 xcd=3 drain=0.360 l1=0.200 wait=2.160 acq=0.080 obs=19115177699080 bar=2.800
[BAR_ARR] ep=17 xcd=3 l1=0.200 l2=0.440
[BAR_ARR] ep=17 xcd=5 l1=0.200 l2=0.440
[BAR_OBS] ep=17 xcd=6 drain=0.480 l1=0.200 wait=1.920 acq=0.080 obs=19115177699139 bar=2.680
[BAR_ARR] ep=17 xcd=2 l1=0.200 l2=0.400
[BAR_ARR] ep=17 xcd=7 l1=0.240 l2=0.720
[BAR_OBS] ep=17 xcd=4 drain=0.480 l1=0.200 wait=1.480 acq=0.040 obs=19115177699081 bar=2.200
[BAR_ARR] ep=17 xcd=6 l1=0.200 l2=0.800
[BAR_ARR] ep=17 xcd=4 l1=0.200 l2=0.600
[BAR_REL] ep=17 xcd=6 rel=19115177699079
[OPROJ_INNER] slicewait=0.40 mfma=3.92 bar=2.84 rmsnorm_router=1.60 topk=1.40 total=10.16
[OPROJ_INNER] slicewait=0.44 mfma=3.92 bar=2.12 rmsnorm_router=1.64 topk=3.20 total=11.32
[OPROJ_INNER] slicewait=0.36 mfma=3.92 bar=2.04 rmsnorm_router=1.68 topk=2.04 total=10.04
[OPROJ_INNER] slicewait=0.40 mfma=3.88 bar=2.88 rmsnorm_router=1.64 topk=1.00 total=9.80
[OPROJ_INNER] slicewait=0.40 mfma=3.88 bar=2.76 rmsnorm_router=1.52 topk=0.44 total=9.00
[BAR_OBS] ep=18 xcd=1 drain=0.360 l1=0.200 wait=2.200 acq=0.080 obs=19115177961826 bar=2.840
[OPROJ_INNER] slicewait=0.44 mfma=3.92 bar=2.76 rmsnorm_router=1.56 topk=2.16 total=10.84
[OPROJ_INNER] slicewait=0.40 mfma=3.96 bar=2.00 rmsnorm_router=1.72 topk=3.00 total=11.08
[BAR_OBS] ep=18 xcd=0 drain=0.400 l1=0.240 wait=2.160 acq=0.080 obs=19115177961821 bar=2.880
[BAR_ARR] ep=18 xcd=1 l1=0.200 l2=0.520
[BAR_OBS] ep=18 xcd=2 drain=0.400 l1=0.200 wait=2.080 acq=0.080 obs=19115177961820 bar=2.760
[OPROJ_INNER] slicewait=0.40 mfma=4.00 bar=2.68 rmsnorm_router=1.68 topk=6.04 total=14.80
[BAR_ARR] ep=18 xcd=2 l1=0.200 l2=0.600
[BAR_OBS] ep=18 xcd=4 drain=0.480 l1=0.200 wait=1.280 acq=0.080 obs=19115177961813 bar=2.040
[BAR_OBS] ep=18 xcd=5 drain=0.440 l1=0.240 wait=1.240 acq=0.080 obs=19115177961815 bar=2.000
[BAR_ARR] ep=18 xcd=0 l1=0.240 l2=0.240
[BAR_OBS] ep=18 xcd=7 drain=0.440 l1=0.240 wait=1.400 acq=0.040 obs=19115177961834 bar=2.120
[BAR_OBS] ep=18 xcd=6 drain=0.440 l1=0.200 wait=2.000 acq=0.040 obs=19115177961903 bar=2.680
[BAR_ARR] ep=18 xcd=7 l1=0.240 l2=0.640
[BAR_ARR] ep=18 xcd=5 l1=0.240 l2=0.440
[BAR_ARR] ep=18 xcd=6 l1=0.200 l2=0.680
[BAR_ARR] ep=18 xcd=4 l1=0.200 l2=0.360
[BAR_OBS] ep=18 xcd=3 drain=0.360 l1=0.200 wait=2.120 acq=0.080 obs=19115177961832 bar=2.760
[BAR_REL] ep=18 xcd=6 rel=19115177961819
[BAR_ARR] ep=18 xcd=3 l1=0.200 l2=0.640
[OPROJ_INNER] slicewait=0.36 mfma=4.04 bar=2.80 rmsnorm_router=1.52 topk=0.44 total=9.16
[OPROJ_INNER] slicewait=0.44 mfma=3.96 bar=2.80 rmsnorm_router=1.64 topk=1.04 total=9.88
[OPROJ_INNER] slicewait=0.40 mfma=3.96 bar=2.84 rmsnorm_router=1.60 topk=1.16 total=9.96
[OPROJ_INNER] slicewait=0.40 mfma=3.96 bar=2.36 rmsnorm_router=1.48 topk=3.56 total=11.76
[OPROJ_INNER] slicewait=0.40 mfma=4.04 bar=2.60 rmsnorm_router=1.64 topk=2.88 total=11.56
[OPROJ_INNER] slicewait=0.44 mfma=4.00 bar=2.24 rmsnorm_router=1.56 topk=2.68 total=10.92
[OPROJ_INNER] slicewait=0.40 mfma=3.96 bar=2.12 rmsnorm_router=1.68 topk=1.88 total=10.04
[BAR_OBS] ep=19 xcd=0 drain=0.400 l1=0.200 wait=2.120 acq=0.080 obs=19115178227957 bar=2.800
[BAR_OBS] ep=19 xcd=2 drain=0.360 l1=0.200 wait=2.160 acq=0.080 obs=19115178227956 bar=2.800
[BAR_ARR] ep=19 xcd=0 l1=0.200 l2=0.520
[BAR_ARR] ep=19 xcd=2 l1=0.200 l2=0.600
[BAR_OBS] ep=19 xcd=1 drain=0.360 l1=0.200 wait=1.960 acq=0.080 obs=19115178227962 bar=2.600
[BAR_OBS] ep=19 xcd=3 drain=0.360 l1=0.200 wait=2.200 acq=0.080 obs=19115178227960 bar=2.840
[BAR_ARR] ep=19 xcd=1 l1=0.200 l2=0.480
[OPROJ_INNER] slicewait=0.40 mfma=3.92 bar=2.80 rmsnorm_router=1.68 topk=6.32 total=15.12
[BAR_OBS] ep=19 xcd=7 drain=0.440 l1=0.200 wait=1.680 acq=0.040 obs=19115178227982 bar=2.360
[BAR_ARR] ep=19 xcd=3 l1=0.200 l2=0.360
[BAR_OBS] ep=19 xcd=5 drain=0.440 l1=0.200 wait=1.520 acq=0.080 obs=19115178227963 bar=2.240
[BAR_OBS] ep=19 xcd=4 drain=0.480 l1=0.200 wait=1.360 acq=0.080 obs=19115178227949 bar=2.120
[BAR_ARR] ep=19 xcd=5 l1=0.200 l2=0.640
[BAR_OBS] ep=19 xcd=6 drain=0.480 l1=0.200 wait=2.080 acq=0.040 obs=19115178228031 bar=2.800
[BAR_ARR] ep=19 xcd=7 l1=0.200 l2=0.760
[BAR_ARR] ep=19 xcd=4 l1=0.200 l2=0.440
[BAR_ARR] ep=19 xcd=6 l1=0.200 l2=0.840
[BAR_REL] ep=19 xcd=6 rel=19115178227955
[OPROJ_INNER] slicewait=0.40 mfma=3.92 bar=2.80 rmsnorm_router=1.60 topk=2.28 total=11.00
[OPROJ_INNER] slicewait=0.40 mfma=3.92 bar=2.76 rmsnorm_router=1.60 topk=1.24 total=9.92
[OPROJ_INNER] slicewait=0.40 mfma=3.84 bar=2.96 rmsnorm_router=1.52 topk=0.40 total=9.12
[OPROJ_INNER] slicewait=0.40 mfma=3.92 bar=2.12 rmsnorm_router=1.68 topk=1.96 total=10.08
[OPROJ_INNER] slicewait=0.44 mfma=4.00 bar=2.32 rmsnorm_router=1.48 topk=3.20 total=11.44
[OPROJ_INNER] slicewait=0.40 mfma=3.92 bar=2.80 rmsnorm_router=1.60 topk=0.80 total=9.52
[BAR_OBS] ep=20 xcd=1 drain=0.360 l1=0.200 wait=2.160 acq=0.080 obs=19115178491242 bar=2.800
[BAR_OBS] ep=20 xcd=3 drain=0.360 l1=0.200 wait=2.120 acq=0.080 obs=19115178491240 bar=2.760
[OPROJ_INNER] slicewait=0.40 mfma=4.00 bar=2.76 rmsnorm_router=1.72 topk=5.92 total=14.80
[BAR_OBS] ep=20 xcd=2 drain=0.400 l1=0.200 wait=2.280 acq=0.080 obs=19115178491236 bar=2.960
[BAR_ARR] ep=20 xcd=1 l1=0.200 l2=0.560
[BAR_ARR] ep=20 xcd=3 l1=0.200 l2=0.640
[BAR_ARR] ep=20 xcd=2 l1=0.200 l2=0.280
[OPROJ_INNER] slicewait=0.40 mfma=3.92 bar=2.12 rmsnorm_router=1.72 topk=2.88 total=11.04
[BAR_OBS] ep=20 xcd=7 drain=0.440 l1=0.200 wait=1.640 acq=0.040 obs=19115178491266 bar=2.320
[BAR_OBS] ep=20 xcd=4 drain=0.440 l1=0.240 wait=1.360 acq=0.080 obs=19115178491229 bar=2.120
[BAR_ARR] ep=20 xcd=7 l1=0.200 l2=0.720
[BAR_OBS] ep=20 xcd=0 drain=0.360 l1=0.240 wait=2.120 acq=0.080 obs=19115178491237 bar=2.800
[BAR_OBS] ep=20 xcd=5 drain=0.440 l1=0.240 wait=1.400 acq=0.040 obs=19115178491235 bar=2.120
[BAR_ARR] ep=20 xcd=0 l1=0.240 l2=0.400
[BAR_ARR] ep=20 xcd=4 l1=0.240 l2=0.400
[BAR_ARR] ep=20 xcd=5 l1=0.240 l2=0.640
[BAR_OBS] ep=20 xcd=6 drain=0.480 l1=0.200 wait=2.000 acq=0.080 obs=19115178491311 bar=2.760
[BAR_ARR] ep=20 xcd=6 l1=0.200 l2=0.760
[BAR_REL] ep=20 xcd=6 rel=19115178491239
[OPROJ_INNER] slicewait=0.44 mfma=4.00 bar=2.76 rmsnorm_router=1.64 topk=1.20 total=10.04
[OPROJ_INNER] slicewait=0.36 mfma=4.00 bar=2.52 rmsnorm_router=1.52 topk=3.64 total=12.04
[OPROJ_INNER] slicewait=0.40 mfma=3.96 bar=2.76 rmsnorm_router=1.52 topk=0.40 total=9.04
[OPROJ_INNER] slicewait=0.36 mfma=4.00 bar=2.60 rmsnorm_router=1.64 topk=2.32 total=10.92
[OPROJ_INNER] slicewait=0.40 mfma=3.96 bar=2.76 rmsnorm_router=1.52 topk=0.76 total=9.40
[BAR_OBS] ep=21 xcd=5 drain=0.440 l1=0.240 wait=1.760 acq=0.080 obs=19115178761619 bar=2.520
[OPROJ_INNER] slicewait=0.40 mfma=3.92 bar=2.08 rmsnorm_router=1.76 topk=1.92 total=10.08
[OPROJ_INNER] slicewait=0.40 mfma=4.00 bar=2.36 rmsnorm_router=1.48 topk=3.24 total=11.48
[BAR_ARR] ep=21 xcd=5 l1=0.240 l2=0.720
[OPROJ_INNER] slicewait=0.44 mfma=3.96 bar=2.80 rmsnorm_router=1.64 topk=6.12 total=14.96
[BAR_OBS] ep=21 xcd=0 drain=0.400 l1=0.200 wait=2.080 acq=0.080 obs=19115178761585 bar=2.760
[BAR_OBS] ep=21 xcd=2 drain=0.400 l1=0.200 wait=2.080 acq=0.080 obs=19115178761580 bar=2.760
[BAR_OBS] ep=21 xcd=3 drain=0.400 l1=0.200 wait=2.080 acq=0.080 obs=19115178761584 bar=2.760
[BAR_OBS] ep=21 xcd=1 drain=0.360 l1=0.200 wait=2.000 acq=0.040 obs=19115178761590 bar=2.600
[BAR_ARR] ep=21 xcd=0 l1=0.200 l2=0.560
[BAR_ARR] ep=21 xcd=2 l1=0.200 l2=0.520
[BAR_ARR] ep=21 xcd=3 l1=0.200 l2=0.680
[BAR_ARR] ep=21 xcd=1 l1=0.200 l2=0.640
[BAR_OBS] ep=21 xcd=4 drain=0.480 l1=0.200 wait=1.320 acq=0.080 obs=19115178761573 bar=2.080
[BAR_OBS] ep=21 xcd=7 drain=0.440 l1=0.240 wait=1.640 acq=0.040 obs=19115178761610 bar=2.360
[BAR_OBS] ep=21 xcd=6 drain=0.480 l1=0.200 wait=2.040 acq=0.080 obs=19115178761655 bar=2.800
[BAR_ARR] ep=21 xcd=4 l1=0.200 l2=0.440
[BAR_ARR] ep=21 xcd=7 l1=0.240 l2=0.680
[BAR_ARR] ep=21 xcd=6 l1=0.200 l2=0.840
[BAR_REL] ep=21 xcd=6 rel=19115178761583
[OPROJ_INNER] slicewait=0.40 mfma=3.96 bar=2.52 rmsnorm_router=1.52 topk=0.40 total=8.80
[OPROJ_INNER] slicewait=0.40 mfma=3.88 bar=2.08 rmsnorm_router=1.68 topk=3.08 total=11.12
[OPROJ_INNER] slicewait=0.40 mfma=4.00 bar=2.12 rmsnorm_router=1.56 topk=3.36 total=11.44
[OPROJ_INNER] slicewait=0.40 mfma=3.96 bar=2.64 rmsnorm_router=1.52 topk=0.76 total=9.28
[OPROJ_INNER] slicewait=0.44 mfma=3.92 bar=2.68 rmsnorm_router=1.68 topk=1.76 total=10.48
[OPROJ_INNER] slicewait=0.40 mfma=3.96 bar=2.60 rmsnorm_router=1.64 topk=2.28 total=10.88
[OPROJ_INNER] slicewait=0.40 mfma=3.96 bar=2.52 rmsnorm_router=1.88 topk=6.16 total=14.92
[BAR_OBS] ep=22 xcd=2 drain=0.360 l1=0.200 wait=1.920 acq=0.040 obs=19115179027552 bar=2.520
[BAR_OBS] ep=22 xcd=3 drain=0.360 l1=0.240 wait=1.960 acq=0.080 obs=19115179027552 bar=2.640
[BAR_OBS] ep=22 xcd=0 drain=0.400 l1=0.200 wait=2.000 acq=0.080 obs=19115179027549 bar=2.680
[OPROJ_INNER] slicewait=0.40 mfma=3.88 bar=2.08 rmsnorm_router=1.60 topk=1.68 total=9.64
[BAR_OBS] ep=22 xcd=5 drain=0.480 l1=0.200 wait=1.360 acq=0.040 obs=19115179027547 bar=2.080
[BAR_ARR] ep=22 xcd=0 l1=0.200 l2=0.280
[BAR_ARR] ep=22 xcd=5 l1=0.200 l2=0.440
[BAR_ARR] ep=22 xcd=2 l1=0.200 l2=0.760
[BAR_OBS] ep=22 xcd=7 drain=0.480 l1=0.200 wait=1.360 acq=0.080 obs=19115179027566 bar=2.120
[BAR_OBS] ep=22 xcd=1 drain=0.360 l1=0.240 wait=1.920 acq=0.080 obs=19115179027554 bar=2.600
[BAR_ARR] ep=22 xcd=7 l1=0.200 l2=0.560
[BAR_ARR] ep=22 xcd=1 l1=0.240 l2=0.400
[BAR_OBS] ep=22 xcd=6 drain=0.480 l1=0.200 wait=1.800 acq=0.040 obs=19115179027611 bar=2.520
[BAR_OBS] ep=22 xcd=4 drain=0.440 l1=0.200 wait=1.360 acq=0.080 obs=19115179027549 bar=2.080
[BAR_ARR] ep=22 xcd=3 l1=0.240 l2=0.600
[BAR_ARR] ep=22 xcd=6 l1=0.200 l2=0.680
[BAR_ARR] ep=22 xcd=4 l1=0.200 l2=0.600
[BAR_REL] ep=22 xcd=6 rel=19115179027551
[OPROJ_INNER] slicewait=0.40 mfma=3.92 bar=2.32 rmsnorm_router=1.52 topk=1.64 total=9.80
[OPROJ_INNER] slicewait=0.40 mfma=3.96 bar=2.64 rmsnorm_router=1.60 topk=1.88 total=10.48
[OPROJ_INNER] slicewait=0.40 mfma=3.96 bar=2.68 rmsnorm_router=1.60 topk=1.16 total=9.80
[OPROJ_INNER] slicewait=0.40 mfma=4.00 bar=2.80 rmsnorm_router=1.68 topk=2.92 total=11.80
[OPROJ_INNER] slicewait=0.40 mfma=4.04 bar=2.72 rmsnorm_router=1.60 topk=0.44 total=9.20
[OPROJ_INNER] slicewait=0.44 mfma=3.96 bar=2.16 rmsnorm_router=1.76 topk=3.56 total=11.88
[BAR_OBS] ep=23 xcd=1 drain=0.360 l1=0.200 wait=2.040 acq=0.080 obs=19115179300866 bar=2.680
[BAR_OBS] ep=23 xcd=3 drain=0.360 l1=0.240 wait=1.960 acq=0.080 obs=19115179300868 bar=2.640
[BAR_OBS] ep=23 xcd=2 drain=0.360 l1=0.160 wait=2.200 acq=0.080 obs=19115179300868 bar=2.800
[OPROJ_INNER] slicewait=0.40 mfma=3.96 bar=2.72 rmsnorm_router=1.72 topk=6.36 total=15.16
[OPROJ_INNER] slicewait=0.36 mfma=3.96 bar=2.12 rmsnorm_router=1.76 topk=2.32 total=10.52
[BAR_ARR] ep=23 xcd=3 l1=0.240 l2=0.680
[BAR_OBS] ep=23 xcd=7 drain=0.480 l1=0.200 wait=1.560 acq=0.080 obs=19115179300874 bar=2.320
[BAR_ARR] ep=23 xcd=2 l1=0.160 l2=0.400
[BAR_ARR] ep=23 xcd=1 l1=0.200 l2=0.560
[BAR_ARR] ep=23 xcd=7 l1=0.200 l2=0.720
[BAR_OBS] ep=23 xcd=0 drain=0.400 l1=0.200 wait=2.040 acq=0.080 obs=19115179300861 bar=2.720
[BAR_OBS] ep=23 xcd=5 drain=0.480 l1=0.200 wait=1.440 acq=0.040 obs=19115179300863 bar=2.160
[BAR_ARR] ep=23 xcd=0 l1=0.200 l2=0.480
[BAR_OBS] ep=23 xcd=6 drain=0.440 l1=0.200 wait=2.000 acq=0.080 obs=19115179300923 bar=2.720
[BAR_ARR] ep=23 xcd=5 l1=0.200 l2=0.560
[BAR_OBS] ep=23 xcd=4 drain=0.440 l1=0.200 wait=1.400 acq=0.080 obs=19115179300853 bar=2.120
[BAR_ARR] ep=23 xcd=6 l1=0.200 l2=0.880
[BAR_ARR] ep=23 xcd=4 l1=0.200 l2=0.480
[BAR_REL] ep=23 xcd=6 rel=19115179300863
[OPROJ_INNER] slicewait=0.36 mfma=3.92 bar=2.16 rmsnorm_router=1.68 topk=1.44 total=9.56
[OPROJ_INNER] slicewait=0.40 mfma=3.96 bar=2.56 rmsnorm_router=1.68 topk=1.48 total=10.08
[OPROJ_INNER] slicewait=0.40 mfma=3.92 bar=2.72 rmsnorm_router=1.56 topk=3.20 total=11.80
[OPROJ_INNER] slicewait=0.44 mfma=3.88 bar=2.28 rmsnorm_router=1.52 topk=2.92 total=11.04
[OPROJ_INNER] slicewait=0.40 mfma=3.92 bar=2.64 rmsnorm_router=1.52 topk=0.44 total=8.92
[BAR_OBS] ep=24 xcd=1 drain=0.360 l1=0.200 wait=1.920 acq=0.080 obs=19115179567290 bar=2.560
[BAR_ARR] ep=24 xcd=1 l1=0.200 l2=0.680
[BAR_OBS] ep=24 xcd=4 drain=0.480 l1=0.200 wait=1.400 acq=0.080 obs=19115179567281 bar=2.160
[OPROJ_INNER] slicewait=0.44 mfma=3.88 bar=2.40 rmsnorm_router=1.44 topk=3.56 total=11.72
[BAR_OBS] ep=24 xcd=2 drain=0.400 l1=0.160 wait=2.000 acq=0.080 obs=19115179567284 bar=2.640
[OPROJ_INNER] slicewait=0.40 mfma=3.96 bar=2.60 rmsnorm_router=1.56 topk=0.72 total=9.24
[BAR_ARR] ep=24 xcd=2 l1=0.160 l2=0.560
[BAR_OBS] ep=24 xcd=0 drain=0.360 l1=0.200 wait=2.080 acq=0.080 obs=19115179567297 bar=2.720
[OPROJ_INNER] slicewait=0.36 mfma=3.96 bar=2.68 rmsnorm_router=1.76 topk=6.24 total=15.00
[BAR_ARR] ep=24 xcd=0 l1=0.200 l2=0.400
[BAR_ARR] ep=24 xcd=4 l1=0.200 l2=0.520
[BAR_OBS] ep=24 xcd=7 drain=0.440 l1=0.240 wait=1.640 acq=0.080 obs=19115179567310 bar=2.400
[BAR_OBS] ep=24 xcd=5 drain=0.440 l1=0.200 wait=1.560 acq=0.080 obs=19115179567299 bar=2.280
[BAR_OBS] ep=24 xcd=3 drain=0.360 l1=0.200 wait=1.960 acq=0.080 obs=19115179567288 bar=2.600
[BAR_ARR] ep=24 xcd=5 l1=0.200 l2=0.680
[BAR_OBS] ep=24 xcd=6 drain=0.520 l1=0.200 wait=1.880 acq=0.080 obs=19115179567347 bar=2.680
[BAR_ARR] ep=24 xcd=3 l1=0.200 l2=0.600
[BAR_ARR] ep=24 xcd=7 l1=0.240 l2=0.720
[BAR_ARR] ep=24 xcd=6 l1=0.200 l2=0.800
[BAR_REL] ep=24 xcd=6 rel=19115179567287
[OPROJ_INNER] slicewait=0.40 mfma=3.96 bar=2.68 rmsnorm_router=1.56 topk=0.44 total=9.04
[OPROJ_INNER] slicewait=0.40 mfma=3.92 bar=2.88 rmsnorm_router=1.64 topk=1.04 total=9.88
[OPROJ_INNER] slicewait=0.36 mfma=3.96 bar=2.32 rmsnorm_router=1.48 topk=1.60 total=9.72
[OPROJ_INNER] slicewait=0.44 mfma=3.88 bar=2.20 rmsnorm_router=1.72 topk=3.28 total=11.52
[OPROJ_INNER] slicewait=0.36 mfma=3.92 bar=2.76 rmsnorm_router=1.68 topk=2.08 total=10.80
[OPROJ_INNER] slicewait=0.40 mfma=3.96 bar=2.68 rmsnorm_router=1.84 topk=5.92 total=14.80
[OPROJ_INNER] slicewait=0.40 mfma=3.96 bar=2.36 rmsnorm_router=1.60 topk=2.88 total=11.20
[BAR_OBS] ep=25 xcd=3 drain=0.360 l1=0.240 wait=2.200 acq=0.080 obs=19115179825552 bar=2.880
[OPROJ_INNER] slicewait=0.40 mfma=3.92 bar=3.00 rmsnorm_router=1.60 topk=0.88 total=9.80
[BAR_OBS] ep=25 xcd=2 drain=0.360 l1=0.200 wait=2.080 acq=0.040 obs=19115179825548 bar=2.680
[BAR_OBS] ep=25 xcd=7 drain=0.440 l1=0.240 wait=1.440 acq=0.080 obs=19115179825546 bar=2.200
[BAR_ARR] ep=25 xcd=3 l1=0.240 l2=0.360
[BAR_OBS] ep=25 xcd=6 drain=0.440 l1=0.200 wait=2.000 acq=0.040 obs=19115179825611 bar=2.680
[BAR_ARR] ep=25 xcd=2 l1=0.200 l2=0.640
[BAR_ARR] ep=25 xcd=7 l1=0.240 l2=0.480
[BAR_ARR] ep=25 xcd=6 l1=0.200 l2=0.880
[BAR_OBS] ep=25 xcd=1 drain=0.400 l1=0.200 wait=2.080 acq=0.080 obs=19115179825554 bar=2.760
[BAR_OBS] ep=25 xcd=0 drain=0.400 l1=0.200 wait=2.320 acq=0.080 obs=19115179825553 bar=3.000
[BAR_OBS] ep=25 xcd=5 drain=0.480 l1=0.200 wait=1.600 acq=0.080 obs=19115179825563 bar=2.360
[BAR_ARR] ep=25 xcd=1 l1=0.200 l2=0.440
[BAR_ARR] ep=25 xcd=0 l1=0.200 l2=0.320
[BAR_OBS] ep=25 xcd=4 drain=0.480 l1=0.200 wait=1.560 acq=0.080 obs=19115179825561 bar=2.320
[BAR_ARR] ep=25 xcd=5 l1=0.200 l2=0.680
[BAR_REL] ep=25 xcd=6 rel=19115179825547
[BAR_ARR] ep=25 xcd=4 l1=0.200 l2=0.640
[OPROJ_INNER] slicewait=0.40 mfma=3.92 bar=2.68 rmsnorm_router=1.60 topk=1.36 total=9.96
[OPROJ_INNER] slicewait=0.40 mfma=3.96 bar=2.56 rmsnorm_router=1.72 topk=6.44 total=15.08
[OPROJ_INNER] slicewait=0.40 mfma=3.92 bar=2.60 rmsnorm_router=1.60 topk=1.96 total=10.48
[OPROJ_INNER] slicewait=0.40 mfma=3.88 bar=2.68 rmsnorm_router=1.56 topk=0.40 total=8.92
[OPROJ_INNER] slicewait=0.40 mfma=4.04 bar=2.16 rmsnorm_router=1.56 topk=3.52 total=11.68
[OPROJ_INNER] slicewait=0.40 mfma=3.88 bar=2.12 rmsnorm_router=1.68 topk=2.48 total=10.56
[OPROJ_INNER] slicewait=0.40 mfma=3.92 bar=2.60 rmsnorm_router=1.60 topk=1.28 total=9.80
[BAR_OBS] ep=26 xcd=2 drain=0.360 l1=0.200 wait=2.040 acq=0.080 obs=19115180096648 bar=2.680
[OPROJ_INNER] slicewait=0.40 mfma=3.92 bar=2.16 rmsnorm_router=1.68 topk=3.00 total=11.16
[BAR_OBS] ep=26 xcd=6 drain=0.480 l1=0.200 wait=1.840 acq=0.040 obs=19115180096711 bar=2.560
[BAR_ARR] ep=26 xcd=2 l1=0.200 l2=0.400
[BAR_OBS] ep=26 xcd=3 drain=0.360 l1=0.200 wait=2.040 acq=0.080 obs=19115180096652 bar=2.680
[BAR_OBS] ep=26 xcd=0 drain=0.400 l1=0.200 wait=1.920 acq=0.080 obs=19115180096649 bar=2.600
[BAR_ARR] ep=26 xcd=3 l1=0.200 l2=0.560
[BAR_OBS] ep=26 xcd=7 drain=0.440 l1=0.240 wait=1.440 acq=0.040 obs=19115180096670 bar=2.160
[BAR_ARR] ep=26 xcd=0 l1=0.200 l2=0.680
[BAR_ARR] ep=26 xcd=6 l1=0.200 l2=0.720
[BAR_OBS] ep=26 xcd=1 drain=0.360 l1=0.200 wait=1.960 acq=0.080 obs=19115180096654 bar=2.600
[BAR_ARR] ep=26 xcd=7 l1=0.240 l2=0.560
[BAR_ARR] ep=26 xcd=1 l1=0.200 l2=0.760
[BAR_OBS] ep=26 xcd=5 drain=0.440 l1=0.200 wait=1.440 acq=0.080 obs=19115180096651 bar=2.160
[BAR_REL] ep=26 xcd=6 rel=19115180096647
[BAR_OBS] ep=26 xcd=4 drain=0.440 l1=0.200 wait=1.400 acq=0.080 obs=19115180096641 bar=2.120
[BAR_ARR] ep=26 xcd=5 l1=0.200 l2=0.560
[BAR_ARR] ep=26 xcd=4 l1=0.200 l2=0.520
[OPROJ_INNER] slicewait=0.40 mfma=3.96 bar=2.80 rmsnorm_router=1.60 topk=1.32 total=10.08
[OPROJ_INNER] slicewait=0.40 mfma=3.96 bar=2.64 rmsnorm_router=1.56 topk=0.44 total=9.00
[OPROJ_INNER] slicewait=0.44 mfma=4.00 bar=2.24 rmsnorm_router=1.68 topk=3.80 total=12.16
[BAR_OBS] ep=27 xcd=0 drain=0.360 l1=0.200 wait=2.200 acq=0.040 obs=19115180366977 bar=2.800
[OPROJ_INNER] slicewait=0.40 mfma=3.96 bar=2.08 rmsnorm_router=1.68 topk=2.92 total=11.04
[BAR_ARR] ep=27 xcd=0 l1=0.200 l2=0.280
[OPROJ_INNER] slicewait=0.40 mfma=3.92 bar=2.92 rmsnorm_router=1.48 topk=1.72 total=10.44
[OPROJ_INNER] slicewait=0.40 mfma=4.00 bar=2.76 rmsnorm_router=1.52 topk=0.80 total=9.48
[BAR_OBS] ep=27 xcd=1 drain=0.360 l1=0.240 wait=2.240 acq=0.080 obs=19115180366994 bar=2.920
[BAR_OBS] ep=27 xcd=3 drain=0.360 l1=0.200 wait=2.120 acq=0.080 obs=19115180366976 bar=2.760
[BAR_ARR] ep=27 xcd=1 l1=0.240 l2=0.640
[BAR_ARR] ep=27 xcd=3 l1=0.200 l2=0.560
[OPROJ_INNER] slicewait=0.40 mfma=3.96 bar=2.72 rmsnorm_router=1.84 topk=6.20 total=15.12
[OPROJ_INNER] slicewait=0.40 mfma=3.96 bar=2.08 rmsnorm_router=1.76 topk=2.00 total=10.20
[BAR_OBS] ep=27 xcd=7 drain=0.440 l1=0.200 wait=1.360 acq=0.080 obs=19115180366970 bar=2.080
[BAR_ARR] ep=27 xcd=7 l1=0.200 l2=0.640
[BAR_OBS] ep=27 xcd=5 drain=0.480 l1=0.200 wait=1.480 acq=0.080 obs=19115180366987 bar=2.240
[BAR_OBS] ep=27 xcd=6 drain=0.480 l1=0.200 wait=1.960 acq=0.080 obs=19115180367039 bar=2.720
[BAR_OBS] ep=27 xcd=2 drain=0.360 l1=0.200 wait=2.000 acq=0.080 obs=19115180366972 bar=2.640
[BAR_ARR] ep=27 xcd=5 l1=0.200 l2=0.680
[BAR_OBS] ep=27 xcd=4 drain=0.480 l1=0.200 wait=1.320 acq=0.080 obs=19115180366965 bar=2.080
[BAR_ARR] ep=27 xcd=6 l1=0.200 l2=0.800
[BAR_ARR] ep=27 xcd=2 l1=0.200 l2=0.760
[BAR_ARR] ep=27 xcd=4 l1=0.200 l2=0.440
[BAR_REL] ep=27 xcd=6 rel=19115180366975
[OPROJ_INNER] slicewait=0.40 mfma=3.92 bar=2.60 rmsnorm_router=1.60 topk=2.56 total=11.08
[OPROJ_INNER] slicewait=0.40 mfma=3.92 bar=2.64 rmsnorm_router=1.52 topk=0.40 total=8.88
[OPROJ_INNER] slicewait=0.44 mfma=3.96 bar=2.28 rmsnorm_router=1.52 topk=3.24 total=11.44
[OPROJ_INNER] slicewait=0.40 mfma=3.96 bar=2.68 rmsnorm_router=1.56 topk=0.60 total=9.20
[OPROJ_INNER] slicewait=0.40 mfma=4.00 bar=2.60 rmsnorm_router=1.88 topk=5.92 total=14.80
[OPROJ_INNER] slicewait=0.40 mfma=4.04 bar=2.52 rmsnorm_router=1.60 topk=1.68 total=10.24
[OPROJ_INNER] slicewait=0.40 mfma=3.84 bar=2.12 rmsnorm_router=1.68 topk=1.68 total=9.72
[BAR_OBS] ep=28 xcd=1 drain=0.360 l1=0.240 wait=1.920 acq=0.080 obs=19115180610190 bar=2.600
[OPROJ_INNER] slicewait=0.40 mfma=3.92 bar=2.16 rmsnorm_router=1.64 topk=2.96 total=11.08
[BAR_OBS] ep=28 xcd=2 drain=0.360 l1=0.200 wait=2.040 acq=0.040 obs=19115180610184 bar=2.640
[BAR_ARR] ep=28 xcd=1 l1=0.240 l2=0.560
[BAR_ARR] ep=28 xcd=2 l1=0.200 l2=0.520
[BAR_OBS] ep=28 xcd=6 drain=0.480 l1=0.200 wait=1.840 acq=0.080 obs=19115180610243 bar=2.600
[BAR_OBS] ep=28 xcd=3 drain=0.360 l1=0.240 wait=2.000 acq=0.080 obs=19115180610184 bar=2.680
[BAR_OBS] ep=28 xcd=7 drain=0.480 l1=0.200 wait=1.520 acq=0.080 obs=19115180610202 bar=2.280
[BAR_OBS] ep=28 xcd=0 drain=0.360 l1=0.200 wait=1.920 acq=0.040 obs=19115180610189 bar=2.520
[BAR_OBS] ep=28 xcd=5 drain=0.440 l1=0.200 wait=1.440 acq=0.080 obs=19115180610183 bar=2.160
[BAR_ARR] ep=28 xcd=3 l1=0.240 l2=0.360
[BAR_ARR] ep=28 xcd=0 l1=0.200 l2=0.680
[BAR_ARR] ep=28 xcd=6 l1=0.200 l2=0.760
[BAR_ARR] ep=28 xcd=7 l1=0.200 l2=0.640
[BAR_OBS] ep=28 xcd=4 drain=0.480 l1=0.200 wait=1.400 acq=0.040 obs=19115180610177 bar=2.120
[BAR_ARR] ep=28 xcd=5 l1=0.200 l2=0.600
[BAR_REL] ep=28 xcd=6 rel=19115180610183
[BAR_ARR] ep=28 xcd=4 l1=0.200 l2=0.520
[OPROJ_INNER] slicewait=0.40 mfma=3.96 bar=2.88 rmsnorm_router=1.60 topk=2.20 total=11.04
[OPROJ_INNER] slicewait=0.40 mfma=3.96 bar=2.92 rmsnorm_router=1.60 topk=1.12 total=10.00
[OPROJ_INNER] slicewait=0.40 mfma=3.96 bar=2.20 rmsnorm_router=1.76 topk=3.08 total=11.40
[OPROJ_INNER] slicewait=0.44 mfma=3.96 bar=2.88 rmsnorm_router=1.60 topk=1.32 total=10.20
[BAR_OBS] ep=29 xcd=1 drain=0.360 l1=0.200 wait=2.240 acq=0.080 obs=19115180874074 bar=2.880
[OPROJ_INNER] slicewait=0.36 mfma=4.00 bar=2.92 rmsnorm_router=1.52 topk=0.40 total=9.20
[OPROJ_INNER] slicewait=0.40 mfma=4.00 bar=2.24 rmsnorm_router=1.68 topk=3.32 total=11.64
[OPROJ_INNER] slicewait=0.40 mfma=4.00 bar=2.20 rmsnorm_router=1.68 topk=2.00 total=10.28
[BAR_OBS] ep=29 xcd=0 drain=0.360 l1=0.240 wait=2.240 acq=0.080 obs=19115180874069 bar=2.920
[OPROJ_INNER] slicewait=0.40 mfma=3.96 bar=2.80 rmsnorm_router=1.72 topk=6.28 total=15.16
[BAR_OBS] ep=29 xcd=3 drain=0.360 l1=0.200 wait=2.240 acq=0.080 obs=19115180874072 bar=2.880
[BAR_OBS] ep=29 xcd=2 drain=0.400 l1=0.160 wait=2.280 acq=0.080 obs=19115180874068 bar=2.920
[BAR_OBS] ep=29 xcd=5 drain=0.480 l1=0.200 wait=1.480 acq=0.040 obs=19115180874067 bar=2.200
[BAR_ARR] ep=29 xcd=0 l1=0.240 l2=0.400
[BAR_ARR] ep=29 xcd=3 l1=0.200 l2=0.600
[BAR_ARR] ep=29 xcd=1 l1=0.200 l2=0.720
[BAR_ARR] ep=29 xcd=2 l1=0.160 l2=0.440
[BAR_ARR] ep=29 xcd=5 l1=0.200 l2=0.640
[BAR_OBS] ep=29 xcd=7 drain=0.440 l1=0.240 wait=1.480 acq=0.080 obs=19115180874074 bar=2.240
[BAR_OBS] ep=29 xcd=4 drain=0.480 l1=0.200 wait=1.440 acq=0.080 obs=19115180874061 bar=2.200
[BAR_ARR] ep=29 xcd=7 l1=0.240 l2=0.680
[BAR_ARR] ep=29 xcd=4 l1=0.200 l2=0.520
[BAR_OBS] ep=29 xcd=6 drain=0.480 l1=0.200 wait=2.040 acq=0.080 obs=19115180874131 bar=2.800
[BAR_ARR] ep=29 xcd=6 l1=0.200 l2=0.920
[BAR_REL] ep=29 xcd=6 rel=19115180874071
[OPROJ_INNER] slicewait=0.40 mfma=3.92 bar=2.68 rmsnorm_router=1.64 topk=2.28 total=10.92
[OPROJ_INNER] slicewait=0.44 mfma=3.92 bar=2.64 rmsnorm_router=1.68 topk=1.88 total=10.56
[OPROJ_INNER] slicewait=0.40 mfma=3.96 bar=2.36 rmsnorm_router=1.52 topk=3.32 total=11.56
[OPROJ_INNER] slicewait=0.40 mfma=3.92 bar=2.72 rmsnorm_router=1.52 topk=0.76 total=9.32
[BAR_OBS] ep=30 xcd=1 drain=0.400 l1=0.200 wait=2.000 acq=0.080 obs=19115181156470 bar=2.680
[OPROJ_INNER] slicewait=0.36 mfma=3.92 bar=2.24 rmsnorm_router=1.64 topk=1.92 total=10.08
[OPROJ_INNER] slicewait=0.36 mfma=3.96 bar=2.68 rmsnorm_router=1.56 topk=0.40 total=8.96
[BAR_OBS] ep=30 xcd=0 drain=0.400 l1=0.200 wait=1.960 acq=0.080 obs=19115181156465 bar=2.640
[BAR_OBS] ep=30 xcd=7 drain=0.440 l1=0.240 wait=1.600 acq=0.080 obs=19115181156486 bar=2.360
[BAR_ARR] ep=30 xcd=1 l1=0.200 l2=0.640
[OPROJ_INNER] slicewait=0.40 mfma=3.92 bar=2.76 rmsnorm_router=1.68 topk=6.12 total=14.88
[BAR_ARR] ep=30 xcd=0 l1=0.200 l2=0.800
[BAR_OBS] ep=30 xcd=2 drain=0.400 l1=0.160 wait=2.080 acq=0.040 obs=19115181156468 bar=2.680
[BAR_ARR] ep=30 xcd=2 l1=0.160 l2=0.480
[OPROJ_INNER] slicewait=0.40 mfma=3.92 bar=2.20 rmsnorm_router=1.68 topk=3.00 total=11.20
[BAR_OBS] ep=30 xcd=3 drain=0.360 l1=0.200 wait=2.120 acq=0.040 obs=19115181156472 bar=2.720
[BAR_OBS] ep=30 xcd=6 drain=0.480 l1=0.200 wait=2.000 acq=0.080 obs=19115181156527 bar=2.760
[BAR_ARR] ep=30 xcd=3 l1=0.200 l2=0.600
[BAR_OBS] ep=30 xcd=4 drain=0.480 l1=0.200 wait=1.480 acq=0.080 obs=19115181156465 bar=2.240
[BAR_ARR] ep=30 xcd=6 l1=0.200 l2=0.880
[BAR_ARR] ep=30 xcd=7 l1=0.240 l2=0.720
[BAR_OBS] ep=30 xcd=5 drain=0.480 l1=0.200 wait=1.440 acq=0.080 obs=19115181156463 bar=2.200
[BAR_REL] ep=30 xcd=6 rel=19115181156467
[BAR_ARR] ep=30 xcd=4 l1=0.200 l2=0.640
[BAR_ARR] ep=30 xcd=5 l1=0.200 l2=0.600
[OPROJ_INNER] slicewait=0.44 mfma=3.96 bar=2.76 rmsnorm_router=1.60 topk=1.24 total=10.00
[OPROJ_INNER] slicewait=0.44 mfma=3.96 bar=2.16 rmsnorm_router=1.76 topk=2.80 total=11.12
[OPROJ_INNER] slicewait=0.40 mfma=3.96 bar=2.80 rmsnorm_router=1.64 topk=1.16 total=9.96
[OPROJ_INNER] slicewait=0.44 mfma=3.96 bar=2.68 rmsnorm_router=1.92 topk=6.60 total=15.60
[BAR_OBS] ep=31 xcd=5 drain=0.480 l1=0.200 wait=1.400 acq=0.080 obs=19115181409819 bar=2.160
[OPROJ_INNER] slicewait=0.40 mfma=3.96 bar=2.80 rmsnorm_router=1.56 topk=0.40 total=9.12
[OPROJ_INNER] slicewait=0.40 mfma=3.92 bar=2.80 rmsnorm_router=1.64 topk=2.08 total=10.84
[BAR_OBS] ep=31 xcd=3 drain=0.360 l1=0.200 wait=2.160 acq=0.040 obs=19115181409828 bar=2.760
[OPROJ_INNER] slicewait=0.36 mfma=4.00 bar=2.36 rmsnorm_router=1.44 topk=2.76 total=10.92
[OPROJ_INNER] slicewait=0.36 mfma=4.00 bar=2.12 rmsnorm_router=1.80 topk=3.32 total=11.60
[BAR_ARR] ep=31 xcd=5 l1=0.200 l2=0.600
[BAR_OBS] ep=31 xcd=0 drain=0.400 l1=0.160 wait=2.200 acq=0.040 obs=19115181409825 bar=2.800
[BAR_OBS] ep=31 xcd=2 drain=0.400 l1=0.200 wait=2.160 acq=0.040 obs=19115181409824 bar=2.800
[BAR_ARR] ep=31 xcd=3 l1=0.200 l2=0.800
[BAR_ARR] ep=31 xcd=0 l1=0.160 l2=0.440
[BAR_ARR] ep=31 xcd=2 l1=0.200 l2=0.440
[BAR_OBS] ep=31 xcd=1 drain=0.360 l1=0.200 wait=2.160 acq=0.080 obs=19115181409826 bar=2.800
[BAR_OBS] ep=31 xcd=6 drain=0.480 l1=0.200 wait=1.600 acq=0.080 obs=19115181409847 bar=2.360
[BAR_OBS] ep=31 xcd=4 drain=0.440 l1=0.200 wait=1.960 acq=0.080 obs=19115181409881 bar=2.680
[BAR_ARR] ep=31 xcd=1 l1=0.200 l2=0.640
[BAR_ARR] ep=31 xcd=6 l1=0.200 l2=0.800
[BAR_OBS] ep=31 xcd=7 drain=0.440 l1=0.240 wait=1.360 acq=0.080 obs=19115181409818 bar=2.120
[BAR_ARR] ep=31 xcd=4 l1=0.200 l2=0.920
[BAR_REL] ep=31 xcd=4 rel=19115181409821
[BAR_ARR] ep=31 xcd=7 l1=0.240 l2=0.480
[OPROJ_INNER] slicewait=0.40 mfma=4.00 bar=2.64 rmsnorm_router=1.56 topk=0.88 total=9.48
[OPROJ_INNER] slicewait=0.44 mfma=3.92 bar=2.68 rmsnorm_router=1.88 topk=6.12 total=15.04
[OPROJ_INNER] slicewait=0.40 mfma=3.96 bar=2.56 rmsnorm_router=1.64 topk=2.76 total=11.32
[OPROJ_INNER] slicewait=0.44 mfma=3.96 bar=2.60 rmsnorm_router=1.64 topk=1.72 total=10.36
[OPROJ_INNER] slicewait=0.36 mfma=3.88 bar=2.20 rmsnorm_router=1.64 topk=1.64 total=9.72
[OPROJ_INNER] slicewait=0.40 mfma=3.96 bar=2.52 rmsnorm_router=1.52 topk=0.40 total=8.80
[OPROJ_INNER] slicewait=0.40 mfma=3.92 bar=2.16 rmsnorm_router=1.80 topk=3.32 total=11.60
[BAR_OBS] ep=32 xcd=6 drain=0.480 l1=0.200 wait=1.920 acq=0.080 obs=19115181663379 bar=2.680
[BAR_OBS] ep=32 xcd=0 drain=0.360 l1=0.200 wait=1.960 acq=0.080 obs=19115181663321 bar=2.600
[BAR_OBS] ep=32 xcd=2 drain=0.360 l1=0.200 wait=1.880 acq=0.080 obs=19115181663316 bar=2.520
[OPROJ_INNER] slicewait=0.44 mfma=3.92 bar=2.40 rmsnorm_router=1.44 topk=3.44 total=11.64
[BAR_OBS] ep=32 xcd=3 drain=0.360 l1=0.200 wait=2.000 acq=0.080 obs=19115181663320 bar=2.640
[BAR_ARR] ep=32 xcd=2 l1=0.200 l2=0.800
[BAR_OBS] ep=32 xcd=1 drain=0.400 l1=0.200 wait=1.920 acq=0.040 obs=19115181663326 bar=2.560
[BAR_ARR] ep=32 xcd=0 l1=0.200 l2=0.560
[BAR_ARR] ep=32 xcd=1 l1=0.200 l2=0.600
[BAR_ARR] ep=32 xcd=6 l1=0.200 l2=0.840
[BAR_OBS] ep=32 xcd=4 drain=0.480 l1=0.200 wait=1.440 acq=0.080 obs=19115181663313 bar=2.200
[BAR_REL] ep=32 xcd=6 rel=19115181663319
[BAR_OBS] ep=32 xcd=5 drain=0.480 l1=0.200 wait=1.640 acq=0.080 obs=19115181663347 bar=2.400
[BAR_ARR] ep=32 xcd=4 l1=0.200 l2=0.520
[BAR_ARR] ep=32 xcd=3 l1=0.200 l2=0.440
[BAR_ARR] ep=32 xcd=5 l1=0.200 l2=0.760
[BAR_OBS] ep=32 xcd=7 drain=0.440 l1=0.200 wait=1.440 acq=0.080 obs=19115181663314 bar=2.160
[BAR_ARR] ep=32 xcd=7 l1=0.200 l2=0.720
[OPROJ_INNER] slicewait=0.40 mfma=3.92 bar=2.60 rmsnorm_router=1.64 topk=0.76 total=9.32
[OPROJ_INNER] slicewait=0.40 mfma=3.88 bar=2.56 rmsnorm_router=1.52 topk=0.40 total=8.76
[OPROJ_INNER] slicewait=0.36 mfma=3.92 bar=2.64 rmsnorm_router=1.56 topk=3.28 total=11.76
[OPROJ_INNER] slicewait=0.40 mfma=3.92 bar=2.44 rmsnorm_router=1.48 topk=3.48 total=11.72
[OPROJ_INNER] slicewait=0.40 mfma=3.92 bar=2.56 rmsnorm_router=1.60 topk=1.32 total=9.80
[BAR_OBS] ep=33 xcd=0 drain=0.400 l1=0.200 wait=1.960 acq=0.040 obs=19115181936465 bar=2.600
[OPROJ_INNER] slicewait=0.40 mfma=3.92 bar=2.60 rmsnorm_router=1.60 topk=2.56 total=11.08
[BAR_ARR] ep=33 xcd=0 l1=0.200 l2=0.400
[OPROJ_INNER] slicewait=0.40 mfma=3.92 bar=2.64 rmsnorm_router=1.76 topk=5.92 total=14.64
[BAR_OBS] ep=33 xcd=3 drain=0.360 l1=0.200 wait=1.920 acq=0.080 obs=19115181936464 bar=2.560
[BAR_ARR] ep=33 xcd=3 l1=0.200 l2=0.760
[BAR_OBS] ep=33 xcd=2 drain=0.400 l1=0.160 wait=1.920 acq=0.080 obs=19115181936460 bar=2.560
[BAR_ARR] ep=33 xcd=2 l1=0.160 l2=0.760
[BAR_OBS] ep=33 xcd=1 drain=0.360 l1=0.200 wait=1.960 acq=0.080 obs=19115181936470 bar=2.600
[BAR_ARR] ep=33 xcd=1 l1=0.200 l2=0.800
[BAR_OBS] ep=33 xcd=4 drain=0.440 l1=0.200 wait=1.920 acq=0.080 obs=19115181936513 bar=2.640
[BAR_OBS] ep=33 xcd=7 drain=0.440 l1=0.240 wait=1.720 acq=0.040 obs=19115181936498 bar=2.440
[BAR_OBS] ep=33 xcd=6 drain=0.480 l1=0.200 wait=1.880 acq=0.080 obs=19115181936523 bar=2.640
[BAR_ARR] ep=33 xcd=4 l1=0.200 l2=0.760
[OPROJ_INNER] slicewait=0.40 mfma=3.92 bar=2.32 rmsnorm_router=1.52 topk=2.88 total=11.04
[BAR_ARR] ep=33 xcd=7 l1=0.240 l2=0.680
[BAR_ARR] ep=33 xcd=6 l1=0.200 l2=0.800
[BAR_REL] ep=33 xcd=6 rel=19115181936463
[BAR_OBS] ep=33 xcd=5 drain=0.480 l1=0.200 wait=1.560 acq=0.080 obs=19115181936479 bar=2.320
[BAR_ARR] ep=33 xcd=5 l1=0.200 l2=0.520
[OPROJ_INNER] slicewait=0.40 mfma=4.04 bar=2.72 rmsnorm_router=1.64 topk=1.72 total=10.52
[OPROJ_INNER] slicewait=0.40 mfma=3.96 bar=2.12 rmsnorm_router=1.68 topk=3.32 total=11.48
[OPROJ_INNER] slicewait=0.40 mfma=3.96 bar=2.84 rmsnorm_router=1.48 topk=0.44 total=9.12
[OPROJ_INNER] slicewait=0.40 mfma=3.96 bar=2.64 rmsnorm_router=1.76 topk=6.16 total=14.92
[OPROJ_INNER] slicewait=0.40 mfma=3.88 bar=2.84 rmsnorm_router=1.56 topk=0.80 total=9.48
[OPROJ_INNER] slicewait=0.40 mfma=3.96 bar=2.64 rmsnorm_router=1.64 topk=2.68 total=11.32
[OPROJ_INNER] slicewait=0.40 mfma=3.92 bar=2.16 rmsnorm_router=1.72 topk=3.04 total=11.24
[OPROJ_INNER] slicewait=0.36 mfma=3.88 bar=2.12 rmsnorm_router=1.72 topk=1.76 total=9.84
[BAR_OBS] ep=34 xcd=1 drain=0.360 l1=0.200 wait=2.000 acq=0.080 obs=19115182196046 bar=2.640
[BAR_OBS] ep=34 xcd=0 drain=0.360 l1=0.200 wait=2.080 acq=0.080 obs=19115182196041 bar=2.720
[BAR_ARR] ep=34 xcd=1 l1=0.200 l2=0.560
[BAR_OBS] ep=34 xcd=3 drain=0.360 l1=0.240 wait=2.160 acq=0.080 obs=19115182196044 bar=2.840
[BAR_OBS] ep=34 xcd=7 drain=0.440 l1=0.240 wait=1.360 acq=0.080 obs=19115182196046 bar=2.120
[BAR_ARR] ep=34 xcd=3 l1=0.240 l2=0.440
[BAR_OBS] ep=34 xcd=6 drain=0.480 l1=0.200 wait=1.920 acq=0.040 obs=19115182196103 bar=2.640
[BAR_ARR] ep=34 xcd=7 l1=0.240 l2=0.480
[BAR_OBS] ep=34 xcd=2 drain=0.360 l1=0.200 wait=2.200 acq=0.080 obs=19115182196040 bar=2.840
[BAR_ARR] ep=34 xcd=2 l1=0.200 l2=0.400
[BAR_OBS] ep=34 xcd=5 drain=0.440 l1=0.240 wait=1.440 acq=0.040 obs=19115182196039 bar=2.160
[BAR_ARR] ep=34 xcd=0 l1=0.200 l2=0.560
[BAR_ARR] ep=34 xcd=6 l1=0.200 l2=0.800
[BAR_OBS] ep=34 xcd=4 drain=0.480 l1=0.200 wait=1.400 acq=0.040 obs=19115182196033 bar=2.120
[BAR_ARR] ep=34 xcd=5 l1=0.240 l2=0.440
[BAR_REL] ep=34 xcd=6 rel=19115182196039
[BAR_ARR] ep=34 xcd=4 l1=0.200 l2=0.480
[OPROJ_INNER] slicewait=0.36 mfma=3.96 bar=2.88 rmsnorm_router=1.60 topk=1.36 total=10.16
[OPROJ_INNER] slicewait=0.36 mfma=3.92 bar=2.92 rmsnorm_router=1.52 topk=0.44 total=9.16
[OPROJ_INNER] slicewait=0.40 mfma=3.96 bar=2.24 rmsnorm_router=1.60 topk=3.32 total=11.52
[OPROJ_INNER] slicewait=0.40 mfma=4.00 bar=2.12 rmsnorm_router=1.72 topk=2.96 total=11.20
[OPROJ_INNER] slicewait=0.40 mfma=3.92 bar=2.76 rmsnorm_router=1.64 topk=2.36 total=11.08
[OPROJ_INNER] slicewait=0.40 mfma=3.96 bar=2.76 rmsnorm_router=1.60 topk=0.68 total=9.40
[OPROJ_INNER] slicewait=0.40 mfma=3.92 bar=2.08 rmsnorm_router=1.68 topk=2.20 total=10.28
[BAR_OBS] ep=35 xcd=0 drain=0.400 l1=0.160 wait=2.240 acq=0.080 obs=19115182466381 bar=2.880
[BAR_ARR] ep=35 xcd=0 l1=0.160 l2=0.520
[BAR_OBS] ep=35 xcd=7 drain=0.480 l1=0.200 wait=1.480 acq=0.080 obs=19115182466390 bar=2.240
[BAR_OBS] ep=35 xcd=3 drain=0.360 l1=0.200 wait=2.120 acq=0.080 obs=19115182466380 bar=2.760
[BAR_OBS] ep=35 xcd=5 drain=0.440 l1=0.200 wait=1.400 acq=0.080 obs=19115182466375 bar=2.120
[BAR_ARR] ep=35 xcd=3 l1=0.200 l2=0.560
[BAR_ARR] ep=35 xcd=7 l1=0.200 l2=0.560
[BAR_OBS] ep=35 xcd=1 drain=0.360 l1=0.240 wait=2.120 acq=0.040 obs=19115182466386 bar=2.760
[BAR_OBS] ep=35 xcd=4 drain=0.480 l1=0.200 wait=1.360 acq=0.040 obs=19115182466373 bar=2.080
[OPROJ_INNER] slicewait=0.40 mfma=4.00 bar=2.64 rmsnorm_router=1.96 topk=5.92 total=14.92
[BAR_OBS] ep=35 xcd=2 drain=0.360 l1=0.200 wait=2.320 acq=0.040 obs=19115182466380 bar=2.920
[BAR_ARR] ep=35 xcd=1 l1=0.240 l2=0.600
[BAR_ARR] ep=35 xcd=2 l1=0.200 l2=0.480
[BAR_ARR] ep=35 xcd=5 l1=0.200 l2=0.440
[BAR_ARR] ep=35 xcd=4 l1=0.200 l2=0.440
[BAR_OBS] ep=35 xcd=6 drain=0.480 l1=0.200 wait=1.880 acq=0.080 obs=19115182466439 bar=2.640
[BAR_ARR] ep=35 xcd=6 l1=0.200 l2=0.800
[BAR_REL] ep=35 xcd=6 rel=19115182466379
[OPROJ_INNER] slicewait=0.36 mfma=3.96 bar=2.12 rmsnorm_router=1.64 topk=1.84 total=9.92
[OPROJ_INNER] slicewait=0.44 mfma=3.92 bar=2.80 rmsnorm_router=1.52 topk=0.40 total=9.08
[OPROJ_INNER] slicewait=0.40 mfma=3.96 bar=2.72 rmsnorm_router=1.60 topk=0.84 total=9.52
[OPROJ_INNER] slicewait=0.40 mfma=4.04 bar=2.68 rmsnorm_router=1.72 topk=3.08 total=11.92
[OPROJ_INNER] slicewait=0.44 mfma=3.92 bar=2.72 rmsnorm_router=1.60 topk=1.32 total=10.00
[OPROJ_INNER] slicewait=0.44 mfma=3.96 bar=2.36 rmsnorm_router=1.40 topk=3.56 total=11.72
[BAR_OBS] ep=36 xcd=4 drain=0.480 l1=0.200 wait=1.360 acq=0.080 obs=19115182746421 bar=2.120
[BAR_OBS] ep=36 xcd=3 drain=0.360 l1=0.240 wait=2.080 acq=0.040 obs=19115182746428 bar=2.720
[OPROJ_INNER] slicewait=0.40 mfma=4.04 bar=2.76 rmsnorm_router=1.68 topk=6.24 total=15.12
[BAR_OBS] ep=36 xcd=1 drain=0.360 l1=0.240 wait=2.040 acq=0.080 obs=19115182746430 bar=2.720
[BAR_OBS] ep=36 xcd=2 drain=0.400 l1=0.160 wait=2.160 acq=0.080 obs=19115182746424 bar=2.800
[BAR_ARR] ep=36 xcd=4 l1=0.200 l2=0.440
[BAR_ARR] ep=36 xcd=3 l1=0.240 l2=0.400
[BAR_ARR] ep=36 xcd=2 l1=0.160 l2=0.400
[BAR_ARR] ep=36 xcd=1 l1=0.240 l2=0.600
[OPROJ_INNER] slicewait=0.44 mfma=3.96 bar=2.16 rmsnorm_router=1.68 topk=2.84 total=11.08
[BAR_OBS] ep=36 xcd=6 drain=0.480 l1=0.200 wait=2.000 acq=0.080 obs=19115182746495 bar=2.760
[BAR_OBS] ep=36 xcd=0 drain=0.400 l1=0.200 wait=2.000 acq=0.080 obs=19115182746425 bar=2.680
[BAR_ARR] ep=36 xcd=0 l1=0.200 l2=0.520
[BAR_OBS] ep=36 xcd=7 drain=0.480 l1=0.240 wait=1.560 acq=0.080 obs=19115182746450 bar=2.360
[BAR_ARR] ep=36 xcd=6 l1=0.200 l2=0.800
[BAR_REL] ep=36 xcd=6 rel=19115182746427
[BAR_ARR] ep=36 xcd=7 l1=0.240 l2=0.760
[BAR_OBS] ep=36 xcd=5 drain=0.480 l1=0.200 wait=1.400 acq=0.080 obs=19115182746423 bar=2.160
[BAR_ARR] ep=36 xcd=5 l1=0.200 l2=0.440
[OPROJ_INNER] slicewait=0.40 mfma=3.96 bar=2.52 rmsnorm_router=1.44 topk=3.80 total=12.12
[OPROJ_INNER] slicewait=0.40 mfma=3.92 bar=2.60 rmsnorm_router=1.60 topk=0.92 total=9.44
[OPROJ_INNER] slicewait=0.40 mfma=3.96 bar=2.56 rmsnorm_router=1.64 topk=2.04 total=10.60
[OPROJ_INNER] slicewait=0.40 mfma=3.92 bar=2.56 rmsnorm_router=1.56 topk=0.40 total=8.84
[OPROJ_INNER] slicewait=0.36 mfma=3.92 bar=2.64 rmsnorm_router=1.60 topk=1.16 total=9.68
[BAR_OBS] ep=37 xcd=7 drain=0.440 l1=0.200 wait=1.800 acq=0.080 obs=19115183010626 bar=2.520
[OPROJ_INNER] slicewait=0.40 mfma=3.96 bar=2.36 rmsnorm_router=1.48 topk=3.04 total=11.24
[OPROJ_INNER] slicewait=0.44 mfma=3.92 bar=2.64 rmsnorm_router=1.72 topk=6.28 total=15.00
[BAR_OBS] ep=37 xcd=0 drain=0.400 l1=0.200 wait=1.960 acq=0.040 obs=19115183010589 bar=2.600
[BAR_OBS] ep=37 xcd=2 drain=0.400 l1=0.200 wait=1.880 acq=0.080 obs=19115183010584 bar=2.560
[BAR_ARR] ep=37 xcd=7 l1=0.200 l2=0.760
[BAR_OBS] ep=37 xcd=3 drain=0.360 l1=0.200 wait=2.040 acq=0.040 obs=19115183010592 bar=2.640
[OPROJ_INNER] slicewait=0.36 mfma=3.88 bar=2.28 rmsnorm_router=1.52 topk=1.96 total=10.00
[BAR_ARR] ep=37 xcd=2 l1=0.200 l2=0.680
[BAR_OBS] ep=37 xcd=1 drain=0.360 l1=0.240 wait=1.880 acq=0.080 obs=19115183010590 bar=2.560
[BAR_ARR] ep=37 xcd=0 l1=0.200 l2=0.640
[BAR_ARR] ep=37 xcd=3 l1=0.200 l2=0.480
[BAR_ARR] ep=37 xcd=1 l1=0.240 l2=0.720
[BAR_OBS] ep=37 xcd=5 drain=0.440 l1=0.200 wait=1.680 acq=0.040 obs=19115183010611 bar=2.360
[BAR_OBS] ep=37 xcd=6 drain=0.480 l1=0.200 wait=1.880 acq=0.080 obs=19115183010647 bar=2.640
[BAR_OBS] ep=37 xcd=4 drain=0.480 l1=0.240 wait=1.480 acq=0.080 obs=19115183010593 bar=2.280
[BAR_ARR] ep=37 xcd=5 l1=0.200 l2=0.760
[BAR_ARR] ep=37 xcd=6 l1=0.200 l2=0.800
[BAR_ARR] ep=37 xcd=4 l1=0.240 l2=0.480
[BAR_REL] ep=37 xcd=6 rel=19115183010587
[OPROJ_INNER] slicewait=0.40 mfma=4.00 bar=2.56 rmsnorm_router=1.52 topk=0.40 total=8.88
[OPROJ_INNER] slicewait=0.44 mfma=3.96 bar=2.56 rmsnorm_router=1.64 topk=2.40 total=11.00
[OPROJ_INNER] slicewait=0.40 mfma=4.00 bar=2.60 rmsnorm_router=1.60 topk=1.36 total=9.96
[OPROJ_INNER] slicewait=0.44 mfma=3.92 bar=2.08 rmsnorm_router=1.72 topk=3.04 total=11.20
[OPROJ_INNER] slicewait=0.44 mfma=3.96 bar=2.60 rmsnorm_router=1.56 topk=0.68 total=9.24
[OPROJ_INNER] slicewait=0.44 mfma=4.00 bar=2.36 rmsnorm_router=1.48 topk=3.32 total=11.60
[BAR_OBS] ep=38 xcd=1 drain=0.360 l1=0.240 wait=1.880 acq=0.080 obs=19115183273678 bar=2.560
[OPROJ_INNER] slicewait=0.40 mfma=3.96 bar=2.12 rmsnorm_router=1.64 topk=1.60 total=9.72
[OPROJ_INNER] slicewait=0.40 mfma=3.96 bar=2.64 rmsnorm_router=1.84 topk=6.00 total=14.84
[BAR_OBS] ep=38 xcd=0 drain=0.360 l1=0.200 wait=1.960 acq=0.080 obs=19115183273673 bar=2.600
[BAR_OBS] ep=38 xcd=3 drain=0.400 l1=0.200 wait=1.920 acq=0.080 obs=19115183273676 bar=2.600
[BAR_OBS] ep=38 xcd=2 drain=0.360 l1=0.200 wait=1.920 acq=0.080 obs=19115183273672 bar=2.560
[BAR_ARR] ep=38 xcd=1 l1=0.240 l2=0.640
[BAR_OBS] ep=38 xcd=5 drain=0.440 l1=0.240 wait=1.640 acq=0.040 obs=19115183273703 bar=2.360
[BAR_OBS] ep=38 xcd=4 drain=0.440 l1=0.240 wait=1.360 acq=0.080 obs=19115183273673 bar=2.120
[BAR_OBS] ep=38 xcd=6 drain=0.480 l1=0.200 wait=1.880 acq=0.080 obs=19115183273735 bar=2.640
[BAR_ARR] ep=38 xcd=5 l1=0.240 l2=0.720
[BAR_ARR] ep=38 xcd=4 l1=0.240 l2=0.600
[BAR_ARR] ep=38 xcd=3 l1=0.200 l2=0.440
[BAR_ARR] ep=38 xcd=0 l1=0.200 l2=0.400
[BAR_ARR] ep=38 xcd=2 l1=0.200 l2=0.560
[BAR_OBS] ep=38 xcd=7 drain=0.440 l1=0.240 wait=1.320 acq=0.080 obs=19115183273670 bar=2.080
[BAR_ARR] ep=38 xcd=6 l1=0.200 l2=0.760
[BAR_ARR] ep=38 xcd=7 l1=0.240 l2=0.440
[BAR_REL] ep=38 xcd=6 rel=19115183273671
[OPROJ_INNER] slicewait=0.40 mfma=3.96 bar=2.56 rmsnorm_router=1.60 topk=2.28 total=10.80
[OPROJ_INNER] slicewait=0.40 mfma=4.00 bar=2.28 rmsnorm_router=1.48 topk=3.36 total=11.52
[OPROJ_INNER] slicewait=0.40 mfma=3.88 bar=2.76 rmsnorm_router=1.44 topk=0.44 total=8.92
[OPROJ_INNER] slicewait=0.44 mfma=3.92 bar=2.48 rmsnorm_router=1.64 topk=1.28 total=9.76
[OPROJ_INNER] slicewait=0.40 mfma=3.88 bar=2.12 rmsnorm_router=1.72 topk=2.96 total=11.08
[BAR_OBS] ep=39 xcd=7 drain=0.440 l1=0.240 wait=1.520 acq=0.080 obs=19115183548506 bar=2.280
[OPROJ_INNER] slicewait=0.40 mfma=3.96 bar=2.64 rmsnorm_router=1.56 topk=0.76 total=9.32
[BAR_OBS] ep=39 xcd=0 drain=0.360 l1=0.200 wait=1.840 acq=0.080 obs=19115183548477 bar=2.480
[OPROJ_INNER] slicewait=0.36 mfma=3.88 bar=2.24 rmsnorm_router=1.48 topk=2.08 total=10.04
[OPROJ_INNER] slicewait=0.40 mfma=4.00 bar=2.52 rmsnorm_router=1.68 topk=6.28 total=14.88
[BAR_OBS] ep=39 xcd=1 drain=0.360 l1=0.240 wait=1.880 acq=0.080 obs=19115183548482 bar=2.560
[BAR_ARR] ep=39 xcd=7 l1=0.240 l2=0.600
[BAR_OBS] ep=39 xcd=2 drain=0.360 l1=0.200 wait=2.120 acq=0.080 obs=19115183548480 bar=2.760
[BAR_OBS] ep=39 xcd=3 drain=0.360 l1=0.200 wait=2.000 acq=0.080 obs=19115183548480 bar=2.640
[BAR_ARR] ep=39 xcd=0 l1=0.200 l2=0.600
[BAR_ARR] ep=39 xcd=2 l1=0.200 l2=0.440
[BAR_ARR] ep=39 xcd=1 l1=0.240 l2=0.440
[BAR_OBS] ep=39 xcd=4 drain=0.480 l1=0.240 wait=1.440 acq=0.080 obs=19115183548493 bar=2.240
[BAR_OBS] ep=39 xcd=5 drain=0.480 l1=0.200 wait=1.400 acq=0.040 obs=19115183548475 bar=2.120
[BAR_ARR] ep=39 xcd=3 l1=0.200 l2=0.440
[BAR_OBS] ep=39 xcd=6 drain=0.480 l1=0.200 wait=1.800 acq=0.040 obs=19115183548543 bar=2.520
[BAR_ARR] ep=39 xcd=4 l1=0.240 l2=0.520
[BAR_ARR] ep=39 xcd=5 l1=0.200 l2=0.520
[BAR_ARR] ep=39 xcd=6 l1=0.200 l2=0.640
[BAR_REL] ep=39 xcd=6 rel=19115183548479
[OPROJ_INNER] slicewait=0.40 mfma=3.96 bar=2.60 rmsnorm_router=1.60 topk=1.00 total=9.56
[OPROJ_INNER] slicewait=0.40 mfma=4.00 bar=2.64 rmsnorm_router=1.56 topk=1.24 total=9.84
[OPROJ_INNER] slicewait=0.40 mfma=3.92 bar=2.64 rmsnorm_router=1.68 topk=1.76 total=10.40
[OPROJ_INNER] slicewait=0.40 mfma=3.92 bar=2.68 rmsnorm_router=1.52 topk=0.44 total=8.96
[OPROJ_INNER] slicewait=0.40 mfma=3.96 bar=2.20 rmsnorm_router=1.64 topk=2.88 total=11.08
[BAR_OBS] ep=40 xcd=0 drain=0.360 l1=0.200 wait=2.000 acq=0.040 obs=19115183826173 bar=2.600
[OPROJ_INNER] slicewait=0.44 mfma=3.92 bar=2.44 rmsnorm_router=1.48 topk=3.00 total=11.28
[OPROJ_INNER] slicewait=0.40 mfma=4.00 bar=2.16 rmsnorm_router=1.80 topk=3.40 total=11.76
[BAR_OBS] ep=40 xcd=2 drain=0.360 l1=0.200 wait=2.040 acq=0.080 obs=19115183826168 bar=2.680
[BAR_OBS] ep=40 xcd=1 drain=0.360 l1=0.200 wait=2.000 acq=0.080 obs=19115183826174 bar=2.640
[OPROJ_INNER] slicewait=0.40 mfma=3.96 bar=2.72 rmsnorm_router=1.64 topk=6.36 total=15.08
[BAR_OBS] ep=40 xcd=7 drain=0.480 l1=0.200 wait=1.480 acq=0.040 obs=19115183826182 bar=2.200
[BAR_OBS] ep=40 xcd=3 drain=0.360 l1=0.200 wait=2.000 acq=0.080 obs=19115183826172 bar=2.640
[BAR_ARR] ep=40 xcd=1 l1=0.200 l2=0.760
[BAR_ARR] ep=40 xcd=3 l1=0.200 l2=0.680
[BAR_ARR] ep=40 xcd=7 l1=0.200 l2=0.680
[BAR_ARR] ep=40 xcd=0 l1=0.200 l2=0.760
[BAR_OBS] ep=40 xcd=4 drain=0.480 l1=0.200 wait=1.680 acq=0.080 obs=19115183826197 bar=2.440
[BAR_OBS] ep=40 xcd=5 drain=0.440 l1=0.240 wait=1.400 acq=0.080 obs=19115183826167 bar=2.160
[BAR_ARR] ep=40 xcd=2 l1=0.200 l2=0.480
[BAR_OBS] ep=40 xcd=6 drain=0.480 l1=0.200 wait=1.960 acq=0.080 obs=19115183826235 bar=2.720
[BAR_ARR] ep=40 xcd=4 l1=0.200 l2=0.760
[BAR_ARR] ep=40 xcd=5 l1=0.240 l2=0.400
[BAR_ARR] ep=40 xcd=6 l1=0.200 l2=0.800
[BAR_REL] ep=40 xcd=6 rel=19115183826171
[OPROJ_INNER] slicewait=0.40 mfma=4.00 bar=2.64 rmsnorm_router=1.64 topk=1.28 total=9.96
[OPROJ_INNER] slicewait=0.44 mfma=3.96 bar=2.60 rmsnorm_router=1.64 topk=2.44 total=11.08
[OPROJ_INNER] slicewait=0.36 mfma=3.84 bar=2.12 rmsnorm_router=1.68 topk=2.04 total=10.04
[OPROJ_INNER] slicewait=0.40 mfma=3.92 bar=2.72 rmsnorm_router=1.60 topk=1.12 total=9.76
[BAR_OBS] ep=41 xcd=1 drain=0.320 l1=0.240 wait=1.960 acq=0.080 obs=19115184103030 bar=2.600
[OPROJ_INNER] slicewait=0.40 mfma=3.92 bar=2.80 rmsnorm_router=1.56 topk=0.40 total=9.08
[OPROJ_INNER] slicewait=0.36 mfma=4.00 bar=2.32 rmsnorm_router=1.52 topk=3.36 total=11.56
[BAR_OBS] ep=41 xcd=3 drain=0.360 l1=0.200 wait=2.000 acq=0.080 obs=19115184103028 bar=2.640
[OPROJ_INNER] slicewait=0.40 mfma=3.96 bar=2.60 rmsnorm_router=1.76 topk=6.16 total=14.88
[OPROJ_INNER] slicewait=0.40 mfma=3.88 bar=2.16 rmsnorm_router=1.72 topk=2.92 total=11.08
[BAR_OBS] ep=41 xcd=0 drain=0.400 l1=0.200 wait=2.080 acq=0.040 obs=19115184103029 bar=2.720
[BAR_ARR] ep=41 xcd=3 l1=0.200 l2=0.400
[BAR_ARR] ep=41 xcd=1 l1=0.240 l2=0.440
[BAR_ARR] ep=41 xcd=0 l1=0.200 l2=0.360
[BAR_OBS] ep=41 xcd=4 drain=0.480 l1=0.200 wait=1.360 acq=0.080 obs=19115184103021 bar=2.120
[BAR_OBS] ep=41 xcd=6 drain=0.480 l1=0.200 wait=1.840 acq=0.080 obs=19115184103087 bar=2.600
[BAR_OBS] ep=41 xcd=5 drain=0.440 l1=0.200 wait=1.440 acq=0.080 obs=19115184103023 bar=2.160
[BAR_ARR] ep=41 xcd=4 l1=0.200 l2=0.640
[BAR_OBS] ep=41 xcd=7 drain=0.440 l1=0.200 wait=1.600 acq=0.080 obs=19115184103050 bar=2.320
[BAR_OBS] ep=41 xcd=2 drain=0.360 l1=0.240 wait=2.120 acq=0.080 obs=19115184103024 bar=2.800
[BAR_ARR] ep=41 xcd=7 l1=0.200 l2=0.720
[BAR_ARR] ep=41 xcd=6 l1=0.200 l2=0.760
[BAR_ARR] ep=41 xcd=5 l1=0.200 l2=0.400
[BAR_ARR] ep=41 xcd=2 l1=0.240 l2=0.240
[BAR_REL] ep=41 xcd=6 rel=19115184103027
[OPROJ_INNER] slicewait=0.44 mfma=3.92 bar=2.76 rmsnorm_router=1.56 topk=1.00 total=9.68
[OPROJ_INNER] slicewait=0.36 mfma=3.96 bar=2.20 rmsnorm_router=1.64 topk=3.04 total=11.20
[OPROJ_INNER] slicewait=0.44 mfma=3.96 bar=2.56 rmsnorm_router=1.56 topk=1.20 total=9.72
[OPROJ_INNER] slicewait=0.40 mfma=3.92 bar=2.28 rmsnorm_router=1.40 topk=2.84 total=10.84
[BAR_OBS] ep=42 xcd=0 drain=0.400 l1=0.200 wait=2.120 acq=0.040 obs=19115184370709 bar=2.760
[OPROJ_INNER] slicewait=0.44 mfma=3.88 bar=2.60 rmsnorm_router=1.60 topk=1.76 total=10.28
[BAR_OBS] ep=42 xcd=3 drain=0.360 l1=0.200 wait=1.920 acq=0.080 obs=19115184370708 bar=2.560
[BAR_ARR] ep=42 xcd=0 l1=0.200 l2=0.280
[OPROJ_INNER] slicewait=0.40 mfma=3.96 bar=2.68 rmsnorm_router=1.52 topk=0.44 total=9.00
[BAR_OBS] ep=42 xcd=1 drain=0.360 l1=0.200 wait=2.000 acq=0.040 obs=19115184370710 bar=2.600
[BAR_OBS] ep=42 xcd=2 drain=0.360 l1=0.200 wait=2.080 acq=0.040 obs=19115184370704 bar=2.680
[BAR_ARR] ep=42 xcd=3 l1=0.200 l2=0.720
[BAR_ARR] ep=42 xcd=1 l1=0.200 l2=0.600
[BAR_OBS] ep=42 xcd=6 drain=0.480 l1=0.200 wait=1.520 acq=0.080 obs=19115184370731 bar=2.280
[BAR_ARR] ep=42 xcd=2 l1=0.200 l2=0.560
[OPROJ_INNER] slicewait=0.40 mfma=4.00 bar=2.56 rmsnorm_router=1.44 topk=6.44 total=14.84
[OPROJ_INNER] slicewait=0.36 mfma=3.92 bar=2.04 rmsnorm_router=1.76 topk=2.64 total=10.72
[BAR_ARR] ep=42 xcd=6 l1=0.200 l2=0.880
[BAR_OBS] ep=42 xcd=4 drain=0.480 l1=0.200 wait=1.440 acq=0.080 obs=19115184370721 bar=2.200
[BAR_OBS] ep=42 xcd=5 drain=0.480 l1=0.200 wait=1.800 acq=0.080 obs=19115184370759 bar=2.560
[BAR_OBS] ep=42 xcd=7 drain=0.440 l1=0.240 wait=1.280 acq=0.080 obs=19115184370702 bar=2.040
[BAR_ARR] ep=42 xcd=4 l1=0.200 l2=0.680
[BAR_ARR] ep=42 xcd=5 l1=0.200 l2=0.760
[BAR_ARR] ep=42 xcd=7 l1=0.240 l2=0.320
[BAR_REL] ep=42 xcd=5 rel=19115184370703
[OPROJ_INNER] slicewait=0.40 mfma=3.96 bar=2.80 rmsnorm_router=1.52 topk=0.40 total=9.08
[OPROJ_INNER] slicewait=0.40 mfma=4.00 bar=2.68 rmsnorm_router=1.68 topk=2.16 total=10.92
[OPROJ_INNER] slicewait=0.40 mfma=3.96 bar=2.72 rmsnorm_router=1.68 topk=1.28 total=10.04
[OPROJ_INNER] slicewait=0.40 mfma=3.96 bar=2.16 rmsnorm_router=1.76 topk=3.28 total=11.56
[OPROJ_INNER] slicewait=0.40 mfma=3.92 bar=2.88 rmsnorm_router=1.52 topk=0.68 total=9.40
[OPROJ_INNER] slicewait=0.44 mfma=3.88 bar=2.76 rmsnorm_router=1.72 topk=6.00 total=14.80
[OPROJ_INNER] slicewait=0.36 mfma=3.92 bar=2.16 rmsnorm_router=1.72 topk=1.84 total=10.00
[OPROJ_INNER] slicewait=0.40 mfma=4.00 bar=2.28 rmsnorm_router=1.60 topk=3.00 total=11.28
[BAR_OBS] ep=43 xcd=7 drain=0.440 l1=0.200 wait=1.440 acq=0.080 obs=19115184629630 bar=2.160
[BAR_ARR] ep=43 xcd=7 l1=0.200 l2=0.640
[BAR_OBS] ep=43 xcd=0 drain=0.400 l1=0.200 wait=2.040 acq=0.080 obs=19115184629633 bar=2.720
[BAR_OBS] ep=43 xcd=1 drain=0.360 l1=0.240 wait=2.040 acq=0.040 obs=19115184629642 bar=2.680
[BAR_ARR] ep=43 xcd=0 l1=0.200 l2=0.560
[BAR_ARR] ep=43 xcd=1 l1=0.240 l2=0.560
[BAR_OBS] ep=43 xcd=4 drain=0.480 l1=0.200 wait=1.440 acq=0.040 obs=19115184629629 bar=2.160
[BAR_OBS] ep=43 xcd=3 drain=0.360 l1=0.240 wait=2.240 acq=0.040 obs=19115184629640 bar=2.880
[BAR_OBS] ep=43 xcd=2 drain=0.400 l1=0.160 wait=2.160 acq=0.080 obs=19115184629632 bar=2.800
[BAR_OBS] ep=43 xcd=5 drain=0.440 l1=0.200 wait=1.560 acq=0.080 obs=19115184629643 bar=2.280
[BAR_ARR] ep=43 xcd=3 l1=0.240 l2=0.240
[BAR_ARR] ep=43 xcd=2 l1=0.160 l2=0.520
[BAR_OBS] ep=43 xcd=6 drain=0.480 l1=0.200 wait=2.000 acq=0.080 obs=19115184629695 bar=2.760
[BAR_ARR] ep=43 xcd=5 l1=0.200 l2=0.760
[BAR_ARR] ep=43 xcd=4 l1=0.200 l2=0.520
[BAR_ARR] ep=43 xcd=6 l1=0.200 l2=0.880
[BAR_REL] ep=43 xcd=6 rel=19115184629635
[OPROJ_INNER] slicewait=0.40 mfma=3.92 bar=2.08 rmsnorm_router=1.72 topk=1.84 total=9.96
[OPROJ_INNER] slicewait=0.44 mfma=3.92 bar=2.68 rmsnorm_router=1.72 topk=6.12 total=14.88
[OPROJ_INNER] slicewait=0.40 mfma=3.96 bar=2.68 rmsnorm_router=1.60 topk=2.08 total=10.72
[OPROJ_INNER] slicewait=0.44 mfma=3.88 bar=2.76 rmsnorm_router=1.64 topk=1.36 total=10.08
[OPROJ_INNER] slicewait=0.40 mfma=4.00 bar=2.72 rmsnorm_router=1.56 topk=0.88 total=9.56
[OPROJ_INNER] slicewait=0.44 mfma=3.92 bar=2.36 rmsnorm_router=1.48 topk=3.40 total=11.60
[OPROJ_INNER] slicewait=0.40 mfma=3.96 bar=2.80 rmsnorm_router=1.48 topk=0.40 total=9.04
[BAR_OBS] ep=44 xcd=1 drain=0.360 l1=0.240 wait=2.120 acq=0.040 obs=19115184896182 bar=2.760
[BAR_OBS] ep=44 xcd=2 drain=0.400 l1=0.160 wait=2.040 acq=0.080 obs=19115184896180 bar=2.680
[OPROJ_INNER] slicewait=0.40 mfma=4.00 bar=2.16 rmsnorm_router=1.64 topk=2.92 total=11.12
[BAR_ARR] ep=44 xcd=2 l1=0.160 l2=0.720
[BAR_OBS] ep=44 xcd=0 drain=0.360 l1=0.200 wait=2.080 acq=0.080 obs=19115184896177 bar=2.720
[BAR_OBS] ep=44 xcd=7 drain=0.480 l1=0.200 wait=1.600 acq=0.080 obs=19115184896198 bar=2.360
[BAR_OBS] ep=44 xcd=3 drain=0.400 l1=0.200 wait=2.120 acq=0.080 obs=19115184896180 bar=2.800
[BAR_OBS] ep=44 xcd=6 drain=0.480 l1=0.200 wait=1.920 acq=0.080 obs=19115184896235 bar=2.680
[BAR_ARR] ep=44 xcd=1 l1=0.240 l2=0.360
[BAR_ARR] ep=44 xcd=0 l1=0.200 l2=0.680
[BAR_ARR] ep=44 xcd=7 l1=0.200 l2=0.720
[BAR_ARR] ep=44 xcd=3 l1=0.200 l2=0.520
[BAR_OBS] ep=44 xcd=4 drain=0.440 l1=0.200 wait=1.360 acq=0.080 obs=19115184896169 bar=2.080
[BAR_ARR] ep=44 xcd=6 l1=0.200 l2=0.840
[BAR_ARR] ep=44 xcd=4 l1=0.200 l2=0.400
[BAR_OBS] ep=44 xcd=5 drain=0.440 l1=0.240 wait=1.440 acq=0.040 obs=19115184896183 bar=2.160
[BAR_REL] ep=44 xcd=6 rel=19115184896175
[BAR_ARR] ep=44 xcd=5 l1=0.240 l2=0.680
[OPROJ_INNER] slicewait=0.36 mfma=3.96 bar=2.68 rmsnorm_router=1.64 topk=2.12 total=10.76
[OPROJ_INNER] slicewait=0.44 mfma=4.00 bar=2.68 rmsnorm_router=1.64 topk=1.32 total=10.08
[OPROJ_INNER] slicewait=0.40 mfma=3.92 bar=2.80 rmsnorm_router=1.60 topk=0.76 total=9.48
[OPROJ_INNER] slicewait=0.40 mfma=3.88 bar=2.92 rmsnorm_router=1.48 topk=0.44 total=9.12
[BAR_OBS] ep=45 xcd=1 drain=0.400 l1=0.200 wait=2.000 acq=0.080 obs=19115185171282 bar=2.680
[OPROJ_INNER] slicewait=0.40 mfma=4.00 bar=2.40 rmsnorm_router=1.44 topk=3.24 total=11.48
[BAR_ARR] ep=45 xcd=1 l1=0.200 l2=0.600
[OPROJ_INNER] slicewait=0.40 mfma=3.92 bar=2.16 rmsnorm_router=1.64 topk=1.96 total=10.08
[BAR_OBS] ep=45 xcd=3 drain=0.360 l1=0.200 wait=2.160 acq=0.080 obs=19115185171280 bar=2.800
[BAR_OBS] ep=45 xcd=2 drain=0.360 l1=0.200 wait=2.280 acq=0.080 obs=19115185171280 bar=2.920
[BAR_ARR] ep=45 xcd=3 l1=0.200 l2=0.440
[BAR_ARR] ep=45 xcd=2 l1=0.200 l2=0.320
[OPROJ_INNER] slicewait=0.40 mfma=4.04 bar=2.56 rmsnorm_router=1.88 topk=5.80 total=14.68
[OPROJ_INNER] slicewait=0.40 mfma=3.92 bar=2.16 rmsnorm_router=1.72 topk=2.88 total=11.08
[BAR_OBS] ep=45 xcd=0 drain=0.400 l1=0.160 wait=2.080 acq=0.040 obs=19115185171281 bar=2.680
[BAR_OBS] ep=45 xcd=7 drain=0.480 l1=0.240 wait=1.600 acq=0.080 obs=19115185171310 bar=2.400
[BAR_ARR] ep=45 xcd=0 l1=0.160 l2=0.520
[BAR_ARR] ep=45 xcd=7 l1=0.240 l2=0.680
[BAR_OBS] ep=45 xcd=5 drain=0.440 l1=0.240 wait=1.400 acq=0.080 obs=19115185171275 bar=2.160
[BAR_OBS] ep=45 xcd=4 drain=0.440 l1=0.200 wait=1.440 acq=0.080 obs=19115185171277 bar=2.160
[BAR_OBS] ep=45 xcd=6 drain=0.480 l1=0.200 wait=1.800 acq=0.080 obs=19115185171339 bar=2.560
[BAR_ARR] ep=45 xcd=5 l1=0.240 l2=0.360
[BAR_ARR] ep=45 xcd=4 l1=0.200 l2=0.720
[BAR_ARR] ep=45 xcd=6 l1=0.200 l2=0.720
[BAR_REL] ep=45 xcd=6 rel=19115185171279
[OPROJ_INNER] slicewait=0.40 mfma=3.92 bar=2.76 rmsnorm_router=1.56 topk=0.80 total=9.44
[OPROJ_INNER] slicewait=0.40 mfma=3.96 bar=2.56 rmsnorm_router=1.56 topk=0.44 total=8.92
[OPROJ_INNER] slicewait=0.40 mfma=3.96 bar=2.16 rmsnorm_router=1.60 topk=3.24 total=11.36
[OPROJ_INNER] slicewait=0.40 mfma=3.92 bar=2.76 rmsnorm_router=1.64 topk=1.12 total=9.84
[OPROJ_INNER] slicewait=0.40 mfma=4.00 bar=2.60 rmsnorm_router=1.76 topk=5.96 total=14.72
[OPROJ_INNER] slicewait=0.44 mfma=3.88 bar=2.68 rmsnorm_router=1.60 topk=1.72 total=10.32
[OPROJ_INNER] slicewait=0.44 mfma=3.92 bar=2.08 rmsnorm_router=1.72 topk=2.84 total=11.00
[BAR_OBS] ep=46 xcd=7 drain=0.480 l1=0.200 wait=1.400 acq=0.080 obs=19115185421710 bar=2.160
[BAR_OBS] ep=46 xcd=2 drain=0.400 l1=0.200 wait=1.880 acq=0.080 obs=19115185421696 bar=2.560
[BAR_OBS] ep=46 xcd=6 drain=0.480 l1=0.200 wait=1.840 acq=0.080 obs=19115185421759 bar=2.600
[BAR_OBS] ep=46 xcd=0 drain=0.360 l1=0.240 wait=2.080 acq=0.080 obs=19115185421697 bar=2.760
[OPROJ_INNER] slicewait=0.36 mfma=3.88 bar=2.12 rmsnorm_router=1.76 topk=2.00 total=10.12
[BAR_OBS] ep=46 xcd=3 drain=0.400 l1=0.200 wait=2.080 acq=0.080 obs=19115185421700 bar=2.760
[BAR_ARR] ep=46 xcd=2 l1=0.200 l2=0.600
[BAR_OBS] ep=46 xcd=1 drain=0.320 l1=0.240 wait=2.040 acq=0.080 obs=19115185421702 bar=2.680
[BAR_ARR] ep=46 xcd=6 l1=0.200 l2=0.720
[BAR_ARR] ep=46 xcd=0 l1=0.240 l2=0.360
[BAR_ARR] ep=46 xcd=3 l1=0.200 l2=0.480
[BAR_ARR] ep=46 xcd=7 l1=0.200 l2=0.640
[BAR_ARR] ep=46 xcd=1 l1=0.240 l2=0.600
[BAR_OBS] ep=46 xcd=4 drain=0.480 l1=0.200 wait=1.360 acq=0.080 obs=19115185421689 bar=2.120
[BAR_OBS] ep=46 xcd=5 drain=0.480 l1=0.200 wait=1.360 acq=0.040 obs=19115185421695 bar=2.080
[BAR_REL] ep=46 xcd=6 rel=19115185421699
[BAR_ARR] ep=46 xcd=4 l1=0.200 l2=0.640
[BAR_ARR] ep=46 xcd=5 l1=0.200 l2=0.440
[OPROJ_INNER] slicewait=0.36 mfma=3.92 bar=2.68 rmsnorm_router=1.56 topk=0.84 total=9.36
[OPROJ_INNER] slicewait=0.40 mfma=3.92 bar=2.60 rmsnorm_router=1.52 topk=0.40 total=8.84
[OPROJ_INNER] slicewait=0.36 mfma=3.92 bar=2.40 rmsnorm_router=1.44 topk=2.96 total=11.08
[OPROJ_INNER] slicewait=0.44 mfma=3.88 bar=2.16 rmsnorm_router=1.76 topk=3.16 total=11.40
[OPROJ_INNER] slicewait=0.44 mfma=3.96 bar=2.56 rmsnorm_router=1.56 topk=1.64 total=10.16
[OPROJ_INNER] slicewait=0.40 mfma=4.00 bar=2.68 rmsnorm_router=1.64 topk=5.92 total=14.64
[OPROJ_INNER] slicewait=0.40 mfma=3.96 bar=2.56 rmsnorm_router=1.60 topk=1.80 total=10.32
[OPROJ_INNER] slicewait=0.40 mfma=3.96 bar=2.16 rmsnorm_router=1.64 topk=2.84 total=11.00
[BAR_OBS] ep=47 xcd=2 drain=0.400 l1=0.160 wait=2.000 acq=0.040 obs=19115185694420 bar=2.600
[BAR_OBS] ep=47 xcd=3 drain=0.400 l1=0.200 wait=2.040 acq=0.040 obs=19115185694424 bar=2.680
[BAR_OBS] ep=47 xcd=0 drain=0.400 l1=0.160 wait=1.920 acq=0.080 obs=19115185694425 bar=2.560
[BAR_OBS] ep=47 xcd=4 drain=0.480 l1=0.200 wait=1.680 acq=0.040 obs=19115185694449 bar=2.400
[BAR_ARR] ep=47 xcd=0 l1=0.160 l2=0.680
[BAR_ARR] ep=47 xcd=2 l1=0.160 l2=0.480
[BAR_OBS] ep=47 xcd=6 drain=0.480 l1=0.200 wait=1.920 acq=0.080 obs=19115185694487 bar=2.680
[BAR_ARR] ep=47 xcd=4 l1=0.200 l2=0.760
[BAR_OBS] ep=47 xcd=5 drain=0.440 l1=0.200 wait=1.440 acq=0.080 obs=19115185694419 bar=2.160
[BAR_ARR] ep=47 xcd=6 l1=0.200 l2=0.760
[BAR_OBS] ep=47 xcd=1 drain=0.360 l1=0.240 wait=1.880 acq=0.080 obs=19115185694426 bar=2.560
[BAR_OBS] ep=47 xcd=7 drain=0.480 l1=0.240 wait=1.360 acq=0.080 obs=19115185694418 bar=2.160
[BAR_ARR] ep=47 xcd=1 l1=0.240 l2=0.520
[BAR_REL] ep=47 xcd=6 rel=19115185694419
[BAR_ARR] ep=47 xcd=7 l1=0.240 l2=0.480
[BAR_ARR] ep=47 xcd=5 l1=0.200 l2=0.680
[BAR_ARR] ep=47 xcd=3 l1=0.200 l2=0.280
[OPROJ_INNER] slicewait=0.40 mfma=3.88 bar=2.92 rmsnorm_router=1.64 topk=2.32 total=11.16
[OPROJ_INNER] slicewait=0.40 mfma=4.04 bar=2.60 rmsnorm_router=1.88 topk=6.04 total=14.96
[OPROJ_INNER] slicewait=0.44 mfma=3.96 bar=2.88 rmsnorm_router=1.64 topk=1.20 total=10.12
[OPROJ_INNER] slicewait=0.36 mfma=3.92 bar=2.32 rmsnorm_router=1.48 topk=2.12 total=10.20
[OPROJ_INNER] slicewait=0.40 mfma=3.92 bar=3.00 rmsnorm_router=1.64 topk=0.76 total=9.72
[OPROJ_INNER] slicewait=0.40 mfma=3.96 bar=2.88 rmsnorm_router=1.56 topk=0.44 total=9.24
[BAR_OBS] ep=48 xcd=6 drain=0.480 l1=0.200 wait=1.840 acq=0.080 obs=19115185964319 bar=2.600
[OPROJ_INNER] slicewait=0.40 mfma=3.92 bar=2.16 rmsnorm_router=1.72 topk=3.04 total=11.24
[BAR_ARR] ep=48 xcd=6 l1=0.200 l2=0.720
[OPROJ_INNER] slicewait=0.36 mfma=4.00 bar=2.32 rmsnorm_router=1.56 topk=3.24 total=11.48
[BAR_OBS] ep=48 xcd=2 drain=0.400 l1=0.200 wait=2.200 acq=0.080 obs=19115185964256 bar=2.880
[BAR_OBS] ep=48 xcd=1 drain=0.360 l1=0.200 wait=2.280 acq=0.080 obs=19115185964262 bar=2.920
[BAR_OBS] ep=48 xcd=3 drain=0.400 l1=0.200 wait=2.200 acq=0.080 obs=19115185964260 bar=2.880
[BAR_ARR] ep=48 xcd=1 l1=0.200 l2=0.440
[BAR_OBS] ep=48 xcd=0 drain=0.360 l1=0.200 wait=2.360 acq=0.080 obs=19115185964257 bar=3.000
[BAR_ARR] ep=48 xcd=3 l1=0.200 l2=0.560
[BAR_ARR] ep=48 xcd=0 l1=0.200 l2=0.280
[BAR_ARR] ep=48 xcd=2 l1=0.200 l2=0.720
[BAR_OBS] ep=48 xcd=4 drain=0.440 l1=0.240 wait=1.560 acq=0.080 obs=19115185964269 bar=2.320
[BAR_OBS] ep=48 xcd=7 drain=0.440 l1=0.200 wait=1.640 acq=0.040 obs=19115185964282 bar=2.320
[BAR_OBS] ep=48 xcd=5 drain=0.440 l1=0.200 wait=1.480 acq=0.040 obs=19115185964255 bar=2.160
[BAR_REL] ep=48 xcd=6 rel=19115185964259
[BAR_ARR] ep=48 xcd=4 l1=0.240 l2=0.640
[BAR_ARR] ep=48 xcd=7 l1=0.200 l2=0.720
[BAR_ARR] ep=48 xcd=5 l1=0.200 l2=0.560
[OPROJ_INNER] slicewait=0.44 mfma=3.96 bar=2.52 rmsnorm_router=1.60 topk=0.96 total=9.48
[OPROJ_INNER] slicewait=0.40 mfma=3.92 bar=2.80 rmsnorm_router=1.52 topk=2.40 total=11.04
[OPROJ_INNER] slicewait=0.40 mfma=3.88 bar=2.16 rmsnorm_router=1.68 topk=1.96 total=10.08
[OPROJ_INNER] slicewait=0.40 mfma=3.96 bar=2.16 rmsnorm_router=1.68 topk=3.04 total=11.24
[OPROJ_INNER] slicewait=0.40 mfma=3.92 bar=2.76 rmsnorm_router=1.68 topk=6.16 total=14.92
[OPROJ_INNER] slicewait=0.36 mfma=3.92 bar=2.52 rmsnorm_router=1.56 topk=0.40 total=8.76
[BAR_OBS] ep=49 xcd=3 drain=0.400 l1=0.200 wait=2.120 acq=0.080 obs=19115186236068 bar=2.800
[BAR_OBS] ep=49 xcd=0 drain=0.400 l1=0.200 wait=1.840 acq=0.080 obs=19115186236061 bar=2.520
[OPROJ_INNER] slicewait=0.44 mfma=3.92 bar=2.60 rmsnorm_router=1.56 topk=1.40 total=9.92
[BAR_ARR] ep=49 xcd=0 l1=0.200 l2=0.640
[OPROJ_INNER] slicewait=0.40 mfma=4.00 bar=2.32 rmsnorm_router=1.52 topk=3.32 total=11.56
[BAR_OBS] ep=49 xcd=6 drain=0.480 l1=0.200 wait=2.000 acq=0.080 obs=19115186236123 bar=2.760
[BAR_OBS] ep=49 xcd=1 drain=0.360 l1=0.240 wait=1.920 acq=0.080 obs=19115186236062 bar=2.600
[BAR_OBS] ep=49 xcd=7 drain=0.480 l1=0.200 wait=1.560 acq=0.080 obs=19115186236078 bar=2.320
[BAR_ARR] ep=49 xcd=3 l1=0.200 l2=0.240
[BAR_ARR] ep=49 xcd=1 l1=0.240 l2=0.560
[BAR_OBS] ep=49 xcd=4 drain=0.480 l1=0.200 wait=1.440 acq=0.040 obs=19115186236053 bar=2.160
[BAR_OBS] ep=49 xcd=2 drain=0.400 l1=0.160 wait=1.920 acq=0.040 obs=19115186236056 bar=2.520
[BAR_ARR] ep=49 xcd=2 l1=0.160 l2=0.440
[BAR_ARR] ep=49 xcd=4 l1=0.200 l2=0.600
[BAR_OBS] ep=49 xcd=5 drain=0.480 l1=0.200 wait=1.400 acq=0.080 obs=19115186236051 bar=2.160
[BAR_ARR] ep=49 xcd=6 l1=0.200 l2=0.840
[BAR_ARR] ep=49 xcd=7 l1=0.200 l2=0.640
[BAR_REL] ep=49 xcd=6 rel=19115186236055
[BAR_ARR] ep=49 xcd=5 l1=0.200 l2=0.480
[OPROJ_INNER] slicewait=0.44 mfma=3.88 bar=2.52 rmsnorm_router=1.56 topk=0.44 total=8.84
[OPROJ_INNER] slicewait=0.40 mfma=3.92 bar=2.64 rmsnorm_router=1.60 topk=1.04 total=9.60
[OPROJ_INNER] slicewait=0.44 mfma=3.92 bar=2.60 rmsnorm_router=1.60 topk=1.12 total=9.68
[OPROJ_INNER] slicewait=0.36 mfma=3.88 bar=2.52 rmsnorm_router=1.88 topk=3.36 total=12.00
[OPROJ_INNER] slicewait=0.36 mfma=4.00 bar=2.64 rmsnorm_router=1.84 topk=6.08 total=14.92
[OPROJ_INNER] slicewait=0.40 mfma=3.92 bar=2.20 rmsnorm_router=1.72 topk=3.40 total=11.64
[OPROJ_INNER] slicewait=0.36 mfma=3.96 bar=2.72 rmsnorm_router=1.60 topk=2.40 total=11.04
[BAR_OBS] ep=50 xcd=2 drain=0.400 l1=0.160 wait=1.880 acq=0.080 obs=19115186499840 bar=2.520
[OPROJ_INNER] slicewait=0.40 mfma=3.92 bar=2.32 rmsnorm_router=1.48 topk=3.00 total=11.12
[BAR_OBS] ep=50 xcd=0 drain=0.400 l1=0.200 wait=1.960 acq=0.080 obs=19115186499845 bar=2.640
[BAR_OBS] ep=50 xcd=3 drain=0.400 l1=0.200 wait=1.920 acq=0.080 obs=19115186499844 bar=2.600
[BAR_OBS] ep=50 xcd=7 drain=0.440 l1=0.280 wait=1.400 acq=0.080 obs=19115186499842 bar=2.200
[BAR_ARR] ep=50 xcd=2 l1=0.160 l2=0.720
[BAR_OBS] ep=50 xcd=1 drain=0.360 l1=0.200 wait=2.080 acq=0.080 obs=19115186499846 bar=2.720
[BAR_ARR] ep=50 xcd=7 l1=0.280 l2=0.560
[BAR_ARR] ep=50 xcd=0 l1=0.200 l2=0.440
[BAR_ARR] ep=50 xcd=1 l1=0.200 l2=0.360
[BAR_OBS] ep=50 xcd=4 drain=0.480 l1=0.240 wait=1.760 acq=0.040 obs=19115186499877 bar=2.520
[BAR_ARR] ep=50 xcd=3 l1=0.200 l2=0.520
[BAR_OBS] ep=50 xcd=6 drain=0.480 l1=0.200 wait=1.920 acq=0.040 obs=19115186499903 bar=2.640
[BAR_OBS] ep=50 xcd=5 drain=0.440 l1=0.320 wait=1.480 acq=0.080 obs=19115186499855 bar=2.320
[BAR_ARR] ep=50 xcd=4 l1=0.240 l2=0.720
[BAR_ARR] ep=50 xcd=6 l1=0.200 l2=0.800
[BAR_ARR] ep=50 xcd=5 l1=0.320 l2=0.640
[BAR_REL] ep=50 xcd=6 rel=19115186499839
[OPROJ_INNER] slicewait=0.44 mfma=3.96 bar=2.56 rmsnorm_router=1.56 topk=1.40 total=9.92
[OPROJ_INNER] slicewait=0.40 mfma=3.92 bar=2.52 rmsnorm_router=1.60 topk=0.40 total=8.84
[OPROJ_INNER] slicewait=0.40 mfma=3.88 bar=2.16 rmsnorm_router=1.72 topk=3.12 total=11.28
[OPROJ_INNER] slicewait=0.44 mfma=3.92 bar=2.36 rmsnorm_router=1.88 topk=3.12 total=11.72
[OPROJ_INNER] slicewait=0.40 mfma=4.00 bar=2.24 rmsnorm_router=1.52 topk=2.72 total=10.88
[BAR_OBS] ep=51 xcd=3 drain=0.360 l1=0.200 wait=1.920 acq=0.080 obs=19115186773464 bar=2.560
[OPROJ_INNER] slicewait=0.40 mfma=4.00 bar=2.52 rmsnorm_router=1.64 topk=2.16 total=10.72
[BAR_OBS] ep=51 xcd=7 drain=0.480 l1=0.200 wait=1.400 acq=0.080 obs=19115186773462 bar=2.160
[OPROJ_INNER] slicewait=0.44 mfma=3.96 bar=2.44 rmsnorm_router=1.60 topk=1.08 total=9.52
[BAR_OBS] ep=51 xcd=2 drain=0.360 l1=0.200 wait=1.920 acq=0.040 obs=19115186773460 bar=2.520
[BAR_ARR] ep=51 xcd=3 l1=0.200 l2=0.400
[OPROJ_INNER] slicewait=0.44 mfma=3.96 bar=2.56 rmsnorm_router=1.96 topk=5.76 total=14.68
[BAR_ARR] ep=51 xcd=2 l1=0.200 l2=0.400
[BAR_OBS] ep=51 xcd=5 drain=0.440 l1=0.240 wait=1.480 acq=0.080 obs=19115186773479 bar=2.240
[BAR_OBS] ep=51 xcd=0 drain=0.360 l1=0.200 wait=1.800 acq=0.080 obs=19115186773461 bar=2.440
[BAR_OBS] ep=51 xcd=6 drain=0.480 l1=0.200 wait=1.600 acq=0.080 obs=19115186773495 bar=2.360
[BAR_OBS] ep=51 xcd=1 drain=0.360 l1=0.200 wait=1.880 acq=0.080 obs=19115186773466 bar=2.520
[BAR_ARR] ep=51 xcd=0 l1=0.200 l2=0.600
[BAR_ARR] ep=51 xcd=7 l1=0.200 l2=0.480
[BAR_ARR] ep=51 xcd=5 l1=0.240 l2=0.480
[BAR_ARR] ep=51 xcd=1 l1=0.200 l2=0.480
[BAR_ARR] ep=51 xcd=6 l1=0.200 l2=0.720
[BAR_OBS] ep=51 xcd=4 drain=0.440 l1=0.240 wait=1.800 acq=0.080 obs=19115186773517 bar=2.560
[BAR_ARR] ep=51 xcd=4 l1=0.240 l2=0.760
[BAR_REL] ep=51 xcd=4 rel=19115186773461
[OPROJ_INNER] slicewait=0.44 mfma=3.88 bar=2.04 rmsnorm_router=1.68 topk=2.76 total=10.80
[OPROJ_INNER] slicewait=0.40 mfma=4.00 bar=2.68 rmsnorm_router=1.60 topk=1.36 total=10.04
[OPROJ_INNER] slicewait=0.40 mfma=3.96 bar=2.64 rmsnorm_router=1.60 topk=1.40 total=10.00
[OPROJ_INNER] slicewait=0.40 mfma=3.92 bar=2.60 rmsnorm_router=1.64 topk=2.80 total=11.36
[OPROJ_INNER] slicewait=0.40 mfma=3.92 bar=2.28 rmsnorm_router=1.44 topk=3.32 total=11.36
[OPROJ_INNER] slicewait=0.40 mfma=3.96 bar=2.64 rmsnorm_router=1.52 topk=0.44 total=8.96
[BAR_OBS] ep=52 xcd=0 drain=0.360 l1=0.200 wait=2.080 acq=0.040 obs=19115187052629 bar=2.680
[BAR_ARR] ep=52 xcd=0 l1=0.200 l2=0.520
[OPROJ_INNER] slicewait=0.40 mfma=4.00 bar=2.52 rmsnorm_router=1.84 topk=5.88 total=14.64
[OPROJ_INNER] slicewait=0.40 mfma=3.92 bar=2.08 rmsnorm_router=1.56 topk=1.92 total=9.88
[BAR_OBS] ep=52 xcd=6 drain=0.480 l1=0.200 wait=1.760 acq=0.080 obs=19115187052687 bar=2.520
[BAR_OBS] ep=52 xcd=4 drain=0.440 l1=0.200 wait=1.400 acq=0.040 obs=19115187052633 bar=2.080
[BAR_ARR] ep=52 xcd=6 l1=0.200 l2=0.680
[BAR_ARR] ep=52 xcd=4 l1=0.200 l2=0.520
[BAR_OBS] ep=52 xcd=7 drain=0.480 l1=0.200 wait=1.520 acq=0.080 obs=19115187052650 bar=2.280
[BAR_OBS] ep=52 xcd=2 drain=0.360 l1=0.200 wait=2.000 acq=0.080 obs=19115187052624 bar=2.640
[BAR_OBS] ep=52 xcd=1 drain=0.400 l1=0.200 wait=1.920 acq=0.080 obs=19115187052630 bar=2.600
[BAR_REL] ep=52 xcd=6 rel=19115187052627
[BAR_ARR] ep=52 xcd=2 l1=0.200 l2=0.600
[BAR_ARR] ep=52 xcd=1 l1=0.200 l2=0.760
[BAR_OBS] ep=52 xcd=5 drain=0.440 l1=0.240 wait=1.320 acq=0.040 obs=19115187052623 bar=2.040
[BAR_ARR] ep=52 xcd=7 l1=0.200 l2=0.600
[BAR_OBS] ep=52 xcd=3 drain=0.360 l1=0.200 wait=2.000 acq=0.080 obs=19115187052628 bar=2.640
[BAR_ARR] ep=52 xcd=5 l1=0.240 l2=0.440
[BAR_ARR] ep=52 xcd=3 l1=0.200 l2=0.680
[OPROJ_INNER] slicewait=0.44 mfma=3.92 bar=2.36 rmsnorm_router=1.44 topk=2.28 total=10.44
[OPROJ_INNER] slicewait=0.40 mfma=3.96 bar=2.92 rmsnorm_router=1.48 topk=0.44 total=9.20
[OPROJ_INNER] slicewait=0.40 mfma=3.96 bar=2.68 rmsnorm_router=1.68 topk=2.76 total=11.48
[OPROJ_INNER] slicewait=0.44 mfma=3.92 bar=3.00 rmsnorm_router=1.60 topk=0.76 total=9.72
[OPROJ_INNER] slicewait=0.40 mfma=3.96 bar=2.76 rmsnorm_router=1.44 topk=6.76 total=15.32
[OPROJ_INNER] slicewait=0.44 mfma=3.92 bar=2.24 rmsnorm_router=1.68 topk=3.32 total=11.60
[OPROJ_INNER] slicewait=0.40 mfma=3.96 bar=2.76 rmsnorm_router=1.68 topk=1.56 total=10.36
[OPROJ_INNER] slicewait=0.44 mfma=3.88 bar=2.20 rmsnorm_router=1.76 topk=3.60 total=11.88
[BAR_OBS] ep=53 xcd=1 drain=0.360 l1=0.240 wait=2.000 acq=0.080 obs=19115187316614 bar=2.680
[BAR_OBS] ep=53 xcd=6 drain=0.440 l1=0.200 wait=1.680 acq=0.040 obs=19115187316631 bar=2.360
[BAR_OBS] ep=53 xcd=2 drain=0.360 l1=0.200 wait=2.280 acq=0.080 obs=19115187316612 bar=2.920
[BAR_OBS] ep=53 xcd=0 drain=0.400 l1=0.200 wait=2.320 acq=0.080 obs=19115187316613 bar=3.000
[BAR_ARR] ep=53 xcd=2 l1=0.200 l2=0.520
[BAR_ARR] ep=53 xcd=0 l1=0.200 l2=0.440
[BAR_OBS] ep=53 xcd=3 drain=0.400 l1=0.200 wait=2.080 acq=0.080 obs=19115187316612 bar=2.760
[BAR_ARR] ep=53 xcd=1 l1=0.240 l2=0.520
[BAR_ARR] ep=53 xcd=6 l1=0.200 l2=0.760
[BAR_ARR] ep=53 xcd=3 l1=0.200 l2=0.480
[BAR_OBS] ep=53 xcd=7 drain=0.480 l1=0.200 wait=1.440 acq=0.080 obs=19115187316606 bar=2.200
[BAR_OBS] ep=53 xcd=4 drain=0.480 l1=0.200 wait=2.000 acq=0.080 obs=19115187316669 bar=2.760
[BAR_OBS] ep=53 xcd=5 drain=0.480 l1=0.200 wait=1.480 acq=0.080 obs=19115187316611 bar=2.240
[BAR_ARR] ep=53 xcd=7 l1=0.200 l2=0.520
[BAR_ARR] ep=53 xcd=4 l1=0.200 l2=0.920
[BAR_ARR] ep=53 xcd=5 l1=0.200 l2=0.760
[BAR_REL] ep=53 xcd=4 rel=19115187316609
[OPROJ_INNER] slicewait=0.40 mfma=3.92 bar=2.64 rmsnorm_router=1.56 topk=0.76 total=9.28
[OPROJ_INNER] slicewait=0.40 mfma=3.92 bar=2.48 rmsnorm_router=1.52 topk=0.44 total=8.76
[OPROJ_INNER] slicewait=0.40 mfma=3.92 bar=2.36 rmsnorm_router=1.44 topk=3.40 total=11.52
[OPROJ_INNER] slicewait=0.40 mfma=3.88 bar=2.60 rmsnorm_router=1.60 topk=1.20 total=9.68
[OPROJ_INNER] slicewait=0.44 mfma=3.92 bar=2.20 rmsnorm_router=1.60 topk=2.96 total=11.12
[BAR_OBS] ep=54 xcd=0 drain=0.360 l1=0.200 wait=2.000 acq=0.080 obs=19115187581393 bar=2.640
[BAR_OBS] ep=54 xcd=3 drain=0.360 l1=0.240 wait=1.920 acq=0.080 obs=19115187581392 bar=2.600
[OPROJ_INNER] slicewait=0.40 mfma=3.88 bar=2.72 rmsnorm_router=1.68 topk=2.44 total=11.12
[BAR_ARR] ep=54 xcd=0 l1=0.200 l2=0.680
[OPROJ_INNER] slicewait=0.40 mfma=3.88 bar=2.08 rmsnorm_router=1.72 topk=1.64 total=9.72
[OPROJ_INNER] slicewait=0.44 mfma=3.92 bar=2.64 rmsnorm_router=1.84 topk=6.08 total=14.92
[BAR_OBS] ep=54 xcd=7 drain=0.440 l1=0.200 wait=1.640 acq=0.080 obs=19115187581414 bar=2.360
[BAR_ARR] ep=54 xcd=7 l1=0.200 l2=0.720
[BAR_OBS] ep=54 xcd=2 drain=0.360 l1=0.200 wait=1.840 acq=0.080 obs=19115187581388 bar=2.480
[BAR_OBS] ep=54 xcd=1 drain=0.320 l1=0.240 wait=2.080 acq=0.080 obs=19115187581394 bar=2.720
[BAR_ARR] ep=54 xcd=2 l1=0.200 l2=0.680
[BAR_ARR] ep=54 xcd=1 l1=0.240 l2=0.400
[BAR_OBS] ep=54 xcd=5 drain=0.440 l1=0.200 wait=1.520 acq=0.040 obs=19115187581399 bar=2.200
[BAR_ARR] ep=54 xcd=3 l1=0.240 l2=0.520
[BAR_OBS] ep=54 xcd=6 drain=0.480 l1=0.200 wait=1.880 acq=0.080 obs=19115187581451 bar=2.640
[BAR_ARR] ep=54 xcd=5 l1=0.200 l2=0.640
[BAR_OBS] ep=54 xcd=4 drain=0.440 l1=0.280 wait=1.280 acq=0.080 obs=19115187581381 bar=2.080
[BAR_ARR] ep=54 xcd=6 l1=0.200 l2=0.800
[BAR_REL] ep=54 xcd=6 rel=19115187581391
[BAR_ARR] ep=54 xcd=4 l1=0.280 l2=0.520
[OPROJ_INNER] slicewait=0.36 mfma=4.00 bar=2.24 rmsnorm_router=1.60 topk=1.40 total=9.60
[OPROJ_INNER] slicewait=0.44 mfma=3.92 bar=2.28 rmsnorm_router=1.68 topk=3.32 total=11.64
[OPROJ_INNER] slicewait=0.40 mfma=4.00 bar=2.68 rmsnorm_router=1.68 topk=2.64 total=11.40
[OPROJ_INNER] slicewait=0.40 mfma=4.00 bar=2.68 rmsnorm_router=1.56 topk=0.76 total=9.40
[OPROJ_INNER] slicewait=0.44 mfma=4.04 bar=2.56 rmsnorm_router=1.68 topk=1.48 total=10.20
[BAR_OBS] ep=55 xcd=7 drain=0.480 l1=0.200 wait=1.520 acq=0.080 obs=19115187838714 bar=2.280
[OPROJ_INNER] slicewait=0.36 mfma=4.04 bar=2.48 rmsnorm_router=1.48 topk=3.48 total=11.84
[BAR_OBS] ep=55 xcd=4 drain=0.440 l1=0.280 wait=1.440 acq=0.080 obs=19115187838713 bar=2.240
[OPROJ_INNER] slicewait=0.40 mfma=4.00 bar=2.68 rmsnorm_router=1.52 topk=0.44 total=9.04
[OPROJ_INNER] slicewait=0.40 mfma=4.00 bar=2.76 rmsnorm_router=1.88 topk=6.04 total=15.08
[BAR_ARR] ep=55 xcd=7 l1=0.200 l2=0.640
[BAR_OBS] ep=55 xcd=0 drain=0.360 l1=0.200 wait=1.920 acq=0.080 obs=19115187838713 bar=2.560
[BAR_OBS] ep=55 xcd=3 drain=0.360 l1=0.200 wait=2.040 acq=0.080 obs=19115187838716 bar=2.680
[BAR_OBS] ep=55 xcd=1 drain=0.360 l1=0.200 wait=2.040 acq=0.080 obs=19115187838718 bar=2.680
[BAR_ARR] ep=55 xcd=0 l1=0.200 l2=0.720
[BAR_ARR] ep=55 xcd=1 l1=0.200 l2=0.680
[BAR_OBS] ep=55 xcd=5 drain=0.440 l1=0.200 wait=1.760 acq=0.080 obs=19115187838743 bar=2.480
[BAR_OBS] ep=55 xcd=2 drain=0.360 l1=0.200 wait=2.040 acq=0.080 obs=19115187838712 bar=2.680
[BAR_ARR] ep=55 xcd=3 l1=0.200 l2=0.520
[BAR_ARR] ep=55 xcd=2 l1=0.200 l2=0.400
[BAR_ARR] ep=55 xcd=4 l1=0.280 l2=0.560
[BAR_ARR] ep=55 xcd=5 l1=0.200 l2=0.760
[BAR_OBS] ep=55 xcd=6 drain=0.480 l1=0.200 wait=2.000 acq=0.080 obs=19115187838775 bar=2.760
[BAR_ARR] ep=55 xcd=6 l1=0.200 l2=0.880
[BAR_REL] ep=55 xcd=6 rel=19115187838715
[OPROJ_INNER] slicewait=0.40 mfma=3.92 bar=2.80 rmsnorm_router=1.60 topk=1.00 total=9.72
[OPROJ_INNER] slicewait=0.40 mfma=3.92 bar=2.76 rmsnorm_router=1.60 topk=0.84 total=9.52
[OPROJ_INNER] slicewait=0.40 mfma=3.88 bar=2.72 rmsnorm_router=1.52 topk=0.36 total=8.88
[OPROJ_INNER] slicewait=0.40 mfma=3.92 bar=2.08 rmsnorm_router=1.72 topk=2.00 total=10.12
[BAR_OBS] ep=56 xcd=3 drain=0.360 l1=0.200 wait=2.160 acq=0.080 obs=19115188116172 bar=2.800
[OPROJ_INNER] slicewait=0.40 mfma=4.00 bar=2.64 rmsnorm_router=1.88 topk=6.20 total=15.12
[OPROJ_INNER] slicewait=0.44 mfma=3.92 bar=2.20 rmsnorm_router=1.64 topk=3.60 total=11.80
[OPROJ_INNER] slicewait=0.44 mfma=3.92 bar=2.68 rmsnorm_router=1.64 topk=2.56 total=11.24
[OPROJ_INNER] slicewait=0.36 mfma=4.00 bar=2.16 rmsnorm_router=1.68 topk=3.24 total=11.44
[BAR_ARR] ep=56 xcd=3 l1=0.200 l2=0.440
[BAR_OBS] ep=56 xcd=2 drain=0.400 l1=0.160 wait=2.080 acq=0.080 obs=19115188116172 bar=2.720
[BAR_OBS] ep=56 xcd=7 drain=0.480 l1=0.240 wait=1.400 acq=0.080 obs=19115188116182 bar=2.200
[BAR_OBS] ep=56 xcd=4 drain=0.480 l1=0.200 wait=1.320 acq=0.080 obs=19115188116161 bar=2.080
[BAR_ARR] ep=56 xcd=2 l1=0.160 l2=0.600
[BAR_OBS] ep=56 xcd=0 drain=0.400 l1=0.200 wait=2.080 acq=0.080 obs=19115188116173 bar=2.760
[BAR_ARR] ep=56 xcd=7 l1=0.240 l2=0.600
[BAR_ARR] ep=56 xcd=0 l1=0.200 l2=0.480
[BAR_ARR] ep=56 xcd=4 l1=0.200 l2=0.440
[BAR_OBS] ep=56 xcd=5 drain=0.440 l1=0.200 wait=1.440 acq=0.080 obs=19115188116167 bar=2.160
[BAR_OBS] ep=56 xcd=6 drain=0.440 l1=0.200 wait=1.920 acq=0.080 obs=19115188116231 bar=2.640
[BAR_ARR] ep=56 xcd=5 l1=0.200 l2=0.640
[BAR_OBS] ep=56 xcd=1 drain=0.360 l1=0.200 wait=2.040 acq=0.080 obs=19115188116174 bar=2.680
[BAR_ARR] ep=56 xcd=6 l1=0.200 l2=0.840
[BAR_ARR] ep=56 xcd=1 l1=0.200 l2=0.720
[BAR_REL] ep=56 xcd=6 rel=19115188116171
[OPROJ_INNER] slicewait=0.36 mfma=4.00 bar=2.64 rmsnorm_router=1.52 topk=0.44 total=8.96
[OPROJ_INNER] slicewait=0.40 mfma=4.00 bar=2.76 rmsnorm_router=1.52 topk=0.72 total=9.40
[OPROJ_INNER] slicewait=0.40 mfma=4.04 bar=2.52 rmsnorm_router=1.76 topk=6.36 total=15.08
[OPROJ_INNER] slicewait=0.44 mfma=3.96 bar=2.08 rmsnorm_router=1.72 topk=3.00 total=11.20
[OPROJ_INNER] slicewait=0.40 mfma=4.00 bar=2.60 rmsnorm_router=1.64 topk=1.68 total=10.32
[OPROJ_INNER] slicewait=0.40 mfma=3.96 bar=2.32 rmsnorm_router=1.44 topk=3.12 total=11.24
[OPROJ_INNER] slicewait=0.40 mfma=4.00 bar=2.64 rmsnorm_router=1.64 topk=2.08 total=10.76
[BAR_OBS] ep=57 xcd=2 drain=0.400 l1=0.200 wait=1.960 acq=0.080 obs=19115188380324 bar=2.640
[OPROJ_INNER] slicewait=0.44 mfma=3.92 bar=2.16 rmsnorm_router=1.68 topk=3.36 total=11.56
[BAR_OBS] ep=57 xcd=3 drain=0.400 l1=0.200 wait=2.080 acq=0.080 obs=19115188380328 bar=2.760
[BAR_OBS] ep=57 xcd=0 drain=0.400 l1=0.200 wait=1.920 acq=0.080 obs=19115188380325 bar=2.600
[BAR_ARR] ep=57 xcd=2 l1=0.200 l2=0.400
[BAR_OBS] ep=57 xcd=1 drain=0.400 l1=0.200 wait=1.960 acq=0.080 obs=19115188380330 bar=2.640
[BAR_OBS] ep=57 xcd=7 drain=0.480 l1=0.200 wait=1.440 acq=0.040 obs=19115188380334 bar=2.160
[BAR_OBS] ep=57 xcd=5 drain=0.480 l1=0.200 wait=1.320 acq=0.080 obs=19115188380319 bar=2.080
[BAR_ARR] ep=57 xcd=0 l1=0.200 l2=0.600
[BAR_ARR] ep=57 xcd=1 l1=0.200 l2=0.440
[BAR_ARR] ep=57 xcd=3 l1=0.200 l2=0.400
[BAR_OBS] ep=57 xcd=6 drain=0.480 l1=0.200 wait=1.800 acq=0.040 obs=19115188380387 bar=2.520
[BAR_ARR] ep=57 xcd=5 l1=0.200 l2=0.560
[BAR_ARR] ep=57 xcd=7 l1=0.200 l2=0.640
[BAR_ARR] ep=57 xcd=6 l1=0.200 l2=0.680
[BAR_OBS] ep=57 xcd=4 drain=0.440 l1=0.200 wait=1.640 acq=0.040 obs=19115188380349 bar=2.320
[BAR_REL] ep=57 xcd=6 rel=19115188380323
[BAR_ARR] ep=57 xcd=4 l1=0.200 l2=0.760
[OPROJ_INNER] slicewait=0.40 mfma=3.96 bar=2.56 rmsnorm_router=1.52 topk=0.44 total=8.88
[OPROJ_INNER] slicewait=0.40 mfma=3.92 bar=2.56 rmsnorm_router=1.68 topk=1.72 total=10.28
[OPROJ_INNER] slicewait=0.44 mfma=3.92 bar=2.28 rmsnorm_router=1.52 topk=2.68 total=10.84
[OPROJ_INNER] slicewait=0.40 mfma=3.92 bar=2.56 rmsnorm_router=1.60 topk=1.36 total=9.84
[OPROJ_INNER] slicewait=0.36 mfma=3.92 bar=2.12 rmsnorm_router=1.72 topk=2.36 total=10.48
[OPROJ_INNER] slicewait=0.40 mfma=3.88 bar=2.68 rmsnorm_router=1.56 topk=0.76 total=9.28
[OPROJ_INNER] slicewait=0.36 mfma=3.88 bar=2.20 rmsnorm_router=1.64 topk=2.88 total=10.96
[BAR_OBS] ep=58 xcd=1 drain=0.400 l1=0.200 wait=1.880 acq=0.080 obs=19115188654230 bar=2.560
[BAR_OBS] ep=58 xcd=2 drain=0.400 l1=0.160 wait=1.920 acq=0.080 obs=19115188654224 bar=2.560
[BAR_OBS] ep=58 xcd=0 drain=0.360 l1=0.200 wait=1.960 acq=0.040 obs=19115188654229 bar=2.560
[BAR_ARR] ep=58 xcd=1 l1=0.200 l2=0.640
[BAR_ARR] ep=58 xcd=0 l1=0.200 l2=0.720
[BAR_OBS] ep=58 xcd=3 drain=0.400 l1=0.200 wait=2.000 acq=0.080 obs=19115188654228 bar=2.680
[OPROJ_INNER] slicewait=0.44 mfma=3.92 bar=2.68 rmsnorm_router=1.76 topk=5.88 total=14.68
[BAR_ARR] ep=58 xcd=3 l1=0.200 l2=0.360
[BAR_OBS] ep=58 xcd=7 drain=0.480 l1=0.240 wait=1.520 acq=0.040 obs=19115188654254 bar=2.280
[BAR_OBS] ep=58 xcd=5 drain=0.480 l1=0.200 wait=1.360 acq=0.080 obs=19115188654223 bar=2.120
[BAR_ARR] ep=58 xcd=7 l1=0.240 l2=0.600
[BAR_OBS] ep=58 xcd=4 drain=0.440 l1=0.200 wait=1.480 acq=0.080 obs=19115188654237 bar=2.200
[BAR_ARR] ep=58 xcd=5 l1=0.200 l2=0.480
[BAR_OBS] ep=58 xcd=6 drain=0.480 l1=0.200 wait=1.920 acq=0.080 obs=19115188654295 bar=2.680
[BAR_ARR] ep=58 xcd=2 l1=0.160 l2=0.600
[BAR_ARR] ep=58 xcd=4 l1=0.200 l2=0.520
[BAR_ARR] ep=58 xcd=6 l1=0.200 l2=0.760
[BAR_REL] ep=58 xcd=6 rel=19115188654227
[OPROJ_INNER] slicewait=0.40 mfma=3.96 bar=2.68 rmsnorm_router=1.60 topk=1.36 total=10.00
[OPROJ_INNER] slicewait=0.40 mfma=3.96 bar=2.60 rmsnorm_router=1.64 topk=1.76 total=10.36
[OPROJ_INNER] slicewait=0.40 mfma=3.96 bar=2.08 rmsnorm_router=1.72 topk=2.88 total=11.04
[OPROJ_INNER] slicewait=0.40 mfma=4.00 bar=2.16 rmsnorm_router=1.56 topk=3.28 total=11.40
[OPROJ_INNER] slicewait=0.44 mfma=3.96 bar=2.76 rmsnorm_router=1.64 topk=0.92 total=9.72
[BAR_OBS] ep=59 xcd=3 drain=0.400 l1=0.200 wait=2.040 acq=0.040 obs=19115188927712 bar=2.680
[OPROJ_INNER] slicewait=0.40 mfma=3.92 bar=2.08 rmsnorm_router=1.68 topk=2.28 total=10.36
[OPROJ_INNER] slicewait=0.40 mfma=3.96 bar=2.68 rmsnorm_router=1.56 topk=0.40 total=9.00
[BAR_ARR] ep=59 xcd=3 l1=0.200 l2=0.560
[BAR_OBS] ep=59 xcd=0 drain=0.360 l1=0.200 wait=2.160 acq=0.040 obs=19115188927709 bar=2.760
[BAR_OBS] ep=59 xcd=1 drain=0.360 l1=0.200 wait=2.000 acq=0.040 obs=19115188927714 bar=2.600
[BAR_ARR] ep=59 xcd=0 l1=0.200 l2=0.440
[BAR_ARR] ep=59 xcd=1 l1=0.200 l2=0.680
[BAR_OBS] ep=59 xcd=2 drain=0.400 l1=0.200 wait=2.000 acq=0.080 obs=19115188927704 bar=2.680
[OPROJ_INNER] slicewait=0.40 mfma=4.00 bar=2.60 rmsnorm_router=1.72 topk=6.16 total=14.88
[BAR_ARR] ep=59 xcd=2 l1=0.200 l2=0.480
[BAR_OBS] ep=59 xcd=4 drain=0.440 l1=0.200 wait=1.400 acq=0.040 obs=19115188927705 bar=2.080
[BAR_OBS] ep=59 xcd=5 drain=0.480 l1=0.200 wait=1.320 acq=0.080 obs=19115188927703 bar=2.080
[BAR_OBS] ep=59 xcd=6 drain=0.480 l1=0.200 wait=1.880 acq=0.040 obs=19115188927771 bar=2.600
[BAR_ARR] ep=59 xcd=4 l1=0.200 l2=0.400
[BAR_ARR] ep=59 xcd=5 l1=0.200 l2=0.560
[BAR_OBS] ep=59 xcd=7 drain=0.480 l1=0.200 wait=1.400 acq=0.080 obs=19115188927722 bar=2.160
[BAR_ARR] ep=59 xcd=6 l1=0.200 l2=0.760
[BAR_ARR] ep=59 xcd=7 l1=0.200 l2=0.680
[BAR_REL] ep=59 xcd=6 rel=19115188927707
[OPROJ_INNER] slicewait=0.40 mfma=3.96 bar=2.52 rmsnorm_router=1.64 topk=2.32 total=10.84
[OPROJ_INNER] slicewait=0.44 mfma=3.92 bar=2.16 rmsnorm_router=1.72 topk=3.48 total=11.72
[OPROJ_INNER] slicewait=0.36 mfma=3.92 bar=2.56 rmsnorm_router=1.48 topk=0.44 total=8.76
[OPROJ_INNER] slicewait=0.36 mfma=3.96 bar=2.64 rmsnorm_router=1.56 topk=1.36 total=9.88
[OPROJ_INNER] slicewait=0.44 mfma=3.92 bar=2.56 rmsnorm_router=1.52 topk=1.32 total=9.76
[BAR_OBS] ep=60 xcd=3 drain=0.360 l1=0.200 wait=2.000 acq=0.080 obs=19115189174760 bar=2.640
[OPROJ_INNER] slicewait=0.36 mfma=3.96 bar=2.76 rmsnorm_router=1.80 topk=6.16 total=15.04
[OPROJ_INNER] slicewait=0.40 mfma=3.92 bar=2.28 rmsnorm_router=1.44 topk=1.92 total=9.96
[OPROJ_INNER] slicewait=0.40 mfma=4.00 bar=2.36 rmsnorm_router=1.44 topk=3.48 total=11.68
[BAR_OBS] ep=60 xcd=2 drain=0.400 l1=0.160 wait=1.920 acq=0.080 obs=19115189174760 bar=2.560
[BAR_OBS] ep=60 xcd=0 drain=0.360 l1=0.200 wait=1.920 acq=0.080 obs=19115189174761 bar=2.560
[BAR_OBS] ep=60 xcd=7 drain=0.440 l1=0.240 wait=1.440 acq=0.040 obs=19115189174762 bar=2.160
[BAR_OBS] ep=60 xcd=1 drain=0.360 l1=0.200 wait=1.880 acq=0.080 obs=19115189174762 bar=2.520
[BAR_ARR] ep=60 xcd=0 l1=0.200 l2=0.720
[BAR_ARR] ep=60 xcd=2 l1=0.160 l2=0.600
[BAR_ARR] ep=60 xcd=3 l1=0.200 l2=0.240
[BAR_ARR] ep=60 xcd=7 l1=0.240 l2=0.520
[BAR_ARR] ep=60 xcd=1 l1=0.200 l2=0.680
[BAR_OBS] ep=60 xcd=6 drain=0.480 l1=0.200 wait=2.000 acq=0.080 obs=19115189174827 bar=2.760
[BAR_OBS] ep=60 xcd=4 drain=0.440 l1=0.200 wait=1.600 acq=0.040 obs=19115189174777 bar=2.280
[BAR_ARR] ep=60 xcd=6 l1=0.200 l2=0.840
[BAR_OBS] ep=60 xcd=5 drain=0.440 l1=0.200 wait=1.640 acq=0.080 obs=19115189174791 bar=2.360
[BAR_ARR] ep=60 xcd=4 l1=0.200 l2=0.680
[BAR_REL] ep=60 xcd=6 rel=19115189174759
[BAR_ARR] ep=60 xcd=5 l1=0.200 l2=0.760
[OPROJ_INNER] slicewait=0.40 mfma=3.92 bar=2.12 rmsnorm_router=1.76 topk=3.40 total=11.60
[OPROJ_INNER] slicewait=0.40 mfma=3.92 bar=2.88 rmsnorm_router=1.60 topk=1.24 total=10.04
[OPROJ_INNER] slicewait=0.40 mfma=3.96 bar=2.64 rmsnorm_router=1.56 topk=0.44 total=9.00
[OPROJ_INNER] slicewait=0.40 mfma=3.92 bar=2.76 rmsnorm_router=1.64 topk=2.48 total=11.20
[OPROJ_INNER] slicewait=0.40 mfma=3.88 bar=2.16 rmsnorm_router=1.64 topk=2.20 total=10.28
[BAR_OBS] ep=61 xcd=0 drain=0.400 l1=0.200 wait=2.200 acq=0.080 obs=19115189445513 bar=2.880
[OPROJ_INNER] slicewait=0.40 mfma=3.92 bar=2.28 rmsnorm_router=1.52 topk=3.28 total=11.40
[BAR_OBS] ep=61 xcd=7 drain=0.440 l1=0.240 wait=1.360 acq=0.080 obs=19115189445506 bar=2.120
[OPROJ_INNER] slicewait=0.40 mfma=3.92 bar=2.84 rmsnorm_router=1.64 topk=1.32 total=10.12
[BAR_ARR] ep=61 xcd=0 l1=0.200 l2=0.480
[BAR_OBS] ep=61 xcd=1 drain=0.360 l1=0.240 wait=2.080 acq=0.080 obs=19115189445514 bar=2.760
[OPROJ_INNER] slicewait=0.40 mfma=4.00 bar=2.68 rmsnorm_router=1.92 topk=6.00 total=15.00
[BAR_ARR] ep=61 xcd=7 l1=0.240 l2=0.600
[BAR_OBS] ep=61 xcd=2 drain=0.360 l1=0.200 wait=2.000 acq=0.080 obs=19115189445508 bar=2.640
[BAR_ARR] ep=61 xcd=2 l1=0.200 l2=0.720
[BAR_OBS] ep=61 xcd=3 drain=0.400 l1=0.200 wait=2.160 acq=0.080 obs=19115189445512 bar=2.840
[BAR_ARR] ep=61 xcd=3 l1=0.200 l2=0.560
[BAR_OBS] ep=61 xcd=5 drain=0.480 l1=0.200 wait=1.560 acq=0.040 obs=19115189445523 bar=2.280
[BAR_ARR] ep=61 xcd=1 l1=0.240 l2=0.560
[BAR_OBS] ep=61 xcd=4 drain=0.440 l1=0.240 wait=1.400 acq=0.080 obs=19115189445505 bar=2.160
[BAR_ARR] ep=61 xcd=5 l1=0.200 l2=0.720
[BAR_ARR] ep=61 xcd=4 l1=0.240 l2=0.480
[BAR_OBS] ep=61 xcd=6 drain=0.480 l1=0.200 wait=1.920 acq=0.080 obs=19115189445571 bar=2.680
[BAR_ARR] ep=61 xcd=6 l1=0.200 l2=0.800
[BAR_REL] ep=61 xcd=6 rel=19115189445511
[OPROJ_INNER] slicewait=0.44 mfma=3.96 bar=2.48 rmsnorm_router=1.64 topk=1.44 total=9.96
[OPROJ_INNER] slicewait=0.44 mfma=3.88 bar=2.08 rmsnorm_router=1.72 topk=2.84 total=10.96
[OPROJ_INNER] slicewait=0.40 mfma=3.92 bar=2.60 rmsnorm_router=1.56 topk=0.80 total=9.28
[OPROJ_INNER] slicewait=0.40 mfma=3.88 bar=2.60 rmsnorm_router=1.52 topk=0.44 total=8.84
[OPROJ_INNER] slicewait=0.40 mfma=3.88 bar=2.20 rmsnorm_router=1.52 topk=1.52 total=9.52
[OPROJ_INNER] slicewait=0.40 mfma=3.96 bar=2.20 rmsnorm_router=1.52 topk=3.20 total=11.28
[BAR_OBS] ep=62 xcd=0 drain=0.400 l1=0.160 wait=1.840 acq=0.080 obs=19115189711609 bar=2.480
[OPROJ_INNER] slicewait=0.40 mfma=3.92 bar=2.52 rmsnorm_router=1.68 topk=2.48 total=11.00
[OPROJ_INNER] slicewait=0.40 mfma=3.96 bar=2.56 rmsnorm_router=1.84 topk=5.84 total=14.60
[BAR_ARR] ep=62 xcd=0 l1=0.160 l2=0.640
[BAR_OBS] ep=62 xcd=6 drain=0.440 l1=0.240 wait=1.800 acq=0.080 obs=19115189711671 bar=2.560
[BAR_OBS] ep=62 xcd=1 drain=0.360 l1=0.200 wait=1.880 acq=0.080 obs=19115189711614 bar=2.520
[BAR_OBS] ep=62 xcd=2 drain=0.360 l1=0.200 wait=2.000 acq=0.040 obs=19115189711608 bar=2.600
[BAR_OBS] ep=62 xcd=3 drain=0.360 l1=0.240 wait=1.960 acq=0.040 obs=19115189711612 bar=2.600
[BAR_ARR] ep=62 xcd=1 l1=0.200 l2=0.680
[BAR_ARR] ep=62 xcd=2 l1=0.200 l2=0.280
[BAR_ARR] ep=62 xcd=3 l1=0.240 l2=0.480
[BAR_OBS] ep=62 xcd=7 drain=0.440 l1=0.240 wait=1.440 acq=0.080 obs=19115189711626 bar=2.200
[BAR_OBS] ep=62 xcd=4 drain=0.440 l1=0.240 wait=1.440 acq=0.080 obs=19115189711617 bar=2.200
[BAR_OBS] ep=62 xcd=5 drain=0.480 l1=0.200 wait=1.320 acq=0.080 obs=19115189711603 bar=2.080
[BAR_ARR] ep=62 xcd=7 l1=0.240 l2=0.600
[BAR_ARR] ep=62 xcd=4 l1=0.240 l2=0.560
[BAR_ARR] ep=62 xcd=5 l1=0.200 l2=0.440
[BAR_ARR] ep=62 xcd=6 l1=0.240 l2=0.680
[BAR_REL] ep=62 xcd=6 rel=19115189711607
[OPROJ_INNER] slicewait=0.40 mfma=3.92 bar=2.72 rmsnorm_router=1.56 topk=0.40 total=9.00
[OPROJ_INNER] slicewait=0.36 mfma=3.84 bar=2.12 rmsnorm_router=1.72 topk=2.12 total=10.16
[OPROJ_INNER] slicewait=0.40 mfma=3.96 bar=2.56 rmsnorm_router=1.60 topk=1.84 total=10.36
[OPROJ_INNER] slicewait=0.40 mfma=3.96 bar=2.68 rmsnorm_router=1.60 topk=1.28 total=9.92
[OPROJ_INNER] slicewait=0.40 mfma=3.96 bar=2.52 rmsnorm_router=1.64 topk=6.08 total=14.60
[OPROJ_INNER] slicewait=0.40 mfma=3.96 bar=2.64 rmsnorm_router=1.64 topk=0.76 total=9.40
[BAR_OBS] ep=63 xcd=1 drain=0.360 l1=0.200 wait=1.920 acq=0.080 obs=19115189982954 bar=2.560
[BAR_OBS] ep=63 xcd=2 drain=0.360 l1=0.200 wait=2.080 acq=0.080 obs=19115189982948 bar=2.720
[OPROJ_INNER] slicewait=0.44 mfma=3.92 bar=2.08 rmsnorm_router=1.68 topk=3.32 total=11.44
[BAR_OBS] ep=63 xcd=6 drain=0.520 l1=0.160 wait=1.800 acq=0.040 obs=19115189983015 bar=2.520
[BAR_ARR] ep=63 xcd=2 l1=0.200 l2=0.440
[BAR_OBS] ep=63 xcd=0 drain=0.400 l1=0.240 wait=1.960 acq=0.040 obs=19115189982953 bar=2.640
[BAR_ARR] ep=63 xcd=1 l1=0.200 l2=0.680
[BAR_OBS] ep=63 xcd=3 drain=0.360 l1=0.240 wait=2.000 acq=0.080 obs=19115189982952 bar=2.680
[BAR_ARR] ep=63 xcd=0 l1=0.240 l2=0.560
[BAR_OBS] ep=63 xcd=4 drain=0.480 l1=0.200 wait=1.360 acq=0.080 obs=19115189982945 bar=2.120
[BAR_ARR] ep=63 xcd=3 l1=0.240 l2=0.520
[OPROJ_INNER] slicewait=0.40 mfma=3.96 bar=2.04 rmsnorm_router=1.76 topk=2.68 total=10.84
[BAR_ARR] ep=63 xcd=4 l1=0.200 l2=0.360
[BAR_OBS] ep=63 xcd=7 drain=0.480 l1=0.200 wait=1.320 acq=0.080 obs=19115189982958 bar=2.080
[BAR_ARR] ep=63 xcd=6 l1=0.160 l2=0.680
[BAR_OBS] ep=63 xcd=5 drain=0.440 l1=0.240 wait=1.280 acq=0.080 obs=19115189982947 bar=2.040
[BAR_ARR] ep=63 xcd=7 l1=0.200 l2=0.480
[BAR_REL] ep=63 xcd=6 rel=19115189982951
[BAR_ARR] ep=63 xcd=5 l1=0.240 l2=0.400
[OPROJ_INNER] slicewait=0.44 mfma=4.00 bar=2.56 rmsnorm_router=1.40 topk=3.92 total=12.32
[OPROJ_INNER] slicewait=0.40 mfma=3.96 bar=2.72 rmsnorm_router=1.64 topk=1.24 total=9.96
[OPROJ_INNER] slicewait=0.40 mfma=3.96 bar=2.72 rmsnorm_router=1.56 topk=1.36 total=10.00
[OPROJ_INNER] slicewait=0.40 mfma=4.00 bar=2.68 rmsnorm_router=1.64 topk=2.16 total=10.88
[OPROJ_INNER] slicewait=0.40 mfma=3.92 bar=2.48 rmsnorm_router=1.44 topk=2.60 total=10.84
[OPROJ_INNER] slicewait=0.40 mfma=3.96 bar=2.64 rmsnorm_router=1.56 topk=0.44 total=9.00
[OPROJ_INNER] slicewait=0.36 mfma=4.00 bar=2.28 rmsnorm_router=1.72 topk=3.40 total=11.76
[BAR_OBS] ep=64 xcd=0 drain=0.400 l1=0.200 wait=2.040 acq=0.080 obs=19115190244257 bar=2.720
[OPROJ_INNER] slicewait=0.44 mfma=3.92 bar=2.76 rmsnorm_router=1.92 topk=6.16 total=15.20
[BAR_OBS] ep=64 xcd=2 drain=0.360 l1=0.200 wait=2.040 acq=0.040 obs=19115190244256 bar=2.640
[BAR_OBS] ep=64 xcd=1 drain=0.360 l1=0.200 wait=2.040 acq=0.080 obs=19115190244262 bar=2.680
[BAR_OBS] ep=64 xcd=4 drain=0.480 l1=0.200 wait=1.720 acq=0.080 obs=19115190244277 bar=2.480
[BAR_OBS] ep=64 xcd=3 drain=0.360 l1=0.200 wait=2.080 acq=0.080 obs=19115190244260 bar=2.720
[BAR_ARR] ep=64 xcd=2 l1=0.200 l2=0.720
[BAR_ARR] ep=64 xcd=4 l1=0.200 l2=0.640
[BAR_ARR] ep=64 xcd=1 l1=0.200 l2=0.840
[BAR_ARR] ep=64 xcd=0 l1=0.200 l2=0.720
[BAR_ARR] ep=64 xcd=3 l1=0.200 l2=0.680
[BAR_OBS] ep=64 xcd=7 drain=0.440 l1=0.200 wait=1.840 acq=0.080 obs=19115190244294 bar=2.560
[BAR_OBS] ep=64 xcd=6 drain=0.480 l1=0.200 wait=2.040 acq=0.040 obs=19115190244319 bar=2.760
[BAR_OBS] ep=64 xcd=5 drain=0.480 l1=0.200 wait=1.520 acq=0.080 obs=19115190244259 bar=2.280
[BAR_ARR] ep=64 xcd=7 l1=0.200 l2=0.800
[BAR_ARR] ep=64 xcd=6 l1=0.200 l2=0.920
[BAR_ARR] ep=64 xcd=5 l1=0.200 l2=0.600
[BAR_REL] ep=64 xcd=6 rel=19115190244255
[OPROJ_INNER] slicewait=0.40 mfma=3.92 bar=2.68 rmsnorm_router=1.64 topk=0.64 total=9.28
[OPROJ_INNER] slicewait=0.40 mfma=3.92 bar=2.56 rmsnorm_router=1.64 topk=1.12 total=9.64
[OPROJ_INNER] slicewait=0.40 mfma=3.88 bar=2.12 rmsnorm_router=1.76 topk=3.16 total=11.32
[OPROJ_INNER] slicewait=0.40 mfma=3.92 bar=2.64 rmsnorm_router=1.52 topk=0.40 total=8.88
[OPROJ_INNER] slicewait=0.40 mfma=3.96 bar=2.68 rmsnorm_router=1.72 topk=2.08 total=10.84
[OPROJ_INNER] slicewait=0.40 mfma=3.96 bar=2.52 rmsnorm_router=1.72 topk=5.84 total=14.44
[OPROJ_INNER] slicewait=0.40 mfma=3.92 bar=2.12 rmsnorm_router=1.56 topk=2.80 total=10.80
[BAR_OBS] ep=65 xcd=2 drain=0.400 l1=0.200 wait=1.960 acq=0.080 obs=19115190516272 bar=2.640
[BAR_OBS] ep=65 xcd=5 drain=0.440 l1=0.200 wait=1.400 acq=0.080 obs=19115190516267 bar=2.120
[OPROJ_INNER] slicewait=0.36 mfma=3.92 bar=2.00 rmsnorm_router=1.68 topk=1.64 total=9.60
[BAR_OBS] ep=65 xcd=1 drain=0.360 l1=0.240 wait=1.880 acq=0.080 obs=19115190516274 bar=2.560
[BAR_ARR] ep=65 xcd=2 l1=0.200 l2=0.480
[BAR_OBS] ep=65 xcd=0 drain=0.400 l1=0.200 wait=2.040 acq=0.040 obs=19115190516273 bar=2.680
[BAR_OBS] ep=65 xcd=7 drain=0.480 l1=0.200 wait=1.360 acq=0.080 obs=19115190516282 bar=2.120
[BAR_ARR] ep=65 xcd=1 l1=0.240 l2=0.520
[BAR_ARR] ep=65 xcd=5 l1=0.200 l2=0.360
[BAR_OBS] ep=65 xcd=3 drain=0.360 l1=0.280 wait=2.000 acq=0.040 obs=19115190516276 bar=2.680
[BAR_ARR] ep=65 xcd=0 l1=0.200 l2=0.400
[BAR_ARR] ep=65 xcd=3 l1=0.280 l2=0.400
[BAR_OBS] ep=65 xcd=4 drain=0.480 l1=0.200 wait=1.280 acq=0.040 obs=19115190516269 bar=2.000
[BAR_ARR] ep=65 xcd=7 l1=0.200 l2=0.600
[BAR_OBS] ep=65 xcd=6 drain=0.480 l1=0.200 wait=1.760 acq=0.080 obs=19115190516331 bar=2.520
[BAR_ARR] ep=65 xcd=4 l1=0.200 l2=0.400
[BAR_ARR] ep=65 xcd=6 l1=0.200 l2=0.640
[BAR_REL] ep=65 xcd=6 rel=19115190516271
[OPROJ_INNER] slicewait=0.40 mfma=4.00 bar=2.56 rmsnorm_router=1.64 topk=1.12 total=9.72
[OPROJ_INNER] slicewait=0.36 mfma=3.92 bar=2.12 rmsnorm_router=1.72 topk=2.32 total=10.44
[OPROJ_INNER] slicewait=0.44 mfma=3.92 bar=2.24 rmsnorm_router=1.60 topk=3.24 total=11.44
[OPROJ_INNER] slicewait=0.40 mfma=4.00 bar=2.12 rmsnorm_router=1.72 topk=2.96 total=11.20
[OPROJ_INNER] slicewait=0.44 mfma=3.88 bar=2.64 rmsnorm_router=1.56 topk=0.76 total=9.28
[OPROJ_INNER] slicewait=0.40 mfma=4.00 bar=2.72 rmsnorm_router=1.56 topk=6.00 total=14.68
[OPROJ_INNER] slicewait=0.40 mfma=3.92 bar=2.64 rmsnorm_router=1.52 topk=0.44 total=8.92
[OPROJ_INNER] slicewait=0.40 mfma=3.92 bar=2.60 rmsnorm_router=1.64 topk=2.32 total=10.88
[BAR_OBS] ep=66 xcd=0 drain=0.400 l1=0.160 wait=1.920 acq=0.080 obs=19115190793201 bar=2.560
[BAR_OBS] ep=66 xcd=3 drain=0.360 l1=0.200 wait=2.000 acq=0.080 obs=19115190793204 bar=2.640
[BAR_OBS] ep=66 xcd=4 drain=0.480 l1=0.200 wait=1.400 acq=0.040 obs=19115190793197 bar=2.120
[BAR_ARR] ep=66 xcd=0 l1=0.160 l2=0.640
[BAR_ARR] ep=66 xcd=3 l1=0.200 l2=0.400
[BAR_OBS] ep=66 xcd=2 drain=0.360 l1=0.200 wait=2.000 acq=0.080 obs=19115190793200 bar=2.640
[BAR_OBS] ep=66 xcd=5 drain=0.440 l1=0.200 wait=1.400 acq=0.080 obs=19115190793199 bar=2.120
[BAR_OBS] ep=66 xcd=1 drain=0.360 l1=0.240 wait=1.920 acq=0.080 obs=19115190793206 bar=2.600
[BAR_ARR] ep=66 xcd=2 l1=0.200 l2=0.360
[BAR_OBS] ep=66 xcd=6 drain=0.480 l1=0.200 wait=1.960 acq=0.080 obs=19115190793275 bar=2.720
[BAR_ARR] ep=66 xcd=1 l1=0.240 l2=0.520
[BAR_ARR] ep=66 xcd=4 l1=0.200 l2=0.520
[BAR_ARR] ep=66 xcd=6 l1=0.200 l2=0.720
[BAR_ARR] ep=66 xcd=5 l1=0.200 l2=0.600
[BAR_OBS] ep=66 xcd=7 drain=0.480 l1=0.200 wait=1.480 acq=0.080 obs=19115190793214 bar=2.240
[BAR_REL] ep=66 xcd=6 rel=19115190793199
[BAR_ARR] ep=66 xcd=7 l1=0.200 l2=0.640
[OPROJ_INNER] slicewait=0.44 mfma=3.88 bar=2.64 rmsnorm_router=1.68 topk=1.24 total=9.88
[OPROJ_INNER] slicewait=0.40 mfma=3.88 bar=2.28 rmsnorm_router=1.72 topk=2.44 total=10.72
[OPROJ_INNER] slicewait=0.40 mfma=3.96 bar=2.56 rmsnorm_router=1.56 topk=0.44 total=8.92
[OPROJ_INNER] slicewait=0.44 mfma=3.96 bar=2.32 rmsnorm_router=1.56 topk=3.08 total=11.36
[OPROJ_INNER] slicewait=0.40 mfma=3.88 bar=2.68 rmsnorm_router=1.64 topk=1.96 total=10.56
[OPROJ_INNER] slicewait=0.40 mfma=3.92 bar=2.72 rmsnorm_router=1.56 topk=0.68 total=9.28
[OPROJ_INNER] slicewait=0.36 mfma=3.84 bar=2.32 rmsnorm_router=1.68 topk=2.68 total=10.88
[BAR_OBS] ep=67 xcd=7 drain=0.440 l1=0.240 wait=1.560 acq=0.080 obs=19115191062266 bar=2.320
[BAR_OBS] ep=67 xcd=4 drain=0.440 l1=0.200 wait=1.600 acq=0.080 obs=19115191062249 bar=2.320
[BAR_OBS] ep=67 xcd=0 drain=0.400 l1=0.200 wait=2.000 acq=0.040 obs=19115191062249 bar=2.640
[BAR_OBS] ep=67 xcd=5 drain=0.440 l1=0.240 wait=1.520 acq=0.080 obs=19115191062239 bar=2.280
[BAR_ARR] ep=67 xcd=4 l1=0.200 l2=0.720
[OPROJ_INNER] slicewait=0.40 mfma=3.96 bar=2.72 rmsnorm_router=1.72 topk=6.00 total=14.80
[BAR_OBS] ep=67 xcd=1 drain=0.320 l1=0.240 wait=2.040 acq=0.080 obs=19115191062250 bar=2.680
[BAR_ARR] ep=67 xcd=7 l1=0.240 l2=0.680
[BAR_ARR] ep=67 xcd=5 l1=0.240 l2=0.600
[BAR_ARR] ep=67 xcd=1 l1=0.240 l2=0.560
[BAR_ARR] ep=67 xcd=0 l1=0.200 l2=0.680
[BAR_OBS] ep=67 xcd=2 drain=0.400 l1=0.160 wait=1.920 acq=0.080 obs=19115191062244 bar=2.560
[BAR_OBS] ep=67 xcd=3 drain=0.400 l1=0.200 wait=2.040 acq=0.080 obs=19115191062248 bar=2.720
[BAR_ARR] ep=67 xcd=2 l1=0.160 l2=0.800
[BAR_OBS] ep=67 xcd=6 drain=0.480 l1=0.200 wait=1.960 acq=0.080 obs=19115191062311 bar=2.720
[BAR_ARR] ep=67 xcd=3 l1=0.200 l2=0.320
[BAR_ARR] ep=67 xcd=6 l1=0.200 l2=0.800
[BAR_REL] ep=67 xcd=6 rel=19115191062247
[OPROJ_INNER] slicewait=0.40 mfma=3.96 bar=2.84 rmsnorm_router=1.52 topk=0.76 total=9.48
[OPROJ_INNER] slicewait=0.44 mfma=3.96 bar=2.08 rmsnorm_router=1.72 topk=3.24 total=11.44
[OPROJ_INNER] slicewait=0.36 mfma=3.96 bar=2.72 rmsnorm_router=1.56 topk=0.56 total=9.16
[OPROJ_INNER] slicewait=0.40 mfma=3.92 bar=2.80 rmsnorm_router=1.64 topk=2.28 total=11.04
[OPROJ_INNER] slicewait=0.40 mfma=3.96 bar=2.68 rmsnorm_router=1.88 topk=6.00 total=14.92
[OPROJ_INNER] slicewait=0.40 mfma=4.00 bar=2.48 rmsnorm_router=1.44 topk=3.68 total=12.00
[BAR_OBS] ep=68 xcd=2 drain=0.400 l1=0.160 wait=2.120 acq=0.040 obs=19115191336388 bar=2.720
[OPROJ_INNER] slicewait=0.44 mfma=3.96 bar=2.76 rmsnorm_router=1.64 topk=1.40 total=10.20
[OPROJ_INNER] slicewait=0.40 mfma=4.00 bar=2.12 rmsnorm_router=1.64 topk=1.48 total=9.64
[BAR_ARR] ep=68 xcd=2 l1=0.160 l2=0.800
[BAR_OBS] ep=68 xcd=1 drain=0.360 l1=0.200 wait=2.160 acq=0.080 obs=19115191336394 bar=2.800
[BAR_OBS] ep=68 xcd=7 drain=0.440 l1=0.200 wait=1.400 acq=0.040 obs=19115191336386 bar=2.080
[BAR_ARR] ep=68 xcd=1 l1=0.200 l2=0.520
[BAR_ARR] ep=68 xcd=7 l1=0.200 l2=0.520
[BAR_OBS] ep=68 xcd=3 drain=0.400 l1=0.200 wait=2.160 acq=0.080 obs=19115191336388 bar=2.840
[BAR_OBS] ep=68 xcd=6 drain=0.480 l1=0.200 wait=1.960 acq=0.040 obs=19115191336451 bar=2.680
[BAR_OBS] ep=68 xcd=0 drain=0.360 l1=0.240 wait=2.080 acq=0.080 obs=19115191336389 bar=2.760
[BAR_OBS] ep=68 xcd=4 drain=0.440 l1=0.200 wait=1.440 acq=0.040 obs=19115191336393 bar=2.120
[BAR_OBS] ep=68 xcd=5 drain=0.440 l1=0.240 wait=1.720 acq=0.080 obs=19115191336423 bar=2.480
[BAR_ARR] ep=68 xcd=3 l1=0.200 l2=0.240
[BAR_ARR] ep=68 xcd=0 l1=0.240 l2=0.600
[BAR_ARR] ep=68 xcd=6 l1=0.200 l2=0.840
[BAR_ARR] ep=68 xcd=5 l1=0.240 l2=0.680
[BAR_REL] ep=68 xcd=6 rel=19115191336387
[BAR_ARR] ep=68 xcd=4 l1=0.200 l2=0.680
[OPROJ_INNER] slicewait=0.44 mfma=3.92 bar=2.76 rmsnorm_router=1.64 topk=2.32 total=11.08
[OPROJ_INNER] slicewait=0.40 mfma=3.92 bar=2.68 rmsnorm_router=1.60 topk=0.88 total=9.48
[OPROJ_INNER] slicewait=0.40 mfma=4.04 bar=2.52 rmsnorm_router=1.60 topk=1.20 total=9.76
[OPROJ_INNER] slicewait=0.40 mfma=3.88 bar=2.24 rmsnorm_router=1.68 topk=2.96 total=11.16
[OPROJ_INNER] slicewait=0.44 mfma=3.88 bar=2.40 rmsnorm_router=1.52 topk=3.20 total=11.44
[BAR_OBS] ep=69 xcd=1 drain=0.400 l1=0.200 wait=2.080 acq=0.080 obs=19115191597838 bar=2.760
[OPROJ_INNER] slicewait=0.40 mfma=3.96 bar=2.68 rmsnorm_router=1.88 topk=5.96 total=14.88
[OPROJ_INNER] slicewait=0.40 mfma=3.96 bar=2.64 rmsnorm_router=1.56 topk=0.40 total=8.96
[BAR_OBS] ep=69 xcd=0 drain=0.400 l1=0.200 wait=2.040 acq=0.040 obs=19115191597837 bar=2.680
[BAR_ARR] ep=69 xcd=1 l1=0.200 l2=0.240
[OPROJ_INNER] slicewait=0.36 mfma=3.88 bar=2.24 rmsnorm_router=1.60 topk=2.16 total=10.24
[BAR_ARR] ep=69 xcd=0 l1=0.200 l2=0.480
[BAR_OBS] ep=69 xcd=3 drain=0.360 l1=0.240 wait=1.840 acq=0.080 obs=19115191597836 bar=2.520
[BAR_OBS] ep=69 xcd=2 drain=0.400 l1=0.160 wait=2.000 acq=0.080 obs=19115191597832 bar=2.640
[BAR_ARR] ep=69 xcd=2 l1=0.160 l2=0.640
[BAR_ARR] ep=69 xcd=3 l1=0.240 l2=0.560
[BAR_OBS] ep=69 xcd=5 drain=0.480 l1=0.200 wait=1.480 acq=0.080 obs=19115191597831 bar=2.240
[BAR_OBS] ep=69 xcd=7 drain=0.480 l1=0.200 wait=1.640 acq=0.080 obs=19115191597854 bar=2.400
[BAR_OBS] ep=69 xcd=6 drain=0.480 l1=0.200 wait=1.920 acq=0.080 obs=19115191597895 bar=2.680
[BAR_ARR] ep=69 xcd=6 l1=0.200 l2=0.840
[BAR_ARR] ep=69 xcd=7 l1=0.200 l2=0.760
[BAR_OBS] ep=69 xcd=4 drain=0.480 l1=0.200 wait=1.520 acq=0.040 obs=19115191597837 bar=2.240
[BAR_REL] ep=69 xcd=6 rel=19115191597835
[BAR_ARR] ep=69 xcd=5 l1=0.200 l2=0.520
[BAR_ARR] ep=69 xcd=4 l1=0.200 l2=0.680
[OPROJ_INNER] slicewait=0.40 mfma=4.00 bar=2.60 rmsnorm_router=1.60 topk=1.24 total=9.84
[OPROJ_INNER] slicewait=0.40 mfma=3.96 bar=2.76 rmsnorm_router=1.60 topk=1.40 total=10.12
[OPROJ_INNER] slicewait=0.44 mfma=3.88 bar=2.68 rmsnorm_router=1.56 topk=0.40 total=8.96
[OPROJ_INNER] slicewait=0.40 mfma=4.00 bar=2.16 rmsnorm_router=1.76 topk=3.40 total=11.72
[OPROJ_INNER] slicewait=0.40 mfma=3.92 bar=2.76 rmsnorm_router=1.60 topk=2.44 total=11.12
[OPROJ_INNER] slicewait=0.40 mfma=3.92 bar=2.16 rmsnorm_router=1.68 topk=1.76 total=9.92
[BAR_OBS] ep=70 xcd=3 drain=0.360 l1=0.200 wait=2.120 acq=0.080 obs=19115191859368 bar=2.760
[OPROJ_INNER] slicewait=0.44 mfma=3.92 bar=2.76 rmsnorm_router=1.88 topk=5.92 total=14.92
[BAR_OBS] ep=70 xcd=0 drain=0.360 l1=0.200 wait=2.000 acq=0.040 obs=19115191859369 bar=2.600
[BAR_ARR] ep=70 xcd=3 l1=0.200 l2=0.320
[BAR_OBS] ep=70 xcd=2 drain=0.360 l1=0.200 wait=2.040 acq=0.080 obs=19115191859364 bar=2.680
[BAR_ARR] ep=70 xcd=0 l1=0.200 l2=0.760
[OPROJ_INNER] slicewait=0.40 mfma=4.00 bar=2.24 rmsnorm_router=1.64 topk=3.12 total=11.40
[BAR_ARR] ep=70 xcd=2 l1=0.200 l2=0.560
[BAR_OBS] ep=70 xcd=1 drain=0.360 l1=0.200 wait=2.120 acq=0.080 obs=19115191859370 bar=2.760
[BAR_OBS] ep=70 xcd=7 drain=0.480 l1=0.200 wait=1.400 acq=0.080 obs=19115191859362 bar=2.160
[BAR_OBS] ep=70 xcd=6 drain=0.480 l1=0.200 wait=2.000 acq=0.080 obs=19115191859427 bar=2.760
[BAR_ARR] ep=70 xcd=1 l1=0.200 l2=0.440
[BAR_ARR] ep=70 xcd=7 l1=0.200 l2=0.600
[BAR_OBS] ep=70 xcd=5 drain=0.440 l1=0.200 wait=1.520 acq=0.080 obs=19115191859371 bar=2.240
[BAR_OBS] ep=70 xcd=4 drain=0.480 l1=0.200 wait=1.400 acq=0.080 obs=19115191859357 bar=2.160
[BAR_ARR] ep=70 xcd=6 l1=0.200 l2=0.920
[BAR_REL] ep=70 xcd=6 rel=19115191859367
[BAR_ARR] ep=70 xcd=5 l1=0.200 l2=0.720
[BAR_ARR] ep=70 xcd=4 l1=0.200 l2=0.480
[OPROJ_INNER] slicewait=0.44 mfma=3.92 bar=2.56 rmsnorm_router=1.56 topk=0.44 total=8.92
[OPROJ_INNER] slicewait=0.36 mfma=3.92 bar=2.08 rmsnorm_router=1.68 topk=1.76 total=9.80
[OPROJ_INNER] slicewait=0.40 mfma=3.88 bar=2.60 rmsnorm_router=1.64 topk=2.24 total=10.76
[OPROJ_INNER] slicewait=0.40 mfma=3.96 bar=2.68 rmsnorm_router=1.60 topk=1.28 total=9.92
[OPROJ_INNER] slicewait=0.44 mfma=3.92 bar=2.32 rmsnorm_router=1.44 topk=2.88 total=11.00
[BAR_OBS] ep=71 xcd=4 drain=0.480 l1=0.200 wait=1.320 acq=0.080 obs=19115192115569 bar=2.080
[OPROJ_INNER] slicewait=0.40 mfma=3.88 bar=2.72 rmsnorm_router=1.60 topk=1.32 total=9.92
[OPROJ_INNER] slicewait=0.40 mfma=3.96 bar=2.08 rmsnorm_router=1.80 topk=3.32 total=11.56
[OPROJ_INNER] slicewait=0.40 mfma=3.96 bar=2.60 rmsnorm_router=1.92 topk=5.84 total=14.72
[BAR_OBS] ep=71 xcd=3 drain=0.400 l1=0.160 wait=2.080 acq=0.080 obs=19115192115580 bar=2.720
[BAR_OBS] ep=71 xcd=5 drain=0.440 l1=0.240 wait=1.320 acq=0.080 obs=19115192115571 bar=2.080
[BAR_OBS] ep=71 xcd=1 drain=0.360 l1=0.240 wait=1.920 acq=0.080 obs=19115192115582 bar=2.600
[BAR_OBS] ep=71 xcd=0 drain=0.360 l1=0.200 wait=2.040 acq=0.080 obs=19115192115577 bar=2.680
[BAR_OBS] ep=71 xcd=7 drain=0.440 l1=0.240 wait=1.560 acq=0.080 obs=19115192115598 bar=2.320
[BAR_ARR] ep=71 xcd=3 l1=0.160 l2=0.360
[BAR_ARR] ep=71 xcd=0 l1=0.200 l2=0.520
[BAR_ARR] ep=71 xcd=1 l1=0.240 l2=0.640
[BAR_ARR] ep=71 xcd=5 l1=0.240 l2=0.600
[BAR_ARR] ep=71 xcd=7 l1=0.240 l2=0.680
[BAR_OBS] ep=71 xcd=2 drain=0.360 l1=0.160 wait=2.000 acq=0.040 obs=19115192115576 bar=2.560
[BAR_ARR] ep=71 xcd=4 l1=0.200 l2=0.440
[BAR_ARR] ep=71 xcd=2 l1=0.160 l2=0.640
[BAR_OBS] ep=71 xcd=6 drain=0.480 l1=0.200 wait=1.840 acq=0.080 obs=19115192115635 bar=2.600
[BAR_ARR] ep=71 xcd=6 l1=0.200 l2=0.760
[BAR_REL] ep=71 xcd=6 rel=19115192115575
[OPROJ_INNER] slicewait=0.40 mfma=3.92 bar=2.80 rmsnorm_router=1.68 topk=1.32 total=10.12
[OPROJ_INNER] slicewait=0.40 mfma=3.88 bar=2.76 rmsnorm_router=1.48 topk=0.68 total=9.20
[OPROJ_INNER] slicewait=0.36 mfma=3.96 bar=2.68 rmsnorm_router=1.68 topk=2.00 total=10.68
[OPROJ_INNER] slicewait=0.44 mfma=3.88 bar=2.80 rmsnorm_router=1.56 topk=0.84 total=9.52
[BAR_OBS] ep=72 xcd=0 drain=0.360 l1=0.200 wait=2.160 acq=0.080 obs=19115192404025 bar=2.800
[OPROJ_INNER] slicewait=0.40 mfma=4.00 bar=2.12 rmsnorm_router=1.64 topk=3.28 total=11.44
[OPROJ_INNER] slicewait=0.40 mfma=3.88 bar=2.08 rmsnorm_router=1.76 topk=1.92 total=10.04
[OPROJ_INNER] slicewait=0.40 mfma=4.00 bar=2.24 rmsnorm_router=1.52 topk=3.52 total=11.68
[BAR_OBS] ep=72 xcd=1 drain=0.360 l1=0.240 wait=2.040 acq=0.040 obs=19115192404030 bar=2.680
[BAR_OBS] ep=72 xcd=2 drain=0.400 l1=0.160 wait=2.120 acq=0.080 obs=19115192404028 bar=2.760
[BAR_OBS] ep=72 xcd=3 drain=0.400 l1=0.200 wait=2.160 acq=0.040 obs=19115192404028 bar=2.800
[BAR_ARR] ep=72 xcd=1 l1=0.240 l2=0.680
[BAR_ARR] ep=72 xcd=3 l1=0.200 l2=0.360
[BAR_OBS] ep=72 xcd=7 drain=0.480 l1=0.200 wait=1.480 acq=0.080 obs=19115192404042 bar=2.240
[BAR_ARR] ep=72 xcd=2 l1=0.160 l2=0.520
[BAR_OBS] ep=72 xcd=4 drain=0.480 l1=0.200 wait=1.360 acq=0.040 obs=19115192404017 bar=2.080
[BAR_ARR] ep=72 xcd=7 l1=0.200 l2=0.640
[BAR_ARR] ep=72 xcd=0 l1=0.200 l2=0.440
[OPROJ_INNER] slicewait=0.40 mfma=3.96 bar=2.64 rmsnorm_router=1.76 topk=6.36 total=15.12
[BAR_ARR] ep=72 xcd=4 l1=0.200 l2=0.520
[BAR_OBS] ep=72 xcd=5 drain=0.440 l1=0.200 wait=1.400 acq=0.080 obs=19115192404027 bar=2.120
[BAR_ARR] ep=72 xcd=5 l1=0.200 l2=0.640
[BAR_OBS] ep=72 xcd=6 drain=0.480 l1=0.200 wait=1.880 acq=0.080 obs=19115192404083 bar=2.640
[BAR_ARR] ep=72 xcd=6 l1=0.200 l2=0.800
[BAR_REL] ep=72 xcd=6 rel=19115192404023
[OPROJ_INNER] slicewait=0.40 mfma=3.92 bar=2.72 rmsnorm_router=1.60 topk=0.72 total=9.36
[OPROJ_INNER] slicewait=0.40 mfma=3.92 bar=2.12 rmsnorm_router=1.72 topk=2.92 total=11.08
[OPROJ_INNER] slicewait=0.40 mfma=3.96 bar=2.16 rmsnorm_router=1.56 topk=3.36 total=11.44
[OPROJ_INNER] slicewait=0.40 mfma=3.96 bar=2.56 rmsnorm_router=1.72 topk=6.12 total=14.76
[OPROJ_INNER] slicewait=0.40 mfma=4.00 bar=2.68 rmsnorm_router=1.60 topk=1.44 total=10.12
[OPROJ_INNER] slicewait=0.40 mfma=3.92 bar=2.60 rmsnorm_router=1.64 topk=2.28 total=10.84
[OPROJ_INNER] slicewait=0.40 mfma=3.92 bar=2.72 rmsnorm_router=1.52 topk=0.44 total=9.00
[BAR_OBS] ep=73 xcd=3 drain=0.360 l1=0.200 wait=2.080 acq=0.080 obs=19115192681336 bar=2.720
[BAR_OBS] ep=73 xcd=0 drain=0.360 l1=0.200 wait=2.040 acq=0.080 obs=19115192681337 bar=2.680
[BAR_ARR] ep=73 xcd=3 l1=0.200 l2=0.560
[BAR_ARR] ep=73 xcd=0 l1=0.200 l2=0.680
[BAR_OBS] ep=73 xcd=2 drain=0.360 l1=0.200 wait=2.080 acq=0.080 obs=19115192681332 bar=2.720
[BAR_ARR] ep=73 xcd=2 l1=0.200 l2=0.400
[OPROJ_INNER] slicewait=0.36 mfma=3.92 bar=2.20 rmsnorm_router=1.52 topk=1.64 total=9.64
[BAR_OBS] ep=73 xcd=6 drain=0.480 l1=0.200 wait=1.800 acq=0.080 obs=19115192681395 bar=2.560
[BAR_OBS] ep=73 xcd=1 drain=0.360 l1=0.200 wait=1.960 acq=0.080 obs=19115192681338 bar=2.600
[BAR_OBS] ep=73 xcd=7 drain=0.440 l1=0.240 wait=1.400 acq=0.080 obs=19115192681350 bar=2.160
[BAR_OBS] ep=73 xcd=5 drain=0.480 l1=0.200 wait=1.400 acq=0.040 obs=19115192681331 bar=2.120
[BAR_ARR] ep=73 xcd=1 l1=0.200 l2=0.680
[BAR_ARR] ep=73 xcd=7 l1=0.240 l2=0.560
[BAR_OBS] ep=73 xcd=4 drain=0.440 l1=0.200 wait=1.480 acq=0.080 obs=19115192681341 bar=2.200
[BAR_ARR] ep=73 xcd=5 l1=0.200 l2=0.360
[BAR_ARR] ep=73 xcd=6 l1=0.200 l2=0.680
[BAR_ARR] ep=73 xcd=4 l1=0.200 l2=0.640
[BAR_REL] ep=73 xcd=6 rel=19115192681335
[OPROJ_INNER] slicewait=0.40 mfma=3.96 bar=2.60 rmsnorm_router=1.64 topk=2.40 total=11.00
[OPROJ_INNER] slicewait=0.40 mfma=3.88 bar=2.12 rmsnorm_router=1.64 topk=2.96 total=11.00
[OPROJ_INNER] slicewait=0.40 mfma=4.00 bar=2.64 rmsnorm_router=1.60 topk=1.24 total=9.88
[OPROJ_INNER] slicewait=0.40 mfma=3.96 bar=2.68 rmsnorm_router=1.64 topk=6.36 total=15.04
[OPROJ_INNER] slicewait=0.40 mfma=3.96 bar=2.68 rmsnorm_router=1.60 topk=1.04 total=9.68
[BAR_OBS] ep=74 xcd=3 drain=0.360 l1=0.240 wait=2.000 acq=0.040 obs=19115192942844 bar=2.640
[BAR_OBS] ep=74 xcd=1 drain=0.360 l1=0.240 wait=1.960 acq=0.040 obs=19115192942846 bar=2.600
[OPROJ_INNER] slicewait=0.44 mfma=3.88 bar=2.52 rmsnorm_router=1.56 topk=0.40 total=8.80
[BAR_ARR] ep=74 xcd=3 l1=0.240 l2=0.400
[BAR_OBS] ep=74 xcd=0 drain=0.400 l1=0.200 wait=2.000 acq=0.080 obs=19115192942841 bar=2.680
[OPROJ_INNER] slicewait=0.40 mfma=3.92 bar=2.08 rmsnorm_router=1.64 topk=1.92 total=9.96
[OPROJ_INNER] slicewait=0.44 mfma=3.92 bar=2.36 rmsnorm_router=1.48 topk=3.40 total=11.60
[BAR_ARR] ep=74 xcd=0 l1=0.200 l2=0.440
[BAR_OBS] ep=74 xcd=5 drain=0.480 l1=0.240 wait=1.360 acq=0.040 obs=19115192942839 bar=2.120
[BAR_ARR] ep=74 xcd=5 l1=0.240 l2=0.480
[BAR_OBS] ep=74 xcd=7 drain=0.440 l1=0.240 wait=1.600 acq=0.080 obs=19115192942870 bar=2.360
[BAR_OBS] ep=74 xcd=6 drain=0.520 l1=0.200 wait=1.880 acq=0.080 obs=19115192942907 bar=2.680
[BAR_ARR] ep=74 xcd=1 l1=0.240 l2=0.600
[BAR_OBS] ep=74 xcd=4 drain=0.480 l1=0.200 wait=1.360 acq=0.040 obs=19115192942841 bar=2.080
[BAR_ARR] ep=74 xcd=7 l1=0.240 l2=0.680
[BAR_ARR] ep=74 xcd=6 l1=0.200 l2=0.720
[BAR_OBS] ep=74 xcd=2 drain=0.400 l1=0.160 wait=1.920 acq=0.040 obs=19115192942840 bar=2.520
[BAR_ARR] ep=74 xcd=4 l1=0.200 l2=0.600
[BAR_REL] ep=74 xcd=6 rel=19115192942839
[BAR_ARR] ep=74 xcd=2 l1=0.160 l2=0.760
[OPROJ_INNER] slicewait=0.40 mfma=3.92 bar=2.40 rmsnorm_router=1.52 topk=3.08 total=11.32
[OPROJ_INNER] slicewait=0.44 mfma=3.96 bar=2.24 rmsnorm_router=1.64 topk=2.72 total=11.00
[OPROJ_INNER] slicewait=0.40 mfma=3.96 bar=2.72 rmsnorm_router=1.64 topk=2.96 total=11.68
[BAR_OBS] ep=75 xcd=7 drain=0.440 l1=0.240 wait=1.640 acq=0.080 obs=19115193201782 bar=2.400
[BAR_ARR] ep=75 xcd=7 l1=0.240 l2=0.680
[BAR_OBS] ep=75 xcd=6 drain=0.480 l1=0.160 wait=2.000 acq=0.080 obs=19115193201823 bar=2.720
[OPROJ_INNER] slicewait=0.40 mfma=3.88 bar=3.04 rmsnorm_router=1.64 topk=1.72 total=10.68
[OPROJ_INNER] slicewait=0.40 mfma=4.00 bar=2.76 rmsnorm_router=1.56 topk=0.40 total=9.12
[BAR_OBS] ep=75 xcd=1 drain=0.360 l1=0.240 wait=2.360 acq=0.080 obs=19115193201766 bar=3.040
[BAR_OBS] ep=75 xcd=2 drain=0.400 l1=0.160 wait=2.160 acq=0.040 obs=19115193201760 bar=2.760
[BAR_ARR] ep=75 xcd=1 l1=0.240 l2=0.360
[BAR_ARR] ep=75 xcd=2 l1=0.160 l2=0.720
[BAR_OBS] ep=75 xcd=5 drain=0.440 l1=0.240 wait=1.520 acq=0.040 obs=19115193201771 bar=2.240
[OPROJ_INNER] slicewait=0.40 mfma=3.96 bar=2.96 rmsnorm_router=1.60 topk=1.20 total=10.12
[OPROJ_INNER] slicewait=0.40 mfma=4.00 bar=2.92 rmsnorm_router=1.56 topk=0.56 total=9.44
[BAR_ARR] ep=75 xcd=6 l1=0.160 l2=0.880
[BAR_ARR] ep=75 xcd=5 l1=0.240 l2=0.600
[OPROJ_INNER] slicewait=0.40 mfma=3.92 bar=2.56 rmsnorm_router=1.92 topk=5.80 total=14.60
[BAR_OBS] ep=75 xcd=3 drain=0.360 l1=0.280 wait=2.200 acq=0.080 obs=19115193201764 bar=2.920
[BAR_OBS] ep=75 xcd=0 drain=0.360 l1=0.200 wait=2.320 acq=0.080 obs=19115193201765 bar=2.960
[BAR_ARR] ep=75 xcd=3 l1=0.280 l2=0.520
[BAR_ARR] ep=75 xcd=0 l1=0.200 l2=0.600
[BAR_REL] ep=75 xcd=6 rel=19115193201759
[BAR_OBS] ep=75 xcd=4 drain=0.480 l1=0.200 wait=1.800 acq=0.080 obs=19115193201801 bar=2.560
[BAR_ARR] ep=75 xcd=4 l1=0.200 l2=0.720
[OPROJ_INNER] slicewait=0.44 mfma=3.92 bar=2.56 rmsnorm_router=1.56 topk=1.16 total=9.64
[OPROJ_INNER] slicewait=0.40 mfma=3.96 bar=2.48 rmsnorm_router=1.64 topk=2.28 total=10.76
[OPROJ_INNER] slicewait=0.36 mfma=3.88 bar=2.16 rmsnorm_router=1.64 topk=2.16 total=10.20
[OPROJ_INNER] slicewait=0.40 mfma=3.92 bar=2.60 rmsnorm_router=1.48 topk=0.40 total=8.80
[OPROJ_INNER] slicewait=0.40 mfma=3.92 bar=2.60 rmsnorm_router=1.64 topk=1.20 total=9.76
[BAR_OBS] ep=76 xcd=0 drain=0.360 l1=0.200 wait=1.960 acq=0.040 obs=19115193451261 bar=2.560
[BAR_OBS] ep=76 xcd=1 drain=0.360 l1=0.240 wait=1.800 acq=0.080 obs=19115193451262 bar=2.480
[BAR_OBS] ep=76 xcd=4 drain=0.480 l1=0.200 wait=1.400 acq=0.080 obs=19115193451253 bar=2.160
[OPROJ_INNER] slicewait=0.40 mfma=3.96 bar=2.20 rmsnorm_router=1.60 topk=2.96 total=11.12
[OPROJ_INNER] slicewait=0.44 mfma=3.92 bar=2.68 rmsnorm_router=1.80 topk=5.88 total=14.72
[BAR_ARR] ep=76 xcd=1 l1=0.240 l2=0.680
[BAR_ARR] ep=76 xcd=0 l1=0.200 l2=0.640
[OPROJ_INNER] slicewait=0.44 mfma=3.92 bar=2.40 rmsnorm_router=1.44 topk=3.60 total=11.80
[BAR_OBS] ep=76 xcd=5 drain=0.440 l1=0.200 wait=1.520 acq=0.040 obs=19115193451271 bar=2.200
[BAR_OBS] ep=76 xcd=6 drain=0.480 l1=0.200 wait=1.960 acq=0.040 obs=19115193451331 bar=2.680
[BAR_OBS] ep=76 xcd=7 drain=0.440 l1=0.240 wait=1.640 acq=0.080 obs=19115193451294 bar=2.400
[BAR_ARR] ep=76 xcd=5 l1=0.200 l2=0.640
[BAR_OBS] ep=76 xcd=3 drain=0.400 l1=0.200 wait=1.960 acq=0.040 obs=19115193451260 bar=2.600
[BAR_ARR] ep=76 xcd=6 l1=0.200 l2=0.720
[BAR_ARR] ep=76 xcd=4 l1=0.200 l2=0.560
[BAR_OBS] ep=76 xcd=2 drain=0.400 l1=0.200 wait=1.920 acq=0.080 obs=19115193451260 bar=2.600
[BAR_ARR] ep=76 xcd=7 l1=0.240 l2=0.640
[BAR_ARR] ep=76 xcd=3 l1=0.200 l2=0.400
[BAR_ARR] ep=76 xcd=2 l1=0.200 l2=0.680
[BAR_REL] ep=76 xcd=6 rel=19115193451255
[OPROJ_INNER] slicewait=0.44 mfma=3.96 bar=2.52 rmsnorm_router=1.60 topk=1.00 total=9.52
[OPROJ_INNER] slicewait=0.40 mfma=3.96 bar=2.20 rmsnorm_router=1.76 topk=2.76 total=11.08
[BAR_OBS] ep=77 xcd=0 drain=0.400 l1=0.200 wait=1.880 acq=0.040 obs=19115193719021 bar=2.520
[OPROJ_INNER] slicewait=0.44 mfma=3.96 bar=2.64 rmsnorm_router=1.56 topk=1.20 total=9.80
[OPROJ_INNER] slicewait=0.40 mfma=4.00 bar=2.64 rmsnorm_router=1.88 topk=6.08 total=15.00
[OPROJ_INNER] slicewait=0.40 mfma=3.96 bar=2.60 rmsnorm_router=1.52 topk=0.44 total=8.92
[OPROJ_INNER] slicewait=0.40 mfma=3.96 bar=2.36 rmsnorm_router=1.52 topk=3.32 total=11.56
[BAR_ARR] ep=77 xcd=0 l1=0.200 l2=0.760
[OPROJ_INNER] slicewait=0.40 mfma=4.00 bar=2.56 rmsnorm_router=1.64 topk=2.12 total=10.72
[OPROJ_INNER] slicewait=0.40 mfma=4.00 bar=2.16 rmsnorm_router=1.60 topk=1.88 total=10.04
[BAR_OBS] ep=77 xcd=3 drain=0.360 l1=0.240 wait=1.960 acq=0.080 obs=19115193719020 bar=2.640
[BAR_ARR] ep=77 xcd=3 l1=0.240 l2=0.440
[BAR_OBS] ep=77 xcd=2 drain=0.400 l1=0.160 wait=1.960 acq=0.080 obs=19115193719016 bar=2.600
[BAR_ARR] ep=77 xcd=2 l1=0.160 l2=0.600
[BAR_OBS] ep=77 xcd=4 drain=0.440 l1=0.240 wait=1.440 acq=0.040 obs=19115193719025 bar=2.160
[BAR_OBS] ep=77 xcd=6 drain=0.480 l1=0.200 wait=1.880 acq=0.080 obs=19115193719079 bar=2.640
[BAR_OBS] ep=77 xcd=7 drain=0.440 l1=0.240 wait=1.640 acq=0.040 obs=19115193719046 bar=2.360
[BAR_ARR] ep=77 xcd=6 l1=0.200 l2=0.800
[BAR_ARR] ep=77 xcd=4 l1=0.240 l2=0.600
[BAR_ARR] ep=77 xcd=7 l1=0.240 l2=0.680
[BAR_REL] ep=77 xcd=6 rel=19115193719019
[BAR_OBS] ep=77 xcd=5 drain=0.480 l1=0.200 wait=1.440 acq=0.080 obs=19115193719015 bar=2.200
[BAR_OBS] ep=77 xcd=1 drain=0.360 l1=0.200 wait=1.920 acq=0.080 obs=19115193719022 bar=2.560
[BAR_ARR] ep=77 xcd=5 l1=0.200 l2=0.520
[BAR_ARR] ep=77 xcd=1 l1=0.200 l2=0.680
[OPROJ_INNER] slicewait=0.40 mfma=3.96 bar=2.64 rmsnorm_router=1.72 topk=6.08 total=14.80
[OPROJ_INNER] slicewait=0.40 mfma=3.92 bar=2.40 rmsnorm_router=1.48 topk=3.00 total=11.20
[OPROJ_INNER] slicewait=0.40 mfma=3.92 bar=2.80 rmsnorm_router=1.52 topk=0.44 total=9.08
[OPROJ_INNER] slicewait=0.44 mfma=3.92 bar=2.92 rmsnorm_router=1.64 topk=2.28 total=11.20
[OPROJ_INNER] slicewait=0.40 mfma=3.96 bar=2.80 rmsnorm_router=1.64 topk=0.88 total=9.68
[OPROJ_INNER] slicewait=0.40 mfma=3.88 bar=2.28 rmsnorm_router=1.60 topk=3.28 total=11.44
[OPROJ_INNER] slicewait=0.44 mfma=3.96 bar=2.72 rmsnorm_router=1.60 topk=1.16 total=9.88
[BAR_OBS] ep=78 xcd=6 drain=0.480 l1=0.160 wait=1.920 acq=0.080 obs=19115193976479 bar=2.640
[BAR_OBS] ep=78 xcd=4 drain=0.480 l1=0.200 wait=1.640 acq=0.080 obs=19115193976445 bar=2.400
[BAR_OBS] ep=78 xcd=2 drain=0.400 l1=0.160 wait=2.160 acq=0.080 obs=19115193976416 bar=2.800
[OPROJ_INNER] slicewait=0.40 mfma=3.92 bar=2.16 rmsnorm_router=1.68 topk=3.04 total=11.20
[BAR_ARR] ep=78 xcd=2 l1=0.160 l2=0.680
[BAR_OBS] ep=78 xcd=1 drain=0.360 l1=0.280 wait=2.200 acq=0.080 obs=19115193976422 bar=2.920
[BAR_ARR] ep=78 xcd=1 l1=0.280 l2=0.280
[BAR_OBS] ep=78 xcd=3 drain=0.360 l1=0.200 wait=2.080 acq=0.080 obs=19115193976420 bar=2.720
[BAR_ARR] ep=78 xcd=6 l1=0.160 l2=0.800
[BAR_OBS] ep=78 xcd=5 drain=0.480 l1=0.200 wait=1.400 acq=0.080 obs=19115193976415 bar=2.160
[BAR_OBS] ep=78 xcd=7 drain=0.480 l1=0.200 wait=1.520 acq=0.080 obs=19115193976430 bar=2.280
[BAR_ARR] ep=78 xcd=3 l1=0.200 l2=0.680
[BAR_ARR] ep=78 xcd=4 l1=0.200 l2=0.680
[BAR_OBS] ep=78 xcd=0 drain=0.400 l1=0.200 wait=2.120 acq=0.080 obs=19115193976417 bar=2.800
[BAR_ARR] ep=78 xcd=7 l1=0.200 l2=0.680
[BAR_ARR] ep=78 xcd=5 l1=0.200 l2=0.480
[BAR_REL] ep=78 xcd=6 rel=19115193976419
[BAR_ARR] ep=78 xcd=0 l1=0.200 l2=0.600
[OPROJ_INNER] slicewait=0.40 mfma=3.96 bar=2.68 rmsnorm_router=1.64 topk=1.32 total=10.00
[OPROJ_INNER] slicewait=0.40 mfma=3.92 bar=2.72 rmsnorm_router=1.68 topk=2.20 total=10.92
[OPROJ_INNER] slicewait=0.40 mfma=3.88 bar=2.16 rmsnorm_router=1.76 topk=2.88 total=11.08
[OPROJ_INNER] slicewait=0.44 mfma=3.96 bar=2.24 rmsnorm_router=1.48 topk=2.12 total=10.24
[OPROJ_INNER] slicewait=0.40 mfma=3.88 bar=2.80 rmsnorm_router=1.48 topk=0.44 total=9.00
[BAR_OBS] ep=79 xcd=0 drain=0.400 l1=0.200 wait=2.000 acq=0.080 obs=19115194247881 bar=2.680
[OPROJ_INNER] slicewait=0.40 mfma=3.92 bar=2.84 rmsnorm_router=1.56 topk=0.72 total=9.44
[BAR_ARR] ep=79 xcd=0 l1=0.200 l2=0.600
[OPROJ_INNER] slicewait=0.44 mfma=3.96 bar=2.04 rmsnorm_router=1.76 topk=3.20 total=11.40
[BAR_OBS] ep=79 xcd=4 drain=0.440 l1=0.200 wait=1.520 acq=0.080 obs=19115194247897 bar=2.240
[BAR_OBS] ep=79 xcd=2 drain=0.360 l1=0.200 wait=2.160 acq=0.080 obs=19115194247880 bar=2.800
[BAR_OBS] ep=79 xcd=1 drain=0.360 l1=0.240 wait=2.080 acq=0.040 obs=19115194247886 bar=2.720
[OPROJ_INNER] slicewait=0.40 mfma=3.96 bar=2.64 rmsnorm_router=1.72 topk=5.96 total=14.68
[BAR_ARR] ep=79 xcd=2 l1=0.200 l2=0.440
[BAR_ARR] ep=79 xcd=1 l1=0.240 l2=0.480
[BAR_OBS] ep=79 xcd=7 drain=0.480 l1=0.200 wait=1.400 acq=0.080 obs=19115194247874 bar=2.160
[BAR_ARR] ep=79 xcd=4 l1=0.200 l2=0.800
[BAR_OBS] ep=79 xcd=3 drain=0.360 l1=0.240 wait=2.160 acq=0.080 obs=19115194247880 bar=2.840
[BAR_ARR] ep=79 xcd=7 l1=0.200 l2=0.480
[BAR_ARR] ep=79 xcd=3 l1=0.240 l2=0.320
[BAR_OBS] ep=79 xcd=5 drain=0.480 l1=0.200 wait=1.280 acq=0.080 obs=19115194247875 bar=2.040
[BAR_OBS] ep=79 xcd=6 drain=0.480 l1=0.200 wait=1.880 acq=0.080 obs=19115194247939 bar=2.640
[BAR_ARR] ep=79 xcd=5 l1=0.200 l2=0.480
[BAR_ARR] ep=79 xcd=6 l1=0.200 l2=0.800
[BAR_REL] ep=79 xcd=6 rel=19115194247879
[OPROJ_INNER] slicewait=0.36 mfma=4.04 bar=2.56 rmsnorm_router=1.56 topk=0.76 total=9.28
[OPROJ_INNER] slicewait=0.40 mfma=3.96 bar=2.56 rmsnorm_router=1.60 topk=2.72 total=11.24
[OPROJ_INNER] slicewait=0.40 mfma=3.92 bar=2.20 rmsnorm_router=1.52 topk=3.52 total=11.56
[OPROJ_INNER] slicewait=0.40 mfma=3.92 bar=2.72 rmsnorm_router=1.64 topk=1.44 total=10.12
[OPROJ_INNER] slicewait=0.40 mfma=4.00 bar=2.64 rmsnorm_router=1.48 topk=0.40 total=8.92
[OPROJ_INNER] slicewait=0.36 mfma=3.84 bar=2.08 rmsnorm_router=1.68 topk=1.36 total=9.32
[BAR_OBS] ep=80 xcd=1 drain=0.360 l1=0.240 wait=1.880 acq=0.080 obs=19115194514914 bar=2.560
[OPROJ_INNER] slicewait=0.40 mfma=3.96 bar=2.56 rmsnorm_router=1.88 topk=6.08 total=14.88
[BAR_ARR] ep=80 xcd=1 l1=0.240 l2=0.680
[BAR_OBS] ep=80 xcd=0 drain=0.400 l1=0.200 wait=2.080 acq=0.040 obs=19115194514913 bar=2.720
[BAR_OBS] ep=80 xcd=7 drain=0.440 l1=0.200 wait=1.520 acq=0.040 obs=19115194514926 bar=2.200
[OPROJ_INNER] slicewait=0.40 mfma=3.92 bar=2.08 rmsnorm_router=1.64 topk=2.96 total=11.00
[BAR_OBS] ep=80 xcd=2 drain=0.360 l1=0.200 wait=2.000 acq=0.080 obs=19115194514908 bar=2.640
[BAR_ARR] ep=80 xcd=0 l1=0.200 l2=0.480
[BAR_ARR] ep=80 xcd=2 l1=0.200 l2=0.600
[BAR_ARR] ep=80 xcd=7 l1=0.200 l2=0.680
[BAR_OBS] ep=80 xcd=3 drain=0.360 l1=0.240 wait=1.880 acq=0.080 obs=19115194514908 bar=2.560
[BAR_ARR] ep=80 xcd=3 l1=0.240 l2=0.600
[BAR_OBS] ep=80 xcd=6 drain=0.480 l1=0.200 wait=1.800 acq=0.080 obs=19115194514967 bar=2.560
[BAR_OBS] ep=80 xcd=4 drain=0.480 l1=0.200 wait=1.320 acq=0.080 obs=19115194514897 bar=2.080
[BAR_OBS] ep=80 xcd=5 drain=0.480 l1=0.200 wait=1.320 acq=0.080 obs=19115194514907 bar=2.080
[BAR_ARR] ep=80 xcd=4 l1=0.200 l2=0.440
[BAR_ARR] ep=80 xcd=6 l1=0.200 l2=0.720
[BAR_ARR] ep=80 xcd=5 l1=0.200 l2=0.480
[BAR_REL] ep=80 xcd=6 rel=19115194514907
[OPROJ_INNER] slicewait=0.40 mfma=3.96 bar=2.76 rmsnorm_router=1.52 topk=0.36 total=9.00
[OPROJ_INNER] slicewait=0.44 mfma=3.96 bar=2.04 rmsnorm_router=1.76 topk=3.40 total=11.60
[OPROJ_INNER] slicewait=0.40 mfma=4.00 bar=2.72 rmsnorm_router=1.68 topk=1.28 total=10.08
[OPROJ_INNER] slicewait=0.40 mfma=4.00 bar=2.60 rmsnorm_router=1.64 topk=2.40 total=11.04
[OPROJ_INNER] slicewait=0.44 mfma=3.96 bar=2.20 rmsnorm_router=1.52 topk=2.00 total=10.12
[BAR_OBS] ep=81 xcd=2 drain=0.360 l1=0.200 wait=2.120 acq=0.080 obs=19115194775956 bar=2.760
[OPROJ_INNER] slicewait=0.40 mfma=3.96 bar=2.72 rmsnorm_router=1.56 topk=0.72 total=9.36
[BAR_OBS] ep=81 xcd=0 drain=0.360 l1=0.240 wait=2.080 acq=0.040 obs=19115194775961 bar=2.720
[OPROJ_INNER] slicewait=0.40 mfma=3.96 bar=2.12 rmsnorm_router=1.72 topk=3.12 total=11.32
[BAR_OBS] ep=81 xcd=7 drain=0.440 l1=0.240 wait=1.280 acq=0.080 obs=19115194775954 bar=2.040
[BAR_ARR] ep=81 xcd=2 l1=0.200 l2=0.280
[BAR_ARR] ep=81 xcd=0 l1=0.240 l2=0.360
[BAR_ARR] ep=81 xcd=7 l1=0.240 l2=0.400
[BAR_OBS] ep=81 xcd=4 drain=0.480 l1=0.200 wait=1.440 acq=0.080 obs=19115194775969 bar=2.200
[OPROJ_INNER] slicewait=0.40 mfma=3.96 bar=2.64 rmsnorm_router=1.76 topk=6.16 total=14.92
[BAR_OBS] ep=81 xcd=1 drain=0.360 l1=0.200 wait=2.000 acq=0.040 obs=19115194775966 bar=2.600
[BAR_OBS] ep=81 xcd=3 drain=0.360 l1=0.200 wait=2.080 acq=0.080 obs=19115194775960 bar=2.720
[BAR_ARR] ep=81 xcd=1 l1=0.200 l2=0.640
[BAR_ARR] ep=81 xcd=3 l1=0.200 l2=0.640
[BAR_ARR] ep=81 xcd=4 l1=0.200 l2=0.680
[BAR_OBS] ep=81 xcd=5 drain=0.480 l1=0.200 wait=1.400 acq=0.040 obs=19115194775955 bar=2.120
[BAR_OBS] ep=81 xcd=6 drain=0.520 l1=0.200 wait=1.840 acq=0.080 obs=19115194776019 bar=2.640
[BAR_ARR] ep=81 xcd=5 l1=0.200 l2=0.360
[BAR_ARR] ep=81 xcd=6 l1=0.200 l2=0.720
[BAR_REL] ep=81 xcd=6 rel=19115194775959
[OPROJ_INNER] slicewait=0.40 mfma=3.96 bar=2.80 rmsnorm_router=1.52 topk=0.72 total=9.40
[OPROJ_INNER] slicewait=0.40 mfma=3.96 bar=2.68 rmsnorm_router=1.64 topk=1.80 total=10.48
[OPROJ_INNER] slicewait=0.40 mfma=3.92 bar=2.72 rmsnorm_router=1.72 topk=6.08 total=14.84
[OPROJ_INNER] slicewait=0.40 mfma=3.96 bar=2.80 rmsnorm_router=1.64 topk=1.56 total=10.36
[OPROJ_INNER] slicewait=0.40 mfma=3.96 bar=2.64 rmsnorm_router=1.48 topk=0.44 total=8.92
[OPROJ_INNER] slicewait=0.44 mfma=4.00 bar=2.08 rmsnorm_router=1.68 topk=2.92 total=11.12
[OPROJ_INNER] slicewait=0.40 mfma=3.92 bar=2.12 rmsnorm_router=1.76 topk=2.12 total=10.32
[BAR_OBS] ep=82 xcd=0 drain=0.400 l1=0.160 wait=2.160 acq=0.080 obs=19115195040753 bar=2.800
[BAR_OBS] ep=82 xcd=6 drain=0.480 l1=0.200 wait=1.960 acq=0.080 obs=19115195040811 bar=2.720
[OPROJ_INNER] slicewait=0.44 mfma=4.00 bar=2.20 rmsnorm_router=1.60 topk=3.20 total=11.44
[BAR_OBS] ep=82 xcd=4 drain=0.480 l1=0.280 wait=1.280 acq=0.080 obs=19115195040741 bar=2.120
[BAR_OBS] ep=82 xcd=7 drain=0.440 l1=0.200 wait=1.480 acq=0.080 obs=19115195040762 bar=2.200
[BAR_ARR] ep=82 xcd=4 l1=0.280 l2=0.360
[BAR_OBS] ep=82 xcd=3 drain=0.360 l1=0.240 wait=2.120 acq=0.080 obs=19115195040752 bar=2.800
[BAR_ARR] ep=82 xcd=7 l1=0.200 l2=0.600
[BAR_ARR] ep=82 xcd=3 l1=0.240 l2=0.400
[BAR_OBS] ep=82 xcd=2 drain=0.400 l1=0.160 wait=2.000 acq=0.080 obs=19115195040752 bar=2.640
[BAR_ARR] ep=82 xcd=0 l1=0.160 l2=0.560
[BAR_ARR] ep=82 xcd=6 l1=0.200 l2=0.840
[BAR_OBS] ep=82 xcd=5 drain=0.440 l1=0.200 wait=1.400 acq=0.040 obs=19115195040751 bar=2.080
[BAR_OBS] ep=82 xcd=1 drain=0.360 l1=0.200 wait=2.080 acq=0.040 obs=19115195040758 bar=2.680
[BAR_ARR] ep=82 xcd=2 l1=0.160 l2=0.760
[BAR_ARR] ep=82 xcd=1 l1=0.200 l2=0.600
[BAR_REL] ep=82 xcd=6 rel=19115195040751
[BAR_ARR] ep=82 xcd=5 l1=0.200 l2=0.560
[OPROJ_INNER] slicewait=0.40 mfma=3.96 bar=2.40 rmsnorm_router=1.44 topk=3.68 total=11.88
[OPROJ_INNER] slicewait=0.36 mfma=3.96 bar=2.60 rmsnorm_router=1.56 topk=0.44 total=8.92
[OPROJ_INNER] slicewait=0.40 mfma=3.92 bar=2.52 rmsnorm_router=1.60 topk=0.72 total=9.16
[OPROJ_INNER] slicewait=0.40 mfma=3.96 bar=2.56 rmsnorm_router=1.64 topk=1.60 total=10.16
[OPROJ_INNER] slicewait=0.40 mfma=3.92 bar=2.12 rmsnorm_router=1.64 topk=2.92 total=11.00
[OPROJ_INNER] slicewait=0.40 mfma=3.96 bar=2.60 rmsnorm_router=1.60 topk=2.96 total=11.52
[OPROJ_INNER] slicewait=0.36 mfma=3.88 bar=2.16 rmsnorm_router=1.64 topk=1.88 total=9.92
[BAR_OBS] ep=83 xcd=2 drain=0.360 l1=0.200 wait=1.960 acq=0.080 obs=19115195313256 bar=2.600
[BAR_OBS] ep=83 xcd=1 drain=0.360 l1=0.240 wait=1.920 acq=0.080 obs=19115195313262 bar=2.600
[BAR_OBS] ep=83 xcd=7 drain=0.440 l1=0.240 wait=1.640 acq=0.080 obs=19115195313286 bar=2.400
[BAR_ARR] ep=83 xcd=2 l1=0.200 l2=0.400
[BAR_OBS] ep=83 xcd=5 drain=0.440 l1=0.200 wait=1.400 acq=0.080 obs=19115195313251 bar=2.120
[OPROJ_INNER] slicewait=0.40 mfma=4.00 bar=2.56 rmsnorm_router=1.72 topk=6.08 total=14.76
[BAR_OBS] ep=83 xcd=3 drain=0.400 l1=0.200 wait=1.840 acq=0.080 obs=19115195313256 bar=2.520
[BAR_ARR] ep=83 xcd=1 l1=0.240 l2=0.400
[BAR_ARR] ep=83 xcd=7 l1=0.240 l2=0.640
[BAR_ARR] ep=83 xcd=3 l1=0.200 l2=0.680
[BAR_ARR] ep=83 xcd=5 l1=0.200 l2=0.640
[BAR_OBS] ep=83 xcd=0 drain=0.360 l1=0.200 wait=1.920 acq=0.080 obs=19115195313257 bar=2.560
[BAR_OBS] ep=83 xcd=4 drain=0.440 l1=0.200 wait=1.440 acq=0.080 obs=19115195313249 bar=2.160
[BAR_ARR] ep=83 xcd=0 l1=0.200 l2=0.640
[BAR_OBS] ep=83 xcd=6 drain=0.480 l1=0.200 wait=1.800 acq=0.080 obs=19115195313315 bar=2.560
[BAR_ARR] ep=83 xcd=4 l1=0.200 l2=0.560
[BAR_ARR] ep=83 xcd=6 l1=0.200 l2=0.720
[BAR_REL] ep=83 xcd=6 rel=19115195313255
[OPROJ_INNER] slicewait=0.40 mfma=3.92 bar=2.88 rmsnorm_router=1.60 topk=0.44 total=9.24
[OPROJ_INNER] slicewait=0.40 mfma=3.96 bar=2.84 rmsnorm_router=1.64 topk=2.32 total=11.16
[OPROJ_INNER] slicewait=0.44 mfma=3.92 bar=2.16 rmsnorm_router=1.72 topk=2.88 total=11.12
[OPROJ_INNER] slicewait=0.40 mfma=3.92 bar=2.72 rmsnorm_router=1.64 topk=1.60 total=10.28
[OPROJ_INNER] slicewait=0.44 mfma=3.96 bar=2.48 rmsnorm_router=1.44 topk=3.68 total=12.00
[BAR_OBS] ep=84 xcd=0 drain=0.400 l1=0.200 wait=2.200 acq=0.080 obs=19115195584653 bar=2.880
[OPROJ_INNER] slicewait=0.40 mfma=3.96 bar=2.20 rmsnorm_router=1.56 topk=1.52 total=9.64
[BAR_ARR] ep=84 xcd=0 l1=0.200 l2=0.600
[OPROJ_INNER] slicewait=0.36 mfma=4.00 bar=2.88 rmsnorm_router=1.60 topk=0.80 total=9.64
[OPROJ_INNER] slicewait=0.40 mfma=3.96 bar=2.72 rmsnorm_router=1.88 topk=6.16 total=15.12
[BAR_OBS] ep=84 xcd=2 drain=0.360 l1=0.160 wait=2.280 acq=0.080 obs=19115195584652 bar=2.880
[BAR_OBS] ep=84 xcd=3 drain=0.360 l1=0.240 wait=2.160 acq=0.080 obs=19115195584656 bar=2.840
[BAR_ARR] ep=84 xcd=2 l1=0.160 l2=0.280
[BAR_ARR] ep=84 xcd=3 l1=0.240 l2=0.400
[BAR_OBS] ep=84 xcd=4 drain=0.480 l1=0.200 wait=1.440 acq=0.080 obs=19115195584657 bar=2.200
[BAR_OBS] ep=84 xcd=6 drain=0.480 l1=0.200 wait=1.960 acq=0.080 obs=19115195584711 bar=2.720
[BAR_OBS] ep=84 xcd=7 drain=0.480 l1=0.200 wait=1.720 acq=0.080 obs=19115195584686 bar=2.480
[BAR_ARR] ep=84 xcd=4 l1=0.200 l2=0.720
[BAR_OBS] ep=84 xcd=5 drain=0.480 l1=0.200 wait=1.400 acq=0.080 obs=19115195584647 bar=2.160
[BAR_ARR] ep=84 xcd=6 l1=0.200 l2=0.880
[BAR_OBS] ep=84 xcd=1 drain=0.400 l1=0.200 wait=2.040 acq=0.080 obs=19115195584654 bar=2.720
[BAR_ARR] ep=84 xcd=7 l1=0.200 l2=0.720
[BAR_ARR] ep=84 xcd=5 l1=0.200 l2=0.520
[BAR_ARR] ep=84 xcd=1 l1=0.200 l2=0.600
[BAR_REL] ep=84 xcd=6 rel=19115195584651
[OPROJ_INNER] slicewait=0.40 mfma=4.00 bar=2.20 rmsnorm_router=1.56 topk=3.36 total=11.52
[OPROJ_INNER] slicewait=0.40 mfma=3.92 bar=2.64 rmsnorm_router=1.60 topk=2.28 total=10.84
[OPROJ_INNER] slicewait=0.44 mfma=3.96 bar=2.60 rmsnorm_router=1.64 topk=1.24 total=9.88
[OPROJ_INNER] slicewait=0.40 mfma=3.96 bar=2.60 rmsnorm_router=1.52 topk=0.40 total=8.88
[OPROJ_INNER] slicewait=0.44 mfma=3.92 bar=2.16 rmsnorm_router=1.72 topk=3.00 total=11.24
[BAR_OBS] ep=85 xcd=0 drain=0.360 l1=0.200 wait=1.960 acq=0.080 obs=19115195841117 bar=2.600
[OPROJ_INNER] slicewait=0.40 mfma=3.92 bar=2.64 rmsnorm_router=1.56 topk=1.36 total=9.88
[BAR_OBS] ep=85 xcd=2 drain=0.360 l1=0.200 wait=1.960 acq=0.080 obs=19115195841116 bar=2.600
[BAR_OBS] ep=85 xcd=1 drain=0.360 l1=0.240 wait=1.960 acq=0.080 obs=19115195841122 bar=2.640
[OPROJ_INNER] slicewait=0.36 mfma=3.92 bar=2.16 rmsnorm_router=1.60 topk=2.08 total=10.12
[BAR_ARR] ep=85 xcd=0 l1=0.200 l2=0.680
[BAR_ARR] ep=85 xcd=1 l1=0.240 l2=0.520
[BAR_OBS] ep=85 xcd=3 drain=0.360 l1=0.200 wait=2.000 acq=0.080 obs=19115195841120 bar=2.640
[OPROJ_INNER] slicewait=0.40 mfma=4.00 bar=2.64 rmsnorm_router=1.68 topk=6.24 total=14.96
[BAR_OBS] ep=85 xcd=7 drain=0.440 l1=0.240 wait=1.480 acq=0.040 obs=19115195841138 bar=2.200
[BAR_ARR] ep=85 xcd=2 l1=0.200 l2=0.840
[BAR_ARR] ep=85 xcd=3 l1=0.200 l2=0.320
[BAR_OBS] ep=85 xcd=5 drain=0.480 l1=0.200 wait=1.400 acq=0.080 obs=19115195841115 bar=2.160
[BAR_ARR] ep=85 xcd=7 l1=0.240 l2=0.720
[BAR_ARR] ep=85 xcd=5 l1=0.200 l2=0.520
[BAR_OBS] ep=85 xcd=6 drain=0.480 l1=0.200 wait=1.880 acq=0.080 obs=19115195841179 bar=2.640
[BAR_OBS] ep=85 xcd=4 drain=0.480 l1=0.200 wait=1.440 acq=0.040 obs=19115195841121 bar=2.160
[BAR_ARR] ep=85 xcd=6 l1=0.200 l2=0.760
[BAR_ARR] ep=85 xcd=4 l1=0.200 l2=0.640
[BAR_REL] ep=85 xcd=6 rel=19115195841119
[OPROJ_INNER] slicewait=0.44 mfma=3.96 bar=2.80 rmsnorm_router=1.48 topk=1.48 total=10.16
[OPROJ_INNER] slicewait=0.44 mfma=3.96 bar=2.36 rmsnorm_router=1.56 topk=2.04 total=10.36
[OPROJ_INNER] slicewait=0.44 mfma=3.96 bar=2.32 rmsnorm_router=1.76 topk=3.72 total=12.20
[OPROJ_INNER] slicewait=0.40 mfma=3.92 bar=2.84 rmsnorm_router=1.56 topk=0.64 total=9.36
[BAR_OBS] ep=86 xcd=0 drain=0.400 l1=0.200 wait=2.120 acq=0.080 obs=19115196102689 bar=2.800
[OPROJ_INNER] slicewait=0.36 mfma=3.92 bar=2.76 rmsnorm_router=1.56 topk=1.80 total=10.40
[OPROJ_INNER] slicewait=0.40 mfma=3.96 bar=2.72 rmsnorm_router=1.52 topk=0.96 total=9.56
[BAR_OBS] ep=86 xcd=4 drain=0.480 l1=0.200 wait=1.600 acq=0.080 obs=19115196102697 bar=2.360
[BAR_ARR] ep=86 xcd=0 l1=0.200 l2=0.480
[OPROJ_INNER] slicewait=0.44 mfma=3.92 bar=2.32 rmsnorm_router=1.72 topk=3.00 total=11.40
[BAR_OBS] ep=86 xcd=2 drain=0.360 l1=0.200 wait=2.240 acq=0.040 obs=19115196102684 bar=2.840
[OPROJ_INNER] slicewait=0.40 mfma=3.96 bar=2.76 rmsnorm_router=1.72 topk=6.12 total=14.96
[BAR_OBS] ep=86 xcd=3 drain=0.360 l1=0.200 wait=2.120 acq=0.040 obs=19115196102688 bar=2.720
[BAR_ARR] ep=86 xcd=3 l1=0.200 l2=0.680
[BAR_ARR] ep=86 xcd=4 l1=0.200 l2=0.760
[BAR_OBS] ep=86 xcd=6 drain=0.480 l1=0.200 wait=2.000 acq=0.080 obs=19115196102743 bar=2.760
[BAR_ARR] ep=86 xcd=2 l1=0.200 l2=0.320
[BAR_OBS] ep=86 xcd=1 drain=0.360 l1=0.240 wait=2.120 acq=0.040 obs=19115196102690 bar=2.760
[BAR_ARR] ep=86 xcd=6 l1=0.200 l2=0.920
[BAR_OBS] ep=86 xcd=5 drain=0.480 l1=0.240 wait=1.560 acq=0.040 obs=19115196102691 bar=2.320
[BAR_ARR] ep=86 xcd=1 l1=0.240 l2=0.520
[BAR_REL] ep=86 xcd=6 rel=19115196102683
[BAR_ARR] ep=86 xcd=5 l1=0.240 l2=0.480
[BAR_OBS] ep=86 xcd=7 drain=0.480 l1=0.200 wait=1.560 acq=0.080 obs=19115196102690 bar=2.320
[BAR_ARR] ep=86 xcd=7 l1=0.200 l2=0.640
[OPROJ_INNER] slicewait=0.36 mfma=4.00 bar=2.48 rmsnorm_router=1.56 topk=0.40 total=8.80
[OPROJ_INNER] slicewait=0.44 mfma=3.92 bar=2.68 rmsnorm_router=1.68 topk=1.68 total=10.40
[OPROJ_INNER] slicewait=0.36 mfma=3.92 bar=2.24 rmsnorm_router=1.56 topk=1.84 total=9.92
[OPROJ_INNER] slicewait=0.40 mfma=3.96 bar=2.64 rmsnorm_router=1.68 topk=2.56 total=11.24
[OPROJ_INNER] slicewait=0.40 mfma=3.96 bar=2.68 rmsnorm_router=1.52 topk=0.76 total=9.32
[OPROJ_INNER] slicewait=0.40 mfma=3.92 bar=2.48 rmsnorm_router=1.40 topk=3.40 total=11.60
[BAR_OBS] ep=87 xcd=0 drain=0.400 l1=0.200 wait=2.000 acq=0.080 obs=19115196367449 bar=2.680
[OPROJ_INNER] slicewait=0.44 mfma=3.84 bar=2.24 rmsnorm_router=1.72 topk=3.00 total=11.24
[BAR_OBS] ep=87 xcd=7 drain=0.440 l1=0.240 wait=1.720 acq=0.080 obs=19115196367474 bar=2.480
[OPROJ_INNER] slicewait=0.44 mfma=3.92 bar=2.72 rmsnorm_router=1.88 topk=5.84 total=14.80
[BAR_OBS] ep=87 xcd=4 drain=0.440 l1=0.200 wait=1.520 acq=0.080 obs=19115196367449 bar=2.240
[BAR_ARR] ep=87 xcd=7 l1=0.240 l2=0.840
[BAR_OBS] ep=87 xcd=1 drain=0.360 l1=0.240 wait=1.960 acq=0.080 obs=19115196367454 bar=2.640
[BAR_ARR] ep=87 xcd=0 l1=0.200 l2=0.400
[BAR_ARR] ep=87 xcd=4 l1=0.200 l2=0.760
[BAR_ARR] ep=87 xcd=1 l1=0.240 l2=0.480
[BAR_OBS] ep=87 xcd=3 drain=0.360 l1=0.240 wait=2.000 acq=0.080 obs=19115196367452 bar=2.680
[BAR_OBS] ep=87 xcd=5 drain=0.480 l1=0.200 wait=1.520 acq=0.040 obs=19115196367447 bar=2.240
[BAR_ARR] ep=87 xcd=3 l1=0.240 l2=0.640
[BAR_OBS] ep=87 xcd=6 drain=0.480 l1=0.200 wait=1.960 acq=0.080 obs=19115196367507 bar=2.720
[BAR_OBS] ep=87 xcd=2 drain=0.400 l1=0.160 wait=1.880 acq=0.040 obs=19115196367448 bar=2.480
[BAR_ARR] ep=87 xcd=5 l1=0.200 l2=0.520
[BAR_ARR] ep=87 xcd=6 l1=0.200 l2=0.880
[BAR_ARR] ep=87 xcd=2 l1=0.160 l2=0.680
[BAR_REL] ep=87 xcd=6 rel=19115196367447
[OPROJ_INNER] slicewait=0.36 mfma=3.92 bar=2.08 rmsnorm_router=1.56 topk=1.68 total=9.60
[OPROJ_INNER] slicewait=0.44 mfma=4.00 bar=2.24 rmsnorm_router=1.40 topk=3.00 total=11.08
[OPROJ_INNER] slicewait=0.40 mfma=3.88 bar=2.64 rmsnorm_router=1.64 topk=2.68 total=11.24
[OPROJ_INNER] slicewait=0.40 mfma=3.96 bar=1.96 rmsnorm_router=1.76 topk=3.24 total=11.32
[OPROJ_INNER] slicewait=0.40 mfma=4.04 bar=2.64 rmsnorm_router=1.64 topk=1.04 total=9.76
[OPROJ_INNER] slicewait=0.44 mfma=4.00 bar=2.64 rmsnorm_router=1.56 topk=0.44 total=9.08
[OPROJ_INNER] slicewait=0.40 mfma=3.92 bar=2.84 rmsnorm_router=1.64 topk=0.92 total=9.72
[OPROJ_INNER] slicewait=0.40 mfma=3.96 bar=2.72 rmsnorm_router=1.72 topk=5.80 total=14.60
[BAR_OBS] ep=88 xcd=5 drain=0.480 l1=0.200 wait=1.480 acq=0.080 obs=19115196638799 bar=2.240
[BAR_OBS] ep=88 xcd=1 drain=0.360 l1=0.240 wait=1.960 acq=0.080 obs=19115196638778 bar=2.640
[BAR_OBS] ep=88 xcd=0 drain=0.400 l1=0.200 wait=2.160 acq=0.080 obs=19115196638777 bar=2.840
[BAR_OBS] ep=88 xcd=7 drain=0.440 l1=0.200 wait=1.280 acq=0.040 obs=19115196638770 bar=1.960
[BAR_ARR] ep=88 xcd=5 l1=0.200 l2=0.720
[BAR_OBS] ep=88 xcd=3 drain=0.400 l1=0.200 wait=1.960 acq=0.080 obs=19115196638776 bar=2.640
[BAR_OBS] ep=88 xcd=2 drain=0.400 l1=0.160 wait=2.000 acq=0.080 obs=19115196638772 bar=2.640
[BAR_ARR] ep=88 xcd=3 l1=0.200 l2=0.640
[BAR_ARR] ep=88 xcd=2 l1=0.160 l2=0.480
[BAR_ARR] ep=88 xcd=1 l1=0.240 l2=0.640
[BAR_ARR] ep=88 xcd=7 l1=0.200 l2=0.440
[BAR_ARR] ep=88 xcd=0 l1=0.200 l2=0.440
[BAR_OBS] ep=88 xcd=4 drain=0.440 l1=0.240 wait=1.320 acq=0.080 obs=19115196638777 bar=2.080
[BAR_OBS] ep=88 xcd=6 drain=0.480 l1=0.200 wait=2.000 acq=0.040 obs=19115196638851 bar=2.720
[BAR_ARR] ep=88 xcd=4 l1=0.240 l2=0.480
[BAR_ARR] ep=88 xcd=6 l1=0.200 l2=0.720
[BAR_REL] ep=88 xcd=6 rel=19115196638771
[OPROJ_INNER] slicewait=0.40 mfma=4.00 bar=2.60 rmsnorm_router=1.64 topk=1.32 total=9.96
[OPROJ_INNER] slicewait=0.40 mfma=3.88 bar=2.80 rmsnorm_router=1.56 topk=0.40 total=9.04
[OPROJ_INNER] slicewait=0.40 mfma=3.92 bar=2.16 rmsnorm_router=1.72 topk=1.76 total=9.96
[OPROJ_INNER] slicewait=0.44 mfma=3.96 bar=2.20 rmsnorm_router=1.72 topk=2.84 total=11.16
[OPROJ_INNER] slicewait=0.40 mfma=3.96 bar=2.72 rmsnorm_router=1.68 topk=6.28 total=15.04
[OPROJ_INNER] slicewait=0.40 mfma=3.96 bar=2.64 rmsnorm_router=1.64 topk=2.36 total=11.00
[OPROJ_INNER] slicewait=0.40 mfma=3.92 bar=2.80 rmsnorm_router=1.56 topk=0.72 total=9.40
[OPROJ_INNER] slicewait=0.40 mfma=3.92 bar=2.36 rmsnorm_router=1.60 topk=3.36 total=11.64
[BAR_OBS] ep=89 xcd=2 drain=0.400 l1=0.160 wait=2.160 acq=0.080 obs=19115196919940 bar=2.800
[BAR_OBS] ep=89 xcd=7 drain=0.480 l1=0.200 wait=1.600 acq=0.080 obs=19115196919958 bar=2.360
[BAR_ARR] ep=89 xcd=2 l1=0.160 l2=0.440
[BAR_OBS] ep=89 xcd=0 drain=0.400 l1=0.200 wait=1.920 acq=0.080 obs=19115196919945 bar=2.600
[BAR_OBS] ep=89 xcd=5 drain=0.480 l1=0.200 wait=1.440 acq=0.080 obs=19115196919939 bar=2.200
[BAR_ARR] ep=89 xcd=0 l1=0.200 l2=0.680
[BAR_OBS] ep=89 xcd=3 drain=0.360 l1=0.200 wait=2.160 acq=0.080 obs=19115196919944 bar=2.800
[BAR_ARR] ep=89 xcd=7 l1=0.200 l2=0.760
[BAR_ARR] ep=89 xcd=3 l1=0.200 l2=0.560
[BAR_ARR] ep=89 xcd=5 l1=0.200 l2=0.480
[BAR_OBS] ep=89 xcd=4 drain=0.480 l1=0.200 wait=1.400 acq=0.080 obs=19115196919933 bar=2.160
[BAR_OBS] ep=89 xcd=6 drain=0.480 l1=0.200 wait=1.960 acq=0.080 obs=19115196920003 bar=2.720
[BAR_OBS] ep=89 xcd=1 drain=0.360 l1=0.200 wait=2.000 acq=0.080 obs=19115196919946 bar=2.640
[BAR_ARR] ep=89 xcd=4 l1=0.200 l2=0.680
[BAR_ARR] ep=89 xcd=6 l1=0.200 l2=0.880
[BAR_ARR] ep=89 xcd=1 l1=0.200 l2=0.600
[BAR_REL] ep=89 xcd=6 rel=19115196919943
[OPROJ_INNER] slicewait=0.40 mfma=3.92 bar=2.60 rmsnorm_router=1.52 topk=0.44 total=8.88
[OPROJ_INNER] slicewait=0.40 mfma=3.96 bar=2.56 rmsnorm_router=1.88 topk=3.00 total=11.80
[OPROJ_INNER] slicewait=0.40 mfma=3.92 bar=2.52 rmsnorm_router=1.48 topk=2.76 total=11.08
[OPROJ_INNER] slicewait=0.40 mfma=3.96 bar=2.64 rmsnorm_router=1.64 topk=1.08 total=9.72
[OPROJ_INNER] slicewait=0.40 mfma=3.96 bar=2.68 rmsnorm_router=1.56 topk=2.12 total=10.72
[OPROJ_INNER] slicewait=0.44 mfma=3.88 bar=2.64 rmsnorm_router=1.60 topk=0.72 total=9.28
[BAR_OBS] ep=90 xcd=2 drain=0.400 l1=0.160 wait=1.960 acq=0.080 obs=19115197189684 bar=2.600
[OPROJ_INNER] slicewait=0.40 mfma=4.00 bar=2.64 rmsnorm_router=1.72 topk=3.08 total=11.84
[BAR_OBS] ep=90 xcd=7 drain=0.440 l1=0.200 wait=1.840 acq=0.080 obs=19115197189730 bar=2.560
[BAR_OBS] ep=90 xcd=0 drain=0.360 l1=0.200 wait=2.000 acq=0.080 obs=19115197189685 bar=2.640
[OPROJ_INNER] slicewait=0.40 mfma=3.96 bar=2.76 rmsnorm_router=1.72 topk=2.84 total=11.68
[BAR_OBS] ep=90 xcd=1 drain=0.360 l1=0.240 wait=2.000 acq=0.080 obs=19115197189698 bar=2.680
[BAR_OBS] ep=90 xcd=3 drain=0.400 l1=0.240 wait=1.920 acq=0.080 obs=19115197189688 bar=2.640
[BAR_ARR] ep=90 xcd=2 l1=0.160 l2=0.400
[BAR_ARR] ep=90 xcd=7 l1=0.200 l2=0.680
[BAR_OBS] ep=90 xcd=4 drain=0.480 l1=0.200 wait=1.760 acq=0.080 obs=19115197189717 bar=2.520
[BAR_ARR] ep=90 xcd=1 l1=0.240 l2=0.800
[BAR_OBS] ep=90 xcd=6 drain=0.520 l1=0.200 wait=1.840 acq=0.080 obs=19115197189747 bar=2.640
[BAR_ARR] ep=90 xcd=0 l1=0.200 l2=0.440
[BAR_OBS] ep=90 xcd=5 drain=0.480 l1=0.200 wait=2.040 acq=0.040 obs=19115197189747 bar=2.760
[BAR_ARR] ep=90 xcd=6 l1=0.200 l2=0.720
[BAR_ARR] ep=90 xcd=3 l1=0.240 l2=0.480
[BAR_ARR] ep=90 xcd=4 l1=0.200 l2=0.560
[BAR_REL] ep=90 xcd=6 rel=19115197189687
[BAR_ARR] ep=90 xcd=5 l1=0.200 l2=0.760
[OPROJ_INNER] slicewait=0.40 mfma=3.96 bar=2.76 rmsnorm_router=1.60 topk=1.32 total=10.04
[OPROJ_INNER] slicewait=0.40 mfma=3.92 bar=2.72 rmsnorm_router=1.52 topk=0.44 total=9.00
[OPROJ_INNER] slicewait=0.40 mfma=4.00 bar=2.76 rmsnorm_router=1.60 topk=1.28 total=10.04
[OPROJ_INNER] slicewait=0.40 mfma=3.96 bar=2.76 rmsnorm_router=1.64 topk=2.36 total=11.12
[OPROJ_INNER] slicewait=0.40 mfma=3.92 bar=2.20 rmsnorm_router=1.72 topk=3.32 total=11.56
[BAR_OBS] ep=91 xcd=2 drain=0.400 l1=0.200 wait=2.080 acq=0.040 obs=19115197464272 bar=2.720
[BAR_OBS] ep=91 xcd=0 drain=0.400 l1=0.200 wait=2.120 acq=0.040 obs=19115197464273 bar=2.760
[OPROJ_INNER] slicewait=0.44 mfma=3.92 bar=2.68 rmsnorm_router=1.92 topk=6.00 total=14.96
[OPROJ_INNER] slicewait=0.40 mfma=3.92 bar=2.08 rmsnorm_router=1.68 topk=2.20 total=10.28
[BAR_OBS] ep=91 xcd=1 drain=0.400 l1=0.200 wait=2.080 acq=0.080 obs=19115197464274 bar=2.760
[BAR_OBS] ep=91 xcd=3 drain=0.360 l1=0.200 wait=2.120 acq=0.080 obs=19115197464272 bar=2.760
[OPROJ_INNER] slicewait=0.40 mfma=3.92 bar=2.20 rmsnorm_router=1.72 topk=3.04 total=11.28
[BAR_ARR] ep=91 xcd=2 l1=0.200 l2=0.560
[BAR_ARR] ep=91 xcd=1 l1=0.200 l2=0.680
[BAR_OBS] ep=91 xcd=7 drain=0.480 l1=0.200 wait=1.440 acq=0.080 obs=19115197464274 bar=2.200
[BAR_ARR] ep=91 xcd=3 l1=0.200 l2=0.400
[BAR_OBS] ep=91 xcd=4 drain=0.440 l1=0.240 wait=1.320 acq=0.080 obs=19115197464261 bar=2.080
[BAR_ARR] ep=91 xcd=7 l1=0.200 l2=0.640
[BAR_OBS] ep=91 xcd=6 drain=0.440 l1=0.200 wait=1.960 acq=0.080 obs=19115197464331 bar=2.680
[BAR_ARR] ep=91 xcd=0 l1=0.200 l2=0.440
[BAR_ARR] ep=91 xcd=4 l1=0.240 l2=0.520
[BAR_ARR] ep=91 xcd=6 l1=0.200 l2=0.840
[BAR_OBS] ep=91 xcd=5 drain=0.480 l1=0.200 wait=1.440 acq=0.080 obs=19115197464267 bar=2.200
[BAR_REL] ep=91 xcd=6 rel=19115197464271
[BAR_ARR] ep=91 xcd=5 l1=0.200 l2=0.320
[OPROJ_INNER] slicewait=0.40 mfma=4.00 bar=2.68 rmsnorm_router=1.52 topk=0.40 total=9.00
[OPROJ_INNER] slicewait=0.36 mfma=4.00 bar=2.16 rmsnorm_router=1.64 topk=3.64 total=11.80
[OPROJ_INNER] slicewait=0.40 mfma=3.92 bar=2.88 rmsnorm_router=1.56 topk=0.92 total=9.68
[BAR_OBS] ep=92 xcd=2 drain=0.400 l1=0.160 wait=2.040 acq=0.080 obs=19115197733036 bar=2.680
[OPROJ_INNER] slicewait=0.40 mfma=4.04 bar=2.60 rmsnorm_router=1.64 topk=1.12 total=9.80
[OPROJ_INNER] slicewait=0.40 mfma=3.88 bar=2.84 rmsnorm_router=1.64 topk=2.24 total=11.00
[BAR_OBS] ep=92 xcd=7 drain=0.440 l1=0.240 wait=1.440 acq=0.040 obs=19115197733050 bar=2.160
[BAR_ARR] ep=92 xcd=2 l1=0.160 l2=0.560
[BAR_OBS] ep=92 xcd=0 drain=0.400 l1=0.200 wait=2.200 acq=0.080 obs=19115197733041 bar=2.880
[OPROJ_INNER] slicewait=0.44 mfma=3.96 bar=2.60 rmsnorm_router=1.44 topk=6.56 total=15.00
[BAR_ARR] ep=92 xcd=0 l1=0.200 l2=0.400
[BAR_ARR] ep=92 xcd=7 l1=0.240 l2=0.640
[OPROJ_INNER] slicewait=0.40 mfma=3.96 bar=2.16 rmsnorm_router=1.72 topk=3.12 total=11.36
[BAR_OBS] ep=92 xcd=1 drain=0.400 l1=0.200 wait=2.200 acq=0.040 obs=19115197733046 bar=2.840
[OPROJ_INNER] slicewait=0.36 mfma=3.84 bar=2.12 rmsnorm_router=1.68 topk=1.92 total=9.92
[BAR_ARR] ep=92 xcd=1 l1=0.200 l2=0.480
[BAR_OBS] ep=92 xcd=3 drain=0.360 l1=0.200 wait=1.960 acq=0.080 obs=19115197733040 bar=2.600
[BAR_ARR] ep=92 xcd=3 l1=0.200 l2=0.560
[BAR_OBS] ep=92 xcd=4 drain=0.480 l1=0.240 wait=1.320 acq=0.080 obs=19115197733029 bar=2.120
[BAR_OBS] ep=92 xcd=5 drain=0.440 l1=0.240 wait=1.400 acq=0.080 obs=19115197733035 bar=2.160
[BAR_OBS] ep=92 xcd=6 drain=0.480 l1=0.200 wait=1.840 acq=0.080 obs=19115197733099 bar=2.600
[BAR_ARR] ep=92 xcd=4 l1=0.240 l2=0.440
[BAR_ARR] ep=92 xcd=5 l1=0.240 l2=0.600
[BAR_ARR] ep=92 xcd=6 l1=0.200 l2=0.760
[BAR_REL] ep=92 xcd=6 rel=19115197733039
[OPROJ_INNER] slicewait=0.36 mfma=3.96 bar=2.84 rmsnorm_router=1.52 topk=0.44 total=9.12
[OPROJ_INNER] slicewait=0.40 mfma=3.96 bar=2.68 rmsnorm_router=1.68 topk=2.52 total=11.24
[OPROJ_INNER] slicewait=0.40 mfma=3.96 bar=2.12 rmsnorm_router=1.68 topk=2.92 total=11.08
[OPROJ_INNER] slicewait=0.40 mfma=3.92 bar=2.28 rmsnorm_router=1.56 topk=3.28 total=11.44
[BAR_OBS] ep=93 xcd=2 drain=0.360 l1=0.200 wait=2.240 acq=0.040 obs=19115197987540 bar=2.840
[OPROJ_INNER] slicewait=0.40 mfma=3.96 bar=2.68 rmsnorm_router=1.68 topk=1.64 total=10.36
[OPROJ_INNER] slicewait=0.40 mfma=4.00 bar=2.76 rmsnorm_router=1.52 topk=0.72 total=9.40
[BAR_ARR] ep=93 xcd=2 l1=0.200 l2=0.520
[BAR_OBS] ep=93 xcd=1 drain=0.360 l1=0.240 wait=2.000 acq=0.080 obs=19115197987542 bar=2.680
[BAR_OBS] ep=93 xcd=5 drain=0.440 l1=0.200 wait=1.400 acq=0.080 obs=19115197987535 bar=2.120
[BAR_ARR] ep=93 xcd=1 l1=0.240 l2=0.640
[BAR_OBS] ep=93 xcd=7 drain=0.480 l1=0.200 wait=1.520 acq=0.080 obs=19115197987550 bar=2.280
[OPROJ_INNER] slicewait=0.36 mfma=3.92 bar=2.12 rmsnorm_router=1.72 topk=1.56 total=9.68
[BAR_OBS] ep=93 xcd=0 drain=0.400 l1=0.200 wait=2.000 acq=0.080 obs=19115197987537 bar=2.680
[BAR_OBS] ep=93 xcd=3 drain=0.360 l1=0.200 wait=2.120 acq=0.080 obs=19115197987540 bar=2.760
[BAR_ARR] ep=93 xcd=0 l1=0.200 l2=0.560
[BAR_ARR] ep=93 xcd=7 l1=0.200 l2=0.720
[OPROJ_INNER] slicewait=0.40 mfma=3.92 bar=2.76 rmsnorm_router=1.68 topk=5.96 total=14.72
[BAR_ARR] ep=93 xcd=3 l1=0.200 l2=0.560
[BAR_ARR] ep=93 xcd=5 l1=0.200 l2=0.640
[BAR_OBS] ep=93 xcd=4 drain=0.480 l1=0.200 wait=1.360 acq=0.080 obs=19115197987529 bar=2.120
[BAR_OBS] ep=93 xcd=6 drain=0.520 l1=0.160 wait=2.000 acq=0.080 obs=19115197987607 bar=2.760
[BAR_ARR] ep=93 xcd=4 l1=0.200 l2=0.480
[BAR_ARR] ep=93 xcd=6 l1=0.160 l2=0.800
[BAR_REL] ep=93 xcd=6 rel=19115197987539
[OPROJ_INNER] slicewait=0.44 mfma=3.88 bar=2.80 rmsnorm_router=1.60 topk=1.40 total=10.12
[OPROJ_INNER] slicewait=0.44 mfma=3.92 bar=2.24 rmsnorm_router=1.52 topk=3.40 total=11.52
[OPROJ_INNER] slicewait=0.40 mfma=4.00 bar=2.64 rmsnorm_router=1.48 topk=0.44 total=8.96
[OPROJ_INNER] slicewait=0.40 mfma=4.00 bar=2.64 rmsnorm_router=1.56 topk=0.72 total=9.32
[OPROJ_INNER] slicewait=0.40 mfma=3.96 bar=2.16 rmsnorm_router=1.64 topk=2.92 total=11.08
[BAR_OBS] ep=94 xcd=5 drain=0.440 l1=0.200 wait=1.440 acq=0.080 obs=19115198249667 bar=2.160
[BAR_OBS] ep=94 xcd=0 drain=0.400 l1=0.160 wait=2.160 acq=0.080 obs=19115198249661 bar=2.800
[OPROJ_INNER] slicewait=0.40 mfma=3.96 bar=2.64 rmsnorm_router=1.60 topk=2.20 total=10.80
[BAR_OBS] ep=94 xcd=2 drain=0.360 l1=0.160 wait=2.040 acq=0.080 obs=19115198249660 bar=2.640
[BAR_ARR] ep=94 xcd=5 l1=0.200 l2=0.560
[OPROJ_INNER] slicewait=0.40 mfma=4.00 bar=2.72 rmsnorm_router=1.48 topk=6.24 total=14.84
[BAR_ARR] ep=94 xcd=2 l1=0.160 l2=0.360
[BAR_OBS] ep=94 xcd=3 drain=0.360 l1=0.240 wait=1.960 acq=0.080 obs=19115198249664 bar=2.640
[BAR_ARR] ep=94 xcd=3 l1=0.240 l2=0.520
[BAR_OBS] ep=94 xcd=7 drain=0.480 l1=0.200 wait=1.480 acq=0.080 obs=19115198249682 bar=2.240
[BAR_ARR] ep=94 xcd=0 l1=0.160 l2=0.400
[BAR_OBS] ep=94 xcd=6 drain=0.480 l1=0.200 wait=2.000 acq=0.040 obs=19115198249743 bar=2.720
[BAR_ARR] ep=94 xcd=7 l1=0.200 l2=0.640
[BAR_OBS] ep=94 xcd=1 drain=0.360 l1=0.240 wait=1.960 acq=0.080 obs=19115198249666 bar=2.640
[OPROJ_INNER] slicewait=0.40 mfma=3.96 bar=2.00 rmsnorm_router=1.68 topk=2.08 total=10.12
[BAR_ARR] ep=94 xcd=6 l1=0.200 l2=0.680
[BAR_ARR] ep=94 xcd=1 l1=0.240 l2=0.640
[BAR_REL] ep=94 xcd=6 rel=19115198249663
[BAR_OBS] ep=94 xcd=4 drain=0.440 l1=0.200 wait=1.280 acq=0.080 obs=19115198249653 bar=2.000
[BAR_ARR] ep=94 xcd=4 l1=0.200 l2=0.520
[OPROJ_INNER] slicewait=0.40 mfma=4.00 bar=2.64 rmsnorm_router=1.60 topk=0.64 total=9.28
[OPROJ_INNER] slicewait=0.44 mfma=4.00 bar=2.24 rmsnorm_router=1.52 topk=3.52 total=11.72
[OPROJ_INNER] slicewait=0.40 mfma=3.96 bar=2.16 rmsnorm_router=1.68 topk=2.64 total=10.84
[OPROJ_INNER] slicewait=0.44 mfma=3.92 bar=2.64 rmsnorm_router=1.64 topk=1.72 total=10.36
[OPROJ_INNER] slicewait=0.40 mfma=4.00 bar=2.64 rmsnorm_router=1.96 topk=6.12 total=15.12
[BAR_OBS] ep=95 xcd=0 drain=0.400 l1=0.200 wait=1.960 acq=0.080 obs=19115198515241 bar=2.640
[OPROJ_INNER] slicewait=0.40 mfma=3.96 bar=2.64 rmsnorm_router=1.56 topk=0.40 total=8.96
[BAR_OBS] ep=95 xcd=3 drain=0.400 l1=0.200 wait=1.960 acq=0.080 obs=19115198515244 bar=2.640
[OPROJ_INNER] slicewait=0.40 mfma=3.96 bar=2.64 rmsnorm_router=1.64 topk=2.96 total=11.60
[BAR_OBS] ep=95 xcd=5 drain=0.480 l1=0.200 wait=1.440 acq=0.040 obs=19115198515243 bar=2.160
[BAR_ARR] ep=95 xcd=3 l1=0.200 l2=0.760
[BAR_ARR] ep=95 xcd=5 l1=0.200 l2=0.560
[OPROJ_INNER] slicewait=0.36 mfma=3.96 bar=2.04 rmsnorm_router=1.68 topk=1.28 total=9.32
[BAR_OBS] ep=95 xcd=2 drain=0.400 l1=0.200 wait=2.000 acq=0.040 obs=19115198515240 bar=2.640
[BAR_OBS] ep=95 xcd=1 drain=0.360 l1=0.240 wait=1.960 acq=0.080 obs=19115198515246 bar=2.640
[BAR_ARR] ep=95 xcd=2 l1=0.200 l2=0.400
[BAR_ARR] ep=95 xcd=1 l1=0.240 l2=0.560
[BAR_OBS] ep=95 xcd=7 drain=0.440 l1=0.200 wait=1.520 acq=0.080 obs=19115198515258 bar=2.240
[BAR_ARR] ep=95 xcd=0 l1=0.200 l2=0.680
[BAR_OBS] ep=95 xcd=6 drain=0.480 l1=0.200 wait=1.880 acq=0.080 obs=19115198515299 bar=2.640
[BAR_ARR] ep=95 xcd=7 l1=0.200 l2=0.720
[BAR_OBS] ep=95 xcd=4 drain=0.480 l1=0.200 wait=1.320 acq=0.040 obs=19115198515233 bar=2.040
[BAR_ARR] ep=95 xcd=6 l1=0.200 l2=0.800
[BAR_ARR] ep=95 xcd=4 l1=0.200 l2=0.440
[BAR_REL] ep=95 xcd=6 rel=19115198515239
[OPROJ_INNER] slicewait=0.44 mfma=3.92 bar=2.12 rmsnorm_router=1.76 topk=3.48 total=11.72
[OPROJ_INNER] slicewait=0.40 mfma=3.96 bar=2.64 rmsnorm_router=1.60 topk=0.84 total=9.44
[OPROJ_INNER] slicewait=0.44 mfma=4.00 bar=2.24 rmsnorm_router=1.56 topk=3.00 total=11.24
[OPROJ_INNER] slicewait=0.40 mfma=3.96 bar=2.56 rmsnorm_router=1.56 topk=0.40 total=8.88
[OPROJ_INNER] slicewait=0.40 mfma=3.96 bar=2.64 rmsnorm_router=1.64 topk=1.16 total=9.80
[OPROJ_INNER] slicewait=0.36 mfma=3.96 bar=2.64 rmsnorm_router=1.68 topk=2.72 total=11.36
[BAR_OBS] ep=96 xcd=2 drain=0.400 l1=0.160 wait=1.920 acq=0.080 obs=19115198779300 bar=2.560
[OPROJ_INNER] slicewait=0.40 mfma=3.92 bar=2.68 rmsnorm_router=1.84 topk=6.24 total=15.08
[OPROJ_INNER] slicewait=0.40 mfma=3.92 bar=2.36 rmsnorm_router=1.44 topk=3.20 total=11.32
[BAR_ARR] ep=96 xcd=2 l1=0.160 l2=0.840
[BAR_OBS] ep=96 xcd=0 drain=0.360 l1=0.200 wait=2.000 acq=0.080 obs=19115198779305 bar=2.640
[BAR_OBS] ep=96 xcd=3 drain=0.400 l1=0.200 wait=1.960 acq=0.080 obs=19115198779304 bar=2.640
[BAR_ARR] ep=96 xcd=0 l1=0.200 l2=0.720
[BAR_ARR] ep=96 xcd=3 l1=0.200 l2=0.560
[BAR_OBS] ep=96 xcd=6 drain=0.480 l1=0.200 wait=1.600 acq=0.080 obs=19115198779323 bar=2.360
[BAR_OBS] ep=96 xcd=5 drain=0.480 l1=0.200 wait=1.480 acq=0.080 obs=19115198779315 bar=2.240
[BAR_OBS] ep=96 xcd=7 drain=0.440 l1=0.240 wait=1.360 acq=0.080 obs=19115198779298 bar=2.120
[BAR_ARR] ep=96 xcd=6 l1=0.200 l2=0.960
[BAR_ARR] ep=96 xcd=5 l1=0.200 l2=0.760
[BAR_OBS] ep=96 xcd=1 drain=0.360 l1=0.200 wait=2.000 acq=0.080 obs=19115198779306 bar=2.640
[BAR_OBS] ep=96 xcd=4 drain=0.480 l1=0.200 wait=1.960 acq=0.040 obs=19115198779361 bar=2.680
[BAR_ARR] ep=96 xcd=7 l1=0.240 l2=0.480
[BAR_ARR] ep=96 xcd=1 l1=0.200 l2=0.440
[BAR_ARR] ep=96 xcd=4 l1=0.200 l2=0.880
[BAR_REL] ep=96 xcd=4 rel=19115198779301
[OPROJ_INNER] slicewait=0.40 mfma=3.92 bar=2.72 rmsnorm_router=1.64 topk=2.16 total=10.84
[OPROJ_INNER] slicewait=0.40 mfma=4.00 bar=2.60 rmsnorm_router=1.60 topk=1.20 total=9.80
[OPROJ_INNER] slicewait=0.44 mfma=3.92 bar=2.64 rmsnorm_router=1.88 topk=6.00 total=14.88
[OPROJ_INNER] slicewait=0.40 mfma=3.92 bar=2.84 rmsnorm_router=1.56 topk=1.16 total=9.88
[OPROJ_INNER] slicewait=0.36 mfma=4.00 bar=2.24 rmsnorm_router=1.56 topk=3.28 total=11.44
[BAR_OBS] ep=97 xcd=0 drain=0.360 l1=0.200 wait=2.200 acq=0.080 obs=19115199047193 bar=2.840
[OPROJ_INNER] slicewait=0.40 mfma=4.00 bar=2.12 rmsnorm_router=1.72 topk=2.88 total=11.12
[BAR_OBS] ep=97 xcd=1 drain=0.360 l1=0.240 wait=2.040 acq=0.080 obs=19115199047194 bar=2.720
[OPROJ_INNER] slicewait=0.40 mfma=3.96 bar=2.80 rmsnorm_router=1.48 topk=0.40 total=9.04
[BAR_OBS] ep=97 xcd=3 drain=0.360 l1=0.200 wait=1.960 acq=0.080 obs=19115199047192 bar=2.600
[BAR_ARR] ep=97 xcd=0 l1=0.200 l2=0.360
[BAR_OBS] ep=97 xcd=5 drain=0.440 l1=0.240 wait=1.360 acq=0.080 obs=19115199047187 bar=2.120
[BAR_OBS] ep=97 xcd=2 drain=0.400 l1=0.200 wait=2.120 acq=0.080 obs=19115199047192 bar=2.800
[BAR_ARR] ep=97 xcd=1 l1=0.240 l2=0.560
[BAR_OBS] ep=97 xcd=7 drain=0.440 l1=0.240 wait=1.520 acq=0.040 obs=19115199047210 bar=2.240
[BAR_ARR] ep=97 xcd=3 l1=0.200 l2=0.640
[BAR_ARR] ep=97 xcd=2 l1=0.200 l2=0.560
[BAR_OBS] ep=97 xcd=6 drain=0.480 l1=0.200 wait=1.880 acq=0.080 obs=19115199047251 bar=2.640
[BAR_ARR] ep=97 xcd=5 l1=0.240 l2=0.480
[OPROJ_INNER] slicewait=0.40 mfma=3.92 bar=2.16 rmsnorm_router=1.60 topk=1.76 total=9.84
[BAR_ARR] ep=97 xcd=7 l1=0.240 l2=0.680
[BAR_ARR] ep=97 xcd=6 l1=0.200 l2=0.760
[BAR_REL] ep=97 xcd=6 rel=19115199047191
[BAR_OBS] ep=97 xcd=4 drain=0.480 l1=0.200 wait=1.400 acq=0.080 obs=19115199047193 bar=2.160
[BAR_ARR] ep=97 xcd=4 l1=0.200 l2=0.600
[OPROJ_INNER] slicewait=0.40 mfma=3.92 bar=2.76 rmsnorm_router=1.64 topk=2.08 total=10.80
[OPROJ_INNER] slicewait=0.36 mfma=3.88 bar=2.76 rmsnorm_router=1.64 topk=2.32 total=10.96
[OPROJ_INNER] slicewait=0.36 mfma=3.92 bar=2.08 rmsnorm_router=1.68 topk=1.32 total=9.36
[OPROJ_INNER] slicewait=0.40 mfma=3.96 bar=2.60 rmsnorm_router=1.56 topk=0.76 total=9.28
[OPROJ_INNER] slicewait=0.40 mfma=4.00 bar=2.64 rmsnorm_router=1.84 topk=6.24 total=15.12
[OPROJ_INNER] slicewait=0.40 mfma=3.96 bar=2.80 rmsnorm_router=1.48 topk=0.44 total=9.08
[BAR_OBS] ep=98 xcd=1 drain=0.360 l1=0.240 wait=2.080 acq=0.080 obs=19115199324542 bar=2.760
[BAR_OBS] ep=98 xcd=3 drain=0.400 l1=0.200 wait=1.920 acq=0.080 obs=19115199324536 bar=2.600
[OPROJ_INNER] slicewait=0.40 mfma=3.92 bar=2.20 rmsnorm_router=1.60 topk=3.40 total=11.52
[BAR_OBS] ep=98 xcd=0 drain=0.400 l1=0.200 wait=2.120 acq=0.040 obs=19115199324541 bar=2.760
[BAR_ARR] ep=98 xcd=3 l1=0.200 l2=0.640
[BAR_ARR] ep=98 xcd=0 l1=0.200 l2=0.520
[BAR_OBS] ep=98 xcd=6 drain=0.480 l1=0.200 wait=1.880 acq=0.080 obs=19115199324603 bar=2.640
[BAR_OBS] ep=98 xcd=2 drain=0.360 l1=0.200 wait=2.160 acq=0.080 obs=19115199324536 bar=2.800
[BAR_ARR] ep=98 xcd=2 l1=0.200 l2=0.480
[BAR_ARR] ep=98 xcd=6 l1=0.200 l2=0.720
[BAR_OBS] ep=98 xcd=4 drain=0.480 l1=0.200 wait=1.320 acq=0.080 obs=19115199324525 bar=2.080
[BAR_REL] ep=98 xcd=6 rel=19115199324535
[BAR_OBS] ep=98 xcd=5 drain=0.480 l1=0.200 wait=1.440 acq=0.080 obs=19115199324539 bar=2.200
[BAR_ARR] ep=98 xcd=1 l1=0.240 l2=0.600
[BAR_ARR] ep=98 xcd=4 l1=0.200 l2=0.360
[OPROJ_INNER] slicewait=0.40 mfma=4.00 bar=2.16 rmsnorm_router=1.52 topk=3.68 total=11.76
[BAR_ARR] ep=98 xcd=5 l1=0.200 l2=0.680
[BAR_OBS] ep=98 xcd=7 drain=0.440 l1=0.240 wait=1.400 acq=0.080 obs=19115199324550 bar=2.160
[BAR_ARR] ep=98 xcd=7 l1=0.240 l2=0.600
[OPROJ_INNER] slicewait=0.44 mfma=3.92 bar=2.68 rmsnorm_router=1.68 topk=1.20 total=9.92
[OPROJ_INNER] slicewait=0.40 mfma=4.00 bar=2.64 rmsnorm_router=1.60 topk=0.72 total=9.36
[OPROJ_INNER] slicewait=0.40 mfma=4.00 bar=2.36 rmsnorm_router=1.52 topk=3.08 total=11.36
[OPROJ_INNER] slicewait=0.40 mfma=3.92 bar=2.68 rmsnorm_router=1.72 topk=2.24 total=10.96
[OPROJ_INNER] slicewait=0.40 mfma=3.92 bar=2.24 rmsnorm_router=1.64 topk=1.64 total=9.84
[OPROJ_INNER] slicewait=0.40 mfma=3.88 bar=2.68 rmsnorm_router=1.52 topk=0.44 total=8.92
[OPROJ_INNER] slicewait=0.40 mfma=4.00 bar=2.80 rmsnorm_router=1.68 topk=6.08 total=14.96
[BAR_OBS] ep=99 xcd=3 drain=0.360 l1=0.200 wait=2.000 acq=0.080 obs=19115199600864 bar=2.640
[BAR_OBS] ep=99 xcd=0 drain=0.400 l1=0.200 wait=2.040 acq=0.040 obs=19115199600865 bar=2.680
[OPROJ_INNER] slicewait=0.40 mfma=3.92 bar=2.52 rmsnorm_router=1.44 topk=3.32 total=11.60
[BAR_ARR] ep=99 xcd=0 l1=0.200 l2=0.520
[BAR_OBS] ep=99 xcd=6 drain=0.480 l1=0.200 wait=2.040 acq=0.080 obs=19115199600931 bar=2.800
[BAR_OBS] ep=99 xcd=7 drain=0.440 l1=0.240 wait=1.760 acq=0.080 obs=19115199600894 bar=2.520
[BAR_ARR] ep=99 xcd=6 l1=0.200 l2=0.880
[BAR_ARR] ep=99 xcd=7 l1=0.240 l2=0.760
[BAR_REL] ep=99 xcd=6 rel=19115199600863
[BAR_ARR] ep=99 xcd=3 l1=0.200 l2=0.760
[BAR_OBS] ep=99 xcd=1 drain=0.360 l1=0.200 wait=2.040 acq=0.080 obs=19115199600866 bar=2.680
[BAR_OBS] ep=99 xcd=2 drain=0.400 l1=0.200 wait=2.000 acq=0.080 obs=19115199600860 bar=2.680
[BAR_ARR] ep=99 xcd=1 l1=0.200 l2=0.640
[BAR_OBS] ep=99 xcd=4 drain=0.480 l1=0.200 wait=1.480 acq=0.080 obs=19115199600861 bar=2.240
[BAR_OBS] ep=99 xcd=5 drain=0.440 l1=0.200 wait=1.640 acq=0.080 obs=19115199600879 bar=2.360
[BAR_ARR] ep=99 xcd=2 l1=0.200 l2=0.480
[BAR_ARR] ep=99 xcd=4 l1=0.200 l2=0.480
[BAR_ARR] ep=99 xcd=5 l1=0.200 l2=0.680
[OPROJ_INNER] slicewait=0.44 mfma=3.92 bar=2.60 rmsnorm_router=1.64 topk=1.16 total=9.76
[OPROJ_INNER] slicewait=0.40 mfma=4.00 bar=2.36 rmsnorm_router=1.48 topk=3.52 total=11.76
[OPROJ_INNER] slicewait=0.40 mfma=3.88 bar=2.56 rmsnorm_router=1.52 topk=0.44 total=8.80
[OPROJ_INNER] slicewait=0.36 mfma=3.92 bar=2.68 rmsnorm_router=1.56 topk=1.28 total=9.80
[OPROJ_INNER] slicewait=0.44 mfma=3.96 bar=2.60 rmsnorm_router=1.72 topk=6.24 total=14.96
[OPROJ_INNER] slicewait=0.40 mfma=3.92 bar=2.28 rmsnorm_router=1.52 topk=1.80 total=9.92
[OPROJ_INNER] slicewait=0.44 mfma=3.92 bar=2.60 rmsnorm_router=1.60 topk=2.24 total=10.80
[BAR_OBS] ep=100 xcd=0 drain=0.400 l1=0.200 wait=1.920 acq=0.080 obs=19115199862661 bar=2.600
[OPROJ_INNER] slicewait=0.44 mfma=3.92 bar=2.16 rmsnorm_router=1.68 topk=3.12 total=11.32
[BAR_OBS] ep=100 xcd=3 drain=0.400 l1=0.200 wait=2.000 acq=0.080 obs=19115199862664 bar=2.680
[BAR_OBS] ep=100 xcd=7 drain=0.440 l1=0.200 wait=1.680 acq=0.040 obs=19115199862694 bar=2.360
[BAR_OBS] ep=100 xcd=4 drain=0.440 l1=0.200 wait=1.560 acq=0.080 obs=19115199862673 bar=2.280
[BAR_OBS] ep=100 xcd=2 drain=0.400 l1=0.200 wait=1.880 acq=0.080 obs=19115199862660 bar=2.560
[BAR_ARR] ep=100 xcd=0 l1=0.200 l2=0.640
[BAR_OBS] ep=100 xcd=1 drain=0.360 l1=0.240 wait=1.920 acq=0.080 obs=19115199862666 bar=2.600
[BAR_OBS] ep=100 xcd=5 drain=0.440 l1=0.240 wait=1.440 acq=0.040 obs=19115199862663 bar=2.160
[BAR_ARR] ep=100 xcd=3 l1=0.200 l2=0.320
[BAR_ARR] ep=100 xcd=2 l1=0.200 l2=0.760
[BAR_ARR] ep=100 xcd=4 l1=0.200 l2=0.640
[BAR_OBS] ep=100 xcd=6 drain=0.480 l1=0.200 wait=1.880 acq=0.040 obs=19115199862723 bar=2.600
[BAR_ARR] ep=100 xcd=5 l1=0.240 l2=0.480
[BAR_ARR] ep=100 xcd=7 l1=0.200 l2=0.680
[BAR_ARR] ep=100 xcd=1 l1=0.240 l2=0.560
[BAR_ARR] ep=100 xcd=6 l1=0.200 l2=0.760
[BAR_REL] ep=100 xcd=6 rel=19115199862659
[OPROJ_INNER] slicewait=0.36 mfma=4.04 bar=2.68 rmsnorm_router=1.52 topk=0.40 total=9.00
[OPROJ_INNER] slicewait=0.40 mfma=3.92 bar=2.32 rmsnorm_router=1.48 topk=1.84 total=9.96
[OPROJ_INNER] slicewait=0.40 mfma=4.00 bar=2.60 rmsnorm_router=1.56 topk=0.76 total=9.32
[OPROJ_INNER] slicewait=0.40 mfma=3.96 bar=2.64 rmsnorm_router=1.64 topk=2.56 total=11.20
[OPROJ_INNER] slicewait=0.36 mfma=4.00 bar=2.72 rmsnorm_router=1.72 topk=6.32 total=15.12
[OPROJ_INNER] slicewait=0.36 mfma=3.96 bar=2.24 rmsnorm_router=1.72 topk=3.12 total=11.40
[OPROJ_INNER] slicewait=0.36 mfma=4.00 bar=2.48 rmsnorm_router=1.48 topk=3.40 total=11.72
[OPROJ_INNER] slicewait=0.44 mfma=3.92 bar=2.68 rmsnorm_router=1.60 topk=1.88 total=10.52
[BAR_OBS] ep=101 xcd=3 drain=0.360 l1=0.240 wait=1.960 acq=0.040 obs=19115200145484 bar=2.600
[BAR_OBS] ep=101 xcd=2 drain=0.360 l1=0.200 wait=2.040 acq=0.080 obs=19115200145480 bar=2.680
[BAR_OBS] ep=101 xcd=5 drain=0.480 l1=0.200 wait=1.480 acq=0.080 obs=19115200145475 bar=2.240
[BAR_ARR] ep=101 xcd=2 l1=0.200 l2=0.440
[BAR_ARR] ep=101 xcd=3 l1=0.240 l2=0.720
[BAR_OBS] ep=101 xcd=0 drain=0.400 l1=0.160 wait=2.040 acq=0.080 obs=19115200145481 bar=2.680
[BAR_OBS] ep=101 xcd=1 drain=0.360 l1=0.240 wait=1.960 acq=0.080 obs=19115200145482 bar=2.640
[BAR_ARR] ep=101 xcd=0 l1=0.160 l2=0.680
[BAR_ARR] ep=101 xcd=5 l1=0.200 l2=0.640
[BAR_OBS] ep=101 xcd=7 drain=0.480 l1=0.200 wait=1.720 acq=0.080 obs=19115200145510 bar=2.480
[BAR_ARR] ep=101 xcd=1 l1=0.240 l2=0.600
[BAR_OBS] ep=101 xcd=6 drain=0.480 l1=0.200 wait=1.960 acq=0.080 obs=19115200145539 bar=2.720
[BAR_OBS] ep=101 xcd=4 drain=0.480 l1=0.200 wait=1.560 acq=0.080 obs=19115200145489 bar=2.320
[BAR_ARR] ep=101 xcd=7 l1=0.200 l2=0.720
[BAR_ARR] ep=101 xcd=4 l1=0.200 l2=0.640
[BAR_ARR] ep=101 xcd=6 l1=0.200 l2=0.880
[BAR_REL] ep=101 xcd=6 rel=19115200145479
[OPROJ_INNER] slicewait=0.40 mfma=3.96 bar=2.68 rmsnorm_router=1.60 topk=1.00 total=9.64
[OPROJ_INNER] slicewait=0.40 mfma=3.96 bar=2.64 rmsnorm_router=1.60 topk=1.20 total=9.80
[OPROJ_INNER] slicewait=0.40 mfma=3.92 bar=2.20 rmsnorm_router=1.60 topk=2.04 total=10.16
[OPROJ_INNER] slicewait=0.40 mfma=4.00 bar=2.48 rmsnorm_router=1.48 topk=3.68 total=12.04
[OPROJ_INNER] slicewait=0.40 mfma=3.96 bar=2.60 rmsnorm_router=1.68 topk=2.08 total=10.72
[BAR_OBS] ep=102 xcd=0 drain=0.400 l1=0.200 wait=2.000 acq=0.080 obs=19115200416957 bar=2.680
[OPROJ_INNER] slicewait=0.40 mfma=3.96 bar=2.68 rmsnorm_router=1.68 topk=6.32 total=15.04
[BAR_ARR] ep=102 xcd=0 l1=0.200 l2=0.640
[OPROJ_INNER] slicewait=0.40 mfma=3.88 bar=2.60 rmsnorm_router=1.52 topk=0.44 total=8.84
[OPROJ_INNER] slicewait=0.40 mfma=3.96 bar=2.28 rmsnorm_router=1.56 topk=3.24 total=11.44
[BAR_OBS] ep=102 xcd=1 drain=0.360 l1=0.200 wait=1.960 acq=0.080 obs=19115200416958 bar=2.600
[BAR_ARR] ep=102 xcd=1 l1=0.200 l2=0.800
[BAR_OBS] ep=102 xcd=3 drain=0.360 l1=0.240 wait=1.960 acq=0.080 obs=19115200416956 bar=2.640
[BAR_OBS] ep=102 xcd=4 drain=0.480 l1=0.200 wait=1.480 acq=0.040 obs=19115200416961 bar=2.200
[BAR_ARR] ep=102 xcd=3 l1=0.240 l2=0.520
[BAR_OBS] ep=102 xcd=6 drain=0.480 l1=0.200 wait=1.920 acq=0.080 obs=19115200417019 bar=2.680
[BAR_OBS] ep=102 xcd=7 drain=0.440 l1=0.240 wait=1.560 acq=0.040 obs=19115200416978 bar=2.280
[BAR_OBS] ep=102 xcd=5 drain=0.480 l1=0.200 wait=1.720 acq=0.080 obs=19115200416991 bar=2.480
[BAR_ARR] ep=102 xcd=6 l1=0.200 l2=0.760
[BAR_ARR] ep=102 xcd=7 l1=0.240 l2=0.640
[BAR_ARR] ep=102 xcd=4 l1=0.200 l2=0.480
[BAR_ARR] ep=102 xcd=5 l1=0.200 l2=0.680
[BAR_REL] ep=102 xcd=6 rel=19115200416955
[BAR_OBS] ep=102 xcd=2 drain=0.360 l1=0.200 wait=1.960 acq=0.080 obs=19115200416952 bar=2.600
[BAR_ARR] ep=102 xcd=2 l1=0.200 l2=0.680
[OPROJ_INNER] slicewait=0.40 mfma=3.96 bar=2.56 rmsnorm_router=1.68 topk=1.12 total=9.72
[OPROJ_INNER] slicewait=0.40 mfma=3.92 bar=2.84 rmsnorm_router=1.56 topk=0.64 total=9.36
[OPROJ_INNER] slicewait=0.36 mfma=3.92 bar=2.12 rmsnorm_router=1.64 topk=1.24 total=9.28
[OPROJ_INNER] slicewait=0.44 mfma=3.92 bar=2.68 rmsnorm_router=1.68 topk=6.08 total=14.80
[OPROJ_INNER] slicewait=0.36 mfma=4.00 bar=2.64 rmsnorm_router=1.52 topk=0.40 total=8.92
[OPROJ_INNER] slicewait=0.40 mfma=3.92 bar=2.72 rmsnorm_router=1.64 topk=2.64 total=11.32
[OPROJ_INNER] slicewait=0.44 mfma=3.96 bar=2.08 rmsnorm_router=1.64 topk=2.88 total=11.00
[OPROJ_INNER] slicewait=0.40 mfma=3.96 bar=2.20 rmsnorm_router=1.52 topk=3.24 total=11.32
[BAR_OBS] ep=103 xcd=3 drain=0.400 l1=0.200 wait=2.160 acq=0.080 obs=19115200678320 bar=2.840
[BAR_OBS] ep=103 xcd=0 drain=0.400 l1=0.200 wait=1.920 acq=0.040 obs=19115200678321 bar=2.560
[BAR_ARR] ep=103 xcd=3 l1=0.200 l2=0.400
[BAR_OBS] ep=103 xcd=1 drain=0.360 l1=0.200 wait=2.080 acq=0.080 obs=19115200678322 bar=2.720
[BAR_ARR] ep=103 xcd=0 l1=0.200 l2=0.600
[BAR_OBS] ep=103 xcd=2 drain=0.400 l1=0.200 wait=1.960 acq=0.080 obs=19115200678320 bar=2.640
[BAR_ARR] ep=103 xcd=2 l1=0.200 l2=0.480
[BAR_OBS] ep=103 xcd=7 drain=0.440 l1=0.240 wait=1.480 acq=0.040 obs=19115200678338 bar=2.200
[BAR_OBS] ep=103 xcd=4 drain=0.480 l1=0.200 wait=1.360 acq=0.080 obs=19115200678309 bar=2.120
[BAR_OBS] ep=103 xcd=6 drain=0.480 l1=0.160 wait=1.960 acq=0.080 obs=19115200678387 bar=2.680
[BAR_ARR] ep=103 xcd=7 l1=0.240 l2=0.640
[BAR_ARR] ep=103 xcd=4 l1=0.200 l2=0.520
[BAR_OBS] ep=103 xcd=5 drain=0.480 l1=0.200 wait=1.320 acq=0.080 obs=19115200678319 bar=2.080
[BAR_ARR] ep=103 xcd=6 l1=0.160 l2=0.760
[BAR_ARR] ep=103 xcd=1 l1=0.200 l2=0.440
[BAR_REL] ep=103 xcd=6 rel=19115200678319
[BAR_ARR] ep=103 xcd=5 l1=0.200 l2=0.560
[OPROJ_INNER] slicewait=0.40 mfma=3.96 bar=2.44 rmsnorm_router=1.64 topk=1.28 total=9.72
[OPROJ_INNER] slicewait=0.40 mfma=3.96 bar=2.24 rmsnorm_router=1.48 topk=3.76 total=11.84
[OPROJ_INNER] slicewait=0.36 mfma=4.00 bar=2.44 rmsnorm_router=1.48 topk=0.44 total=8.72
[OPROJ_INNER] slicewait=0.36 mfma=3.96 bar=2.44 rmsnorm_router=1.68 topk=1.88 total=10.32
[OPROJ_INNER] slicewait=0.44 mfma=3.96 bar=2.52 rmsnorm_router=1.44 topk=6.44 total=14.80
[OPROJ_INNER] slicewait=0.44 mfma=3.92 bar=2.16 rmsnorm_router=1.60 topk=3.28 total=11.40
[BAR_OBS] ep=104 xcd=6 drain=0.480 l1=0.200 wait=1.480 acq=0.080 obs=19115200945375 bar=2.240
[BAR_OBS] ep=104 xcd=3 drain=0.400 l1=0.200 wait=1.800 acq=0.040 obs=19115200945348 bar=2.440
[BAR_ARR] ep=104 xcd=6 l1=0.200 l2=0.840
[OPROJ_INNER] slicewait=0.40 mfma=3.96 bar=2.44 rmsnorm_router=1.56 topk=1.28 total=9.64
[BAR_OBS] ep=104 xcd=2 drain=0.360 l1=0.200 wait=1.800 acq=0.080 obs=19115200945348 bar=2.440
[BAR_OBS] ep=104 xcd=1 drain=0.360 l1=0.200 wait=1.840 acq=0.040 obs=19115200945350 bar=2.440
[BAR_ARR] ep=104 xcd=1 l1=0.200 l2=0.640
[OPROJ_INNER] slicewait=0.36 mfma=3.92 bar=2.24 rmsnorm_router=1.48 topk=3.12 total=11.12
[BAR_ARR] ep=104 xcd=2 l1=0.200 l2=0.800
[BAR_OBS] ep=104 xcd=0 drain=0.400 l1=0.200 wait=1.760 acq=0.080 obs=19115200945345 bar=2.440
[BAR_OBS] ep=104 xcd=7 drain=0.480 l1=0.200 wait=1.400 acq=0.080 obs=19115200945358 bar=2.160
[BAR_ARR] ep=104 xcd=3 l1=0.200 l2=0.360
[BAR_ARR] ep=104 xcd=0 l1=0.200 l2=0.640
[BAR_OBS] ep=104 xcd=4 drain=0.480 l1=0.200 wait=1.480 acq=0.080 obs=19115200945369 bar=2.240
[BAR_ARR] ep=104 xcd=7 l1=0.200 l2=0.520
[BAR_OBS] ep=104 xcd=5 drain=0.480 l1=0.280 wait=1.680 acq=0.080 obs=19115200945399 bar=2.520
[BAR_ARR] ep=104 xcd=4 l1=0.200 l2=0.720
[BAR_ARR] ep=104 xcd=5 l1=0.280 l2=0.640
[BAR_REL] ep=104 xcd=5 rel=19115200945343
[OPROJ_INNER] slicewait=0.40 mfma=3.96 bar=2.28 rmsnorm_router=1.48 topk=2.40 total=10.52
[OPROJ_INNER] slicewait=0.40 mfma=3.96 bar=2.60 rmsnorm_router=1.68 topk=2.24 total=10.88
[OPROJ_INNER] slicewait=0.40 mfma=3.92 bar=2.68 rmsnorm_router=1.56 topk=0.40 total=8.96
[OPROJ_INNER] slicewait=0.40 mfma=3.96 bar=2.64 rmsnorm_router=1.64 topk=1.36 total=10.00
[OPROJ_INNER] slicewait=0.40 mfma=3.92 bar=2.64 rmsnorm_router=1.84 topk=6.12 total=14.92
[BAR_OBS] ep=105 xcd=4 drain=0.480 l1=0.200 wait=1.520 acq=0.080 obs=19115201213673 bar=2.280
[OPROJ_INNER] slicewait=0.40 mfma=3.96 bar=2.12 rmsnorm_router=1.64 topk=2.80 total=10.92
[OPROJ_INNER] slicewait=0.40 mfma=3.96 bar=2.04 rmsnorm_router=1.80 topk=3.28 total=11.48
[OPROJ_INNER] slicewait=0.40 mfma=3.96 bar=2.72 rmsnorm_router=1.56 topk=0.80 total=9.44
[BAR_OBS] ep=105 xcd=0 drain=0.400 l1=0.160 wait=2.000 acq=0.080 obs=19115201213649 bar=2.640
[BAR_ARR] ep=105 xcd=4 l1=0.200 l2=0.640
[BAR_OBS] ep=105 xcd=2 drain=0.360 l1=0.200 wait=2.040 acq=0.080 obs=19115201213648 bar=2.680
[BAR_ARR] ep=105 xcd=0 l1=0.160 l2=0.720
[BAR_OBS] ep=105 xcd=3 drain=0.400 l1=0.200 wait=2.040 acq=0.080 obs=19115201213652 bar=2.720
[BAR_ARR] ep=105 xcd=2 l1=0.200 l2=0.440
[BAR_OBS] ep=105 xcd=7 drain=0.440 l1=0.200 wait=1.440 acq=0.040 obs=19115201213662 bar=2.120
[BAR_ARR] ep=105 xcd=3 l1=0.200 l2=0.480
[BAR_OBS] ep=105 xcd=1 drain=0.360 l1=0.200 wait=1.960 acq=0.080 obs=19115201213654 bar=2.600
[BAR_OBS] ep=105 xcd=5 drain=0.440 l1=0.200 wait=1.360 acq=0.040 obs=19115201213647 bar=2.040
[BAR_ARR] ep=105 xcd=1 l1=0.200 l2=0.640
[BAR_OBS] ep=105 xcd=6 drain=0.480 l1=0.200 wait=1.880 acq=0.080 obs=19115201213711 bar=2.640
[BAR_ARR] ep=105 xcd=5 l1=0.200 l2=0.480
[BAR_ARR] ep=105 xcd=7 l1=0.200 l2=0.560
[BAR_ARR] ep=105 xcd=6 l1=0.200 l2=0.760
[BAR_REL] ep=105 xcd=6 rel=19115201213651
[OPROJ_INNER] slicewait=0.40 mfma=3.92 bar=2.80 rmsnorm_router=1.64 topk=1.08 total=9.84
[OPROJ_INNER] slicewait=0.40 mfma=3.96 bar=2.60 rmsnorm_router=1.72 topk=5.92 total=14.60
[OPROJ_INNER] slicewait=0.40 mfma=3.92 bar=2.68 rmsnorm_router=1.68 topk=2.04 total=10.72
[BAR_OBS] ep=106 xcd=3 drain=0.400 l1=0.200 wait=2.160 acq=0.040 obs=19115201480056 bar=2.800
[OPROJ_INNER] slicewait=0.40 mfma=3.96 bar=2.80 rmsnorm_router=1.52 topk=0.44 total=9.12
[BAR_OBS] ep=106 xcd=6 drain=0.440 l1=0.200 wait=1.920 acq=0.040 obs=19115201480115 bar=2.600
[OPROJ_INNER] slicewait=0.44 mfma=3.92 bar=2.16 rmsnorm_router=1.64 topk=2.76 total=10.92
[BAR_ARR] ep=106 xcd=3 l1=0.200 l2=0.520
[BAR_ARR] ep=106 xcd=6 l1=0.200 l2=0.800
[OPROJ_INNER] slicewait=0.40 mfma=3.88 bar=2.76 rmsnorm_router=1.60 topk=0.60 total=9.24
[BAR_OBS] ep=106 xcd=2 drain=0.360 l1=0.200 wait=2.160 acq=0.080 obs=19115201480052 bar=2.800
[OPROJ_INNER] slicewait=0.40 mfma=3.92 bar=2.24 rmsnorm_router=1.60 topk=3.12 total=11.28
[BAR_ARR] ep=106 xcd=2 l1=0.200 l2=0.520
[BAR_REL] ep=106 xcd=6 rel=19115201480051
[OPROJ_INNER] slicewait=0.36 mfma=3.92 bar=2.12 rmsnorm_router=1.68 topk=1.92 total=10.00
[BAR_OBS] ep=106 xcd=0 drain=0.400 l1=0.200 wait=2.080 acq=0.080 obs=19115201480053 bar=2.760
[BAR_OBS] ep=106 xcd=5 drain=0.480 l1=0.200 wait=1.400 acq=0.080 obs=19115201480051 bar=2.160
[BAR_ARR] ep=106 xcd=0 l1=0.200 l2=0.640
[BAR_OBS] ep=106 xcd=1 drain=0.360 l1=0.200 wait=2.080 acq=0.040 obs=19115201480058 bar=2.680
[BAR_OBS] ep=106 xcd=7 drain=0.440 l1=0.240 wait=1.520 acq=0.040 obs=19115201480070 bar=2.240
[BAR_ARR] ep=106 xcd=5 l1=0.200 l2=0.560
[BAR_ARR] ep=106 xcd=1 l1=0.200 l2=0.720
[BAR_ARR] ep=106 xcd=7 l1=0.240 l2=0.680
[BAR_OBS] ep=106 xcd=4 drain=0.440 l1=0.200 wait=1.440 acq=0.040 obs=19115201480049 bar=2.120
[BAR_ARR] ep=106 xcd=4 l1=0.200 l2=0.480
[OPROJ_INNER] slicewait=0.44 mfma=3.96 bar=2.72 rmsnorm_router=1.68 topk=2.28 total=11.08
[OPROJ_INNER] slicewait=0.44 mfma=3.92 bar=2.76 rmsnorm_router=1.68 topk=2.64 total=11.44
[OPROJ_INNER] slicewait=0.40 mfma=3.96 bar=2.72 rmsnorm_router=1.52 topk=0.44 total=9.04
[OPROJ_INNER] slicewait=0.40 mfma=3.96 bar=2.80 rmsnorm_router=1.56 topk=0.76 total=9.48
[OPROJ_INNER] slicewait=0.40 mfma=3.96 bar=2.40 rmsnorm_router=1.44 topk=3.60 total=11.80
[BAR_OBS] ep=107 xcd=0 drain=0.400 l1=0.200 wait=2.080 acq=0.040 obs=19115201742173 bar=2.720
[OPROJ_INNER] slicewait=0.44 mfma=3.92 bar=2.12 rmsnorm_router=1.72 topk=3.48 total=11.68
[OPROJ_INNER] slicewait=0.40 mfma=4.00 bar=2.20 rmsnorm_router=1.60 topk=3.16 total=11.36
[OPROJ_INNER] slicewait=0.40 mfma=4.00 bar=2.72 rmsnorm_router=1.64 topk=6.28 total=15.04
[BAR_OBS] ep=107 xcd=2 drain=0.360 l1=0.200 wait=2.080 acq=0.080 obs=19115201742168 bar=2.720
[BAR_OBS] ep=107 xcd=1 drain=0.360 l1=0.240 wait=2.080 acq=0.080 obs=19115201742174 bar=2.760
[BAR_ARR] ep=107 xcd=0 l1=0.200 l2=0.840
[BAR_OBS] ep=107 xcd=3 drain=0.400 l1=0.200 wait=2.120 acq=0.080 obs=19115201742172 bar=2.800
[BAR_OBS] ep=107 xcd=5 drain=0.480 l1=0.200 wait=1.440 acq=0.080 obs=19115201742179 bar=2.200
[BAR_ARR] ep=107 xcd=3 l1=0.200 l2=0.560
[BAR_ARR] ep=107 xcd=2 l1=0.200 l2=0.600
[BAR_ARR] ep=107 xcd=5 l1=0.200 l2=0.600
[BAR_OBS] ep=107 xcd=7 drain=0.440 l1=0.240 wait=1.360 acq=0.080 obs=19115201742166 bar=2.120
[BAR_OBS] ep=107 xcd=6 drain=0.520 l1=0.200 wait=1.600 acq=0.080 obs=19115201742199 bar=2.400
[BAR_ARR] ep=107 xcd=1 l1=0.240 l2=0.720
[BAR_ARR] ep=107 xcd=7 l1=0.240 l2=0.360
[BAR_ARR] ep=107 xcd=6 l1=0.200 l2=0.640
[BAR_OBS] ep=107 xcd=4 drain=0.480 l1=0.200 wait=1.960 acq=0.080 obs=19115201742237 bar=2.720
[BAR_ARR] ep=107 xcd=4 l1=0.200 l2=0.800
[BAR_REL] ep=107 xcd=4 rel=19115201742169
[OPROJ_INNER] slicewait=0.36 mfma=3.96 bar=2.92 rmsnorm_router=1.60 topk=1.56 total=10.40
[OPROJ_INNER] slicewait=0.44 mfma=3.92 bar=2.12 rmsnorm_router=1.80 topk=3.20 total=11.48
[OPROJ_INNER] slicewait=0.40 mfma=3.96 bar=2.72 rmsnorm_router=1.52 topk=0.76 total=9.36
[OPROJ_INNER] slicewait=0.36 mfma=4.00 bar=2.88 rmsnorm_router=1.48 topk=0.40 total=9.12
[OPROJ_INNER] slicewait=0.40 mfma=3.88 bar=2.84 rmsnorm_router=1.60 topk=1.76 total=10.48
[BAR_OBS] ep=108 xcd=0 drain=0.360 l1=0.200 wait=2.280 acq=0.080 obs=19115202027837 bar=2.920
[OPROJ_INNER] slicewait=0.44 mfma=3.96 bar=2.32 rmsnorm_router=1.52 topk=2.68 total=10.92
[OPROJ_INNER] slicewait=0.40 mfma=3.96 bar=2.68 rmsnorm_router=1.80 topk=5.80 total=14.64
[BAR_OBS] ep=108 xcd=2 drain=0.400 l1=0.200 wait=2.200 acq=0.080 obs=19115202027836 bar=2.880
[BAR_OBS] ep=108 xcd=5 drain=0.480 l1=0.200 wait=1.400 acq=0.040 obs=19115202027831 bar=2.120
[BAR_ARR] ep=108 xcd=0 l1=0.200 l2=0.560
[OPROJ_INNER] slicewait=0.36 mfma=3.92 bar=2.20 rmsnorm_router=1.60 topk=2.12 total=10.20
[BAR_ARR] ep=108 xcd=2 l1=0.200 l2=0.520
[BAR_OBS] ep=108 xcd=1 drain=0.320 l1=0.240 wait=2.200 acq=0.080 obs=19115202027838 bar=2.840
[BAR_ARR] ep=108 xcd=1 l1=0.240 l2=0.640
[BAR_ARR] ep=108 xcd=5 l1=0.200 l2=0.320
[BAR_OBS] ep=108 xcd=7 drain=0.440 l1=0.240 wait=1.560 acq=0.080 obs=19115202027854 bar=2.320
[BAR_OBS] ep=108 xcd=3 drain=0.360 l1=0.200 wait=2.080 acq=0.080 obs=19115202027836 bar=2.720
[BAR_OBS] ep=108 xcd=6 drain=0.480 l1=0.200 wait=1.920 acq=0.080 obs=19115202027895 bar=2.680
[BAR_ARR] ep=108 xcd=7 l1=0.240 l2=0.680
[BAR_ARR] ep=108 xcd=3 l1=0.200 l2=0.680
[BAR_OBS] ep=108 xcd=4 drain=0.480 l1=0.200 wait=1.440 acq=0.080 obs=19115202027837 bar=2.200
[BAR_ARR] ep=108 xcd=6 l1=0.200 l2=0.800
[BAR_REL] ep=108 xcd=6 rel=19115202027835
[BAR_ARR] ep=108 xcd=4 l1=0.200 l2=0.720
[OPROJ_INNER] slicewait=0.40 mfma=3.92 bar=2.64 rmsnorm_router=1.60 topk=0.40 total=8.96
[OPROJ_INNER] slicewait=0.40 mfma=3.96 bar=2.68 rmsnorm_router=1.64 topk=0.68 total=9.36
[OPROJ_INNER] slicewait=0.40 mfma=3.96 bar=2.40 rmsnorm_router=1.48 topk=2.84 total=11.08
[OPROJ_INNER] slicewait=0.40 mfma=3.96 bar=2.20 rmsnorm_router=1.80 topk=3.28 total=11.64
[OPROJ_INNER] slicewait=0.40 mfma=3.96 bar=2.68 rmsnorm_router=1.72 topk=1.96 total=10.72
[OPROJ_INNER] slicewait=0.44 mfma=3.92 bar=2.72 rmsnorm_router=1.68 topk=2.16 total=10.92
[BAR_OBS] ep=109 xcd=0 drain=0.400 l1=0.200 wait=2.040 acq=0.040 obs=19115202286429 bar=2.680
[BAR_OBS] ep=109 xcd=5 drain=0.440 l1=0.240 wait=1.440 acq=0.080 obs=19115202286423 bar=2.200
[BAR_OBS] ep=109 xcd=2 drain=0.400 l1=0.160 wait=2.000 acq=0.080 obs=19115202286424 bar=2.640
[BAR_OBS] ep=109 xcd=1 drain=0.360 l1=0.200 wait=2.080 acq=0.080 obs=19115202286430 bar=2.720
[OPROJ_INNER] slicewait=0.40 mfma=3.92 bar=2.28 rmsnorm_router=1.56 topk=1.60 total=9.76
[OPROJ_INNER] slicewait=0.40 mfma=3.96 bar=2.76 rmsnorm_router=1.72 topk=6.28 total=15.12
[BAR_OBS] ep=109 xcd=3 drain=0.360 l1=0.200 wait=2.040 acq=0.080 obs=19115202286428 bar=2.680
[BAR_ARR] ep=109 xcd=1 l1=0.200 l2=0.360
[BAR_ARR] ep=109 xcd=0 l1=0.200 l2=0.520
[BAR_ARR] ep=109 xcd=3 l1=0.200 l2=0.760
[BAR_OBS] ep=109 xcd=6 drain=0.520 l1=0.200 wait=1.960 acq=0.080 obs=19115202286487 bar=2.760
[BAR_ARR] ep=109 xcd=5 l1=0.240 l2=0.520
[BAR_ARR] ep=109 xcd=2 l1=0.160 l2=0.920
[BAR_OBS] ep=109 xcd=7 drain=0.480 l1=0.200 wait=1.680 acq=0.040 obs=19115202286450 bar=2.400
[BAR_OBS] ep=109 xcd=4 drain=0.480 l1=0.200 wait=1.560 acq=0.040 obs=19115202286437 bar=2.280
[BAR_ARR] ep=109 xcd=6 l1=0.200 l2=0.880
[BAR_REL] ep=109 xcd=6 rel=19115202286427
[BAR_ARR] ep=109 xcd=4 l1=0.200 l2=0.720
[BAR_ARR] ep=109 xcd=7 l1=0.200 l2=0.760
[OPROJ_INNER] slicewait=0.40 mfma=3.92 bar=2.72 rmsnorm_router=1.60 topk=1.24 total=9.88
[OPROJ_INNER] slicewait=0.40 mfma=3.92 bar=2.64 rmsnorm_router=1.56 topk=0.96 total=9.48
[OPROJ_INNER] slicewait=0.36 mfma=3.92 bar=2.64 rmsnorm_router=1.48 topk=0.44 total=8.84
[OPROJ_INNER] slicewait=0.40 mfma=3.96 bar=2.08 rmsnorm_router=1.72 topk=2.20 total=10.36
[BAR_OBS] ep=110 xcd=3 drain=0.360 l1=0.200 wait=2.120 acq=0.040 obs=19115202555524 bar=2.720
[OPROJ_INNER] slicewait=0.40 mfma=4.00 bar=2.40 rmsnorm_router=1.48 topk=3.08 total=11.36
[OPROJ_INNER] slicewait=0.44 mfma=3.92 bar=2.20 rmsnorm_router=1.60 topk=2.72 total=10.88
[OPROJ_INNER] slicewait=0.40 mfma=3.92 bar=2.76 rmsnorm_router=1.52 topk=1.72 total=10.32
[BAR_ARR] ep=110 xcd=3 l1=0.200 l2=0.440
[BAR_OBS] ep=110 xcd=2 drain=0.360 l1=0.200 wait=2.000 acq=0.080 obs=19115202555520 bar=2.640
[BAR_OBS] ep=110 xcd=0 drain=0.360 l1=0.200 wait=2.000 acq=0.080 obs=19115202555517 bar=2.640
[BAR_ARR] ep=110 xcd=2 l1=0.200 l2=0.760
[BAR_ARR] ep=110 xcd=0 l1=0.200 l2=0.680
[BAR_OBS] ep=110 xcd=7 drain=0.480 l1=0.240 wait=1.400 acq=0.080 obs=19115202555526 bar=2.200
[BAR_OBS] ep=110 xcd=5 drain=0.440 l1=0.240 wait=1.640 acq=0.080 obs=19115202555547 bar=2.400
[OPROJ_INNER] slicewait=0.40 mfma=4.00 bar=2.76 rmsnorm_router=1.60 topk=5.92 total=14.68
[BAR_ARR] ep=110 xcd=5 l1=0.240 l2=0.720
[BAR_ARR] ep=110 xcd=7 l1=0.240 l2=0.640
[BAR_OBS] ep=110 xcd=6 drain=0.480 l1=0.160 wait=2.040 acq=0.080 obs=19115202555595 bar=2.760
[BAR_OBS] ep=110 xcd=1 drain=0.360 l1=0.240 wait=2.120 acq=0.040 obs=19115202555534 bar=2.760
[BAR_ARR] ep=110 xcd=1 l1=0.240 l2=0.640
[BAR_OBS] ep=110 xcd=4 drain=0.480 l1=0.200 wait=1.360 acq=0.040 obs=19115202555513 bar=2.080
[BAR_ARR] ep=110 xcd=6 l1=0.160 l2=0.760
[BAR_REL] ep=110 xcd=6 rel=19115202555519
[BAR_ARR] ep=110 xcd=4 l1=0.200 l2=0.520
[OPROJ_INNER] slicewait=0.44 mfma=3.96 bar=2.60 rmsnorm_router=1.60 topk=1.20 total=9.80
[OPROJ_INNER] slicewait=0.40 mfma=4.00 bar=2.64 rmsnorm_router=1.60 topk=0.80 total=9.44
[OPROJ_INNER] slicewait=0.36 mfma=3.92 bar=2.32 rmsnorm_router=1.44 topk=2.40 total=10.44
[OPROJ_INNER] slicewait=0.40 mfma=4.04 bar=2.64 rmsnorm_router=1.68 topk=2.36 total=11.12
[OPROJ_INNER] slicewait=0.40 mfma=3.88 bar=2.20 rmsnorm_router=1.72 topk=2.64 total=10.84
[OPROJ_INNER] slicewait=0.40 mfma=3.96 bar=2.68 rmsnorm_router=1.72 topk=5.80 total=14.56
[OPROJ_INNER] slicewait=0.36 mfma=4.00 bar=2.60 rmsnorm_router=1.48 topk=0.40 total=8.84
[BAR_OBS] ep=111 xcd=0 drain=0.400 l1=0.200 wait=1.960 acq=0.080 obs=19115202812277 bar=2.640
[OPROJ_INNER] slicewait=0.44 mfma=3.96 bar=2.12 rmsnorm_router=1.72 topk=3.00 total=11.24
[BAR_OBS] ep=111 xcd=1 drain=0.360 l1=0.200 wait=2.000 acq=0.080 obs=19115202812278 bar=2.640
[BAR_OBS] ep=111 xcd=3 drain=0.400 l1=0.200 wait=1.960 acq=0.040 obs=19115202812280 bar=2.600
[BAR_OBS] ep=111 xcd=2 drain=0.400 l1=0.160 wait=1.960 acq=0.080 obs=19115202812276 bar=2.600
[BAR_OBS] ep=111 xcd=5 drain=0.440 l1=0.240 wait=1.440 acq=0.080 obs=19115202812271 bar=2.200
[BAR_ARR] ep=111 xcd=1 l1=0.200 l2=0.280
[BAR_ARR] ep=111 xcd=0 l1=0.200 l2=0.520
[BAR_ARR] ep=111 xcd=3 l1=0.200 l2=0.720
[BAR_OBS] ep=111 xcd=4 drain=0.480 l1=0.200 wait=1.600 acq=0.040 obs=19115202812297 bar=2.320
[BAR_ARR] ep=111 xcd=5 l1=0.240 l2=0.520
[BAR_OBS] ep=111 xcd=6 drain=0.480 l1=0.200 wait=1.920 acq=0.080 obs=19115202812335 bar=2.680
[BAR_OBS] ep=111 xcd=7 drain=0.440 l1=0.240 wait=1.360 acq=0.080 obs=19115202812274 bar=2.120
[BAR_ARR] ep=111 xcd=4 l1=0.200 l2=0.720
[BAR_ARR] ep=111 xcd=2 l1=0.160 l2=0.680
[BAR_ARR] ep=111 xcd=7 l1=0.240 l2=0.520
[BAR_ARR] ep=111 xcd=6 l1=0.200 l2=0.800
[BAR_REL] ep=111 xcd=6 rel=19115202812275
[OPROJ_INNER] slicewait=0.40 mfma=3.88 bar=2.76 rmsnorm_router=1.60 topk=1.80 total=10.44
[OPROJ_INNER] slicewait=0.40 mfma=3.96 bar=2.72 rmsnorm_router=1.84 topk=6.24 total=15.16
[OPROJ_INNER] slicewait=0.40 mfma=3.96 bar=2.72 rmsnorm_router=1.60 topk=1.32 total=10.00
[OPROJ_INNER] slicewait=0.44 mfma=3.88 bar=2.84 rmsnorm_router=1.52 topk=0.44 total=9.12
[OPROJ_INNER] slicewait=0.40 mfma=3.96 bar=2.24 rmsnorm_router=1.72 topk=3.96 total=12.28
[OPROJ_INNER] slicewait=0.40 mfma=3.92 bar=2.24 rmsnorm_router=1.64 topk=2.24 total=10.44
[OPROJ_INNER] slicewait=0.44 mfma=3.92 bar=2.80 rmsnorm_router=1.52 topk=0.72 total=9.40
[OPROJ_INNER] slicewait=0.44 mfma=3.92 bar=2.48 rmsnorm_router=1.40 topk=3.32 total=11.56
[BAR_OBS] ep=112 xcd=1 drain=0.360 l1=0.240 wait=2.080 acq=0.080 obs=19115203094694 bar=2.760
[BAR_OBS] ep=112 xcd=2 drain=0.400 l1=0.200 wait=2.160 acq=0.080 obs=19115203094688 bar=2.840
[BAR_OBS] ep=112 xcd=0 drain=0.360 l1=0.200 wait=2.080 acq=0.080 obs=19115203094689 bar=2.720
[BAR_ARR] ep=112 xcd=2 l1=0.200 l2=0.240
[BAR_ARR] ep=112 xcd=0 l1=0.200 l2=0.640
[BAR_OBS] ep=112 xcd=3 drain=0.400 l1=0.200 wait=2.120 acq=0.080 obs=19115203094692 bar=2.800
[BAR_OBS] ep=112 xcd=6 drain=0.520 l1=0.200 wait=1.920 acq=0.080 obs=19115203094755 bar=2.720
[BAR_ARR] ep=112 xcd=1 l1=0.240 l2=0.680
[BAR_OBS] ep=112 xcd=7 drain=0.480 l1=0.240 wait=1.680 acq=0.080 obs=19115203094722 bar=2.480
[BAR_OBS] ep=112 xcd=5 drain=0.440 l1=0.240 wait=1.520 acq=0.040 obs=19115203094699 bar=2.240
[BAR_OBS] ep=112 xcd=4 drain=0.480 l1=0.200 wait=1.480 acq=0.080 obs=19115203094693 bar=2.240
[BAR_ARR] ep=112 xcd=7 l1=0.240 l2=0.680
[BAR_ARR] ep=112 xcd=5 l1=0.240 l2=0.560
[BAR_ARR] ep=112 xcd=4 l1=0.200 l2=0.680
[BAR_ARR] ep=112 xcd=3 l1=0.200 l2=0.640
[BAR_ARR] ep=112 xcd=6 l1=0.200 l2=0.760
[BAR_REL] ep=112 xcd=6 rel=19115203094691
[OPROJ_INNER] slicewait=0.44 mfma=3.92 bar=2.64 rmsnorm_router=1.64 topk=1.68 total=10.32
[OPROJ_INNER] slicewait=0.40 mfma=4.00 bar=2.60 rmsnorm_router=1.56 topk=0.40 total=8.96
[OPROJ_INNER] slicewait=0.44 mfma=3.92 bar=2.08 rmsnorm_router=1.68 topk=3.20 total=11.32
[OPROJ_INNER] slicewait=0.40 mfma=4.00 bar=2.52 rmsnorm_router=1.64 topk=2.32 total=10.88
[BAR_OBS] ep=113 xcd=2 drain=0.360 l1=0.200 wait=2.000 acq=0.040 obs=19115203371048 bar=2.600
[OPROJ_INNER] slicewait=0.40 mfma=3.96 bar=2.72 rmsnorm_router=1.60 topk=0.76 total=9.44
[BAR_OBS] ep=113 xcd=0 drain=0.400 l1=0.200 wait=1.960 acq=0.080 obs=19115203371049 bar=2.640
[OPROJ_INNER] slicewait=0.40 mfma=4.00 bar=2.24 rmsnorm_router=1.52 topk=3.44 total=11.60
[BAR_ARR] ep=113 xcd=2 l1=0.200 l2=0.520
[OPROJ_INNER] slicewait=0.40 mfma=3.92 bar=2.56 rmsnorm_router=1.96 topk=6.08 total=14.92
[BAR_OBS] ep=113 xcd=7 drain=0.440 l1=0.240 wait=1.480 acq=0.080 obs=19115203371070 bar=2.240
[BAR_ARR] ep=113 xcd=7 l1=0.240 l2=0.640
[BAR_OBS] ep=113 xcd=1 drain=0.360 l1=0.240 wait=1.880 acq=0.040 obs=19115203371054 bar=2.520
[BAR_OBS] ep=113 xcd=6 drain=0.480 l1=0.200 wait=1.840 acq=0.040 obs=19115203371111 bar=2.560
[OPROJ_INNER] slicewait=0.40 mfma=3.88 bar=2.24 rmsnorm_router=1.52 topk=1.60 total=9.64
[BAR_ARR] ep=113 xcd=1 l1=0.240 l2=0.640
[BAR_OBS] ep=113 xcd=3 drain=0.360 l1=0.200 wait=2.080 acq=0.080 obs=19115203371052 bar=2.720
[BAR_OBS] ep=113 xcd=5 drain=0.440 l1=0.200 wait=1.400 acq=0.040 obs=19115203371047 bar=2.080
[BAR_OBS] ep=113 xcd=4 drain=0.440 l1=0.240 wait=1.480 acq=0.080 obs=19115203371057 bar=2.240
[BAR_ARR] ep=113 xcd=3 l1=0.200 l2=0.440
[BAR_ARR] ep=113 xcd=6 l1=0.200 l2=0.720
[BAR_ARR] ep=113 xcd=0 l1=0.200 l2=0.600
[BAR_ARR] ep=113 xcd=4 l1=0.240 l2=0.600
[BAR_ARR] ep=113 xcd=5 l1=0.200 l2=0.520
[BAR_REL] ep=113 xcd=6 rel=19115203371047
[OPROJ_INNER] slicewait=0.40 mfma=3.96 bar=2.52 rmsnorm_router=1.56 topk=0.72 total=9.16
[OPROJ_INNER] slicewait=0.36 mfma=3.88 bar=2.08 rmsnorm_router=1.68 topk=1.76 total=9.76
[OPROJ_INNER] slicewait=0.40 mfma=3.88 bar=2.56 rmsnorm_router=1.64 topk=2.16 total=10.64
[OPROJ_INNER] slicewait=0.44 mfma=3.96 bar=2.08 rmsnorm_router=1.64 topk=3.40 total=11.52
[OPROJ_INNER] slicewait=0.40 mfma=3.96 bar=2.48 rmsnorm_router=1.52 topk=0.44 total=8.80
[BAR_OBS] ep=114 xcd=3 drain=0.400 l1=0.200 wait=1.840 acq=0.080 obs=19115203631732 bar=2.520
[OPROJ_INNER] slicewait=0.40 mfma=3.92 bar=2.56 rmsnorm_router=1.68 topk=1.80 total=10.36
[OPROJ_INNER] slicewait=0.44 mfma=3.96 bar=2.00 rmsnorm_router=1.76 topk=3.08 total=11.24
[OPROJ_INNER] slicewait=0.40 mfma=3.96 bar=2.68 rmsnorm_router=1.60 topk=6.28 total=14.92
[BAR_OBS] ep=114 xcd=7 drain=0.480 l1=0.200 wait=1.360 acq=0.040 obs=19115203631742 bar=2.080
[BAR_ARR] ep=114 xcd=3 l1=0.200 l2=0.480
[BAR_ARR] ep=114 xcd=7 l1=0.200 l2=0.600
[BAR_OBS] ep=114 xcd=1 drain=0.360 l1=0.200 wait=1.920 acq=0.080 obs=19115203631734 bar=2.560
[BAR_OBS] ep=114 xcd=2 drain=0.400 l1=0.200 wait=1.800 acq=0.080 obs=19115203631728 bar=2.480
[BAR_OBS] ep=114 xcd=0 drain=0.400 l1=0.200 wait=1.880 acq=0.080 obs=19115203631729 bar=2.560
[BAR_ARR] ep=114 xcd=1 l1=0.200 l2=0.400
[BAR_ARR] ep=114 xcd=0 l1=0.200 l2=0.560
[BAR_ARR] ep=114 xcd=2 l1=0.200 l2=0.640
[BAR_OBS] ep=114 xcd=4 drain=0.480 l1=0.240 wait=1.280 acq=0.080 obs=19115203631721 bar=2.080
[BAR_OBS] ep=114 xcd=5 drain=0.440 l1=0.200 wait=1.320 acq=0.040 obs=19115203631727 bar=2.000
[BAR_ARR] ep=114 xcd=5 l1=0.200 l2=0.480
[BAR_ARR] ep=114 xcd=4 l1=0.240 l2=0.360
[BAR_OBS] ep=114 xcd=6 drain=0.480 l1=0.200 wait=1.920 acq=0.080 obs=19115203631803 bar=2.680
[BAR_ARR] ep=114 xcd=6 l1=0.200 l2=0.680
[BAR_REL] ep=114 xcd=6 rel=19115203631731
[OPROJ_INNER] slicewait=0.40 mfma=4.00 bar=2.52 rmsnorm_router=1.92 topk=5.92 total=14.76
[OPROJ_INNER] slicewait=0.44 mfma=3.92 bar=2.56 rmsnorm_router=1.64 topk=1.48 total=10.04
[OPROJ_INNER] slicewait=0.40 mfma=3.96 bar=2.04 rmsnorm_router=1.68 topk=2.48 total=10.56
[OPROJ_INNER] slicewait=0.40 mfma=3.88 bar=2.60 rmsnorm_router=1.60 topk=1.76 total=10.24
[OPROJ_INNER] slicewait=0.40 mfma=3.92 bar=2.56 rmsnorm_router=1.52 topk=0.44 total=8.84
[OPROJ_INNER] slicewait=0.40 mfma=3.96 bar=2.28 rmsnorm_router=1.48 topk=3.00 total=11.12
[OPROJ_INNER] slicewait=0.40 mfma=3.96 bar=2.48 rmsnorm_router=1.52 topk=0.68 total=9.04
[BAR_OBS] ep=115 xcd=0 drain=0.400 l1=0.200 wait=1.920 acq=0.040 obs=19115203906337 bar=2.560
[OPROJ_INNER] slicewait=0.40 mfma=3.96 bar=2.24 rmsnorm_router=1.60 topk=3.40 total=11.60
[BAR_ARR] ep=115 xcd=0 l1=0.200 l2=0.360
[BAR_OBS] ep=115 xcd=2 drain=0.360 l1=0.200 wait=1.920 acq=0.080 obs=19115203906332 bar=2.560
[BAR_OBS] ep=115 xcd=1 drain=0.400 l1=0.200 wait=1.920 acq=0.080 obs=19115203906338 bar=2.600
[BAR_OBS] ep=115 xcd=6 drain=0.480 l1=0.200 wait=1.800 acq=0.040 obs=19115203906395 bar=2.520
[BAR_ARR] ep=115 xcd=2 l1=0.200 l2=0.640
[BAR_OBS] ep=115 xcd=4 drain=0.480 l1=0.200 wait=1.320 acq=0.040 obs=19115203906329 bar=2.040
[BAR_ARR] ep=115 xcd=1 l1=0.200 l2=0.520
[BAR_ARR] ep=115 xcd=6 l1=0.200 l2=0.680
[BAR_ARR] ep=115 xcd=4 l1=0.200 l2=0.440
[BAR_OBS] ep=115 xcd=5 drain=0.440 l1=0.240 wait=1.480 acq=0.080 obs=19115203906343 bar=2.240
[BAR_REL] ep=115 xcd=6 rel=19115203906331
[BAR_OBS] ep=115 xcd=3 drain=0.360 l1=0.240 wait=1.800 acq=0.080 obs=19115203906336 bar=2.480
[BAR_ARR] ep=115 xcd=5 l1=0.240 l2=0.520
[BAR_OBS] ep=115 xcd=7 drain=0.440 l1=0.240 wait=1.520 acq=0.080 obs=19115203906358 bar=2.280
[BAR_ARR] ep=115 xcd=3 l1=0.240 l2=0.640
[BAR_ARR] ep=115 xcd=7 l1=0.240 l2=0.600
[OPROJ_INNER] slicewait=0.36 mfma=4.00 bar=2.64 rmsnorm_router=1.68 topk=2.32 total=11.00
[OPROJ_INNER] slicewait=0.40 mfma=3.96 bar=2.24 rmsnorm_router=1.72 topk=2.96 total=11.28
[OPROJ_INNER] slicewait=0.44 mfma=3.96 bar=2.60 rmsnorm_router=1.60 topk=0.88 total=9.48
[OPROJ_INNER] slicewait=0.40 mfma=4.00 bar=2.68 rmsnorm_router=1.84 topk=6.08 total=15.00
[OPROJ_INNER] slicewait=0.36 mfma=3.92 bar=2.72 rmsnorm_router=1.52 topk=0.40 total=8.92
[OPROJ_INNER] slicewait=0.40 mfma=3.92 bar=2.68 rmsnorm_router=1.60 topk=1.24 total=9.84
[OPROJ_INNER] slicewait=0.40 mfma=3.92 bar=2.28 rmsnorm_router=1.60 topk=1.84 total=10.04
[BAR_OBS] ep=116 xcd=1 drain=0.360 l1=0.240 wait=1.960 acq=0.080 obs=19115204171326 bar=2.640
[OPROJ_INNER] slicewait=0.44 mfma=3.92 bar=2.40 rmsnorm_router=1.56 topk=3.36 total=11.68
[BAR_OBS] ep=116 xcd=6 drain=0.480 l1=0.200 wait=1.920 acq=0.080 obs=19115204171383 bar=2.680
[BAR_OBS] ep=116 xcd=0 drain=0.400 l1=0.200 wait=1.920 acq=0.080 obs=19115204171325 bar=2.600
[BAR_OBS] ep=116 xcd=4 drain=0.480 l1=0.200 wait=1.520 acq=0.080 obs=19115204171325 bar=2.280
[BAR_OBS] ep=116 xcd=2 drain=0.400 l1=0.160 wait=2.080 acq=0.080 obs=19115204171324 bar=2.720
[BAR_ARR] ep=116 xcd=1 l1=0.240 l2=0.600
[BAR_OBS] ep=116 xcd=5 drain=0.480 l1=0.200 wait=1.480 acq=0.080 obs=19115204171319 bar=2.240
[BAR_ARR] ep=116 xcd=6 l1=0.200 l2=0.840
[BAR_OBS] ep=116 xcd=3 drain=0.400 l1=0.200 wait=2.040 acq=0.040 obs=19115204171328 bar=2.680
[BAR_ARR] ep=116 xcd=3 l1=0.200 l2=0.320
[BAR_ARR] ep=116 xcd=2 l1=0.160 l2=0.600
[BAR_ARR] ep=116 xcd=0 l1=0.200 l2=0.760
[BAR_ARR] ep=116 xcd=5 l1=0.200 l2=0.560
[BAR_OBS] ep=116 xcd=7 drain=0.480 l1=0.200 wait=1.640 acq=0.080 obs=19115204171342 bar=2.400
[BAR_REL] ep=116 xcd=6 rel=19115204171323
[BAR_ARR] ep=116 xcd=4 l1=0.200 l2=0.760
[BAR_ARR] ep=116 xcd=7 l1=0.200 l2=0.800
[OPROJ_INNER] slicewait=0.40 mfma=3.92 bar=2.68 rmsnorm_router=1.64 topk=2.60 total=11.24
[OPROJ_INNER] slicewait=0.44 mfma=3.96 bar=2.16 rmsnorm_router=1.72 topk=3.04 total=11.32
[BAR_OBS] ep=117 xcd=1 drain=0.400 l1=0.200 wait=2.000 acq=0.080 obs=19115204453734 bar=2.680
[OPROJ_INNER] slicewait=0.40 mfma=3.96 bar=2.68 rmsnorm_router=1.64 topk=0.88 total=9.56
[OPROJ_INNER] slicewait=0.44 mfma=3.96 bar=2.28 rmsnorm_router=1.64 topk=3.52 total=11.84
[BAR_ARR] ep=117 xcd=1 l1=0.200 l2=0.760
[OPROJ_INNER] slicewait=0.40 mfma=3.88 bar=2.68 rmsnorm_router=1.56 topk=0.40 total=8.92
[OPROJ_INNER] slicewait=0.40 mfma=4.00 bar=2.72 rmsnorm_router=1.68 topk=6.44 total=15.24
[BAR_OBS] ep=117 xcd=7 drain=0.440 l1=0.200 wait=1.560 acq=0.080 obs=19115204453738 bar=2.280
[OPROJ_INNER] slicewait=0.40 mfma=3.96 bar=2.68 rmsnorm_router=1.64 topk=1.20 total=9.88
[BAR_OBS] ep=117 xcd=2 drain=0.400 l1=0.200 wait=2.000 acq=0.080 obs=19115204453728 bar=2.680
[BAR_ARR] ep=117 xcd=2 l1=0.200 l2=0.720
[BAR_OBS] ep=117 xcd=0 drain=0.400 l1=0.200 wait=2.000 acq=0.080 obs=19115204453729 bar=2.680
[BAR_OBS] ep=117 xcd=3 drain=0.400 l1=0.200 wait=2.000 acq=0.080 obs=19115204453732 bar=2.680
[OPROJ_INNER] slicewait=0.40 mfma=3.92 bar=2.44 rmsnorm_router=1.44 topk=3.16 total=11.36
[BAR_ARR] ep=117 xcd=0 l1=0.200 l2=0.440
[BAR_ARR] ep=117 xcd=3 l1=0.200 l2=0.600
[BAR_OBS] ep=117 xcd=6 drain=0.480 l1=0.200 wait=1.960 acq=0.080 obs=19115204453791 bar=2.720
[BAR_ARR] ep=117 xcd=7 l1=0.200 l2=0.720
[BAR_OBS] ep=117 xcd=5 drain=0.440 l1=0.240 wait=1.440 acq=0.040 obs=19115204453727 bar=2.160
[BAR_ARR] ep=117 xcd=6 l1=0.200 l2=0.840
[BAR_OBS] ep=117 xcd=4 drain=0.480 l1=0.200 wait=1.680 acq=0.080 obs=19115204453753 bar=2.440
[BAR_REL] ep=117 xcd=6 rel=19115204453731
[BAR_ARR] ep=117 xcd=5 l1=0.240 l2=0.440
[BAR_ARR] ep=117 xcd=4 l1=0.200 l2=0.760
[OPROJ_INNER] slicewait=0.40 mfma=3.92 bar=2.24 rmsnorm_router=1.92 topk=6.08 total=14.56
[OPROJ_INNER] slicewait=0.40 mfma=3.88 bar=2.60 rmsnorm_router=1.64 topk=0.76 total=9.28
[OPROJ_INNER] slicewait=0.36 mfma=3.88 bar=2.76 rmsnorm_router=1.48 topk=0.40 total=8.88
[OPROJ_INNER] slicewait=0.40 mfma=3.96 bar=2.20 rmsnorm_router=1.52 topk=3.20 total=11.28
[OPROJ_INNER] slicewait=0.36 mfma=3.92 bar=2.52 rmsnorm_router=1.44 topk=3.40 total=11.64
[OPROJ_INNER] slicewait=0.44 mfma=3.96 bar=2.04 rmsnorm_router=1.56 topk=2.88 total=10.88
[OPROJ_INNER] slicewait=0.40 mfma=3.96 bar=2.56 rmsnorm_router=1.68 topk=1.88 total=10.48
[BAR_OBS] ep=118 xcd=7 drain=0.440 l1=0.200 wait=1.520 acq=0.040 obs=19115204708846 bar=2.200
[OPROJ_INNER] slicewait=0.40 mfma=3.88 bar=2.48 rmsnorm_router=1.64 topk=2.16 total=10.56
[BAR_OBS] ep=118 xcd=5 drain=0.440 l1=0.200 wait=1.320 acq=0.080 obs=19115204708827 bar=2.040
[BAR_ARR] ep=118 xcd=7 l1=0.200 l2=0.720
[BAR_OBS] ep=118 xcd=2 drain=0.400 l1=0.160 wait=2.120 acq=0.080 obs=19115204708816 bar=2.760
[BAR_OBS] ep=118 xcd=3 drain=0.360 l1=0.240 wait=1.920 acq=0.080 obs=19115204708816 bar=2.600
[BAR_ARR] ep=118 xcd=2 l1=0.160 l2=0.440
[BAR_OBS] ep=118 xcd=1 drain=0.400 l1=0.200 wait=1.840 acq=0.040 obs=19115204708822 bar=2.480
[BAR_OBS] ep=118 xcd=0 drain=0.360 l1=0.200 wait=1.920 acq=0.080 obs=19115204708817 bar=2.560
[BAR_ARR] ep=118 xcd=1 l1=0.200 l2=0.600
[BAR_ARR] ep=118 xcd=5 l1=0.200 l2=0.600
[BAR_ARR] ep=118 xcd=3 l1=0.240 l2=0.320
[BAR_ARR] ep=118 xcd=0 l1=0.200 l2=0.480
[BAR_OBS] ep=118 xcd=6 drain=0.480 l1=0.200 wait=1.520 acq=0.040 obs=19115204708851 bar=2.240
[BAR_OBS] ep=118 xcd=4 drain=0.440 l1=0.280 wait=1.720 acq=0.080 obs=19115204708873 bar=2.520
[BAR_ARR] ep=118 xcd=6 l1=0.200 l2=0.880
[BAR_ARR] ep=118 xcd=4 l1=0.280 l2=0.680
[BAR_REL] ep=118 xcd=4 rel=19115204708813
[OPROJ_INNER] slicewait=0.44 mfma=3.88 bar=2.92 rmsnorm_router=1.52 topk=0.40 total=9.16
[OPROJ_INNER] slicewait=0.40 mfma=4.00 bar=2.76 rmsnorm_router=1.64 topk=2.24 total=11.04
[OPROJ_INNER] slicewait=0.36 mfma=3.92 bar=2.20 rmsnorm_router=1.68 topk=2.88 total=11.04
[OPROJ_INNER] slicewait=0.44 mfma=3.88 bar=2.40 rmsnorm_router=1.52 topk=3.20 total=11.44
[OPROJ_INNER] slicewait=0.40 mfma=3.92 bar=2.84 rmsnorm_router=1.60 topk=6.00 total=14.76
[BAR_OBS] ep=119 xcd=2 drain=0.400 l1=0.160 wait=2.280 acq=0.080 obs=19115204982132 bar=2.920
[OPROJ_INNER] slicewait=0.40 mfma=3.96 bar=2.80 rmsnorm_router=1.64 topk=1.20 total=10.00
[OPROJ_INNER] slicewait=0.40 mfma=3.88 bar=2.80 rmsnorm_router=1.60 topk=1.28 total=9.96
[BAR_ARR] ep=119 xcd=2 l1=0.160 l2=0.440
[BAR_OBS] ep=119 xcd=0 drain=0.360 l1=0.200 wait=2.160 acq=0.080 obs=19115204982125 bar=2.800
[BAR_OBS] ep=119 xcd=7 drain=0.480 l1=0.200 wait=1.680 acq=0.040 obs=19115204982150 bar=2.400
[BAR_ARR] ep=119 xcd=0 l1=0.200 l2=0.520
[BAR_OBS] ep=119 xcd=6 drain=0.480 l1=0.160 wait=2.120 acq=0.080 obs=19115204982199 bar=2.840
[BAR_ARR] ep=119 xcd=7 l1=0.200 l2=0.760
[BAR_OBS] ep=119 xcd=5 drain=0.480 l1=0.200 wait=1.440 acq=0.080 obs=19115204982123 bar=2.200
[OPROJ_INNER] slicewait=0.36 mfma=3.88 bar=2.28 rmsnorm_router=1.52 topk=1.96 total=10.00
[BAR_OBS] ep=119 xcd=1 drain=0.360 l1=0.240 wait=2.120 acq=0.080 obs=19115204982130 bar=2.800
[BAR_ARR] ep=119 xcd=5 l1=0.200 l2=0.440
[BAR_ARR] ep=119 xcd=6 l1=0.160 l2=0.880
[BAR_ARR] ep=119 xcd=1 l1=0.240 l2=0.560
[BAR_OBS] ep=119 xcd=3 drain=0.360 l1=0.240 wait=2.080 acq=0.080 obs=19115204982128 bar=2.760
[BAR_REL] ep=119 xcd=6 rel=19115204982127
[BAR_ARR] ep=119 xcd=3 l1=0.240 l2=0.800
[BAR_OBS] ep=119 xcd=4 drain=0.480 l1=0.200 wait=1.520 acq=0.080 obs=19115204982133 bar=2.280
[BAR_ARR] ep=119 xcd=4 l1=0.200 l2=0.640
[OPROJ_INNER] slicewait=0.44 mfma=3.92 bar=2.32 rmsnorm_router=1.60 topk=3.28 total=11.56
[OPROJ_INNER] slicewait=0.40 mfma=3.92 bar=2.44 rmsnorm_router=1.40 topk=2.88 total=11.04
[OPROJ_INNER] slicewait=0.36 mfma=3.92 bar=2.88 rmsnorm_router=1.56 topk=0.84 total=9.56
[OPROJ_INNER] slicewait=0.36 mfma=3.96 bar=2.76 rmsnorm_router=1.52 topk=0.40 total=9.00
[OPROJ_INNER] slicewait=0.40 mfma=3.88 bar=2.12 rmsnorm_router=1.72 topk=2.16 total=10.28
[OPROJ_INNER] slicewait=0.40 mfma=3.96 bar=2.76 rmsnorm_router=1.52 topk=1.80 total=10.44
[BAR_OBS] ep=120 xcd=2 drain=0.400 l1=0.200 wait=2.080 acq=0.080 obs=19115205248192 bar=2.760
[BAR_OBS] ep=120 xcd=3 drain=0.400 l1=0.200 wait=2.200 acq=0.080 obs=19115205248196 bar=2.880
[BAR_ARR] ep=120 xcd=3 l1=0.200 l2=0.320
[BAR_OBS] ep=120 xcd=5 drain=0.440 l1=0.200 wait=1.640 acq=0.040 obs=19115205248211 bar=2.320
[OPROJ_INNER] slicewait=0.40 mfma=3.96 bar=2.64 rmsnorm_router=1.76 topk=5.88 total=14.64
[BAR_ARR] ep=120 xcd=5 l1=0.200 l2=0.680
[BAR_OBS] ep=120 xcd=7 drain=0.480 l1=0.200 wait=1.680 acq=0.080 obs=19115205248222 bar=2.440
[OPROJ_INNER] slicewait=0.44 mfma=3.96 bar=2.64 rmsnorm_router=1.64 topk=1.44 total=10.12
[BAR_OBS] ep=120 xcd=1 drain=0.360 l1=0.240 wait=2.080 acq=0.080 obs=19115205248210 bar=2.760
[BAR_OBS] ep=120 xcd=6 drain=0.520 l1=0.160 wait=1.880 acq=0.080 obs=19115205248255 bar=2.640
[BAR_OBS] ep=120 xcd=4 drain=0.480 l1=0.200 wait=1.360 acq=0.080 obs=19115205248185 bar=2.120
[BAR_OBS] ep=120 xcd=0 drain=0.400 l1=0.200 wait=1.960 acq=0.080 obs=19115205248197 bar=2.640
[BAR_ARR] ep=120 xcd=1 l1=0.240 l2=0.480
[BAR_ARR] ep=120 xcd=6 l1=0.160 l2=0.760
[BAR_ARR] ep=120 xcd=0 l1=0.200 l2=0.640
[BAR_ARR] ep=120 xcd=7 l1=0.200 l2=0.720
[BAR_REL] ep=120 xcd=6 rel=19115205248195
[BAR_ARR] ep=120 xcd=2 l1=0.200 l2=0.520
[BAR_ARR] ep=120 xcd=4 l1=0.200 l2=0.520
[OPROJ_INNER] slicewait=0.36 mfma=3.92 bar=2.12 rmsnorm_router=1.68 topk=2.28 total=10.36
[OPROJ_INNER] slicewait=0.44 mfma=3.92 bar=2.80 rmsnorm_router=1.48 topk=0.44 total=9.08
[OPROJ_INNER] slicewait=0.40 mfma=3.92 bar=2.16 rmsnorm_router=1.76 topk=2.96 total=11.20
[OPROJ_INNER] slicewait=0.40 mfma=3.92 bar=2.84 rmsnorm_router=1.56 topk=1.12 total=9.84
[OPROJ_INNER] slicewait=0.40 mfma=3.96 bar=2.72 rmsnorm_router=1.60 topk=1.68 total=10.36
[OPROJ_INNER] slicewait=0.40 mfma=3.96 bar=2.68 rmsnorm_router=1.56 topk=1.40 total=10.00
[BAR_OBS] ep=121 xcd=2 drain=0.360 l1=0.200 wait=2.160 acq=0.080 obs=19115205510848 bar=2.800
[OPROJ_INNER] slicewait=0.44 mfma=3.96 bar=2.24 rmsnorm_router=1.64 topk=3.36 total=11.64
[BAR_OBS] ep=121 xcd=4 drain=0.480 l1=0.200 wait=1.360 acq=0.080 obs=19115205510837 bar=2.120
[BAR_OBS] ep=121 xcd=1 drain=0.360 l1=0.200 wait=2.080 acq=0.080 obs=19115205510850 bar=2.720
[BAR_ARR] ep=121 xcd=2 l1=0.200 l2=0.600
[BAR_OBS] ep=121 xcd=0 drain=0.400 l1=0.200 wait=2.160 acq=0.080 obs=19115205510849 bar=2.840
[BAR_OBS] ep=121 xcd=5 drain=0.480 l1=0.240 wait=1.360 acq=0.080 obs=19115205510839 bar=2.160
[BAR_ARR] ep=121 xcd=0 l1=0.200 l2=0.440
[OPROJ_INNER] slicewait=0.40 mfma=4.00 bar=2.76 rmsnorm_router=1.60 topk=6.24 total=15.00
[BAR_ARR] ep=121 xcd=1 l1=0.200 l2=0.600
[BAR_OBS] ep=121 xcd=7 drain=0.440 l1=0.240 wait=1.480 acq=0.080 obs=19115205510854 bar=2.240
[BAR_OBS] ep=121 xcd=3 drain=0.360 l1=0.200 wait=2.040 acq=0.080 obs=19115205510848 bar=2.680
[BAR_ARR] ep=121 xcd=4 l1=0.200 l2=0.600
[BAR_ARR] ep=121 xcd=3 l1=0.200 l2=0.720
[BAR_OBS] ep=121 xcd=6 drain=0.440 l1=0.200 wait=2.040 acq=0.080 obs=19115205510919 bar=2.760
[BAR_ARR] ep=121 xcd=7 l1=0.240 l2=0.720
[BAR_ARR] ep=121 xcd=5 l1=0.240 l2=0.440
[BAR_ARR] ep=121 xcd=6 l1=0.200 l2=0.800
[BAR_REL] ep=121 xcd=6 rel=19115205510843
[OPROJ_INNER] slicewait=0.40 mfma=4.00 bar=2.48 rmsnorm_router=1.68 topk=2.24 total=10.80
[OPROJ_INNER] slicewait=0.36 mfma=3.88 bar=2.08 rmsnorm_router=1.68 topk=1.16 total=9.16
[OPROJ_INNER] slicewait=0.36 mfma=3.92 bar=2.64 rmsnorm_router=1.56 topk=0.76 total=9.24
[OPROJ_INNER] slicewait=0.44 mfma=3.96 bar=2.56 rmsnorm_router=1.64 topk=2.16 total=10.76
[OPROJ_INNER] slicewait=0.44 mfma=3.92 bar=2.24 rmsnorm_router=1.48 topk=3.24 total=11.32
[OPROJ_INNER] slicewait=0.40 mfma=3.96 bar=2.16 rmsnorm_router=1.64 topk=3.68 total=11.84
[BAR_OBS] ep=122 xcd=0 drain=0.400 l1=0.200 wait=1.880 acq=0.080 obs=19115205783473 bar=2.560
[OPROJ_INNER] slicewait=0.40 mfma=3.92 bar=2.56 rmsnorm_router=1.88 topk=6.28 total=15.04
[OPROJ_INNER] slicewait=0.44 mfma=3.88 bar=2.60 rmsnorm_router=1.48 topk=0.44 total=8.84
[BAR_OBS] ep=122 xcd=3 drain=0.360 l1=0.200 wait=2.040 acq=0.040 obs=19115205783476 bar=2.640
[BAR_OBS] ep=122 xcd=1 drain=0.320 l1=0.240 wait=1.880 acq=0.040 obs=19115205783478 bar=2.480
[BAR_OBS] ep=122 xcd=2 drain=0.360 l1=0.200 wait=1.960 acq=0.080 obs=19115205783472 bar=2.600
[BAR_ARR] ep=122 xcd=3 l1=0.200 l2=0.480
[BAR_OBS] ep=122 xcd=4 drain=0.440 l1=0.240 wait=1.360 acq=0.040 obs=19115205783465 bar=2.080
[BAR_ARR] ep=122 xcd=1 l1=0.240 l2=0.680
[BAR_ARR] ep=122 xcd=2 l1=0.200 l2=0.560
[BAR_ARR] ep=122 xcd=4 l1=0.240 l2=0.480
[BAR_ARR] ep=122 xcd=0 l1=0.200 l2=0.600
[BAR_OBS] ep=122 xcd=6 drain=0.480 l1=0.200 wait=1.800 acq=0.080 obs=19115205783531 bar=2.560
[BAR_OBS] ep=122 xcd=7 drain=0.480 l1=0.200 wait=1.520 acq=0.040 obs=19115205783494 bar=2.240
[BAR_OBS] ep=122 xcd=5 drain=0.440 l1=0.200 wait=1.440 acq=0.080 obs=19115205783479 bar=2.160
[BAR_ARR] ep=122 xcd=6 l1=0.200 l2=0.720
[BAR_ARR] ep=122 xcd=7 l1=0.200 l2=0.640
[BAR_ARR] ep=122 xcd=5 l1=0.200 l2=0.520
[BAR_REL] ep=122 xcd=6 rel=19115205783471
[OPROJ_INNER] slicewait=0.40 mfma=3.96 bar=2.72 rmsnorm_router=1.56 topk=1.32 total=9.96
[OPROJ_INNER] slicewait=0.40 mfma=3.92 bar=2.64 rmsnorm_router=1.64 topk=2.40 total=11.00
[OPROJ_INNER] slicewait=0.44 mfma=3.92 bar=2.12 rmsnorm_router=1.64 topk=3.40 total=11.52
[OPROJ_INNER] slicewait=0.40 mfma=3.96 bar=2.60 rmsnorm_router=1.64 topk=1.28 total=9.88
[OPROJ_INNER] slicewait=0.44 mfma=3.92 bar=2.28 rmsnorm_router=1.44 topk=3.00 total=11.08
[BAR_OBS] ep=123 xcd=0 drain=0.360 l1=0.200 wait=2.080 acq=0.080 obs=19115206051997 bar=2.720
[OPROJ_INNER] slicewait=0.40 mfma=3.88 bar=2.08 rmsnorm_router=1.72 topk=1.72 total=9.80
[BAR_ARR] ep=123 xcd=0 l1=0.200 l2=0.280
[BAR_OBS] ep=123 xcd=7 drain=0.440 l1=0.240 wait=1.360 acq=0.080 obs=19115206052002 bar=2.120
[BAR_OBS] ep=123 xcd=5 drain=0.480 l1=0.200 wait=1.520 acq=0.080 obs=19115206052019 bar=2.280
[BAR_ARR] ep=123 xcd=7 l1=0.240 l2=0.640
[BAR_ARR] ep=123 xcd=5 l1=0.200 l2=0.680
[OPROJ_INNER] slicewait=0.40 mfma=3.96 bar=2.52 rmsnorm_router=2.00 topk=5.96 total=14.84
[OPROJ_INNER] slicewait=0.40 mfma=3.96 bar=2.60 rmsnorm_router=1.60 topk=0.40 total=8.96
[BAR_OBS] ep=123 xcd=3 drain=0.400 l1=0.200 wait=1.920 acq=0.080 obs=19115206052000 bar=2.600
[BAR_ARR] ep=123 xcd=3 l1=0.200 l2=0.720
[BAR_OBS] ep=123 xcd=2 drain=0.360 l1=0.200 wait=1.960 acq=0.080 obs=19115206051996 bar=2.600
[BAR_OBS] ep=123 xcd=1 drain=0.360 l1=0.200 wait=2.000 acq=0.080 obs=19115206052002 bar=2.640
[BAR_ARR] ep=123 xcd=2 l1=0.200 l2=0.480
[BAR_OBS] ep=123 xcd=4 drain=0.480 l1=0.200 wait=1.320 acq=0.080 obs=19115206051989 bar=2.080
[BAR_OBS] ep=123 xcd=6 drain=0.480 l1=0.200 wait=1.800 acq=0.040 obs=19115206052059 bar=2.520
[BAR_ARR] ep=123 xcd=1 l1=0.200 l2=0.560
[BAR_ARR] ep=123 xcd=4 l1=0.200 l2=0.360
[BAR_ARR] ep=123 xcd=6 l1=0.200 l2=0.680
[BAR_REL] ep=123 xcd=6 rel=19115206051995
[OPROJ_INNER] slicewait=0.40 mfma=4.00 bar=2.16 rmsnorm_router=1.60 topk=2.96 total=11.12
[OPROJ_INNER] slicewait=0.40 mfma=3.88 bar=2.88 rmsnorm_router=1.56 topk=0.72 total=9.44
[OPROJ_INNER] slicewait=0.40 mfma=4.00 bar=2.60 rmsnorm_router=1.64 topk=2.60 total=11.24
[OPROJ_INNER] slicewait=0.40 mfma=4.04 bar=2.52 rmsnorm_router=1.64 topk=1.48 total=10.08
[BAR_OBS] ep=124 xcd=3 drain=0.360 l1=0.240 wait=2.200 acq=0.080 obs=19115206305996 bar=2.880
[OPROJ_INNER] slicewait=0.40 mfma=3.96 bar=2.00 rmsnorm_router=1.72 topk=1.36 total=9.44
[OPROJ_INNER] slicewait=0.40 mfma=3.96 bar=2.08 rmsnorm_router=1.76 topk=3.36 total=11.56
[BAR_ARR] ep=124 xcd=3 l1=0.240 l2=0.240
[BAR_OBS] ep=124 xcd=1 drain=0.400 l1=0.200 wait=1.920 acq=0.080 obs=19115206305998 bar=2.600
[OPROJ_INNER] slicewait=0.44 mfma=3.96 bar=2.76 rmsnorm_router=1.52 topk=6.32 total=15.00
[BAR_OBS] ep=124 xcd=5 drain=0.480 l1=0.200 wait=1.400 acq=0.080 obs=19115206306003 bar=2.160
[BAR_ARR] ep=124 xcd=1 l1=0.200 l2=0.360
[OPROJ_INNER] slicewait=0.44 mfma=3.88 bar=2.76 rmsnorm_router=1.52 topk=0.40 total=9.00
[BAR_OBS] ep=124 xcd=0 drain=0.400 l1=0.200 wait=1.880 acq=0.040 obs=19115206305997 bar=2.520
[BAR_ARR] ep=124 xcd=0 l1=0.200 l2=0.520
[BAR_ARR] ep=124 xcd=5 l1=0.200 l2=0.640
[BAR_OBS] ep=124 xcd=2 drain=0.360 l1=0.200 wait=2.120 acq=0.080 obs=19115206305992 bar=2.760
[BAR_OBS] ep=124 xcd=6 drain=0.480 l1=0.200 wait=2.000 acq=0.080 obs=19115206306071 bar=2.760
[BAR_OBS] ep=124 xcd=4 drain=0.480 l1=0.200 wait=1.280 acq=0.040 obs=19115206305989 bar=2.000
[BAR_ARR] ep=124 xcd=2 l1=0.200 l2=0.480
[BAR_OBS] ep=124 xcd=7 drain=0.440 l1=0.200 wait=1.360 acq=0.080 obs=19115206305990 bar=2.080
[BAR_ARR] ep=124 xcd=6 l1=0.200 l2=0.720
[BAR_ARR] ep=124 xcd=4 l1=0.200 l2=0.520
[BAR_ARR] ep=124 xcd=7 l1=0.200 l2=0.440
[BAR_REL] ep=124 xcd=6 rel=19115206305995
[OPROJ_INNER] slicewait=0.40 mfma=3.92 bar=2.68 rmsnorm_router=1.68 topk=2.08 total=10.76
[OPROJ_INNER] slicewait=0.44 mfma=3.88 bar=2.80 rmsnorm_router=1.64 topk=1.00 total=9.76
[OPROJ_INNER] slicewait=0.40 mfma=3.92 bar=2.76 rmsnorm_router=1.56 topk=0.40 total=9.04
[OPROJ_INNER] slicewait=0.40 mfma=3.96 bar=2.76 rmsnorm_router=1.60 topk=1.32 total=10.04
[OPROJ_INNER] slicewait=0.40 mfma=4.00 bar=2.40 rmsnorm_router=1.44 topk=3.32 total=11.56
[BAR_OBS] ep=125 xcd=1 drain=0.360 l1=0.240 wait=2.000 acq=0.080 obs=19115206558622 bar=2.680
[OPROJ_INNER] slicewait=0.40 mfma=4.00 bar=2.76 rmsnorm_router=1.68 topk=5.96 total=14.80
[BAR_OBS] ep=125 xcd=0 drain=0.400 l1=0.200 wait=2.160 acq=0.040 obs=19115206558621 bar=2.800
[BAR_ARR] ep=125 xcd=1 l1=0.240 l2=0.640
[BAR_OBS] ep=125 xcd=2 drain=0.400 l1=0.160 wait=2.120 acq=0.080 obs=19115206558616 bar=2.760
[BAR_OBS] ep=125 xcd=3 drain=0.400 l1=0.200 wait=2.080 acq=0.080 obs=19115206558620 bar=2.760
[BAR_ARR] ep=125 xcd=0 l1=0.200 l2=0.400
[BAR_ARR] ep=125 xcd=2 l1=0.160 l2=0.520
[OPROJ_INNER] slicewait=0.40 mfma=3.92 bar=2.08 rmsnorm_router=1.72 topk=1.68 total=9.80
[OPROJ_INNER] slicewait=0.40 mfma=3.92 bar=2.16 rmsnorm_router=1.68 topk=3.16 total=11.32
[BAR_OBS] ep=125 xcd=6 drain=0.520 l1=0.160 wait=2.000 acq=0.080 obs=19115206558691 bar=2.760
[BAR_OBS] ep=125 xcd=5 drain=0.440 l1=0.240 wait=1.680 acq=0.040 obs=19115206558651 bar=2.400
[BAR_ARR] ep=125 xcd=3 l1=0.200 l2=0.600
[BAR_ARR] ep=125 xcd=5 l1=0.240 l2=0.720
[BAR_ARR] ep=125 xcd=6 l1=0.160 l2=0.760
[BAR_OBS] ep=125 xcd=7 drain=0.480 l1=0.240 wait=1.360 acq=0.080 obs=19115206558622 bar=2.160
[BAR_REL] ep=125 xcd=6 rel=19115206558619
[BAR_OBS] ep=125 xcd=4 drain=0.480 l1=0.200 wait=1.320 acq=0.080 obs=19115206558609 bar=2.080
[BAR_ARR] ep=125 xcd=7 l1=0.240 l2=0.640
[BAR_ARR] ep=125 xcd=4 l1=0.200 l2=0.480
[OPROJ_INNER] slicewait=0.40 mfma=3.88 bar=2.72 rmsnorm_router=1.56 topk=0.56 total=9.12
[OPROJ_INNER] slicewait=0.40 mfma=3.88 bar=2.68 rmsnorm_router=1.68 topk=1.76 total=10.40
[OPROJ_INNER] slicewait=0.40 mfma=4.00 bar=2.80 rmsnorm_router=1.52 topk=1.52 total=10.24
[OPROJ_INNER] slicewait=0.36 mfma=4.00 bar=2.40 rmsnorm_router=1.48 topk=3.04 total=11.28
[BAR_OBS] ep=126 xcd=0 drain=0.400 l1=0.200 wait=2.120 acq=0.080 obs=19115206814053 bar=2.800
[BAR_OBS] ep=126 xcd=1 drain=0.360 l1=0.240 wait=2.040 acq=0.040 obs=19115206814050 bar=2.680
[OPROJ_INNER] slicewait=0.40 mfma=3.88 bar=2.80 rmsnorm_router=1.52 topk=0.76 total=9.36
[BAR_ARR] ep=126 xcd=1 l1=0.240 l2=0.600
[OPROJ_INNER] slicewait=0.40 mfma=3.92 bar=2.68 rmsnorm_router=1.92 topk=5.56 total=14.48
[BAR_ARR] ep=126 xcd=0 l1=0.200 l2=0.760
[BAR_OBS] ep=126 xcd=3 drain=0.360 l1=0.200 wait=2.160 acq=0.080 obs=19115206814048 bar=2.800
[BAR_OBS] ep=126 xcd=7 drain=0.480 l1=0.240 wait=1.600 acq=0.080 obs=19115206814074 bar=2.400
[BAR_ARR] ep=126 xcd=3 l1=0.200 l2=0.240
[OPROJ_INNER] slicewait=0.44 mfma=3.96 bar=2.24 rmsnorm_router=1.60 topk=2.64 total=10.88
[BAR_ARR] ep=126 xcd=7 l1=0.240 l2=0.640
[BAR_OBS] ep=126 xcd=6 drain=0.480 l1=0.200 wait=1.920 acq=0.080 obs=19115206814107 bar=2.680
[OPROJ_INNER] slicewait=0.36 mfma=3.96 bar=2.12 rmsnorm_router=1.68 topk=2.08 total=10.20
[BAR_ARR] ep=126 xcd=6 l1=0.200 l2=0.800
[BAR_OBS] ep=126 xcd=2 drain=0.360 l1=0.200 wait=2.080 acq=0.080 obs=19115206814044 bar=2.720
[BAR_ARR] ep=126 xcd=2 l1=0.200 l2=0.560
[BAR_REL] ep=126 xcd=6 rel=19115206814043
[BAR_OBS] ep=126 xcd=4 drain=0.480 l1=0.200 wait=1.400 acq=0.040 obs=19115206814045 bar=2.120
[BAR_OBS] ep=126 xcd=5 drain=0.480 l1=0.200 wait=1.520 acq=0.040 obs=19115206814059 bar=2.240
[BAR_ARR] ep=126 xcd=4 l1=0.200 l2=0.600
[BAR_ARR] ep=126 xcd=5 l1=0.200 l2=0.600
[OPROJ_INNER] slicewait=0.36 mfma=3.88 bar=2.12 rmsnorm_router=1.68 topk=1.84 total=9.88
[OPROJ_INNER] slicewait=0.40 mfma=4.00 bar=2.56 rmsnorm_router=1.64 topk=1.20 total=9.80
[OPROJ_INNER] slicewait=0.40 mfma=3.92 bar=2.24 rmsnorm_router=1.56 topk=3.16 total=11.28
[OPROJ_INNER] slicewait=0.44 mfma=3.88 bar=2.64 rmsnorm_router=1.56 topk=0.44 total=8.96
[OPROJ_INNER] slicewait=0.40 mfma=3.96 bar=2.68 rmsnorm_router=1.96 topk=6.12 total=15.12
[OPROJ_INNER] slicewait=0.36 mfma=3.88 bar=2.80 rmsnorm_router=1.52 topk=2.36 total=10.92
[BAR_OBS] ep=127 xcd=7 drain=0.480 l1=0.200 wait=1.520 acq=0.040 obs=19115207062406 bar=2.240
[OPROJ_INNER] slicewait=0.44 mfma=3.88 bar=2.68 rmsnorm_router=1.60 topk=0.92 total=9.52
[BAR_ARR] ep=127 xcd=7 l1=0.200 l2=0.600
[BAR_OBS] ep=127 xcd=3 drain=0.360 l1=0.240 wait=1.880 acq=0.080 obs=19115207062396 bar=2.560
[BAR_OBS] ep=127 xcd=1 drain=0.360 l1=0.200 wait=2.160 acq=0.080 obs=19115207062410 bar=2.800
[BAR_OBS] ep=127 xcd=2 drain=0.400 l1=0.200 wait=1.960 acq=0.080 obs=19115207062392 bar=2.640
[BAR_ARR] ep=127 xcd=1 l1=0.200 l2=0.600
[BAR_ARR] ep=127 xcd=2 l1=0.200 l2=0.680
[BAR_OBS] ep=127 xcd=4 drain=0.480 l1=0.240 wait=1.360 acq=0.040 obs=19115207062389 bar=2.120
[BAR_ARR] ep=127 xcd=3 l1=0.240 l2=0.680
[OPROJ_INNER] slicewait=0.44 mfma=3.92 bar=2.40 rmsnorm_router=1.48 topk=3.44 total=11.68
[BAR_OBS] ep=127 xcd=6 drain=0.480 l1=0.200 wait=1.920 acq=0.080 obs=19115207062455 bar=2.680
[BAR_OBS] ep=127 xcd=0 drain=0.400 l1=0.200 wait=2.040 acq=0.040 obs=19115207062397 bar=2.680
[BAR_ARR] ep=127 xcd=4 l1=0.240 l2=0.440
[BAR_ARR] ep=127 xcd=6 l1=0.200 l2=0.840
[BAR_ARR] ep=127 xcd=0 l1=0.200 l2=0.440
[BAR_REL] ep=127 xcd=6 rel=19115207062395
[BAR_OBS] ep=127 xcd=5 drain=0.480 l1=0.200 wait=1.640 acq=0.080 obs=19115207062419 bar=2.400
[BAR_ARR] ep=127 xcd=5 l1=0.200 l2=0.760
[OPROJ_INNER] slicewait=0.44 mfma=3.92 bar=2.72 rmsnorm_router=1.60 topk=1.40 total=10.08
[OPROJ_INNER] slicewait=0.44 mfma=4.00 bar=2.72 rmsnorm_router=1.64 topk=5.80 total=14.60
[OPROJ_INNER] slicewait=0.40 mfma=3.88 bar=2.28 rmsnorm_router=1.48 topk=2.88 total=10.92
[OPROJ_INNER] slicewait=0.40 mfma=3.92 bar=2.76 rmsnorm_router=1.52 topk=0.44 total=9.04
[OPROJ_INNER] slicewait=0.36 mfma=3.96 bar=2.76 rmsnorm_router=1.52 topk=0.76 total=9.36
[BAR_OBS] ep=128 xcd=0 drain=0.400 l1=0.200 wait=2.040 acq=0.080 obs=19115207328233 bar=2.720
[BAR_OBS] ep=128 xcd=5 drain=0.440 l1=0.200 wait=2.000 acq=0.080 obs=19115207328303 bar=2.720
[OPROJ_INNER] slicewait=0.40 mfma=3.92 bar=2.64 rmsnorm_router=1.64 topk=1.80 total=10.40
[OPROJ_INNER] slicewait=0.44 mfma=3.88 bar=2.12 rmsnorm_router=1.72 topk=3.04 total=11.20
[BAR_ARR] ep=128 xcd=0 l1=0.200 l2=0.640
[BAR_OBS] ep=128 xcd=1 drain=0.360 l1=0.200 wait=2.000 acq=0.080 obs=19115207328238 bar=2.640
[BAR_OBS] ep=128 xcd=3 drain=0.360 l1=0.240 wait=2.080 acq=0.080 obs=19115207328236 bar=2.760
[BAR_ARR] ep=128 xcd=1 l1=0.200 l2=0.680
[BAR_ARR] ep=128 xcd=3 l1=0.240 l2=0.480
[BAR_OBS] ep=128 xcd=6 drain=0.480 l1=0.200 wait=1.520 acq=0.080 obs=19115207328251 bar=2.280
[BAR_ARR] ep=128 xcd=5 l1=0.200 l2=0.800
[OPROJ_INNER] slicewait=0.40 mfma=3.96 bar=2.04 rmsnorm_router=1.72 topk=2.16 total=10.28
[BAR_REL] ep=128 xcd=5 rel=19115207328231
[BAR_ARR] ep=128 xcd=6 l1=0.200 l2=0.720
[BAR_OBS] ep=128 xcd=2 drain=0.400 l1=0.160 wait=2.120 acq=0.080 obs=19115207328232 bar=2.760
[BAR_OBS] ep=128 xcd=4 drain=0.440 l1=0.240 wait=1.280 acq=0.080 obs=19115207328229 bar=2.040
[BAR_ARR] ep=128 xcd=2 l1=0.160 l2=0.320
[BAR_OBS] ep=128 xcd=7 drain=0.440 l1=0.240 wait=1.360 acq=0.080 obs=19115207328230 bar=2.120
[BAR_ARR] ep=128 xcd=4 l1=0.240 l2=0.560
[BAR_ARR] ep=128 xcd=7 l1=0.240 l2=0.360
[OPROJ_INNER] slicewait=0.40 mfma=3.92 bar=2.56 rmsnorm_router=1.60 topk=1.24 total=9.72
[OPROJ_INNER] slicewait=0.40 mfma=4.00 bar=2.44 rmsnorm_router=1.64 topk=1.28 total=9.76
[OPROJ_INNER] slicewait=0.40 mfma=4.00 bar=2.28 rmsnorm_router=1.52 topk=3.36 total=11.56
[OPROJ_INNER] slicewait=0.44 mfma=3.92 bar=2.52 rmsnorm_router=1.52 topk=0.44 total=8.84
[OPROJ_INNER] slicewait=0.44 mfma=3.92 bar=2.72 rmsnorm_router=1.64 topk=6.32 total=15.04
[OPROJ_INNER] slicewait=0.36 mfma=3.92 bar=2.24 rmsnorm_router=1.56 topk=2.00 total=10.08
[OPROJ_INNER] slicewait=0.44 mfma=3.92 bar=2.16 rmsnorm_router=1.72 topk=2.92 total=11.16
[BAR_OBS] ep=129 xcd=0 drain=0.400 l1=0.200 wait=1.880 acq=0.080 obs=19115207588181 bar=2.560
[OPROJ_INNER] slicewait=0.44 mfma=3.88 bar=2.64 rmsnorm_router=1.64 topk=2.24 total=10.84
[BAR_OBS] ep=129 xcd=3 drain=0.360 l1=0.200 wait=1.840 acq=0.040 obs=19115207588184 bar=2.440
[BAR_ARR] ep=129 xcd=0 l1=0.200 l2=0.440
[BAR_OBS] ep=129 xcd=2 drain=0.400 l1=0.160 wait=1.880 acq=0.080 obs=19115207588180 bar=2.520
[BAR_ARR] ep=129 xcd=2 l1=0.160 l2=0.560
[BAR_OBS] ep=129 xcd=5 drain=0.440 l1=0.240 wait=1.400 acq=0.080 obs=19115207588175 bar=2.160
[BAR_ARR] ep=129 xcd=5 l1=0.240 l2=0.440
[BAR_OBS] ep=129 xcd=7 drain=0.440 l1=0.240 wait=1.520 acq=0.080 obs=19115207588202 bar=2.280
[BAR_OBS] ep=129 xcd=6 drain=0.480 l1=0.200 wait=1.960 acq=0.080 obs=19115207588247 bar=2.720
[BAR_OBS] ep=129 xcd=1 drain=0.360 l1=0.240 wait=2.000 acq=0.040 obs=19115207588186 bar=2.640
[BAR_ARR] ep=129 xcd=3 l1=0.200 l2=0.640
[BAR_ARR] ep=129 xcd=1 l1=0.240 l2=0.240
[BAR_OBS] ep=129 xcd=4 drain=0.480 l1=0.200 wait=1.480 acq=0.080 obs=19115207588185 bar=2.240
[BAR_ARR] ep=129 xcd=7 l1=0.240 l2=0.640
[BAR_ARR] ep=129 xcd=6 l1=0.200 l2=0.800
[BAR_ARR] ep=129 xcd=4 l1=0.200 l2=0.640
[BAR_REL] ep=129 xcd=6 rel=19115207588179
[OPROJ_INNER] slicewait=0.44 mfma=3.92 bar=2.68 rmsnorm_router=1.64 topk=1.52 total=10.20
[OPROJ_INNER] slicewait=0.40 mfma=4.04 bar=2.68 rmsnorm_router=1.60 topk=1.84 total=10.56
[OPROJ_INNER] slicewait=0.40 mfma=3.92 bar=2.68 rmsnorm_router=1.52 topk=0.44 total=8.96
[OPROJ_INNER] slicewait=0.40 mfma=4.00 bar=2.68 rmsnorm_router=1.60 topk=0.72 total=9.40
[BAR_OBS] ep=130 xcd=0 drain=0.360 l1=0.200 wait=2.080 acq=0.040 obs=19115207851137 bar=2.680
[BAR_OBS] ep=130 xcd=1 drain=0.360 l1=0.200 wait=2.040 acq=0.080 obs=19115207851138 bar=2.680
[OPROJ_INNER] slicewait=0.40 mfma=3.96 bar=2.76 rmsnorm_router=1.68 topk=6.04 total=14.84
[OPROJ_INNER] slicewait=0.40 mfma=3.92 bar=2.32 rmsnorm_router=1.52 topk=2.28 total=10.44
[OPROJ_INNER] slicewait=0.40 mfma=4.00 bar=2.36 rmsnorm_router=1.56 topk=2.68 total=11.00
[OPROJ_INNER] slicewait=0.44 mfma=4.00 bar=2.52 rmsnorm_router=1.48 topk=3.36 total=11.80
[BAR_ARR] ep=130 xcd=1 l1=0.200 l2=0.800
[BAR_OBS] ep=130 xcd=3 drain=0.360 l1=0.200 wait=2.040 acq=0.080 obs=19115207851136 bar=2.680
[BAR_ARR] ep=130 xcd=0 l1=0.200 l2=0.800
[BAR_ARR] ep=130 xcd=3 l1=0.200 l2=0.560
[BAR_OBS] ep=130 xcd=7 drain=0.440 l1=0.200 wait=1.640 acq=0.080 obs=19115207851150 bar=2.360
[BAR_OBS] ep=130 xcd=2 drain=0.360 l1=0.200 wait=2.040 acq=0.080 obs=19115207851132 bar=2.680
[BAR_OBS] ep=130 xcd=4 drain=0.480 l1=0.200 wait=1.560 acq=0.080 obs=19115207851141 bar=2.320
[BAR_ARR] ep=130 xcd=2 l1=0.200 l2=0.600
[BAR_OBS] ep=130 xcd=5 drain=0.440 l1=0.240 wait=1.760 acq=0.080 obs=19115207851167 bar=2.520
[BAR_OBS] ep=130 xcd=6 drain=0.480 l1=0.200 wait=2.000 acq=0.080 obs=19115207851195 bar=2.760
[BAR_ARR] ep=130 xcd=7 l1=0.200 l2=0.680
[BAR_ARR] ep=130 xcd=5 l1=0.240 l2=0.760
[BAR_ARR] ep=130 xcd=6 l1=0.200 l2=0.920
[BAR_ARR] ep=130 xcd=4 l1=0.200 l2=0.480
[BAR_REL] ep=130 xcd=6 rel=19115207851135
[OPROJ_INNER] slicewait=0.40 mfma=4.00 bar=2.48 rmsnorm_router=1.60 topk=0.48 total=8.96
[OPROJ_INNER] slicewait=0.40 mfma=3.88 bar=2.68 rmsnorm_router=1.64 topk=2.44 total=11.04
[OPROJ_INNER] slicewait=0.40 mfma=3.92 bar=2.68 rmsnorm_router=1.68 topk=2.96 total=11.64
[OPROJ_INNER] slicewait=0.40 mfma=3.88 bar=2.20 rmsnorm_router=1.60 topk=1.24 total=9.32
[OPROJ_INNER] slicewait=0.44 mfma=3.96 bar=2.56 rmsnorm_router=1.60 topk=0.80 total=9.36
[OPROJ_INNER] slicewait=0.36 mfma=3.92 bar=2.16 rmsnorm_router=1.68 topk=2.40 total=10.52
[OPROJ_INNER] slicewait=0.40 mfma=3.96 bar=2.40 rmsnorm_router=1.44 topk=3.52 total=11.72
[OPROJ_INNER] slicewait=0.40 mfma=3.96 bar=2.64 rmsnorm_router=1.68 topk=6.32 total=15.00
[BAR_OBS] ep=131 xcd=3 drain=0.360 l1=0.200 wait=1.920 acq=0.080 obs=19115208117940 bar=2.560
[BAR_OBS] ep=131 xcd=1 drain=0.360 l1=0.200 wait=2.040 acq=0.080 obs=19115208117942 bar=2.680
[BAR_OBS] ep=131 xcd=0 drain=0.360 l1=0.200 wait=2.040 acq=0.080 obs=19115208117937 bar=2.680
[BAR_OBS] ep=131 xcd=5 drain=0.440 l1=0.200 wait=1.480 acq=0.040 obs=19115208117935 bar=2.160
[BAR_ARR] ep=131 xcd=3 l1=0.200 l2=0.560
[BAR_ARR] ep=131 xcd=1 l1=0.200 l2=0.560
[BAR_OBS] ep=131 xcd=2 drain=0.360 l1=0.200 wait=1.840 acq=0.080 obs=19115208117936 bar=2.480
[BAR_ARR] ep=131 xcd=5 l1=0.200 l2=0.520
[BAR_ARR] ep=131 xcd=2 l1=0.200 l2=0.720
[BAR_ARR] ep=131 xcd=0 l1=0.200 l2=0.320
[BAR_OBS] ep=131 xcd=7 drain=0.440 l1=0.200 wait=1.680 acq=0.080 obs=19115208117966 bar=2.400
[BAR_OBS] ep=131 xcd=4 drain=0.440 l1=0.240 wait=1.440 acq=0.080 obs=19115208117941 bar=2.200
[BAR_OBS] ep=131 xcd=6 drain=0.520 l1=0.200 wait=1.840 acq=0.080 obs=19115208118003 bar=2.640
[BAR_ARR] ep=131 xcd=7 l1=0.200 l2=0.720
[BAR_ARR] ep=131 xcd=4 l1=0.240 l2=0.640
[BAR_ARR] ep=131 xcd=6 l1=0.200 l2=0.680
[BAR_REL] ep=131 xcd=6 rel=19115208117939
[OPROJ_INNER] slicewait=0.40 mfma=3.92 bar=2.88 rmsnorm_router=1.52 topk=0.36 total=9.08
[OPROJ_INNER] slicewait=0.44 mfma=4.00 bar=2.56 rmsnorm_router=1.64 topk=2.24 total=10.88
[OPROJ_INNER] slicewait=0.40 mfma=4.00 bar=2.64 rmsnorm_router=1.80 topk=6.04 total=14.88
[OPROJ_INNER] slicewait=0.36 mfma=3.96 bar=2.76 rmsnorm_router=1.60 topk=1.32 total=10.00
[OPROJ_INNER] slicewait=0.36 mfma=4.00 bar=2.12 rmsnorm_router=1.76 topk=3.12 total=11.36
[OPROJ_INNER] slicewait=0.40 mfma=4.08 bar=2.64 rmsnorm_router=1.64 topk=1.20 total=9.96
[OPROJ_INNER] slicewait=0.36 mfma=3.96 bar=2.04 rmsnorm_router=1.72 topk=1.96 total=10.04
[OPROJ_INNER] slicewait=0.40 mfma=3.96 bar=2.28 rmsnorm_router=1.56 topk=2.80 total=11.00
[BAR_OBS] ep=132 xcd=2 drain=0.360 l1=0.200 wait=2.240 acq=0.080 obs=19115208387576 bar=2.880
[BAR_OBS] ep=132 xcd=3 drain=0.360 l1=0.200 wait=2.120 acq=0.080 obs=19115208387576 bar=2.760
[BAR_OBS] ep=132 xcd=1 drain=0.360 l1=0.240 wait=1.880 acq=0.080 obs=19115208387578 bar=2.560
[BAR_OBS] ep=132 xcd=0 drain=0.400 l1=0.200 wait=1.960 acq=0.080 obs=19115208387573 bar=2.640
[BAR_OBS] ep=132 xcd=5 drain=0.440 l1=0.240 wait=1.360 acq=0.080 obs=19115208387575 bar=2.120
[BAR_ARR] ep=132 xcd=3 l1=0.200 l2=0.440
[BAR_ARR] ep=132 xcd=5 l1=0.240 l2=0.600
[BAR_ARR] ep=132 xcd=0 l1=0.200 l2=0.440
[BAR_ARR] ep=132 xcd=2 l1=0.200 l2=0.280
[BAR_OBS] ep=132 xcd=4 drain=0.480 l1=0.200 wait=1.280 acq=0.080 obs=19115208387565 bar=2.040
[BAR_ARR] ep=132 xcd=1 l1=0.240 l2=0.480
[BAR_OBS] ep=132 xcd=6 drain=0.440 l1=0.240 wait=1.880 acq=0.080 obs=19115208387635 bar=2.640
[BAR_OBS] ep=132 xcd=7 drain=0.480 l1=0.200 wait=1.520 acq=0.080 obs=19115208387590 bar=2.280
[BAR_ARR] ep=132 xcd=4 l1=0.200 l2=0.360
[BAR_ARR] ep=132 xcd=6 l1=0.240 l2=0.760
[BAR_ARR] ep=132 xcd=7 l1=0.200 l2=0.600
[BAR_REL] ep=132 xcd=6 rel=19115208387575
[OPROJ_INNER] slicewait=0.44 mfma=3.96 bar=2.52 rmsnorm_router=1.60 topk=1.20 total=9.72
[OPROJ_INNER] slicewait=0.40 mfma=3.88 bar=2.60 rmsnorm_router=1.60 topk=0.88 total=9.36
[OPROJ_INNER] slicewait=0.40 mfma=3.88 bar=2.56 rmsnorm_router=1.64 topk=2.16 total=10.64
[OPROJ_INNER] slicewait=0.40 mfma=3.92 bar=2.48 rmsnorm_router=1.56 topk=0.44 total=8.80
[OPROJ_INNER] slicewait=0.44 mfma=3.96 bar=2.48 rmsnorm_router=1.88 topk=5.92 total=14.68
[BAR_OBS] ep=133 xcd=3 drain=0.400 l1=0.200 wait=1.840 acq=0.080 obs=19115208661880 bar=2.520
[OPROJ_INNER] slicewait=0.40 mfma=3.96 bar=2.12 rmsnorm_router=1.60 topk=3.36 total=11.44
[OPROJ_INNER] slicewait=0.36 mfma=3.88 bar=2.08 rmsnorm_router=1.64 topk=2.12 total=10.08
[BAR_ARR] ep=133 xcd=3 l1=0.200 l2=0.680
[BAR_OBS] ep=133 xcd=0 drain=0.400 l1=0.200 wait=1.960 acq=0.040 obs=19115208661881 bar=2.600
[BAR_OBS] ep=133 xcd=2 drain=0.400 l1=0.200 wait=1.800 acq=0.080 obs=19115208661876 bar=2.480
[BAR_ARR] ep=133 xcd=0 l1=0.200 l2=0.280
[BAR_OBS] ep=133 xcd=1 drain=0.360 l1=0.240 wait=1.880 acq=0.080 obs=19115208661882 bar=2.560
[BAR_ARR] ep=133 xcd=2 l1=0.200 l2=0.560
[BAR_OBS] ep=133 xcd=7 drain=0.480 l1=0.200 wait=1.360 acq=0.080 obs=19115208661890 bar=2.120
[BAR_OBS] ep=133 xcd=4 drain=0.480 l1=0.200 wait=1.320 acq=0.080 obs=19115208661873 bar=2.080
[BAR_ARR] ep=133 xcd=1 l1=0.240 l2=0.320
[OPROJ_INNER] slicewait=0.40 mfma=3.92 bar=2.08 rmsnorm_router=1.72 topk=2.92 total=11.04
[BAR_ARR] ep=133 xcd=4 l1=0.200 l2=0.560
[BAR_ARR] ep=133 xcd=7 l1=0.200 l2=0.520
[BAR_OBS] ep=133 xcd=6 drain=0.480 l1=0.200 wait=1.720 acq=0.080 obs=19115208661939 bar=2.480
[BAR_OBS] ep=133 xcd=5 drain=0.440 l1=0.200 wait=1.400 acq=0.040 obs=19115208661875 bar=2.080
[BAR_ARR] ep=133 xcd=6 l1=0.200 l2=0.600
[BAR_ARR] ep=133 xcd=5 l1=0.200 l2=0.480
[BAR_REL] ep=133 xcd=6 rel=19115208661879
[OPROJ_INNER] slicewait=0.40 mfma=3.96 bar=2.60 rmsnorm_router=1.72 topk=6.24 total=14.92
[OPROJ_INNER] slicewait=0.44 mfma=3.96 bar=2.48 rmsnorm_router=1.56 topk=1.32 total=9.76
[OPROJ_INNER] slicewait=0.44 mfma=3.92 bar=2.60 rmsnorm_router=1.64 topk=2.40 total=11.00
[OPROJ_INNER] slicewait=0.40 mfma=3.96 bar=2.52 rmsnorm_router=1.60 topk=1.36 total=9.84
[OPROJ_INNER] slicewait=0.40 mfma=3.92 bar=2.56 rmsnorm_router=1.52 topk=0.44 total=8.84
[OPROJ_INNER] slicewait=0.40 mfma=3.92 bar=2.36 rmsnorm_router=1.48 topk=3.44 total=11.60
[BAR_OBS] ep=134 xcd=0 drain=0.400 l1=0.200 wait=1.800 acq=0.080 obs=19115208916541 bar=2.480
[OPROJ_INNER] slicewait=0.44 mfma=3.92 bar=2.04 rmsnorm_router=1.72 topk=3.48 total=11.60
[BAR_OBS] ep=134 xcd=1 drain=0.360 l1=0.240 wait=1.920 acq=0.080 obs=19115208916542 bar=2.600
[BAR_OBS] ep=134 xcd=3 drain=0.360 l1=0.200 wait=1.880 acq=0.080 obs=19115208916540 bar=2.520
[OPROJ_INNER] slicewait=0.44 mfma=4.00 bar=2.16 rmsnorm_router=1.60 topk=2.92 total=11.12
[BAR_ARR] ep=134 xcd=0 l1=0.200 l2=0.680
[BAR_ARR] ep=134 xcd=3 l1=0.200 l2=0.640
[BAR_OBS] ep=134 xcd=2 drain=0.360 l1=0.200 wait=1.920 acq=0.080 obs=19115208916536 bar=2.560
[BAR_ARR] ep=134 xcd=1 l1=0.240 l2=0.400
[BAR_ARR] ep=134 xcd=2 l1=0.200 l2=0.600
[BAR_OBS] ep=134 xcd=5 drain=0.480 l1=0.200 wait=1.400 acq=0.080 obs=19115208916551 bar=2.160
[BAR_OBS] ep=134 xcd=7 drain=0.480 l1=0.200 wait=1.280 acq=0.080 obs=19115208916534 bar=2.040
[BAR_ARR] ep=134 xcd=5 l1=0.200 l2=0.600
[BAR_OBS] ep=134 xcd=4 drain=0.480 l1=0.200 wait=1.600 acq=0.080 obs=19115208916569 bar=2.360
[BAR_ARR] ep=134 xcd=7 l1=0.200 l2=0.400
[BAR_OBS] ep=134 xcd=6 drain=0.480 l1=0.200 wait=1.840 acq=0.080 obs=19115208916599 bar=2.600
[BAR_ARR] ep=134 xcd=4 l1=0.200 l2=0.640
[BAR_ARR] ep=134 xcd=6 l1=0.200 l2=0.760
[BAR_REL] ep=134 xcd=6 rel=19115208916539
[OPROJ_INNER] slicewait=0.36 mfma=3.92 bar=2.88 rmsnorm_router=1.60 topk=1.04 total=9.80
[OPROJ_INNER] slicewait=0.36 mfma=4.00 bar=2.48 rmsnorm_router=1.48 topk=3.08 total=11.40
[OPROJ_INNER] slicewait=0.36 mfma=3.92 bar=2.84 rmsnorm_router=1.52 topk=0.44 total=9.08
[OPROJ_INNER] slicewait=0.40 mfma=4.00 bar=2.20 rmsnorm_router=1.72 topk=2.60 total=10.92
[OPROJ_INNER] slicewait=0.40 mfma=3.96 bar=2.84 rmsnorm_router=1.56 topk=0.76 total=9.52
[OPROJ_INNER] slicewait=0.40 mfma=4.00 bar=2.76 rmsnorm_router=1.72 topk=5.92 total=14.80
[OPROJ_INNER] slicewait=0.44 mfma=3.96 bar=2.32 rmsnorm_router=1.56 topk=3.00 total=11.28
[OPROJ_INNER] slicewait=0.36 mfma=3.88 bar=2.88 rmsnorm_router=1.64 topk=1.68 total=10.44
[BAR_OBS] ep=135 xcd=3 drain=0.360 l1=0.240 wait=2.240 acq=0.040 obs=19115209183304 bar=2.880
[BAR_ARR] ep=135 xcd=3 l1=0.240 l2=0.480
[BAR_OBS] ep=135 xcd=4 drain=0.480 l1=0.200 wait=1.720 acq=0.080 obs=19115209183333 bar=2.480
[BAR_OBS] ep=135 xcd=5 drain=0.480 l1=0.200 wait=1.480 acq=0.040 obs=19115209183303 bar=2.200
[BAR_ARR] ep=135 xcd=5 l1=0.200 l2=0.640
[BAR_OBS] ep=135 xcd=7 drain=0.480 l1=0.200 wait=1.600 acq=0.040 obs=19115209183318 bar=2.320
[BAR_OBS] ep=135 xcd=6 drain=0.480 l1=0.200 wait=2.000 acq=0.080 obs=19115209183367 bar=2.760
[BAR_OBS] ep=135 xcd=1 drain=0.400 l1=0.200 wait=2.240 acq=0.040 obs=19115209183306 bar=2.880
[BAR_ARR] ep=135 xcd=7 l1=0.200 l2=0.640
[BAR_ARR] ep=135 xcd=1 l1=0.200 l2=0.640
[BAR_ARR] ep=135 xcd=6 l1=0.200 l2=0.840
[BAR_OBS] ep=135 xcd=2 drain=0.360 l1=0.160 wait=2.280 acq=0.040 obs=19115209183300 bar=2.840
[BAR_OBS] ep=135 xcd=0 drain=0.360 l1=0.200 wait=2.200 acq=0.080 obs=19115209183301 bar=2.840
[BAR_ARR] ep=135 xcd=4 l1=0.200 l2=0.760
[BAR_REL] ep=135 xcd=6 rel=19115209183299
[BAR_ARR] ep=135 xcd=2 l1=0.160 l2=0.720
[BAR_ARR] ep=135 xcd=0 l1=0.200 l2=0.880
[OPROJ_INNER] slicewait=0.40 mfma=3.96 bar=2.80 rmsnorm_router=1.56 topk=0.72 total=9.44
[OPROJ_INNER] slicewait=0.40 mfma=3.96 bar=2.72 rmsnorm_router=1.60 topk=1.20 total=9.88
[OPROJ_INNER] slicewait=0.44 mfma=3.92 bar=2.68 rmsnorm_router=1.76 topk=6.04 total=14.84
[OPROJ_INNER] slicewait=0.36 mfma=4.00 bar=2.28 rmsnorm_router=1.52 topk=3.16 total=11.32
[OPROJ_INNER] slicewait=0.40 mfma=3.92 bar=2.12 rmsnorm_router=1.76 topk=2.88 total=11.08
[OPROJ_INNER] slicewait=0.40 mfma=3.92 bar=2.84 rmsnorm_router=1.48 topk=0.44 total=9.08
[OPROJ_INNER] slicewait=0.36 mfma=3.88 bar=2.20 rmsnorm_router=1.56 topk=2.00 total=10.00
[OPROJ_INNER] slicewait=0.44 mfma=3.96 bar=2.68 rmsnorm_router=1.64 topk=2.16 total=10.88
[BAR_OBS] ep=136 xcd=0 drain=0.360 l1=0.240 wait=2.040 acq=0.080 obs=19115209447213 bar=2.720
[BAR_ARR] ep=136 xcd=0 l1=0.240 l2=0.600
[BAR_OBS] ep=136 xcd=3 drain=0.360 l1=0.200 wait=2.160 acq=0.080 obs=19115209447216 bar=2.800
[BAR_OBS] ep=136 xcd=7 drain=0.440 l1=0.240 wait=1.520 acq=0.080 obs=19115209447234 bar=2.280
[BAR_ARR] ep=136 xcd=3 l1=0.200 l2=0.440
[BAR_OBS] ep=136 xcd=4 drain=0.480 l1=0.200 wait=1.480 acq=0.040 obs=19115209447221 bar=2.200
[BAR_ARR] ep=136 xcd=7 l1=0.240 l2=0.640
[BAR_OBS] ep=136 xcd=2 drain=0.360 l1=0.200 wait=2.200 acq=0.080 obs=19115209447216 bar=2.840
[BAR_OBS] ep=136 xcd=6 drain=0.480 l1=0.200 wait=1.920 acq=0.080 obs=19115209447275 bar=2.680
[BAR_ARR] ep=136 xcd=2 l1=0.200 l2=0.400
[BAR_OBS] ep=136 xcd=1 drain=0.360 l1=0.240 wait=2.000 acq=0.080 obs=19115209447218 bar=2.680
[BAR_ARR] ep=136 xcd=6 l1=0.200 l2=0.800
[BAR_ARR] ep=136 xcd=1 l1=0.240 l2=0.680
[BAR_OBS] ep=136 xcd=5 drain=0.440 l1=0.200 wait=1.440 acq=0.040 obs=19115209447211 bar=2.120
[BAR_REL] ep=136 xcd=6 rel=19115209447215
[BAR_ARR] ep=136 xcd=4 l1=0.200 l2=0.600
[BAR_ARR] ep=136 xcd=5 l1=0.200 l2=0.440
[OPROJ_INNER] slicewait=0.40 mfma=4.00 bar=2.72 rmsnorm_router=1.60 topk=2.36 total=11.08
[OPROJ_INNER] slicewait=0.36 mfma=4.00 bar=2.76 rmsnorm_router=1.60 topk=1.32 total=10.04
[OPROJ_INNER] slicewait=0.40 mfma=3.96 bar=2.88 rmsnorm_router=1.52 topk=0.40 total=9.16
[OPROJ_INNER] slicewait=0.40 mfma=4.00 bar=2.36 rmsnorm_router=1.56 topk=3.28 total=11.60
[OPROJ_INNER] slicewait=0.40 mfma=3.88 bar=2.96 rmsnorm_router=1.60 topk=1.12 total=9.96
[BAR_OBS] ep=137 xcd=3 drain=0.360 l1=0.240 wait=2.120 acq=0.040 obs=19115209712052 bar=2.760
[OPROJ_INNER] slicewait=0.40 mfma=4.00 bar=2.20 rmsnorm_router=1.76 topk=2.92 total=11.28
[BAR_OBS] ep=137 xcd=1 drain=0.360 l1=0.200 wait=2.080 acq=0.080 obs=19115209712050 bar=2.720
[OPROJ_INNER] slicewait=0.40 mfma=3.92 bar=2.20 rmsnorm_router=1.68 topk=2.20 total=10.40
[BAR_ARR] ep=137 xcd=3 l1=0.240 l2=0.400
[BAR_OBS] ep=137 xcd=0 drain=0.400 l1=0.200 wait=2.320 acq=0.040 obs=19115209712053 bar=2.960
[BAR_ARR] ep=137 xcd=0 l1=0.200 l2=0.480
[BAR_ARR] ep=137 xcd=1 l1=0.200 l2=0.640
[BAR_OBS] ep=137 xcd=7 drain=0.440 l1=0.240 wait=1.640 acq=0.040 obs=19115209712066 bar=2.360
[BAR_OBS] ep=137 xcd=5 drain=0.440 l1=0.200 wait=1.480 acq=0.080 obs=19115209712043 bar=2.200
[BAR_OBS] ep=137 xcd=4 drain=0.480 l1=0.200 wait=1.480 acq=0.040 obs=19115209712041 bar=2.200
[BAR_ARR] ep=137 xcd=7 l1=0.240 l2=0.800
[OPROJ_INNER] slicewait=0.36 mfma=4.00 bar=2.72 rmsnorm_router=1.92 topk=5.96 total=14.96
[BAR_OBS] ep=137 xcd=2 drain=0.360 l1=0.200 wait=2.280 acq=0.040 obs=19115209712048 bar=2.880
[BAR_ARR] ep=137 xcd=4 l1=0.200 l2=0.680
[BAR_ARR] ep=137 xcd=5 l1=0.200 l2=0.560
[BAR_ARR] ep=137 xcd=2 l1=0.200 l2=0.440
[BAR_OBS] ep=137 xcd=6 drain=0.480 l1=0.200 wait=1.960 acq=0.080 obs=19115209712107 bar=2.720
[BAR_ARR] ep=137 xcd=6 l1=0.200 l2=0.880
[BAR_REL] ep=137 xcd=6 rel=19115209712047
[OPROJ_INNER] slicewait=0.40 mfma=4.00 bar=2.52 rmsnorm_router=1.64 topk=2.52 total=11.08
[OPROJ_INNER] slicewait=0.40 mfma=4.00 bar=2.76 rmsnorm_router=1.68 topk=6.20 total=15.04
[OPROJ_INNER] slicewait=0.40 mfma=4.00 bar=2.56 rmsnorm_router=1.64 topk=2.76 total=11.36
[OPROJ_INNER] slicewait=0.40 mfma=3.88 bar=2.68 rmsnorm_router=1.60 topk=0.40 total=8.96
[OPROJ_INNER] slicewait=0.44 mfma=3.88 bar=2.16 rmsnorm_router=1.80 topk=3.64 total=11.92
[BAR_OBS] ep=138 xcd=6 drain=0.520 l1=0.200 wait=2.000 acq=0.040 obs=19115209988579 bar=2.760
[BAR_OBS] ep=138 xcd=2 drain=0.400 l1=0.160 wait=2.040 acq=0.080 obs=19115209988496 bar=2.680
[BAR_OBS] ep=138 xcd=0 drain=0.360 l1=0.200 wait=1.880 acq=0.080 obs=19115209988501 bar=2.520
[BAR_OBS] ep=138 xcd=1 drain=0.360 l1=0.200 wait=1.960 acq=0.040 obs=19115209988506 bar=2.560
[OPROJ_INNER] slicewait=0.40 mfma=3.92 bar=2.64 rmsnorm_router=1.52 topk=0.80 total=9.28
[OPROJ_INNER] slicewait=0.40 mfma=3.88 bar=2.16 rmsnorm_router=1.64 topk=1.16 total=9.24
[BAR_OBS] ep=138 xcd=5 drain=0.480 l1=0.200 wait=1.440 acq=0.040 obs=19115209988495 bar=2.160
[BAR_ARR] ep=138 xcd=6 l1=0.200 l2=0.680
[BAR_ARR] ep=138 xcd=5 l1=0.200 l2=0.480
[BAR_OBS] ep=138 xcd=4 drain=0.440 l1=0.200 wait=1.480 acq=0.040 obs=19115209988497 bar=2.160
[BAR_REL] ep=138 xcd=6 rel=19115209988499
[BAR_ARR] ep=138 xcd=2 l1=0.160 l2=0.280
[BAR_ARR] ep=138 xcd=1 l1=0.200 l2=0.560
[OPROJ_INNER] slicewait=0.44 mfma=3.92 bar=2.24 rmsnorm_router=1.52 topk=3.08 total=11.20
[BAR_ARR] ep=138 xcd=0 l1=0.200 l2=0.640
[BAR_ARR] ep=138 xcd=4 l1=0.200 l2=0.640
[BAR_OBS] ep=138 xcd=3 drain=0.360 l1=0.200 wait=2.000 acq=0.080 obs=19115209988500 bar=2.640
[BAR_ARR] ep=138 xcd=3 l1=0.200 l2=0.520
[BAR_OBS] ep=138 xcd=7 drain=0.480 l1=0.200 wait=1.520 acq=0.040 obs=19115209988514 bar=2.240
[BAR_ARR] ep=138 xcd=7 l1=0.200 l2=0.640
[OPROJ_INNER] slicewait=0.40 mfma=3.92 bar=2.84 rmsnorm_router=1.64 topk=1.88 total=10.68
[OPROJ_INNER] slicewait=0.40 mfma=3.88 bar=3.00 rmsnorm_router=1.56 topk=1.16 total=10.00
[OPROJ_INNER] slicewait=0.40 mfma=4.00 bar=2.84 rmsnorm_router=1.60 topk=1.16 total=10.00
[OPROJ_INNER] slicewait=0.44 mfma=3.96 bar=2.24 rmsnorm_router=1.76 topk=3.12 total=11.52
[OPROJ_INNER] slicewait=0.40 mfma=4.00 bar=2.84 rmsnorm_router=1.52 topk=0.40 total=9.16
[BAR_OBS] ep=139 xcd=0 drain=0.400 l1=0.160 wait=2.400 acq=0.040 obs=19115210264789 bar=3.000
[OPROJ_INNER] slicewait=0.40 mfma=4.00 bar=2.44 rmsnorm_router=1.44 topk=2.76 total=11.04
[BAR_ARR] ep=139 xcd=0 l1=0.160 l2=0.320
[BAR_OBS] ep=139 xcd=2 drain=0.360 l1=0.200 wait=2.200 acq=0.080 obs=19115210264784 bar=2.840
[OPROJ_INNER] slicewait=0.40 mfma=4.04 bar=2.84 rmsnorm_router=1.56 topk=6.12 total=14.96
[BAR_OBS] ep=139 xcd=1 drain=0.360 l1=0.200 wait=2.200 acq=0.080 obs=19115210264790 bar=2.840
[BAR_ARR] ep=139 xcd=2 l1=0.200 l2=0.440
[BAR_ARR] ep=139 xcd=1 l1=0.200 l2=0.640
[OPROJ_INNER] slicewait=0.40 mfma=3.96 bar=2.32 rmsnorm_router=1.56 topk=1.84 total=10.08
[BAR_OBS] ep=139 xcd=3 drain=0.360 l1=0.200 wait=2.200 acq=0.080 obs=19115210264788 bar=2.840
[BAR_ARR] ep=139 xcd=3 l1=0.200 l2=0.720
[BAR_OBS] ep=139 xcd=4 drain=0.480 l1=0.200 wait=1.560 acq=0.080 obs=19115210264793 bar=2.320
[BAR_OBS] ep=139 xcd=7 drain=0.480 l1=0.200 wait=1.480 acq=0.080 obs=19115210264782 bar=2.240
[BAR_OBS] ep=139 xcd=5 drain=0.480 l1=0.200 wait=1.720 acq=0.040 obs=19115210264811 bar=2.440
[BAR_ARR] ep=139 xcd=5 l1=0.200 l2=0.760
[BAR_ARR] ep=139 xcd=7 l1=0.200 l2=0.640
[BAR_OBS] ep=139 xcd=6 drain=0.480 l1=0.200 wait=2.080 acq=0.080 obs=19115210264859 bar=2.840
[BAR_ARR] ep=139 xcd=4 l1=0.200 l2=0.600
[BAR_ARR] ep=139 xcd=6 l1=0.200 l2=0.840
[BAR_REL] ep=139 xcd=6 rel=19115210264783
[OPROJ_INNER] slicewait=0.44 mfma=3.88 bar=2.84 rmsnorm_router=1.60 topk=1.40 total=10.16
[OPROJ_INNER] slicewait=0.40 mfma=3.88 bar=2.64 rmsnorm_router=1.56 topk=0.44 total=8.92
[OPROJ_INNER] slicewait=0.40 mfma=3.96 bar=2.64 rmsnorm_router=1.64 topk=2.04 total=10.68
[OPROJ_INNER] slicewait=0.40 mfma=3.96 bar=2.12 rmsnorm_router=1.72 topk=2.80 total=11.00
[OPROJ_INNER] slicewait=0.40 mfma=3.96 bar=2.72 rmsnorm_router=1.56 topk=0.84 total=9.48
[BAR_OBS] ep=140 xcd=2 drain=0.360 l1=0.200 wait=2.040 acq=0.040 obs=19115210521100 bar=2.640
[OPROJ_INNER] slicewait=0.44 mfma=3.88 bar=2.44 rmsnorm_router=1.44 topk=3.12 total=11.32
[BAR_OBS] ep=140 xcd=0 drain=0.360 l1=0.200 wait=2.200 acq=0.080 obs=19115210521101 bar=2.840
[OPROJ_INNER] slicewait=0.40 mfma=3.96 bar=2.64 rmsnorm_router=1.72 topk=6.00 total=14.72
[OPROJ_INNER] slicewait=0.40 mfma=3.92 bar=2.12 rmsnorm_router=1.68 topk=1.88 total=10.00
[BAR_OBS] ep=140 xcd=3 drain=0.360 l1=0.200 wait=2.080 acq=0.080 obs=19115210521100 bar=2.720
[BAR_ARR] ep=140 xcd=2 l1=0.200 l2=0.560
[BAR_ARR] ep=140 xcd=3 l1=0.200 l2=0.480
[BAR_OBS] ep=140 xcd=1 drain=0.360 l1=0.200 wait=2.040 acq=0.040 obs=19115210521106 bar=2.640
[BAR_ARR] ep=140 xcd=0 l1=0.200 l2=0.440
[BAR_OBS] ep=140 xcd=5 drain=0.440 l1=0.240 wait=1.400 acq=0.040 obs=19115210521099 bar=2.120
[BAR_ARR] ep=140 xcd=1 l1=0.200 l2=0.640
[BAR_OBS] ep=140 xcd=6 drain=0.480 l1=0.200 wait=1.880 acq=0.080 obs=19115210521159 bar=2.640
[BAR_ARR] ep=140 xcd=5 l1=0.240 l2=0.600
[BAR_OBS] ep=140 xcd=7 drain=0.480 l1=0.200 wait=1.680 acq=0.080 obs=19115210521130 bar=2.440
[BAR_ARR] ep=140 xcd=6 l1=0.200 l2=0.800
[BAR_ARR] ep=140 xcd=7 l1=0.200 l2=0.680
[BAR_OBS] ep=140 xcd=4 drain=0.480 l1=0.200 wait=1.360 acq=0.080 obs=19115210521093 bar=2.120
[BAR_REL] ep=140 xcd=6 rel=19115210521099
[BAR_ARR] ep=140 xcd=4 l1=0.200 l2=0.520
[OPROJ_INNER] slicewait=0.40 mfma=4.00 bar=2.24 rmsnorm_router=1.72 topk=3.24 total=11.60
[OPROJ_INNER] slicewait=0.40 mfma=3.96 bar=2.68 rmsnorm_router=1.56 topk=0.92 total=9.52
[OPROJ_INNER] slicewait=0.40 mfma=4.00 bar=2.56 rmsnorm_router=1.56 topk=0.40 total=8.92
[OPROJ_INNER] slicewait=0.40 mfma=3.96 bar=2.36 rmsnorm_router=1.88 topk=5.88 total=14.48
[OPROJ_INNER] slicewait=0.40 mfma=3.96 bar=2.60 rmsnorm_router=1.56 topk=1.28 total=9.80
[OPROJ_INNER] slicewait=0.40 mfma=3.96 bar=2.44 rmsnorm_router=1.68 topk=1.80 total=10.28
[OPROJ_INNER] slicewait=0.40 mfma=4.00 bar=2.60 rmsnorm_router=1.60 topk=3.04 total=11.64
[OPROJ_INNER] slicewait=0.40 mfma=4.00 bar=2.04 rmsnorm_router=1.52 topk=3.12 total=11.08
[BAR_OBS] ep=141 xcd=0 drain=0.360 l1=0.200 wait=2.040 acq=0.080 obs=19115210785025 bar=2.680
[BAR_OBS] ep=141 xcd=5 drain=0.480 l1=0.200 wait=1.480 acq=0.080 obs=19115210785063 bar=2.240
[BAR_ARR] ep=141 xcd=0 l1=0.200 l2=0.280
[BAR_OBS] ep=141 xcd=2 drain=0.360 l1=0.200 wait=1.920 acq=0.080 obs=19115210785020 bar=2.560
[BAR_OBS] ep=141 xcd=6 drain=0.440 l1=0.200 wait=1.680 acq=0.040 obs=19115210785083 bar=2.360
[BAR_ARR] ep=141 xcd=5 l1=0.200 l2=0.840
[BAR_ARR] ep=141 xcd=2 l1=0.200 l2=0.440
[BAR_OBS] ep=141 xcd=7 drain=0.440 l1=0.240 wait=1.280 acq=0.080 obs=19115210785046 bar=2.040
[BAR_ARR] ep=141 xcd=6 l1=0.200 l2=1.000
[BAR_OBS] ep=141 xcd=4 drain=0.520 l1=0.200 wait=1.800 acq=0.080 obs=19115210785097 bar=2.600
[BAR_OBS] ep=141 xcd=3 drain=0.360 l1=0.280 wait=1.880 acq=0.080 obs=19115210785024 bar=2.600
[BAR_OBS] ep=141 xcd=1 drain=0.360 l1=0.200 wait=1.840 acq=0.040 obs=19115210785030 bar=2.440
[BAR_ARR] ep=141 xcd=7 l1=0.240 l2=0.680
[BAR_ARR] ep=141 xcd=3 l1=0.280 l2=0.400
[BAR_ARR] ep=141 xcd=4 l1=0.200 l2=0.560
[BAR_ARR] ep=141 xcd=1 l1=0.200 l2=0.600
[BAR_REL] ep=141 xcd=4 rel=19115210785021
[OPROJ_INNER] slicewait=0.44 mfma=3.88 bar=2.80 rmsnorm_router=1.68 topk=1.48 total=10.28
[OPROJ_INNER] slicewait=0.36 mfma=3.96 bar=2.80 rmsnorm_router=1.56 topk=0.76 total=9.44
[OPROJ_INNER] slicewait=0.36 mfma=3.96 bar=2.68 rmsnorm_router=1.68 topk=2.60 total=11.28
[OPROJ_INNER] slicewait=0.36 mfma=3.96 bar=2.44 rmsnorm_router=1.48 topk=3.44 total=11.68
[OPROJ_INNER] slicewait=0.40 mfma=3.88 bar=2.84 rmsnorm_router=1.56 topk=0.44 total=9.12
[BAR_OBS] ep=142 xcd=0 drain=0.400 l1=0.200 wait=2.160 acq=0.040 obs=19115211053857 bar=2.800
[OPROJ_INNER] slicewait=0.44 mfma=3.96 bar=2.24 rmsnorm_router=1.56 topk=3.16 total=11.36
[BAR_OBS] ep=142 xcd=3 drain=0.360 l1=0.200 wait=2.160 acq=0.080 obs=19115211053856 bar=2.800
[BAR_OBS] ep=142 xcd=1 drain=0.360 l1=0.200 wait=2.040 acq=0.080 obs=19115211053858 bar=2.680
[OPROJ_INNER] slicewait=0.44 mfma=3.88 bar=2.12 rmsnorm_router=1.72 topk=3.60 total=11.76
[BAR_ARR] ep=142 xcd=3 l1=0.200 l2=0.640
[BAR_ARR] ep=142 xcd=0 l1=0.200 l2=0.680
[BAR_OBS] ep=142 xcd=2 drain=0.400 l1=0.160 wait=2.200 acq=0.080 obs=19115211053852 bar=2.840
[OPROJ_INNER] slicewait=0.44 mfma=3.92 bar=2.68 rmsnorm_router=1.80 topk=6.40 total=15.24
[BAR_OBS] ep=142 xcd=5 drain=0.480 l1=0.200 wait=1.520 acq=0.040 obs=19115211053867 bar=2.240
[BAR_ARR] ep=142 xcd=2 l1=0.160 l2=0.480
[BAR_OBS] ep=142 xcd=7 drain=0.480 l1=0.200 wait=1.360 acq=0.080 obs=19115211053850 bar=2.120
[BAR_ARR] ep=142 xcd=5 l1=0.200 l2=0.640
[BAR_OBS] ep=142 xcd=4 drain=0.480 l1=0.200 wait=1.680 acq=0.080 obs=19115211053881 bar=2.440
[BAR_ARR] ep=142 xcd=1 l1=0.200 l2=0.680
[BAR_OBS] ep=142 xcd=6 drain=0.480 l1=0.200 wait=1.920 acq=0.080 obs=19115211053915 bar=2.680
[BAR_ARR] ep=142 xcd=4 l1=0.200 l2=0.800
[BAR_ARR] ep=142 xcd=7 l1=0.200 l2=0.600
[BAR_ARR] ep=142 xcd=6 l1=0.200 l2=0.800
[BAR_REL] ep=142 xcd=6 rel=19115211053855
[OPROJ_INNER] slicewait=0.40 mfma=3.96 bar=2.68 rmsnorm_router=1.52 topk=0.40 total=8.96
[OPROJ_INNER] slicewait=0.44 mfma=3.96 bar=2.72 rmsnorm_router=1.64 topk=1.04 total=9.80
[OPROJ_INNER] slicewait=0.40 mfma=3.92 bar=2.12 rmsnorm_router=1.72 topk=3.04 total=11.20
[OPROJ_INNER] slicewait=0.44 mfma=3.92 bar=2.64 rmsnorm_router=1.64 topk=1.16 total=9.80
[OPROJ_INNER] slicewait=0.40 mfma=3.96 bar=2.60 rmsnorm_router=1.64 topk=2.40 total=11.00
[OPROJ_INNER] slicewait=0.40 mfma=3.96 bar=2.16 rmsnorm_router=1.64 topk=3.48 total=11.64
[OPROJ_INNER] slicewait=0.40 mfma=3.92 bar=2.04 rmsnorm_router=1.72 topk=2.04 total=10.12
[OPROJ_INNER] slicewait=0.40 mfma=4.00 bar=2.56 rmsnorm_router=1.72 topk=6.36 total=15.04
[BAR_OBS] ep=143 xcd=2 drain=0.360 l1=0.200 wait=2.080 acq=0.040 obs=19115211328376 bar=2.680
[BAR_OBS] ep=143 xcd=7 drain=0.480 l1=0.200 wait=1.400 acq=0.080 obs=19115211328386 bar=2.160
[BAR_OBS] ep=143 xcd=0 drain=0.400 l1=0.200 wait=2.040 acq=0.080 obs=19115211328377 bar=2.720
[BAR_ARR] ep=143 xcd=2 l1=0.200 l2=0.560
[BAR_OBS] ep=143 xcd=1 drain=0.360 l1=0.240 wait=1.920 acq=0.080 obs=19115211328382 bar=2.600
[BAR_OBS] ep=143 xcd=5 drain=0.480 l1=0.200 wait=1.360 acq=0.080 obs=19115211328371 bar=2.120
[BAR_ARR] ep=143 xcd=0 l1=0.200 l2=0.400
[BAR_ARR] ep=143 xcd=7 l1=0.200 l2=0.640
[BAR_ARR] ep=143 xcd=1 l1=0.240 l2=0.600
[BAR_OBS] ep=143 xcd=3 drain=0.400 l1=0.200 wait=2.000 acq=0.040 obs=19115211328380 bar=2.640
[BAR_ARR] ep=143 xcd=5 l1=0.200 l2=0.320
[BAR_OBS] ep=143 xcd=4 drain=0.440 l1=0.200 wait=1.320 acq=0.080 obs=19115211328369 bar=2.040
[BAR_OBS] ep=143 xcd=6 drain=0.440 l1=0.200 wait=1.840 acq=0.080 obs=19115211328435 bar=2.560
[BAR_ARR] ep=143 xcd=3 l1=0.200 l2=0.560
[BAR_ARR] ep=143 xcd=4 l1=0.200 l2=0.560
[BAR_ARR] ep=143 xcd=6 l1=0.200 l2=0.760
[BAR_REL] ep=143 xcd=6 rel=19115211328375
[OPROJ_INNER] slicewait=0.40 mfma=3.96 bar=2.72 rmsnorm_router=1.64 topk=0.96 total=9.68
[OPROJ_INNER] slicewait=0.44 mfma=3.88 bar=3.04 rmsnorm_router=1.68 topk=2.16 total=11.20
[OPROJ_INNER] slicewait=0.36 mfma=3.96 bar=3.08 rmsnorm_router=1.64 topk=1.08 total=10.12
[OPROJ_INNER] slicewait=0.40 mfma=3.92 bar=2.96 rmsnorm_router=1.52 topk=0.44 total=9.24
[OPROJ_INNER] slicewait=0.36 mfma=3.96 bar=2.16 rmsnorm_router=1.76 topk=1.64 total=9.88
[OPROJ_INNER] slicewait=0.44 mfma=4.00 bar=2.20 rmsnorm_router=1.72 topk=2.76 total=11.12
[OPROJ_INNER] slicewait=0.40 mfma=3.96 bar=2.80 rmsnorm_router=1.72 topk=6.28 total=15.16
[BAR_OBS] ep=144 xcd=0 drain=0.360 l1=0.200 wait=2.120 acq=0.040 obs=19115211604657 bar=2.720
[BAR_OBS] ep=144 xcd=2 drain=0.400 l1=0.160 wait=2.320 acq=0.080 obs=19115211604652 bar=2.960
[OPROJ_INNER] slicewait=0.44 mfma=3.96 bar=2.32 rmsnorm_router=1.60 topk=3.32 total=11.64
[BAR_OBS] ep=144 xcd=1 drain=0.360 l1=0.240 wait=2.360 acq=0.080 obs=19115211604658 bar=3.040
[BAR_ARR] ep=144 xcd=0 l1=0.200 l2=0.560
[BAR_ARR] ep=144 xcd=2 l1=0.160 l2=0.600
[BAR_ARR] ep=144 xcd=1 l1=0.240 l2=0.360
[BAR_OBS] ep=144 xcd=6 drain=0.480 l1=0.200 wait=2.040 acq=0.080 obs=19115211604715 bar=2.800
[BAR_OBS] ep=144 xcd=5 drain=0.440 l1=0.200 wait=1.480 acq=0.080 obs=19115211604651 bar=2.200
[BAR_OBS] ep=144 xcd=3 drain=0.360 l1=0.240 wait=2.440 acq=0.040 obs=19115211604660 bar=3.080
[BAR_OBS] ep=144 xcd=4 drain=0.480 l1=0.200 wait=1.440 acq=0.040 obs=19115211604649 bar=2.160
[BAR_ARR] ep=144 xcd=3 l1=0.240 l2=0.360
[BAR_ARR] ep=144 xcd=5 l1=0.200 l2=0.680
[BAR_ARR] ep=144 xcd=4 l1=0.200 l2=0.560
[BAR_OBS] ep=144 xcd=7 drain=0.440 l1=0.240 wait=1.560 acq=0.080 obs=19115211604666 bar=2.320
[BAR_ARR] ep=144 xcd=6 l1=0.200 l2=0.920
[BAR_ARR] ep=144 xcd=7 l1=0.240 l2=0.760
[BAR_REL] ep=144 xcd=6 rel=19115211604655
[OPROJ_INNER] slicewait=0.40 mfma=3.92 bar=2.64 rmsnorm_router=1.64 topk=2.20 total=10.80
[OPROJ_INNER] slicewait=0.40 mfma=4.00 bar=2.72 rmsnorm_router=1.64 topk=1.20 total=9.96
[OPROJ_INNER] slicewait=0.40 mfma=3.96 bar=2.76 rmsnorm_router=1.48 topk=0.40 total=9.00
[OPROJ_INNER] slicewait=0.40 mfma=3.92 bar=2.24 rmsnorm_router=1.72 topk=3.80 total=12.08
[BAR_OBS] ep=145 xcd=1 drain=0.400 l1=0.200 wait=2.000 acq=0.040 obs=19115211868306 bar=2.640
[BAR_OBS] ep=145 xcd=2 drain=0.360 l1=0.200 wait=2.160 acq=0.040 obs=19115211868304 bar=2.760
[OPROJ_INNER] slicewait=0.36 mfma=3.96 bar=2.72 rmsnorm_router=1.52 topk=0.88 total=9.44
[BAR_ARR] ep=145 xcd=2 l1=0.200 l2=0.320
[OPROJ_INNER] slicewait=0.40 mfma=3.92 bar=2.20 rmsnorm_router=1.56 topk=2.92 total=11.00
[BAR_ARR] ep=145 xcd=1 l1=0.200 l2=0.560
[BAR_OBS] ep=145 xcd=3 drain=0.400 l1=0.200 wait=2.040 acq=0.080 obs=19115211868304 bar=2.720
[OPROJ_INNER] slicewait=0.40 mfma=3.88 bar=2.12 rmsnorm_router=1.68 topk=2.20 total=10.28
[BAR_ARR] ep=145 xcd=3 l1=0.200 l2=0.360
[BAR_OBS] ep=145 xcd=5 drain=0.480 l1=0.200 wait=1.520 acq=0.040 obs=19115211868307 bar=2.240
[OPROJ_INNER] slicewait=0.40 mfma=3.96 bar=2.64 rmsnorm_router=1.68 topk=6.24 total=14.92
[BAR_ARR] ep=145 xcd=5 l1=0.200 l2=0.560
[BAR_OBS] ep=145 xcd=4 drain=0.480 l1=0.200 wait=1.360 acq=0.080 obs=19115211868289 bar=2.120
[BAR_OBS] ep=145 xcd=0 drain=0.400 l1=0.200 wait=2.040 acq=0.080 obs=19115211868301 bar=2.720
[BAR_ARR] ep=145 xcd=4 l1=0.200 l2=0.480
[BAR_OBS] ep=145 xcd=6 drain=0.440 l1=0.200 wait=1.920 acq=0.080 obs=19115211868359 bar=2.640
[BAR_ARR] ep=145 xcd=0 l1=0.200 l2=0.520
[BAR_OBS] ep=145 xcd=7 drain=0.480 l1=0.240 wait=1.400 acq=0.080 obs=19115211868310 bar=2.200
[BAR_ARR] ep=145 xcd=6 l1=0.200 l2=0.840
[BAR_ARR] ep=145 xcd=7 l1=0.240 l2=0.520
[BAR_REL] ep=145 xcd=6 rel=19115211868299
[OPROJ_INNER] slicewait=0.40 mfma=3.84 bar=2.80 rmsnorm_router=1.64 topk=1.96 total=10.64
[OPROJ_INNER] slicewait=0.40 mfma=3.92 bar=2.76 rmsnorm_router=1.52 topk=0.44 total=9.04
[OPROJ_INNER] slicewait=0.40 mfma=3.92 bar=2.24 rmsnorm_router=1.68 topk=1.76 total=10.00
[OPROJ_INNER] slicewait=0.40 mfma=4.00 bar=2.72 rmsnorm_router=1.68 topk=6.04 total=14.84
[OPROJ_INNER] slicewait=0.40 mfma=3.96 bar=2.36 rmsnorm_router=1.52 topk=2.72 total=10.96
[OPROJ_INNER] slicewait=0.40 mfma=3.92 bar=2.20 rmsnorm_router=1.76 topk=3.28 total=11.56
[OPROJ_INNER] slicewait=0.40 mfma=4.00 bar=2.68 rmsnorm_router=1.56 topk=0.72 total=9.36
[OPROJ_INNER] slicewait=0.40 mfma=3.84 bar=2.80 rmsnorm_router=1.64 topk=1.24 total=9.92
[BAR_OBS] ep=146 xcd=4 drain=0.480 l1=0.200 wait=1.480 acq=0.080 obs=19115212121741 bar=2.240
[BAR_OBS] ep=146 xcd=2 drain=0.400 l1=0.160 wait=2.120 acq=0.080 obs=19115212121744 bar=2.760
[BAR_OBS] ep=146 xcd=0 drain=0.400 l1=0.200 wait=2.120 acq=0.080 obs=19115212121745 bar=2.800
[BAR_OBS] ep=146 xcd=3 drain=0.360 l1=0.200 wait=2.040 acq=0.080 obs=19115212121744 bar=2.680
[BAR_OBS] ep=146 xcd=5 drain=0.480 l1=0.200 wait=1.600 acq=0.080 obs=19115212121759 bar=2.360
[BAR_OBS] ep=146 xcd=7 drain=0.480 l1=0.200 wait=1.440 acq=0.080 obs=19115212121738 bar=2.200
[BAR_OBS] ep=146 xcd=1 drain=0.360 l1=0.240 wait=2.120 acq=0.080 obs=19115212121746 bar=2.800
[BAR_ARR] ep=146 xcd=4 l1=0.200 l2=0.600
[BAR_ARR] ep=146 xcd=2 l1=0.160 l2=0.800
[BAR_ARR] ep=146 xcd=3 l1=0.200 l2=0.720
[BAR_ARR] ep=146 xcd=0 l1=0.200 l2=0.640
[BAR_ARR] ep=146 xcd=5 l1=0.200 l2=0.680
[BAR_ARR] ep=146 xcd=7 l1=0.200 l2=0.440
[BAR_ARR] ep=146 xcd=1 l1=0.240 l2=0.360
[BAR_OBS] ep=146 xcd=6 drain=0.480 l1=0.200 wait=1.960 acq=0.080 obs=19115212121803 bar=2.720
[BAR_ARR] ep=146 xcd=6 l1=0.200 l2=0.840
[BAR_REL] ep=146 xcd=6 rel=19115212121743
[OPROJ_INNER] slicewait=0.36 mfma=4.00 bar=2.68 rmsnorm_router=1.60 topk=1.20 total=9.84
[OPROJ_INNER] slicewait=0.40 mfma=3.92 bar=2.80 rmsnorm_router=1.60 topk=0.40 total=9.12
[OPROJ_INNER] slicewait=0.40 mfma=4.00 bar=2.76 rmsnorm_router=1.56 topk=1.08 total=9.80
[OPROJ_INNER] slicewait=0.40 mfma=4.00 bar=2.20 rmsnorm_router=1.60 topk=3.32 total=11.52
[OPROJ_INNER] slicewait=0.40 mfma=3.92 bar=2.08 rmsnorm_router=1.64 topk=1.68 total=9.72
[BAR_OBS] ep=147 xcd=3 drain=0.400 l1=0.200 wait=2.040 acq=0.040 obs=19115212416020 bar=2.680
[OPROJ_INNER] slicewait=0.40 mfma=4.04 bar=2.60 rmsnorm_router=1.92 topk=6.00 total=14.96
[BAR_OBS] ep=147 xcd=0 drain=0.400 l1=0.200 wait=2.080 acq=0.080 obs=19115212416021 bar=2.760
[BAR_OBS] ep=147 xcd=2 drain=0.400 l1=0.200 wait=2.160 acq=0.040 obs=19115212416016 bar=2.800
[OPROJ_INNER] slicewait=0.40 mfma=3.92 bar=2.16 rmsnorm_router=1.72 topk=2.72 total=10.92
[BAR_OBS] ep=147 xcd=7 drain=0.440 l1=0.240 wait=1.440 acq=0.080 obs=19115212416026 bar=2.200
[OPROJ_INNER] slicewait=0.40 mfma=4.00 bar=2.60 rmsnorm_router=1.68 topk=2.28 total=10.96
[BAR_ARR] ep=147 xcd=2 l1=0.200 l2=0.280
[BAR_ARR] ep=147 xcd=0 l1=0.200 l2=0.360
[BAR_OBS] ep=147 xcd=6 drain=0.480 l1=0.200 wait=1.840 acq=0.080 obs=19115212416075 bar=2.600
[BAR_OBS] ep=147 xcd=1 drain=0.360 l1=0.200 wait=2.000 acq=0.040 obs=19115212416022 bar=2.600
[BAR_ARR] ep=147 xcd=3 l1=0.200 l2=0.480
[BAR_ARR] ep=147 xcd=6 l1=0.200 l2=0.760
[BAR_ARR] ep=147 xcd=1 l1=0.200 l2=0.640
[BAR_OBS] ep=147 xcd=4 drain=0.480 l1=0.200 wait=1.320 acq=0.080 obs=19115212416009 bar=2.080
[BAR_REL] ep=147 xcd=6 rel=19115212416015
[BAR_ARR] ep=147 xcd=4 l1=0.200 l2=0.440
[BAR_ARR] ep=147 xcd=7 l1=0.240 l2=0.680
[BAR_OBS] ep=147 xcd=5 drain=0.480 l1=0.200 wait=1.400 acq=0.080 obs=19115212416011 bar=2.160
[BAR_ARR] ep=147 xcd=5 l1=0.200 l2=0.320
[OPROJ_INNER] slicewait=0.40 mfma=3.92 bar=2.84 rmsnorm_router=1.64 topk=1.36 total=10.16
[OPROJ_INNER] slicewait=0.40 mfma=3.92 bar=2.84 rmsnorm_router=1.52 topk=0.48 total=9.16
[OPROJ_INNER] slicewait=0.44 mfma=3.88 bar=2.80 rmsnorm_router=1.56 topk=0.72 total=9.40
[OPROJ_INNER] slicewait=0.36 mfma=3.96 bar=2.12 rmsnorm_router=1.68 topk=1.88 total=10.00
[OPROJ_INNER] slicewait=0.40 mfma=3.96 bar=2.72 rmsnorm_router=1.84 topk=6.08 total=15.00
[BAR_OBS] ep=148 xcd=0 drain=0.360 l1=0.200 wait=2.240 acq=0.040 obs=19115212687637 bar=2.840
[BAR_OBS] ep=148 xcd=3 drain=0.400 l1=0.200 wait=2.120 acq=0.080 obs=19115212687636 bar=2.800
[OPROJ_INNER] slicewait=0.44 mfma=3.92 bar=2.24 rmsnorm_router=1.68 topk=3.20 total=11.48
[OPROJ_INNER] slicewait=0.44 mfma=3.96 bar=2.12 rmsnorm_router=1.68 topk=2.88 total=11.08
[OPROJ_INNER] slicewait=0.36 mfma=3.96 bar=2.80 rmsnorm_router=1.64 topk=2.12 total=10.88
[BAR_ARR] ep=148 xcd=3 l1=0.200 l2=0.760
[BAR_ARR] ep=148 xcd=0 l1=0.200 l2=0.560
[BAR_OBS] ep=148 xcd=7 drain=0.440 l1=0.200 wait=1.400 acq=0.080 obs=19115212687630 bar=2.120
[BAR_OBS] ep=148 xcd=5 drain=0.480 l1=0.200 wait=1.480 acq=0.080 obs=19115212687639 bar=2.240
[BAR_OBS] ep=148 xcd=6 drain=0.480 l1=0.200 wait=1.960 acq=0.080 obs=19115212687695 bar=2.720
[BAR_ARR] ep=148 xcd=7 l1=0.200 l2=0.600
[BAR_ARR] ep=148 xcd=5 l1=0.200 l2=0.720
[BAR_ARR] ep=148 xcd=6 l1=0.200 l2=0.840
[BAR_OBS] ep=148 xcd=1 drain=0.400 l1=0.200 wait=2.120 acq=0.080 obs=19115212687638 bar=2.800
[BAR_OBS] ep=148 xcd=2 drain=0.360 l1=0.200 wait=2.200 acq=0.080 obs=19115212687632 bar=2.840
[BAR_REL] ep=148 xcd=6 rel=19115212687635
[BAR_ARR] ep=148 xcd=1 l1=0.200 l2=0.600
[BAR_OBS] ep=148 xcd=4 drain=0.480 l1=0.200 wait=1.400 acq=0.040 obs=19115212687629 bar=2.120
[BAR_ARR] ep=148 xcd=2 l1=0.200 l2=0.400
[BAR_ARR] ep=148 xcd=4 l1=0.200 l2=0.360
[OPROJ_INNER] slicewait=0.40 mfma=3.96 bar=2.80 rmsnorm_router=1.68 topk=2.12 total=10.96
[OPROJ_INNER] slicewait=0.36 mfma=3.96 bar=2.88 rmsnorm_router=1.60 topk=0.76 total=9.56
[OPROJ_INNER] slicewait=0.44 mfma=3.88 bar=2.64 rmsnorm_router=1.60 topk=0.40 total=8.96
[OPROJ_INNER] slicewait=0.40 mfma=3.96 bar=2.84 rmsnorm_router=1.68 topk=2.80 total=11.68
[OPROJ_INNER] slicewait=0.44 mfma=3.96 bar=2.60 rmsnorm_router=1.72 topk=6.28 total=15.00
[OPROJ_INNER] slicewait=0.40 mfma=3.88 bar=2.12 rmsnorm_router=1.64 topk=1.28 total=9.32
[BAR_OBS] ep=149 xcd=3 drain=0.360 l1=0.240 wait=2.200 acq=0.080 obs=19115212949400 bar=2.880
[BAR_OBS] ep=149 xcd=2 drain=0.400 l1=0.160 wait=2.000 acq=0.080 obs=19115212949396 bar=2.640
[BAR_OBS] ep=149 xcd=0 drain=0.400 l1=0.240 wait=2.080 acq=0.080 obs=19115212949397 bar=2.800
[BAR_OBS] ep=149 xcd=1 drain=0.400 l1=0.200 wait=2.160 acq=0.080 obs=19115212949402 bar=2.840
[BAR_OBS] ep=149 xcd=4 drain=0.480 l1=0.200 wait=1.360 acq=0.080 obs=19115212949389 bar=2.120
[BAR_ARR] ep=149 xcd=2 l1=0.160 l2=0.680
[BAR_OBS] ep=149 xcd=6 drain=0.480 l1=0.200 wait=1.880 acq=0.040 obs=19115212949459 bar=2.600
[BAR_ARR] ep=149 xcd=3 l1=0.240 l2=0.280
[BAR_ARR] ep=149 xcd=1 l1=0.200 l2=0.640
[OPROJ_INNER] slicewait=0.40 mfma=4.00 bar=2.16 rmsnorm_router=1.64 topk=3.36 total=11.56
[BAR_ARR] ep=149 xcd=4 l1=0.200 l2=0.640
[OPROJ_INNER] slicewait=0.40 mfma=3.96 bar=2.12 rmsnorm_router=1.72 topk=2.68 total=10.88
[BAR_ARR] ep=149 xcd=0 l1=0.240 l2=0.560
[BAR_ARR] ep=149 xcd=6 l1=0.200 l2=0.760
[BAR_OBS] ep=149 xcd=7 drain=0.480 l1=0.200 wait=1.400 acq=0.080 obs=19115212949406 bar=2.160
[BAR_REL] ep=149 xcd=6 rel=19115212949399
[BAR_OBS] ep=149 xcd=5 drain=0.480 l1=0.200 wait=1.400 acq=0.040 obs=19115212949395 bar=2.120
[BAR_ARR] ep=149 xcd=7 l1=0.200 l2=0.600
[BAR_ARR] ep=149 xcd=5 l1=0.200 l2=0.400
[OPROJ_INNER] slicewait=0.40 mfma=3.96 bar=2.24 rmsnorm_router=1.64 topk=3.08 total=11.32
[OPROJ_INNER] slicewait=0.36 mfma=3.92 bar=2.16 rmsnorm_router=1.64 topk=1.80 total=9.88
[OPROJ_INNER] slicewait=0.40 mfma=4.00 bar=2.72 rmsnorm_router=1.80 topk=5.80 total=14.72
[OPROJ_INNER] slicewait=0.40 mfma=3.92 bar=2.80 rmsnorm_router=1.60 topk=1.28 total=10.00
[OPROJ_INNER] slicewait=0.40 mfma=3.92 bar=2.72 rmsnorm_router=1.60 topk=2.00 total=10.64
[OPROJ_INNER] slicewait=0.40 mfma=3.96 bar=2.12 rmsnorm_router=1.68 topk=2.84 total=11.00
[OPROJ_INNER] slicewait=0.40 mfma=3.84 bar=2.84 rmsnorm_router=1.60 topk=0.80 total=9.48
[OPROJ_INNER] slicewait=0.36 mfma=3.92 bar=2.80 rmsnorm_router=1.44 topk=0.44 total=8.96
[BAR_OBS] ep=150 xcd=7 drain=0.440 l1=0.240 wait=1.480 acq=0.080 obs=19115213219730 bar=2.240
[BAR_OBS] ep=150 xcd=1 drain=0.360 l1=0.240 wait=2.040 acq=0.080 obs=19115213219722 bar=2.720
[BAR_OBS] ep=150 xcd=6 drain=0.480 l1=0.200 wait=1.960 acq=0.080 obs=19115213219787 bar=2.720
[BAR_OBS] ep=150 xcd=0 drain=0.400 l1=0.160 wait=2.160 acq=0.080 obs=19115213219717 bar=2.800
[BAR_ARR] ep=150 xcd=7 l1=0.240 l2=0.720
[BAR_ARR] ep=150 xcd=0 l1=0.160 l2=0.760
[BAR_OBS] ep=150 xcd=3 drain=0.400 l1=0.200 wait=2.160 acq=0.080 obs=19115213219720 bar=2.840
[BAR_OBS] ep=150 xcd=2 drain=0.360 l1=0.200 wait=2.160 acq=0.080 obs=19115213219720 bar=2.800
[BAR_OBS] ep=150 xcd=4 drain=0.480 l1=0.200 wait=1.400 acq=0.080 obs=19115213219713 bar=2.160
[BAR_ARR] ep=150 xcd=2 l1=0.200 l2=0.720
[BAR_ARR] ep=150 xcd=1 l1=0.240 l2=0.720
[BAR_OBS] ep=150 xcd=5 drain=0.440 l1=0.200 wait=1.400 acq=0.080 obs=19115213219715 bar=2.120
[BAR_ARR] ep=150 xcd=6 l1=0.200 l2=0.760
[BAR_ARR] ep=150 xcd=3 l1=0.200 l2=0.440
[BAR_ARR] ep=150 xcd=4 l1=0.200 l2=0.480
[BAR_ARR] ep=150 xcd=5 l1=0.200 l2=0.520
[BAR_REL] ep=150 xcd=6 rel=19115213219715
[fixlocal] blocks per XCD: 23 23 23 23 23 23 23 23
[fixlocal] wall 409.62 ms / 150 layers = 2730.77 us per layer
[fixlocal] hash attn_proj_out=8c80e2966041a783 rmsnorm_out=a1cf01ab958675cb
[fixlocal] attn_out(in)       7680/8192 nonzero bytes  head 40004000 40004000 40004000 40004000
[fixlocal] weight_data(in)     256/256 nonzero bytes  head 22222222 22222222 22222222 22222222
[fixlocal] weight_scale(in)    256/256 nonzero bytes  head 77777777 77777777 77777777 77777777
[fixlocal] norm_weight(in)     256/256 nonzero bytes  head 3c3c3c3c 3c3c3c3c 3c3c3c3c 3c3c3c3c
[fixlocal] attn_proj_out      5888/5888 nonzero bytes  head 421c421a 4220421e 42244222 42284226
[fixlocal] rmsnorm_out        2903/5760 nonzero bytes  head 7c7c7c7c 7d7c7c7c 7b7b7d7d 7b7b7b7b
[fixlocal] topk_weight           8/4096 nonzero bytes  head 3e800000 3e800000 3e800000 3e800000
[fixlocal] routing_indices       4/4096 nonzero bytes  head 00000000 00000000 00000000 00000000
[fixlocal] logits_scratch        0/4096 nonzero bytes  head 00000000 00000000 00000000 00000000
[fixlocal] counters              2/4096 nonzero bytes  head 00000000 00000000 00000000 00000000
