[AID] AID0 -> range 0, AID1 -> range 1
[AID] 2.00 MiB in AID0 (range 0, COHERENT set) -> 0x7cc290a00000
[AID] 2.00 MiB in AID1 (range 1, COHERENT set) -> 0x7cc290600000
[fix] attn_out 0x7cc293400000  flags 0x7cc290a00000 / 0x7cc290600000  weight 0x7cc292a00000 (6.11 MiB)
[fix] aid=1 coherent=1 split=1 hier_split=1 local_split=0
[fix] 184 tiles (23/XCD), 256 threads, 150 layers, delay=0 skew=0, 736 polling waves
[BAR_ARR] ep=1 xcd=1 l1=0.400 l2=0.280
[BAR_ARR] ep=1 xcd=2 l1=0.440 l2=0.280
[BAR_ARR] ep=1 xcd=4 l1=0.480 l2=0.520
[OPROJ_INNER] slicewait=5.52 mfma=1.76 bar=6.04 rmsnorm_router=1.52 topk=1.08 total=15.92
[BAR_ARR] ep=1 xcd=3 l1=0.400 l2=0.280
[BAR_ARR] ep=1 xcd=0 l1=0.400 l2=0.280
[BAR_ARR] ep=1 xcd=6 l1=0.480 l2=0.360
[OPROJ_INNER] slicewait=1.32 mfma=3.72 bar=3.96 rmsnorm_router=1.76 topk=2.24 total=13.00
[BAR_ARR] ep=1 xcd=5 l1=0.440 l2=0.560
[OPROJ_INNER] slicewait=5.12 mfma=1.80 bar=5.92 rmsnorm_router=1.52 topk=0.64 total=15.00
[BAR_OBS] ep=1 xcd=2 drain=0.400 l1=0.200 wait=5.360 acq=0.080 obs=19115096467013 bar=6.040
[BAR_REL] ep=1 xcd=0 rel=19115096467013
[OPROJ_INNER] slicewait=0.44 mfma=4.16 bar=1.72 rmsnorm_router=1.56 topk=1.48 total=9.36
[OPROJ_INNER] slicewait=4.92 mfma=1.72 bar=6.00 rmsnorm_router=1.56 topk=0.36 total=14.56
[BAR_OBS] ep=1 xcd=1 drain=0.360 l1=0.200 wait=5.280 acq=0.080 obs=19115096467009 bar=5.920
[BAR_OBS] ep=1 xcd=0 drain=0.400 l1=0.240 wait=1.000 acq=0.080 obs=19115096467017 bar=1.720
[OPROJ_INNER] slicewait=1.28 mfma=3.76 bar=3.88 rmsnorm_router=1.92 topk=2.32 total=13.16
[BAR_ARR] ep=1 xcd=7 l1=0.400 l2=0.360
[OPROJ_INNER] slicewait=1.52 mfma=3.56 bar=4.00 rmsnorm_router=1.96 topk=2.88 total=13.92
[BAR_OBS] ep=1 xcd=4 drain=0.520 l1=0.320 wait=3.040 acq=0.080 obs=19115096467016 bar=3.960
[BAR_OBS] ep=1 xcd=3 drain=0.360 l1=0.200 wait=5.360 acq=0.080 obs=19115096467008 bar=6.000
[OPROJ_INNER] slicewait=2.84 mfma=2.32 bar=5.40 rmsnorm_router=1.92 topk=3.16 total=15.64
[BAR_OBS] ep=1 xcd=5 drain=0.480 l1=0.400 wait=2.960 acq=0.040 obs=19115096467020 bar=3.880
[BAR_OBS] ep=1 xcd=6 drain=0.480 l1=0.320 wait=3.120 acq=0.080 obs=19115096467015 bar=4.000
[BAR_OBS] ep=1 xcd=7 drain=0.480 l1=0.320 wait=4.560 acq=0.040 obs=19115096467022 bar=5.400
[OPROJ_INNER] slicewait=0.40 mfma=3.88 bar=2.68 rmsnorm_router=1.60 topk=1.16 total=9.72
[OPROJ_INNER] slicewait=0.44 mfma=3.92 bar=2.04 rmsnorm_router=1.76 topk=3.08 total=11.24
[OPROJ_INNER] slicewait=0.40 mfma=3.92 bar=2.72 rmsnorm_router=1.64 topk=2.16 total=10.84
[OPROJ_INNER] slicewait=0.40 mfma=3.92 bar=2.64 rmsnorm_router=1.52 topk=0.40 total=8.88
[OPROJ_INNER] slicewait=0.40 mfma=3.92 bar=2.60 rmsnorm_router=1.52 topk=0.84 total=9.28
[BAR_OBS] ep=2 xcd=2 drain=0.480 l1=0.200 wait=1.960 acq=0.040 obs=19115096838897 bar=2.680
[BAR_OBS] ep=2 xcd=0 drain=0.400 l1=0.200 wait=2.040 acq=0.080 obs=19115096838897 bar=2.720
[OPROJ_INNER] slicewait=0.44 mfma=3.96 bar=2.08 rmsnorm_router=1.68 topk=2.52 total=10.68
[BAR_OBS] ep=2 xcd=3 drain=0.400 l1=0.160 wait=2.000 acq=0.080 obs=19115096838892 bar=2.640
[BAR_ARR] ep=2 xcd=2 l1=0.200 l2=0.800
[BAR_OBS] ep=2 xcd=1 drain=0.360 l1=0.200 wait=1.960 acq=0.080 obs=19115096838893 bar=2.600
[BAR_ARR] ep=2 xcd=3 l1=0.160 l2=0.400
[OPROJ_INNER] slicewait=0.40 mfma=3.92 bar=2.28 rmsnorm_router=1.44 topk=2.68 total=10.72
[BAR_ARR] ep=2 xcd=0 l1=0.200 l2=0.520
[OPROJ_INNER] slicewait=0.40 mfma=3.92 bar=2.64 rmsnorm_router=1.76 topk=6.44 total=15.16
[BAR_OBS] ep=2 xcd=5 drain=0.480 l1=0.280 wait=1.240 acq=0.080 obs=19115096838896 bar=2.080
[BAR_OBS] ep=2 xcd=7 drain=0.440 l1=0.320 wait=1.240 acq=0.040 obs=19115096838894 bar=2.040
[BAR_ARR] ep=2 xcd=5 l1=0.280 l2=0.400
[BAR_ARR] ep=2 xcd=1 l1=0.200 l2=0.640
[BAR_OBS] ep=2 xcd=6 drain=0.520 l1=0.320 wait=1.720 acq=0.080 obs=19115096838951 bar=2.640
[BAR_ARR] ep=2 xcd=7 l1=0.320 l2=0.360
[BAR_OBS] ep=2 xcd=4 drain=0.480 l1=0.320 wait=1.400 acq=0.080 obs=19115096838916 bar=2.280
[BAR_ARR] ep=2 xcd=6 l1=0.320 l2=0.640
[BAR_ARR] ep=2 xcd=4 l1=0.320 l2=0.760
[BAR_REL] ep=2 xcd=6 rel=19115096838891
[OPROJ_INNER] slicewait=0.40 mfma=3.88 bar=2.08 rmsnorm_router=1.72 topk=2.48 total=10.56
[OPROJ_INNER] slicewait=0.40 mfma=4.00 bar=2.48 rmsnorm_router=1.56 topk=0.72 total=9.16
[OPROJ_INNER] slicewait=0.40 mfma=4.04 bar=2.72 rmsnorm_router=1.60 topk=2.24 total=11.00
[OPROJ_INNER] slicewait=0.44 mfma=3.92 bar=2.72 rmsnorm_router=1.68 topk=0.96 total=9.72
[BAR_OBS] ep=3 xcd=7 drain=0.480 l1=0.280 wait=1.240 acq=0.080 obs=19115097098558 bar=2.080
[OPROJ_INNER] slicewait=0.40 mfma=3.96 bar=2.56 rmsnorm_router=1.48 topk=0.36 total=8.76
[OPROJ_INNER] slicewait=0.36 mfma=4.00 bar=2.52 rmsnorm_router=1.80 topk=5.96 total=14.64
[BAR_OBS] ep=3 xcd=3 drain=0.400 l1=0.200 wait=1.880 acq=0.080 obs=19115097098564 bar=2.560
[OPROJ_INNER] slicewait=0.40 mfma=3.92 bar=2.12 rmsnorm_router=1.68 topk=3.08 total=11.20
[BAR_OBS] ep=3 xcd=0 drain=0.360 l1=0.240 wait=2.080 acq=0.040 obs=19115097098577 bar=2.720
[BAR_OBS] ep=3 xcd=1 drain=0.360 l1=0.200 wait=1.880 acq=0.040 obs=19115097098565 bar=2.480
[BAR_ARR] ep=3 xcd=0 l1=0.240 l2=0.320
[BAR_OBS] ep=3 xcd=6 drain=0.480 l1=0.320 wait=1.640 acq=0.080 obs=19115097098619 bar=2.520
[BAR_ARR] ep=3 xcd=1 l1=0.200 l2=0.680
[BAR_OBS] ep=3 xcd=2 drain=0.400 l1=0.200 wait=2.080 acq=0.040 obs=19115097098565 bar=2.720
[BAR_ARR] ep=3 xcd=7 l1=0.280 l2=0.360
[BAR_OBS] ep=3 xcd=5 drain=0.480 l1=0.280 wait=1.320 acq=0.040 obs=19115097098568 bar=2.120
[OPROJ_INNER] slicewait=0.40 mfma=3.96 bar=2.16 rmsnorm_router=1.44 topk=2.08 total=10.04
[BAR_ARR] ep=3 xcd=2 l1=0.200 l2=0.280
[BAR_ARR] ep=3 xcd=3 l1=0.200 l2=0.520
[BAR_ARR] ep=3 xcd=6 l1=0.320 l2=0.560
[BAR_ARR] ep=3 xcd=5 l1=0.280 l2=0.440
[BAR_REL] ep=3 xcd=6 rel=19115097098559
[BAR_OBS] ep=3 xcd=4 drain=0.480 l1=0.320 wait=1.280 acq=0.080 obs=19115097098580 bar=2.160
[BAR_ARR] ep=3 xcd=4 l1=0.320 l2=0.440
[OPROJ_INNER] slicewait=0.40 mfma=3.92 bar=2.92 rmsnorm_router=1.68 topk=2.36 total=11.28
[OPROJ_INNER] slicewait=0.40 mfma=3.92 bar=2.72 rmsnorm_router=1.56 topk=0.72 total=9.32
[OPROJ_INNER] slicewait=0.40 mfma=3.88 bar=2.28 rmsnorm_router=1.52 topk=1.68 total=9.76
[OPROJ_INNER] slicewait=0.40 mfma=3.92 bar=2.12 rmsnorm_router=1.76 topk=3.12 total=11.32
[OPROJ_INNER] slicewait=0.40 mfma=3.96 bar=2.88 rmsnorm_router=1.64 topk=1.04 total=9.92
[OPROJ_INNER] slicewait=0.40 mfma=3.96 bar=2.56 rmsnorm_router=1.56 topk=0.40 total=8.88
[BAR_OBS] ep=4 xcd=0 drain=0.400 l1=0.200 wait=2.280 acq=0.040 obs=19115097376269 bar=2.920
[OPROJ_INNER] slicewait=0.40 mfma=3.96 bar=2.68 rmsnorm_router=1.84 topk=6.32 total=15.20
[BAR_OBS] ep=4 xcd=7 drain=0.440 l1=0.320 wait=1.280 acq=0.080 obs=19115097376258 bar=2.120
[BAR_ARR] ep=4 xcd=0 l1=0.200 l2=0.280
[BAR_OBS] ep=4 xcd=2 drain=0.440 l1=0.200 wait=2.160 acq=0.080 obs=19115097376265 bar=2.880
[BAR_ARR] ep=4 xcd=7 l1=0.320 l2=0.520
[BAR_OBS] ep=4 xcd=1 drain=0.400 l1=0.200 wait=2.080 acq=0.040 obs=19115097376265 bar=2.720
[BAR_ARR] ep=4 xcd=2 l1=0.200 l2=0.320
[BAR_ARR] ep=4 xcd=1 l1=0.200 l2=0.520
[BAR_OBS] ep=4 xcd=3 drain=0.360 l1=0.200 wait=1.920 acq=0.080 obs=19115097376260 bar=2.560
[OPROJ_INNER] slicewait=0.40 mfma=3.92 bar=2.20 rmsnorm_router=1.68 topk=2.84 total=11.04
[BAR_ARR] ep=4 xcd=3 l1=0.200 l2=0.640
[BAR_OBS] ep=4 xcd=4 drain=0.480 l1=0.320 wait=1.800 acq=0.080 obs=19115097376320 bar=2.680
[BAR_OBS] ep=4 xcd=6 drain=0.480 l1=0.320 wait=1.400 acq=0.080 obs=19115097376275 bar=2.280
[BAR_ARR] ep=4 xcd=4 l1=0.320 l2=0.760
[BAR_OBS] ep=4 xcd=5 drain=0.440 l1=0.280 wait=1.400 acq=0.080 obs=19115097376260 bar=2.200
[BAR_ARR] ep=4 xcd=6 l1=0.320 l2=0.640
[BAR_REL] ep=4 xcd=4 rel=19115097376260
[BAR_ARR] ep=4 xcd=5 l1=0.280 l2=0.360
[OPROJ_INNER] slicewait=0.40 mfma=3.88 bar=2.64 rmsnorm_router=1.48 topk=0.40 total=8.80
[OPROJ_INNER] slicewait=0.40 mfma=3.88 bar=2.80 rmsnorm_router=1.64 topk=0.96 total=9.68
[OPROJ_INNER] slicewait=0.44 mfma=3.96 bar=2.00 rmsnorm_router=1.68 topk=2.08 total=10.16
[OPROJ_INNER] slicewait=0.40 mfma=3.92 bar=2.16 rmsnorm_router=1.44 topk=2.96 total=10.88
[BAR_OBS] ep=5 xcd=3 drain=0.360 l1=0.200 wait=2.040 acq=0.040 obs=19115097626804 bar=2.640
[OPROJ_INNER] slicewait=0.40 mfma=3.96 bar=2.64 rmsnorm_router=1.68 topk=2.68 total=11.36
[OPROJ_INNER] slicewait=0.40 mfma=4.00 bar=2.52 rmsnorm_router=1.56 topk=0.64 total=9.12
[OPROJ_INNER] slicewait=0.40 mfma=3.96 bar=2.48 rmsnorm_router=1.96 topk=5.88 total=14.68
[OPROJ_INNER] slicewait=0.44 mfma=3.96 bar=2.00 rmsnorm_router=1.64 topk=3.16 total=11.20
[BAR_ARR] ep=5 xcd=3 l1=0.200 l2=0.440
[BAR_OBS] ep=5 xcd=0 drain=0.400 l1=0.240 wait=1.920 acq=0.080 obs=19115097626805 bar=2.640
[BAR_OBS] ep=5 xcd=6 drain=0.480 l1=0.360 wait=1.280 acq=0.040 obs=19115097626827 bar=2.160
[BAR_OBS] ep=5 xcd=2 drain=0.360 l1=0.200 wait=2.160 acq=0.080 obs=19115097626801 bar=2.800
[BAR_OBS] ep=5 xcd=1 drain=0.400 l1=0.200 wait=1.840 acq=0.080 obs=19115097626801 bar=2.520
[BAR_OBS] ep=5 xcd=5 drain=0.480 l1=0.320 wait=1.120 acq=0.080 obs=19115097626796 bar=2.000
[BAR_ARR] ep=5 xcd=6 l1=0.360 l2=0.520
[BAR_OBS] ep=5 xcd=7 drain=0.440 l1=0.320 wait=1.160 acq=0.080 obs=19115097626806 bar=2.000
[BAR_ARR] ep=5 xcd=1 l1=0.200 l2=0.560
[BAR_ARR] ep=5 xcd=2 l1=0.200 l2=0.480
[BAR_ARR] ep=5 xcd=0 l1=0.240 l2=0.480
[BAR_ARR] ep=5 xcd=7 l1=0.320 l2=0.320
[BAR_OBS] ep=5 xcd=4 drain=0.520 l1=0.320 wait=1.560 acq=0.080 obs=19115097626856 bar=2.480
[BAR_ARR] ep=5 xcd=5 l1=0.320 l2=0.320
[BAR_ARR] ep=5 xcd=4 l1=0.320 l2=0.520
[BAR_REL] ep=5 xcd=4 rel=19115097626796
[OPROJ_INNER] slicewait=0.40 mfma=4.00 bar=2.64 rmsnorm_router=1.52 topk=0.40 total=8.96
[OPROJ_INNER] slicewait=0.40 mfma=3.96 bar=2.16 rmsnorm_router=1.72 topk=3.00 total=11.24
[OPROJ_INNER] slicewait=0.40 mfma=3.96 bar=2.84 rmsnorm_router=1.64 topk=1.00 total=9.84
[OPROJ_INNER] slicewait=0.40 mfma=3.92 bar=3.00 rmsnorm_router=1.68 topk=2.36 total=11.36
[BAR_OBS] ep=6 xcd=3 drain=0.400 l1=0.160 wait=2.000 acq=0.080 obs=19115097903108 bar=2.640
[OPROJ_INNER] slicewait=0.40 mfma=3.96 bar=2.44 rmsnorm_router=1.44 topk=3.48 total=11.72
[OPROJ_INNER] slicewait=0.40 mfma=3.88 bar=2.80 rmsnorm_router=1.56 topk=0.68 total=9.32
[OPROJ_INNER] slicewait=0.44 mfma=3.92 bar=2.28 rmsnorm_router=1.64 topk=3.32 total=11.60
[BAR_OBS] ep=6 xcd=2 drain=0.440 l1=0.200 wait=2.120 acq=0.080 obs=19115097903113 bar=2.840
[BAR_OBS] ep=6 xcd=0 drain=0.400 l1=0.200 wait=2.320 acq=0.080 obs=19115097903113 bar=3.000
[OPROJ_INNER] slicewait=0.40 mfma=4.00 bar=2.68 rmsnorm_router=1.76 topk=6.12 total=14.96
[BAR_ARR] ep=6 xcd=3 l1=0.160 l2=0.520
[BAR_OBS] ep=6 xcd=5 drain=0.480 l1=0.280 wait=1.320 acq=0.080 obs=19115097903108 bar=2.160
[BAR_ARR] ep=6 xcd=0 l1=0.200 l2=0.280
[BAR_ARR] ep=6 xcd=2 l1=0.200 l2=0.400
[BAR_OBS] ep=6 xcd=1 drain=0.360 l1=0.200 wait=2.200 acq=0.040 obs=19115097903113 bar=2.800
[BAR_OBS] ep=6 xcd=7 drain=0.480 l1=0.320 wait=1.440 acq=0.040 obs=19115097903126 bar=2.280
[BAR_ARR] ep=6 xcd=1 l1=0.200 l2=0.320
[BAR_ARR] ep=6 xcd=5 l1=0.280 l2=0.480
[BAR_OBS] ep=6 xcd=4 drain=0.480 l1=0.320 wait=1.560 acq=0.080 obs=19115097903140 bar=2.440
[BAR_ARR] ep=6 xcd=7 l1=0.320 l2=0.520
[BAR_OBS] ep=6 xcd=6 drain=0.480 l1=0.320 wait=1.800 acq=0.080 obs=19115097903171 bar=2.680
[BAR_ARR] ep=6 xcd=4 l1=0.320 l2=0.640
[BAR_ARR] ep=6 xcd=6 l1=0.320 l2=0.720
[BAR_REL] ep=6 xcd=6 rel=19115097903111
[OPROJ_INNER] slicewait=0.44 mfma=3.96 bar=2.80 rmsnorm_router=1.72 topk=2.00 total=10.92
[OPROJ_INNER] slicewait=0.40 mfma=4.00 bar=2.72 rmsnorm_router=1.60 topk=1.24 total=9.96
[OPROJ_INNER] slicewait=0.44 mfma=3.92 bar=2.08 rmsnorm_router=1.76 topk=2.72 total=10.92
[OPROJ_INNER] slicewait=0.44 mfma=3.96 bar=2.64 rmsnorm_router=1.48 topk=0.40 total=8.92
[BAR_OBS] ep=7 xcd=2 drain=0.400 l1=0.200 wait=2.080 acq=0.040 obs=19115098172901 bar=2.720
[BAR_OBS] ep=7 xcd=0 drain=0.400 l1=0.240 wait=2.120 acq=0.040 obs=19115098172901 bar=2.800
[OPROJ_INNER] slicewait=0.36 mfma=4.04 bar=2.08 rmsnorm_router=1.68 topk=2.96 total=11.12
[BAR_ARR] ep=7 xcd=2 l1=0.200 l2=0.400
[OPROJ_INNER] slicewait=0.40 mfma=3.96 bar=2.24 rmsnorm_router=1.48 topk=2.64 total=10.72
[OPROJ_INNER] slicewait=0.44 mfma=3.96 bar=2.60 rmsnorm_router=1.56 topk=0.64 total=9.20
[BAR_OBS] ep=7 xcd=3 drain=0.360 l1=0.200 wait=2.000 acq=0.080 obs=19115098172896 bar=2.640
[BAR_ARR] ep=7 xcd=0 l1=0.240 l2=0.280
[BAR_OBS] ep=7 xcd=1 drain=0.360 l1=0.200 wait=2.000 acq=0.040 obs=19115098172901 bar=2.600
[BAR_ARR] ep=7 xcd=3 l1=0.200 l2=0.560
[BAR_OBS] ep=7 xcd=7 drain=0.480 l1=0.280 wait=1.240 acq=0.080 obs=19115098172902 bar=2.080
[BAR_ARR] ep=7 xcd=1 l1=0.200 l2=0.680
[BAR_OBS] ep=7 xcd=4 drain=0.480 l1=0.320 wait=1.360 acq=0.080 obs=19115098172920 bar=2.240
[BAR_ARR] ep=7 xcd=7 l1=0.280 l2=0.360
[OPROJ_INNER] slicewait=0.40 mfma=4.00 bar=2.56 rmsnorm_router=1.88 topk=5.76 total=14.60
[BAR_ARR] ep=7 xcd=4 l1=0.320 l2=0.520
[BAR_OBS] ep=7 xcd=5 drain=0.440 l1=0.320 wait=1.240 acq=0.080 obs=19115098172892 bar=2.080
[BAR_OBS] ep=7 xcd=6 drain=0.440 l1=0.360 wait=1.680 acq=0.080 obs=19115098172955 bar=2.560
[BAR_ARR] ep=7 xcd=5 l1=0.320 l2=0.360
[BAR_ARR] ep=7 xcd=6 l1=0.360 l2=0.600
[BAR_REL] ep=7 xcd=6 rel=19115098172895
[OPROJ_INNER] slicewait=0.40 mfma=3.88 bar=2.76 rmsnorm_router=1.52 topk=0.80 total=9.36
[OPROJ_INNER] slicewait=0.40 mfma=3.96 bar=2.92 rmsnorm_router=1.64 topk=2.24 total=11.16
[OPROJ_INNER] slicewait=0.40 mfma=3.92 bar=2.80 rmsnorm_router=1.52 topk=0.40 total=9.04
[OPROJ_INNER] slicewait=0.40 mfma=3.92 bar=2.92 rmsnorm_router=1.60 topk=1.04 total=9.88
[OPROJ_INNER] slicewait=0.40 mfma=3.92 bar=2.72 rmsnorm_router=1.96 topk=5.88 total=14.88
[OPROJ_INNER] slicewait=0.36 mfma=3.96 bar=2.16 rmsnorm_router=1.72 topk=3.16 total=11.36
[BAR_OBS] ep=8 xcd=2 drain=0.360 l1=0.240 wait=2.240 acq=0.080 obs=19115098435505 bar=2.920
[OPROJ_INNER] slicewait=0.40 mfma=4.00 bar=2.28 rmsnorm_router=1.48 topk=2.52 total=10.68
[BAR_ARR] ep=8 xcd=2 l1=0.240 l2=0.400
[BAR_OBS] ep=8 xcd=0 drain=0.360 l1=0.200 wait=2.280 acq=0.080 obs=19115098435505 bar=2.920
[BAR_ARR] ep=8 xcd=0 l1=0.200 l2=0.440
[BAR_OBS] ep=8 xcd=3 drain=0.400 l1=0.160 wait=2.160 acq=0.080 obs=19115098435500 bar=2.800
[BAR_ARR] ep=8 xcd=3 l1=0.160 l2=0.560
[OPROJ_INNER] slicewait=0.40 mfma=3.96 bar=2.12 rmsnorm_router=1.72 topk=2.92 total=11.12
[BAR_OBS] ep=8 xcd=7 drain=0.440 l1=0.320 wait=1.320 acq=0.080 obs=19115098435498 bar=2.160
[BAR_OBS] ep=8 xcd=6 drain=0.480 l1=0.360 wait=1.800 acq=0.080 obs=19115098435559 bar=2.720
[BAR_OBS] ep=8 xcd=4 drain=0.440 l1=0.360 wait=1.400 acq=0.080 obs=19115098435520 bar=2.280
[BAR_ARR] ep=8 xcd=7 l1=0.320 l2=0.360
[BAR_ARR] ep=8 xcd=6 l1=0.360 l2=0.720
[BAR_OBS] ep=8 xcd=1 drain=0.360 l1=0.240 wait=2.120 acq=0.040 obs=19115098435505 bar=2.760
[BAR_ARR] ep=8 xcd=4 l1=0.360 l2=0.640
[BAR_ARR] ep=8 xcd=1 l1=0.240 l2=0.520
[BAR_OBS] ep=8 xcd=5 drain=0.440 l1=0.280 wait=1.320 acq=0.080 obs=19115098435496 bar=2.120
[BAR_REL] ep=8 xcd=6 rel=19115098435499
[BAR_ARR] ep=8 xcd=5 l1=0.280 l2=0.400
[OPROJ_INNER] slicewait=0.36 mfma=4.00 bar=2.64 rmsnorm_router=1.48 topk=0.36 total=8.84
[OPROJ_INNER] slicewait=0.40 mfma=4.04 bar=2.72 rmsnorm_router=1.64 topk=2.40 total=11.20
[OPROJ_INNER] slicewait=0.40 mfma=4.00 bar=2.68 rmsnorm_router=1.52 topk=0.60 total=9.20
[OPROJ_INNER] slicewait=0.40 mfma=4.00 bar=2.72 rmsnorm_router=1.72 topk=5.88 total=14.72
[BAR_OBS] ep=9 xcd=1 drain=0.320 l1=0.200 wait=2.080 acq=0.080 obs=19115098691125 bar=2.680
[OPROJ_INNER] slicewait=0.40 mfma=3.96 bar=2.84 rmsnorm_router=1.60 topk=1.04 total=9.84
[OPROJ_INNER] slicewait=0.40 mfma=4.00 bar=2.04 rmsnorm_router=1.72 topk=3.04 total=11.20
[BAR_OBS] ep=9 xcd=0 drain=0.400 l1=0.200 wait=2.040 acq=0.080 obs=19115098691129 bar=2.720
[BAR_OBS] ep=9 xcd=3 drain=0.360 l1=0.200 wait=2.000 acq=0.080 obs=19115098691124 bar=2.640
[BAR_OBS] ep=9 xcd=6 drain=0.480 l1=0.320 wait=1.840 acq=0.080 obs=19115098691191 bar=2.720
[BAR_ARR] ep=9 xcd=0 l1=0.200 l2=0.520
[BAR_ARR] ep=9 xcd=1 l1=0.200 l2=0.600
[BAR_OBS] ep=9 xcd=7 drain=0.440 l1=0.280 wait=1.280 acq=0.040 obs=19115098691126 bar=2.040
[OPROJ_INNER] slicewait=0.40 mfma=4.00 bar=2.24 rmsnorm_router=1.48 topk=2.56 total=10.68
[BAR_ARR] ep=9 xcd=6 l1=0.320 l2=0.680
[BAR_ARR] ep=9 xcd=7 l1=0.280 l2=0.520
[OPROJ_INNER] slicewait=0.40 mfma=4.00 bar=2.08 rmsnorm_router=1.72 topk=2.64 total=10.84
[BAR_REL] ep=9 xcd=6 rel=19115098691123
[BAR_OBS] ep=9 xcd=4 drain=0.440 l1=0.320 wait=1.400 acq=0.080 obs=19115098691144 bar=2.240
[BAR_ARR] ep=9 xcd=3 l1=0.200 l2=0.800
[BAR_OBS] ep=9 xcd=2 drain=0.400 l1=0.200 wait=2.160 acq=0.080 obs=19115098691125 bar=2.840
[BAR_ARR] ep=9 xcd=4 l1=0.320 l2=0.800
[BAR_ARR] ep=9 xcd=2 l1=0.200 l2=0.280
[BAR_OBS] ep=9 xcd=5 drain=0.440 l1=0.280 wait=1.280 acq=0.080 obs=19115098691120 bar=2.080
[BAR_ARR] ep=9 xcd=5 l1=0.280 l2=0.400
[OPROJ_INNER] slicewait=0.44 mfma=3.96 bar=2.40 rmsnorm_router=1.56 topk=0.72 total=9.08
[OPROJ_INNER] slicewait=0.40 mfma=3.96 bar=2.68 rmsnorm_router=1.64 topk=1.80 total=10.48
[OPROJ_INNER] slicewait=0.44 mfma=3.88 bar=2.52 rmsnorm_router=1.52 topk=0.40 total=8.76
[OPROJ_INNER] slicewait=0.40 mfma=3.92 bar=1.96 rmsnorm_router=1.72 topk=2.64 total=10.64
[OPROJ_INNER] slicewait=0.40 mfma=3.96 bar=2.44 rmsnorm_router=1.88 topk=5.88 total=14.56
[BAR_OBS] ep=10 xcd=3 drain=0.360 l1=0.200 wait=1.880 acq=0.080 obs=19115098959344 bar=2.520
[OPROJ_INNER] slicewait=0.40 mfma=3.92 bar=2.64 rmsnorm_router=1.64 topk=1.24 total=9.84
[OPROJ_INNER] slicewait=0.40 mfma=3.96 bar=2.12 rmsnorm_router=1.52 topk=3.12 total=11.12
[OPROJ_INNER] slicewait=0.40 mfma=3.96 bar=2.12 rmsnorm_router=1.48 topk=2.88 total=10.84
[BAR_OBS] ep=10 xcd=0 drain=0.400 l1=0.200 wait=2.000 acq=0.080 obs=19115098959349 bar=2.680
[BAR_ARR] ep=10 xcd=3 l1=0.200 l2=0.560
[BAR_OBS] ep=10 xcd=1 drain=0.360 l1=0.200 wait=1.760 acq=0.080 obs=19115098959345 bar=2.400
[BAR_ARR] ep=10 xcd=0 l1=0.200 l2=0.360
[BAR_ARR] ep=10 xcd=1 l1=0.200 l2=0.520
[BAR_OBS] ep=10 xcd=2 drain=0.360 l1=0.200 wait=2.040 acq=0.040 obs=19115098959349 bar=2.640
[BAR_OBS] ep=10 xcd=7 drain=0.440 l1=0.320 wait=1.280 acq=0.080 obs=19115098959366 bar=2.120
[BAR_OBS] ep=10 xcd=6 drain=0.480 l1=0.320 wait=1.560 acq=0.080 obs=19115098959403 bar=2.440
[BAR_ARR] ep=10 xcd=2 l1=0.200 l2=0.360
[BAR_ARR] ep=10 xcd=7 l1=0.320 l2=0.440
[BAR_ARR] ep=10 xcd=6 l1=0.320 l2=0.480
[BAR_OBS] ep=10 xcd=5 drain=0.440 l1=0.320 wait=1.160 acq=0.040 obs=19115098959344 bar=1.960
[BAR_REL] ep=10 xcd=6 rel=19115098959343
[BAR_ARR] ep=10 xcd=5 l1=0.320 l2=0.400
[BAR_OBS] ep=10 xcd=4 drain=0.480 l1=0.320 wait=1.240 acq=0.080 obs=19115098959372 bar=2.120
[BAR_ARR] ep=10 xcd=4 l1=0.320 l2=0.640
[OPROJ_INNER] slicewait=0.40 mfma=3.92 bar=2.80 rmsnorm_router=1.60 topk=1.24 total=9.96
[OPROJ_INNER] slicewait=0.40 mfma=3.92 bar=2.68 rmsnorm_router=1.56 topk=0.80 total=9.36
[OPROJ_INNER] slicewait=0.40 mfma=3.96 bar=2.60 rmsnorm_router=1.52 topk=0.36 total=8.84
[OPROJ_INNER] slicewait=0.40 mfma=3.96 bar=2.84 rmsnorm_router=1.68 topk=2.40 total=11.28
[BAR_OBS] ep=11 xcd=1 drain=0.400 l1=0.200 wait=2.000 acq=0.080 obs=19115099223073 bar=2.680
[OPROJ_INNER] slicewait=0.40 mfma=3.96 bar=2.16 rmsnorm_router=1.60 topk=2.84 total=10.96
[BAR_OBS] ep=11 xcd=2 drain=0.520 l1=0.240 wait=1.960 acq=0.080 obs=19115099223077 bar=2.800
[OPROJ_INNER] slicewait=0.40 mfma=3.92 bar=2.04 rmsnorm_router=1.80 topk=3.08 total=11.24
[BAR_ARR] ep=11 xcd=1 l1=0.200 l2=0.440
[OPROJ_INNER] slicewait=0.40 mfma=4.00 bar=2.56 rmsnorm_router=1.84 topk=5.96 total=14.76
[BAR_OBS] ep=11 xcd=0 drain=0.360 l1=0.240 wait=2.160 acq=0.080 obs=19115099223077 bar=2.840
[OPROJ_INNER] slicewait=0.40 mfma=3.96 bar=2.16 rmsnorm_router=1.44 topk=1.92 total=9.88
[BAR_OBS] ep=11 xcd=3 drain=0.360 l1=0.200 wait=1.960 acq=0.080 obs=19115099223072 bar=2.600
[BAR_ARR] ep=11 xcd=0 l1=0.240 l2=0.480
[BAR_ARR] ep=11 xcd=2 l1=0.240 l2=0.600
[BAR_OBS] ep=11 xcd=7 drain=0.480 l1=0.320 wait=1.160 acq=0.080 obs=19115099223070 bar=2.040
[BAR_ARR] ep=11 xcd=3 l1=0.200 l2=0.680
[BAR_OBS] ep=11 xcd=5 drain=0.440 l1=0.320 wait=1.360 acq=0.040 obs=19115099223088 bar=2.160
[BAR_ARR] ep=11 xcd=7 l1=0.320 l2=0.360
[BAR_ARR] ep=11 xcd=5 l1=0.320 l2=0.480
[BAR_OBS] ep=11 xcd=6 drain=0.480 l1=0.320 wait=1.680 acq=0.080 obs=19115099223131 bar=2.560
[BAR_OBS] ep=11 xcd=4 drain=0.480 l1=0.320 wait=1.280 acq=0.080 obs=19115099223092 bar=2.160
[BAR_ARR] ep=11 xcd=6 l1=0.320 l2=0.600
[BAR_ARR] ep=11 xcd=4 l1=0.320 l2=0.680
[BAR_REL] ep=11 xcd=6 rel=19115099223071
[OPROJ_INNER] slicewait=0.40 mfma=3.92 bar=2.60 rmsnorm_router=1.52 topk=0.68 total=9.12
[OPROJ_INNER] slicewait=0.40 mfma=3.96 bar=2.20 rmsnorm_router=1.44 topk=2.44 total=10.44
[OPROJ_INNER] slicewait=0.36 mfma=4.00 bar=2.56 rmsnorm_router=1.76 topk=5.84 total=14.52
[OPROJ_INNER] slicewait=0.44 mfma=3.92 bar=2.84 rmsnorm_router=1.68 topk=1.76 total=10.64
[OPROJ_INNER] slicewait=0.40 mfma=3.92 bar=2.60 rmsnorm_router=1.48 topk=0.40 total=8.80
[OPROJ_INNER] slicewait=0.44 mfma=3.84 bar=2.88 rmsnorm_router=1.60 topk=1.08 total=9.84
[OPROJ_INNER] slicewait=0.40 mfma=3.96 bar=1.96 rmsnorm_router=1.76 topk=2.64 total=10.72
[BAR_OBS] ep=12 xcd=4 drain=0.480 l1=0.320 wait=1.320 acq=0.080 obs=19115099482780 bar=2.200
[BAR_OBS] ep=12 xcd=0 drain=0.360 l1=0.320 wait=2.120 acq=0.040 obs=19115099482765 bar=2.840
[OPROJ_INNER] slicewait=0.44 mfma=3.92 bar=2.12 rmsnorm_router=1.80 topk=2.96 total=11.24
[BAR_OBS] ep=12 xcd=1 drain=0.360 l1=0.200 wait=2.000 acq=0.040 obs=19115099482761 bar=2.600
[BAR_ARR] ep=12 xcd=0 l1=0.320 l2=0.360
[BAR_ARR] ep=12 xcd=1 l1=0.200 l2=0.600
[BAR_ARR] ep=12 xcd=4 l1=0.320 l2=0.560
[BAR_OBS] ep=12 xcd=2 drain=0.400 l1=0.200 wait=2.200 acq=0.080 obs=19115099482761 bar=2.880
[BAR_OBS] ep=12 xcd=5 drain=0.440 l1=0.320 wait=1.280 acq=0.080 obs=19115099482756 bar=2.120
[BAR_OBS] ep=12 xcd=3 drain=0.360 l1=0.160 wait=2.000 acq=0.080 obs=19115099482756 bar=2.600
[BAR_ARR] ep=12 xcd=2 l1=0.200 l2=0.360
[BAR_ARR] ep=12 xcd=3 l1=0.160 l2=0.520
[BAR_OBS] ep=12 xcd=6 drain=0.480 l1=0.320 wait=1.680 acq=0.080 obs=19115099482819 bar=2.560
[BAR_OBS] ep=12 xcd=7 drain=0.440 l1=0.320 wait=1.160 acq=0.040 obs=19115099482758 bar=1.960
[BAR_ARR] ep=12 xcd=5 l1=0.320 l2=0.360
[BAR_ARR] ep=12 xcd=6 l1=0.320 l2=0.600
[BAR_ARR] ep=12 xcd=7 l1=0.320 l2=0.360
[BAR_REL] ep=12 xcd=6 rel=19115099482759
[OPROJ_INNER] slicewait=0.40 mfma=3.92 bar=2.40 rmsnorm_router=1.52 topk=3.20 total=11.44
[OPROJ_INNER] slicewait=0.40 mfma=3.96 bar=2.88 rmsnorm_router=1.60 topk=1.84 total=10.68
[OPROJ_INNER] slicewait=0.40 mfma=3.88 bar=2.76 rmsnorm_router=1.56 topk=0.84 total=9.44
[OPROJ_INNER] slicewait=0.40 mfma=4.04 bar=2.60 rmsnorm_router=1.52 topk=0.40 total=8.96
[OPROJ_INNER] slicewait=0.40 mfma=3.88 bar=2.12 rmsnorm_router=1.68 topk=2.44 total=10.52
[OPROJ_INNER] slicewait=0.44 mfma=3.92 bar=2.84 rmsnorm_router=1.72 topk=5.92 total=14.84
[OPROJ_INNER] slicewait=0.40 mfma=3.88 bar=2.20 rmsnorm_router=1.72 topk=2.84 total=11.04
[BAR_OBS] ep=13 xcd=7 drain=0.480 l1=0.320 wait=1.520 acq=0.080 obs=19115099746750 bar=2.400
[OPROJ_INNER] slicewait=0.40 mfma=4.00 bar=2.72 rmsnorm_router=1.60 topk=1.04 total=9.76
[BAR_OBS] ep=13 xcd=1 drain=0.360 l1=0.200 wait=2.120 acq=0.080 obs=19115099746729 bar=2.760
[BAR_OBS] ep=13 xcd=3 drain=0.360 l1=0.200 wait=1.960 acq=0.080 obs=19115099746724 bar=2.600
[BAR_OBS] ep=13 xcd=0 drain=0.360 l1=0.240 wait=2.200 acq=0.080 obs=19115099746733 bar=2.880
[BAR_ARR] ep=13 xcd=1 l1=0.200 l2=0.440
[BAR_OBS] ep=13 xcd=5 drain=0.480 l1=0.320 wait=1.320 acq=0.080 obs=19115099746724 bar=2.200
[BAR_ARR] ep=13 xcd=7 l1=0.320 l2=0.600
[BAR_ARR] ep=13 xcd=0 l1=0.240 l2=0.400
[BAR_ARR] ep=13 xcd=3 l1=0.200 l2=0.600
[BAR_ARR] ep=13 xcd=5 l1=0.320 l2=0.320
[BAR_OBS] ep=13 xcd=2 drain=0.480 l1=0.200 wait=1.960 acq=0.080 obs=19115099746729 bar=2.720
[BAR_OBS] ep=13 xcd=6 drain=0.480 l1=0.320 wait=1.960 acq=0.080 obs=19115099746803 bar=2.840
[BAR_OBS] ep=13 xcd=4 drain=0.480 l1=0.320 wait=1.240 acq=0.080 obs=19115099746724 bar=2.120
[BAR_ARR] ep=13 xcd=2 l1=0.200 l2=0.440
[BAR_ARR] ep=13 xcd=6 l1=0.320 l2=0.720
[BAR_ARR] ep=13 xcd=4 l1=0.320 l2=0.480
[BAR_REL] ep=13 xcd=6 rel=19115099746727
[OPROJ_INNER] slicewait=0.44 mfma=3.92 bar=2.72 rmsnorm_router=1.52 topk=0.40 total=9.00
[OPROJ_INNER] slicewait=0.40 mfma=4.00 bar=2.80 rmsnorm_router=1.64 topk=1.76 total=10.60
[OPROJ_INNER] slicewait=0.36 mfma=3.92 bar=2.16 rmsnorm_router=1.80 topk=3.00 total=11.24
[OPROJ_INNER] slicewait=0.36 mfma=3.92 bar=2.92 rmsnorm_router=1.60 topk=1.08 total=9.88
[OPROJ_INNER] slicewait=0.44 mfma=3.92 bar=2.64 rmsnorm_router=1.52 topk=0.80 total=9.32
[BAR_OBS] ep=14 xcd=0 drain=0.360 l1=0.240 wait=2.160 acq=0.040 obs=19115100015805 bar=2.800
[BAR_OBS] ep=14 xcd=7 drain=0.480 l1=0.280 wait=1.360 acq=0.040 obs=19115100015798 bar=2.160
[BAR_OBS] ep=14 xcd=3 drain=0.360 l1=0.200 wait=2.080 acq=0.080 obs=19115100015796 bar=2.720
[OPROJ_INNER] slicewait=0.40 mfma=3.92 bar=2.24 rmsnorm_router=1.56 topk=2.28 total=10.40
[BAR_ARR] ep=14 xcd=3 l1=0.200 l2=0.480
[OPROJ_INNER] slicewait=0.40 mfma=3.96 bar=2.12 rmsnorm_router=1.72 topk=2.52 total=10.72
[BAR_OBS] ep=14 xcd=1 drain=0.360 l1=0.200 wait=2.000 acq=0.080 obs=19115100015801 bar=2.640
[BAR_OBS] ep=14 xcd=2 drain=0.400 l1=0.200 wait=2.240 acq=0.080 obs=19115100015801 bar=2.920
[BAR_ARR] ep=14 xcd=1 l1=0.200 l2=0.600
[BAR_ARR] ep=14 xcd=2 l1=0.200 l2=0.280
[OPROJ_INNER] slicewait=0.40 mfma=3.92 bar=2.68 rmsnorm_router=1.44 topk=6.16 total=14.60
[BAR_ARR] ep=14 xcd=0 l1=0.240 l2=0.440
[BAR_ARR] ep=14 xcd=7 l1=0.280 l2=0.320
[BAR_OBS] ep=14 xcd=4 drain=0.480 l1=0.320 wait=1.360 acq=0.080 obs=19115100015812 bar=2.240
[BAR_OBS] ep=14 xcd=5 drain=0.440 l1=0.320 wait=1.280 acq=0.080 obs=19115100015796 bar=2.120
[BAR_ARR] ep=14 xcd=4 l1=0.320 l2=0.640
[BAR_ARR] ep=14 xcd=5 l1=0.320 l2=0.520
[BAR_OBS] ep=14 xcd=6 drain=0.480 l1=0.360 wait=1.760 acq=0.080 obs=19115100015859 bar=2.680
[BAR_ARR] ep=14 xcd=6 l1=0.360 l2=0.680
[BAR_REL] ep=14 xcd=6 rel=19115100015799
[OPROJ_INNER] slicewait=0.40 mfma=3.96 bar=2.80 rmsnorm_router=1.64 topk=1.00 total=9.80
[OPROJ_INNER] slicewait=0.40 mfma=3.96 bar=2.24 rmsnorm_router=1.64 topk=3.08 total=11.32
[OPROJ_INNER] slicewait=0.44 mfma=3.92 bar=3.00 rmsnorm_router=1.60 topk=2.08 total=11.04
[OPROJ_INNER] slicewait=0.40 mfma=3.92 bar=2.68 rmsnorm_router=1.56 topk=0.44 total=9.00
[OPROJ_INNER] slicewait=0.44 mfma=3.96 bar=2.64 rmsnorm_router=1.60 topk=0.72 total=9.36
[BAR_OBS] ep=15 xcd=0 drain=0.400 l1=0.240 wait=2.280 acq=0.080 obs=19115100280249 bar=3.000
[OPROJ_INNER] slicewait=0.40 mfma=3.96 bar=2.32 rmsnorm_router=1.44 topk=2.80 total=10.92
[BAR_OBS] ep=15 xcd=2 drain=0.440 l1=0.200 wait=2.080 acq=0.080 obs=19115100280237 bar=2.800
[BAR_ARR] ep=15 xcd=0 l1=0.240 l2=0.240
[BAR_OBS] ep=15 xcd=7 drain=0.440 l1=0.320 wait=1.400 acq=0.080 obs=19115100280246 bar=2.240
[OPROJ_INNER] slicewait=0.44 mfma=3.92 bar=2.12 rmsnorm_router=1.72 topk=2.60 total=10.80
[OPROJ_INNER] slicewait=0.40 mfma=4.04 bar=2.52 rmsnorm_router=1.92 topk=5.80 total=14.68
[BAR_OBS] ep=15 xcd=1 drain=0.360 l1=0.200 wait=2.080 acq=0.040 obs=19115100280237 bar=2.680
[BAR_OBS] ep=15 xcd=3 drain=0.360 l1=0.200 wait=2.000 acq=0.080 obs=19115100280232 bar=2.640
[BAR_ARR] ep=15 xcd=1 l1=0.200 l2=0.600
[BAR_ARR] ep=15 xcd=3 l1=0.200 l2=0.720
[BAR_OBS] ep=15 xcd=4 drain=0.480 l1=0.320 wait=1.440 acq=0.080 obs=19115100280260 bar=2.320
[BAR_ARR] ep=15 xcd=7 l1=0.320 l2=0.520
[BAR_ARR] ep=15 xcd=2 l1=0.200 l2=0.520
[BAR_OBS] ep=15 xcd=6 drain=0.480 l1=0.320 wait=1.680 acq=0.040 obs=19115100280295 bar=2.520
[BAR_OBS] ep=15 xcd=5 drain=0.480 l1=0.280 wait=1.280 acq=0.080 obs=19115100280232 bar=2.120
[BAR_ARR] ep=15 xcd=4 l1=0.320 l2=0.600
[BAR_ARR] ep=15 xcd=6 l1=0.320 l2=0.600
[BAR_ARR] ep=15 xcd=5 l1=0.280 l2=0.440
[BAR_REL] ep=15 xcd=6 rel=19115100280235
[OPROJ_INNER] slicewait=0.40 mfma=4.00 bar=2.48 rmsnorm_router=1.52 topk=0.80 total=9.20
[OPROJ_INNER] slicewait=0.40 mfma=3.92 bar=2.56 rmsnorm_router=1.56 topk=0.40 total=8.84
[OPROJ_INNER] slicewait=0.40 mfma=3.92 bar=2.04 rmsnorm_router=1.68 topk=2.56 total=10.60
[OPROJ_INNER] slicewait=0.44 mfma=3.96 bar=2.72 rmsnorm_router=1.64 topk=2.96 total=11.72
[OPROJ_INNER] slicewait=0.40 mfma=3.84 bar=2.80 rmsnorm_router=1.64 topk=1.00 total=9.68
[OPROJ_INNER] slicewait=0.44 mfma=3.92 bar=1.96 rmsnorm_router=1.72 topk=3.44 total=11.48
[OPROJ_INNER] slicewait=0.36 mfma=3.96 bar=2.16 rmsnorm_router=1.44 topk=2.96 total=10.88
[BAR_OBS] ep=16 xcd=0 drain=0.400 l1=0.200 wait=2.040 acq=0.080 obs=19115100545721 bar=2.720
[BAR_OBS] ep=16 xcd=3 drain=0.360 l1=0.200 wait=1.960 acq=0.040 obs=19115100545716 bar=2.560
[BAR_ARR] ep=16 xcd=0 l1=0.200 l2=0.480
[BAR_OBS] ep=16 xcd=1 drain=0.360 l1=0.200 wait=1.840 acq=0.080 obs=19115100545717 bar=2.480
[BAR_OBS] ep=16 xcd=5 drain=0.440 l1=0.320 wait=1.200 acq=0.080 obs=19115100545712 bar=2.040
[BAR_OBS] ep=16 xcd=2 drain=0.400 l1=0.200 wait=2.120 acq=0.080 obs=19115100545717 bar=2.800
[BAR_ARR] ep=16 xcd=1 l1=0.200 l2=0.600
[OPROJ_INNER] slicewait=0.40 mfma=3.92 bar=2.52 rmsnorm_router=1.96 topk=5.96 total=14.76
[BAR_OBS] ep=16 xcd=7 drain=0.440 l1=0.320 wait=1.120 acq=0.080 obs=19115100545714 bar=1.960
[BAR_ARR] ep=16 xcd=2 l1=0.200 l2=0.360
[BAR_ARR] ep=16 xcd=5 l1=0.320 l2=0.320
[BAR_ARR] ep=16 xcd=7 l1=0.320 l2=0.320
[BAR_ARR] ep=16 xcd=3 l1=0.200 l2=0.600
[BAR_OBS] ep=16 xcd=6 drain=0.480 l1=0.320 wait=1.280 acq=0.080 obs=19115100545735 bar=2.160
[BAR_ARR] ep=16 xcd=6 l1=0.320 l2=0.480
[BAR_OBS] ep=16 xcd=4 drain=0.480 l1=0.320 wait=1.680 acq=0.040 obs=19115100545776 bar=2.520
[BAR_ARR] ep=16 xcd=4 l1=0.320 l2=0.600
[BAR_REL] ep=16 xcd=4 rel=19115100545716
[OPROJ_INNER] slicewait=0.44 mfma=3.92 bar=2.76 rmsnorm_router=1.60 topk=1.20 total=9.92
[OPROJ_INNER] slicewait=0.40 mfma=3.96 bar=2.60 rmsnorm_router=1.48 topk=0.40 total=8.84
[OPROJ_INNER] slicewait=0.40 mfma=3.92 bar=2.72 rmsnorm_router=1.56 topk=0.60 total=9.20
[OPROJ_INNER] slicewait=0.40 mfma=3.96 bar=2.20 rmsnorm_router=1.48 topk=1.84 total=9.88
[BAR_OBS] ep=17 xcd=2 drain=0.480 l1=0.200 wait=2.000 acq=0.080 obs=19115100819445 bar=2.760
[BAR_ARR] ep=17 xcd=2 l1=0.200 l2=0.440
[OPROJ_INNER] slicewait=0.44 mfma=3.92 bar=2.72 rmsnorm_router=1.68 topk=6.16 total=14.92
[OPROJ_INNER] slicewait=0.40 mfma=3.96 bar=2.12 rmsnorm_router=1.72 topk=2.56 total=10.76
[OPROJ_INNER] slicewait=0.40 mfma=3.92 bar=3.00 rmsnorm_router=1.68 topk=2.60 total=11.60
[BAR_OBS] ep=17 xcd=1 drain=0.360 l1=0.200 wait=2.120 acq=0.040 obs=19115100819445 bar=2.720
[BAR_OBS] ep=17 xcd=3 drain=0.360 l1=0.200 wait=1.960 acq=0.080 obs=19115100819444 bar=2.600
[BAR_ARR] ep=17 xcd=3 l1=0.200 l2=0.480
[BAR_OBS] ep=17 xcd=0 drain=0.360 l1=0.240 wait=2.360 acq=0.040 obs=19115100819449 bar=3.000
[OPROJ_INNER] slicewait=0.40 mfma=4.00 bar=2.08 rmsnorm_router=1.72 topk=3.08 total=11.28
[BAR_ARR] ep=17 xcd=1 l1=0.200 l2=0.360
[BAR_ARR] ep=17 xcd=0 l1=0.240 l2=0.280
[BAR_OBS] ep=17 xcd=4 drain=0.480 l1=0.320 wait=1.320 acq=0.080 obs=19115100819456 bar=2.200
[BAR_OBS] ep=17 xcd=6 drain=0.480 l1=0.360 wait=1.840 acq=0.040 obs=19115100819511 bar=2.720
[BAR_OBS] ep=17 xcd=5 drain=0.480 l1=0.280 wait=1.280 acq=0.080 obs=19115100819436 bar=2.120
[BAR_ARR] ep=17 xcd=4 l1=0.320 l2=0.720
[BAR_OBS] ep=17 xcd=7 drain=0.480 l1=0.320 wait=1.200 acq=0.080 obs=19115100819442 bar=2.080
[BAR_ARR] ep=17 xcd=5 l1=0.280 l2=0.360
[BAR_ARR] ep=17 xcd=6 l1=0.360 l2=0.640
[BAR_ARR] ep=17 xcd=7 l1=0.320 l2=0.320
[BAR_REL] ep=17 xcd=6 rel=19115100819439
[OPROJ_INNER] slicewait=0.40 mfma=4.00 bar=2.48 rmsnorm_router=1.56 topk=0.60 total=9.04
[OPROJ_INNER] slicewait=0.40 mfma=3.88 bar=2.72 rmsnorm_router=1.52 topk=0.36 total=8.88
[BAR_OBS] ep=18 xcd=1 drain=0.360 l1=0.200 wait=1.840 acq=0.080 obs=19115101065681 bar=2.480
[OPROJ_INNER] slicewait=0.36 mfma=4.04 bar=2.08 rmsnorm_router=1.64 topk=2.80 total=10.92
[BAR_OBS] ep=18 xcd=3 drain=0.360 l1=0.200 wait=2.080 acq=0.080 obs=19115101065680 bar=2.720
[BAR_ARR] ep=18 xcd=1 l1=0.200 l2=0.520
[OPROJ_INNER] slicewait=0.40 mfma=3.92 bar=2.12 rmsnorm_router=1.72 topk=2.52 total=10.68
[OPROJ_INNER] slicewait=0.40 mfma=3.96 bar=2.72 rmsnorm_router=1.68 topk=1.76 total=10.52
[BAR_ARR] ep=18 xcd=3 l1=0.200 l2=0.320
[OPROJ_INNER] slicewait=0.40 mfma=3.88 bar=2.88 rmsnorm_router=1.64 topk=0.96 total=9.76
[BAR_OBS] ep=18 xcd=0 drain=0.400 l1=0.200 wait=2.040 acq=0.080 obs=19115101065685 bar=2.720
[BAR_OBS] ep=18 xcd=2 drain=0.400 l1=0.200 wait=2.200 acq=0.080 obs=19115101065685 bar=2.880
[BAR_ARR] ep=18 xcd=0 l1=0.200 l2=0.560
[OPROJ_INNER] slicewait=0.40 mfma=4.00 bar=2.52 rmsnorm_router=1.92 topk=5.68 total=14.52
[BAR_ARR] ep=18 xcd=2 l1=0.200 l2=0.280
[BAR_OBS] ep=18 xcd=7 drain=0.440 l1=0.320 wait=1.280 acq=0.040 obs=19115101065694 bar=2.080
[BAR_OBS] ep=18 xcd=5 drain=0.440 l1=0.280 wait=1.320 acq=0.080 obs=19115101065680 bar=2.120
[BAR_ARR] ep=18 xcd=7 l1=0.320 l2=0.520
[BAR_OBS] ep=18 xcd=6 drain=0.480 l1=0.320 wait=1.680 acq=0.040 obs=19115101065743 bar=2.520
[OPROJ_INNER] slicewait=0.40 mfma=3.92 bar=2.04 rmsnorm_router=1.68 topk=2.24 total=10.28
[BAR_ARR] ep=18 xcd=5 l1=0.280 l2=0.360
[BAR_ARR] ep=18 xcd=6 l1=0.320 l2=0.600
[BAR_REL] ep=18 xcd=6 rel=19115101065683
[BAR_OBS] ep=18 xcd=4 drain=0.440 l1=0.320 wait=1.240 acq=0.040 obs=19115101065684 bar=2.040
[BAR_ARR] ep=18 xcd=4 l1=0.320 l2=0.360
[OPROJ_INNER] slicewait=0.40 mfma=3.92 bar=3.08 rmsnorm_router=1.64 topk=1.84 total=10.88
[OPROJ_INNER] slicewait=0.40 mfma=3.96 bar=2.20 rmsnorm_router=1.80 topk=3.20 total=11.56
[OPROJ_INNER] slicewait=0.44 mfma=3.88 bar=2.84 rmsnorm_router=1.56 topk=0.68 total=9.40
[OPROJ_INNER] slicewait=0.40 mfma=3.96 bar=2.28 rmsnorm_router=1.64 topk=2.56 total=10.84
[OPROJ_INNER] slicewait=0.40 mfma=3.96 bar=2.76 rmsnorm_router=1.96 topk=6.12 total=15.20
[OPROJ_INNER] slicewait=0.44 mfma=3.92 bar=2.96 rmsnorm_router=1.64 topk=1.00 total=9.96
[OPROJ_INNER] slicewait=0.44 mfma=3.92 bar=2.68 rmsnorm_router=1.52 topk=0.36 total=8.92
[BAR_OBS] ep=19 xcd=0 drain=0.360 l1=0.240 wait=2.400 acq=0.080 obs=19115101313913 bar=3.080
[BAR_ARR] ep=19 xcd=0 l1=0.240 l2=0.280
[BAR_OBS] ep=19 xcd=2 drain=0.400 l1=0.240 wait=2.240 acq=0.080 obs=19115101313913 bar=2.960
[BAR_ARR] ep=19 xcd=2 l1=0.240 l2=0.440
[BAR_OBS] ep=19 xcd=6 drain=0.480 l1=0.320 wait=1.400 acq=0.080 obs=19115101313915 bar=2.280
[OPROJ_INNER] slicewait=0.44 mfma=3.96 bar=2.24 rmsnorm_router=1.68 topk=2.84 total=11.16
[BAR_OBS] ep=19 xcd=7 drain=0.480 l1=0.320 wait=1.320 acq=0.080 obs=19115101313906 bar=2.200
[BAR_ARR] ep=19 xcd=6 l1=0.320 l2=0.600
[BAR_OBS] ep=19 xcd=3 drain=0.360 l1=0.200 wait=2.040 acq=0.080 obs=19115101313908 bar=2.680
[BAR_OBS] ep=19 xcd=4 drain=0.440 l1=0.360 wait=1.880 acq=0.080 obs=19115101313968 bar=2.760
[BAR_OBS] ep=19 xcd=5 drain=0.480 l1=0.280 wait=1.400 acq=0.080 obs=19115101313908 bar=2.240
[BAR_ARR] ep=19 xcd=3 l1=0.200 l2=0.440
[BAR_ARR] ep=19 xcd=7 l1=0.320 l2=0.480
[BAR_OBS] ep=19 xcd=1 drain=0.360 l1=0.200 wait=2.200 acq=0.080 obs=19115101313909 bar=2.840
[BAR_ARR] ep=19 xcd=5 l1=0.280 l2=0.400
[BAR_ARR] ep=19 xcd=4 l1=0.360 l2=0.800
[BAR_ARR] ep=19 xcd=1 l1=0.200 l2=0.360
[BAR_REL] ep=19 xcd=4 rel=19115101313908
[OPROJ_INNER] slicewait=0.40 mfma=3.92 bar=2.96 rmsnorm_router=1.60 topk=0.96 total=9.84
[OPROJ_INNER] slicewait=0.40 mfma=4.00 bar=2.92 rmsnorm_router=1.68 topk=2.08 total=11.08
[OPROJ_INNER] slicewait=0.44 mfma=4.00 bar=2.68 rmsnorm_router=1.56 topk=0.68 total=9.36
[OPROJ_INNER] slicewait=0.36 mfma=3.92 bar=2.72 rmsnorm_router=1.44 topk=0.40 total=8.84
[OPROJ_INNER] slicewait=0.40 mfma=4.00 bar=2.08 rmsnorm_router=1.72 topk=2.60 total=10.80
[BAR_OBS] ep=20 xcd=0 drain=0.360 l1=0.240 wait=2.280 acq=0.040 obs=19115101571293 bar=2.920
[BAR_OBS] ep=20 xcd=2 drain=0.360 l1=0.240 wait=2.280 acq=0.080 obs=19115101571289 bar=2.960
[BAR_ARR] ep=20 xcd=0 l1=0.240 l2=0.480
[OPROJ_INNER] slicewait=0.44 mfma=3.96 bar=2.64 rmsnorm_router=1.88 topk=5.88 total=14.80
[OPROJ_INNER] slicewait=0.40 mfma=3.92 bar=2.20 rmsnorm_router=1.72 topk=3.16 total=11.40
[BAR_ARR] ep=20 xcd=2 l1=0.240 l2=0.240
[BAR_OBS] ep=20 xcd=1 drain=0.320 l1=0.240 wait=2.040 acq=0.080 obs=19115101571289 bar=2.680
[OPROJ_INNER] slicewait=0.40 mfma=3.92 bar=2.20 rmsnorm_router=1.56 topk=1.88 total=9.96
[BAR_OBS] ep=20 xcd=7 drain=0.440 l1=0.320 wait=1.400 acq=0.040 obs=19115101571286 bar=2.200
[BAR_OBS] ep=20 xcd=3 drain=0.400 l1=0.160 wait=2.080 acq=0.080 obs=19115101571284 bar=2.720
[BAR_OBS] ep=20 xcd=5 drain=0.440 l1=0.320 wait=1.280 acq=0.040 obs=19115101571284 bar=2.080
[BAR_ARR] ep=20 xcd=3 l1=0.160 l2=0.480
[BAR_ARR] ep=20 xcd=1 l1=0.240 l2=0.560
[BAR_OBS] ep=20 xcd=6 drain=0.480 l1=0.320 wait=1.760 acq=0.080 obs=19115101571343 bar=2.640
[BAR_ARR] ep=20 xcd=5 l1=0.320 l2=0.440
[BAR_ARR] ep=20 xcd=7 l1=0.320 l2=0.440
[BAR_ARR] ep=20 xcd=6 l1=0.320 l2=0.720
[BAR_REL] ep=20 xcd=6 rel=19115101571287
[BAR_OBS] ep=20 xcd=4 drain=0.480 l1=0.320 wait=1.320 acq=0.080 obs=19115101571296 bar=2.200
[BAR_ARR] ep=20 xcd=4 l1=0.320 l2=0.560
[OPROJ_INNER] slicewait=0.40 mfma=3.92 bar=2.08 rmsnorm_router=1.76 topk=3.00 total=11.16
[OPROJ_INNER] slicewait=0.40 mfma=3.96 bar=2.80 rmsnorm_router=1.68 topk=2.40 total=11.24
[OPROJ_INNER] slicewait=0.40 mfma=3.96 bar=2.56 rmsnorm_router=1.52 topk=0.36 total=8.80
[BAR_OBS] ep=21 xcd=7 drain=0.440 l1=0.320 wait=1.240 acq=0.080 obs=19115101831314 bar=2.080
[OPROJ_INNER] slicewait=0.40 mfma=3.96 bar=2.48 rmsnorm_router=2.00 topk=5.72 total=14.56
[OPROJ_INNER] slicewait=0.40 mfma=3.92 bar=2.28 rmsnorm_router=1.48 topk=2.88 total=10.96
[OPROJ_INNER] slicewait=0.40 mfma=3.96 bar=2.72 rmsnorm_router=1.68 topk=1.04 total=9.80
[BAR_ARR] ep=21 xcd=7 l1=0.320 l2=0.360
[OPROJ_INNER] slicewait=0.40 mfma=3.88 bar=2.68 rmsnorm_router=1.56 topk=0.76 total=9.28
[BAR_OBS] ep=21 xcd=2 drain=0.400 l1=0.240 wait=2.000 acq=0.080 obs=19115101831317 bar=2.720
[BAR_OBS] ep=21 xcd=1 drain=0.360 l1=0.200 wait=2.040 acq=0.080 obs=19115101831317 bar=2.680
[BAR_ARR] ep=21 xcd=2 l1=0.240 l2=0.560
[BAR_ARR] ep=21 xcd=1 l1=0.200 l2=0.400
[BAR_OBS] ep=21 xcd=0 drain=0.360 l1=0.240 wait=2.120 acq=0.080 obs=19115101831321 bar=2.800
[BAR_ARR] ep=21 xcd=0 l1=0.240 l2=0.240
[BAR_OBS] ep=21 xcd=3 drain=0.360 l1=0.200 wait=1.960 acq=0.040 obs=19115101831316 bar=2.560
[BAR_OBS] ep=21 xcd=6 drain=0.480 l1=0.320 wait=1.400 acq=0.080 obs=19115101831343 bar=2.280
[BAR_ARR] ep=21 xcd=3 l1=0.200 l2=0.720
[BAR_OBS] ep=21 xcd=4 drain=0.480 l1=0.320 wait=1.640 acq=0.040 obs=19115101831376 bar=2.480
[OPROJ_INNER] slicewait=0.44 mfma=3.96 bar=2.12 rmsnorm_router=1.64 topk=2.20 total=10.36
[BAR_ARR] ep=21 xcd=6 l1=0.320 l2=0.520
[BAR_ARR] ep=21 xcd=4 l1=0.320 l2=0.560
[BAR_REL] ep=21 xcd=4 rel=19115101831316
[BAR_OBS] ep=21 xcd=5 drain=0.480 l1=0.320 wait=1.240 acq=0.080 obs=19115101831324 bar=2.120
[BAR_ARR] ep=21 xcd=5 l1=0.320 l2=0.400
[OPROJ_INNER] slicewait=0.40 mfma=4.00 bar=2.80 rmsnorm_router=1.68 topk=2.24 total=11.12
[OPROJ_INNER] slicewait=0.40 mfma=3.96 bar=2.64 rmsnorm_router=1.84 topk=6.04 total=14.88
[OPROJ_INNER] slicewait=0.40 mfma=3.88 bar=2.80 rmsnorm_router=1.60 topk=1.08 total=9.76
[OPROJ_INNER] slicewait=0.40 mfma=3.88 bar=2.72 rmsnorm_router=1.52 topk=0.36 total=8.88
[OPROJ_INNER] slicewait=0.40 mfma=3.96 bar=2.00 rmsnorm_router=1.72 topk=2.60 total=10.68
[OPROJ_INNER] slicewait=0.44 mfma=3.96 bar=2.56 rmsnorm_router=1.56 topk=0.72 total=9.24
[BAR_OBS] ep=22 xcd=2 drain=0.400 l1=0.200 wait=2.120 acq=0.080 obs=19115102082201 bar=2.800
[BAR_ARR] ep=22 xcd=2 l1=0.200 l2=0.680
[BAR_OBS] ep=22 xcd=3 drain=0.360 l1=0.200 wait=2.080 acq=0.080 obs=19115102082196 bar=2.720
[BAR_OBS] ep=22 xcd=1 drain=0.360 l1=0.240 wait=1.920 acq=0.040 obs=19115102082201 bar=2.560
[BAR_ARR] ep=22 xcd=1 l1=0.240 l2=0.600
[BAR_OBS] ep=22 xcd=0 drain=0.400 l1=0.240 wait=2.080 acq=0.080 obs=19115102082201 bar=2.800
[BAR_ARR] ep=22 xcd=3 l1=0.200 l2=0.520
[BAR_ARR] ep=22 xcd=0 l1=0.240 l2=0.320
[OPROJ_INNER] slicewait=0.40 mfma=3.88 bar=2.20 rmsnorm_router=1.48 topk=1.88 total=9.84
[BAR_OBS] ep=22 xcd=6 drain=0.480 l1=0.400 wait=1.680 acq=0.080 obs=19115102082263 bar=2.640
[OPROJ_INNER] slicewait=0.40 mfma=3.88 bar=2.16 rmsnorm_router=1.72 topk=3.12 total=11.28
[BAR_ARR] ep=22 xcd=6 l1=0.400 l2=0.560
[BAR_OBS] ep=22 xcd=7 drain=0.480 l1=0.280 wait=1.200 acq=0.040 obs=19115102082198 bar=2.000
[BAR_REL] ep=22 xcd=6 rel=19115102082195
[BAR_OBS] ep=22 xcd=4 drain=0.520 l1=0.320 wait=1.280 acq=0.080 obs=19115102082212 bar=2.200
[BAR_ARR] ep=22 xcd=7 l1=0.280 l2=0.400
[BAR_ARR] ep=22 xcd=4 l1=0.320 l2=0.360
[BAR_OBS] ep=22 xcd=5 drain=0.480 l1=0.320 wait=1.280 acq=0.080 obs=19115102082196 bar=2.160
[BAR_ARR] ep=22 xcd=5 l1=0.320 l2=0.320
[OPROJ_INNER] slicewait=0.44 mfma=3.92 bar=3.04 rmsnorm_router=1.60 topk=1.80 total=10.80
[OPROJ_INNER] slicewait=0.40 mfma=3.92 bar=2.88 rmsnorm_router=1.56 topk=1.20 total=9.96
[BAR_OBS] ep=23 xcd=0 drain=0.400 l1=0.240 wait=2.320 acq=0.080 obs=19115102335073 bar=3.040
[BAR_OBS] ep=23 xcd=2 drain=0.400 l1=0.240 wait=2.160 acq=0.080 obs=19115102335069 bar=2.880
[OPROJ_INNER] slicewait=0.40 mfma=3.88 bar=2.80 rmsnorm_router=1.52 topk=0.68 total=9.28
[OPROJ_INNER] slicewait=0.40 mfma=3.96 bar=2.72 rmsnorm_router=1.80 topk=6.28 total=15.16
[OPROJ_INNER] slicewait=0.40 mfma=3.92 bar=2.40 rmsnorm_router=1.48 topk=2.76 total=10.96
[OPROJ_INNER] slicewait=0.44 mfma=3.92 bar=2.16 rmsnorm_router=1.72 topk=2.68 total=10.92
[OPROJ_INNER] slicewait=0.40 mfma=3.96 bar=2.64 rmsnorm_router=1.52 topk=0.40 total=8.92
[BAR_ARR] ep=23 xcd=2 l1=0.240 l2=0.360
[OPROJ_INNER] slicewait=0.44 mfma=3.92 bar=2.28 rmsnorm_router=1.72 topk=3.80 total=12.16
[BAR_OBS] ep=23 xcd=3 drain=0.360 l1=0.200 wait=2.040 acq=0.040 obs=19115102335068 bar=2.640
[BAR_OBS] ep=23 xcd=5 drain=0.440 l1=0.320 wait=1.440 acq=0.080 obs=19115102335076 bar=2.280
[BAR_ARR] ep=23 xcd=3 l1=0.200 l2=0.520
[BAR_ARR] ep=23 xcd=0 l1=0.240 l2=0.320
[BAR_ARR] ep=23 xcd=5 l1=0.320 l2=0.520
[BAR_OBS] ep=23 xcd=1 drain=0.360 l1=0.200 wait=2.160 acq=0.080 obs=19115102335073 bar=2.800
[BAR_OBS] ep=23 xcd=6 drain=0.480 l1=0.360 wait=1.800 acq=0.080 obs=19115102335127 bar=2.720
[BAR_ARR] ep=23 xcd=1 l1=0.200 l2=0.440
[BAR_OBS] ep=23 xcd=4 drain=0.480 l1=0.320 wait=1.520 acq=0.080 obs=19115102335092 bar=2.400
[BAR_ARR] ep=23 xcd=6 l1=0.360 l2=0.720
[BAR_OBS] ep=23 xcd=7 drain=0.480 l1=0.280 wait=1.320 acq=0.080 obs=19115102335066 bar=2.160
[BAR_ARR] ep=23 xcd=4 l1=0.320 l2=0.680
[BAR_REL] ep=23 xcd=6 rel=19115102335067
[BAR_ARR] ep=23 xcd=7 l1=0.280 l2=0.360
[OPROJ_INNER] slicewait=0.40 mfma=3.92 bar=2.68 rmsnorm_router=1.56 topk=0.44 total=9.00
[OPROJ_INNER] slicewait=0.40 mfma=3.92 bar=2.76 rmsnorm_router=1.60 topk=0.60 total=9.28
[OPROJ_INNER] slicewait=0.44 mfma=3.92 bar=2.72 rmsnorm_router=1.60 topk=1.36 total=10.04
[OPROJ_INNER] slicewait=0.40 mfma=3.96 bar=2.64 rmsnorm_router=1.60 topk=2.28 total=10.88
[OPROJ_INNER] slicewait=0.40 mfma=3.92 bar=2.20 rmsnorm_router=1.72 topk=2.88 total=11.12
[OPROJ_INNER] slicewait=0.40 mfma=4.00 bar=2.64 rmsnorm_router=1.80 topk=6.12 total=14.96
[BAR_OBS] ep=24 xcd=3 drain=0.360 l1=0.200 wait=2.080 acq=0.040 obs=19115102588768 bar=2.680
[OPROJ_INNER] slicewait=0.40 mfma=4.00 bar=2.08 rmsnorm_router=1.72 topk=3.16 total=11.36
[BAR_OBS] ep=24 xcd=0 drain=0.400 l1=0.240 wait=2.000 acq=0.080 obs=19115102588773 bar=2.720
[BAR_OBS] ep=24 xcd=2 drain=0.400 l1=0.200 wait=2.080 acq=0.080 obs=19115102588769 bar=2.760
[BAR_ARR] ep=24 xcd=3 l1=0.200 l2=0.480
[BAR_ARR] ep=24 xcd=2 l1=0.200 l2=0.600
[BAR_OBS] ep=24 xcd=7 drain=0.480 l1=0.280 wait=1.240 acq=0.080 obs=19115102588766 bar=2.080
[BAR_OBS] ep=24 xcd=5 drain=0.440 l1=0.360 wait=1.320 acq=0.080 obs=19115102588764 bar=2.200
[BAR_ARR] ep=24 xcd=0 l1=0.240 l2=0.640
[OPROJ_INNER] slicewait=0.40 mfma=3.92 bar=2.24 rmsnorm_router=1.48 topk=2.08 total=10.12
[BAR_OBS] ep=24 xcd=1 drain=0.400 l1=0.200 wait=1.960 acq=0.080 obs=19115102588777 bar=2.640
[BAR_ARR] ep=24 xcd=7 l1=0.280 l2=0.440
[BAR_ARR] ep=24 xcd=1 l1=0.200 l2=0.680
[BAR_ARR] ep=24 xcd=5 l1=0.360 l2=0.400
[BAR_OBS] ep=24 xcd=6 drain=0.480 l1=0.320 wait=1.760 acq=0.080 obs=19115102588827 bar=2.640
[BAR_OBS] ep=24 xcd=4 drain=0.520 l1=0.320 wait=1.320 acq=0.080 obs=19115102588780 bar=2.240
[BAR_ARR] ep=24 xcd=6 l1=0.320 l2=0.680
[BAR_REL] ep=24 xcd=6 rel=19115102588767
[BAR_ARR] ep=24 xcd=4 l1=0.320 l2=0.520
[OPROJ_INNER] slicewait=0.36 mfma=4.04 bar=2.28 rmsnorm_router=1.52 topk=3.16 total=11.36
[OPROJ_INNER] slicewait=0.40 mfma=3.92 bar=2.16 rmsnorm_router=1.68 topk=2.32 total=10.48
[OPROJ_INNER] slicewait=0.40 mfma=3.88 bar=2.24 rmsnorm_router=1.52 topk=2.28 total=10.32
[BAR_OBS] ep=25 xcd=5 drain=0.440 l1=0.320 wait=1.320 acq=0.080 obs=19115102848672 bar=2.160
[BAR_ARR] ep=25 xcd=5 l1=0.320 l2=0.320
[BAR_OBS] ep=25 xcd=7 drain=0.480 l1=0.320 wait=1.440 acq=0.040 obs=19115102848698 bar=2.280
[BAR_ARR] ep=25 xcd=7 l1=0.320 l2=0.520
[OPROJ_INNER] slicewait=0.40 mfma=3.92 bar=2.68 rmsnorm_router=1.92 topk=5.84 total=14.76
[OPROJ_INNER] slicewait=0.44 mfma=3.92 bar=2.72 rmsnorm_router=1.60 topk=2.56 total=11.24
[OPROJ_INNER] slicewait=0.40 mfma=3.92 bar=2.72 rmsnorm_router=1.52 topk=0.80 total=9.36
[BAR_OBS] ep=25 xcd=2 drain=0.440 l1=0.200 wait=2.040 acq=0.040 obs=19115102848689 bar=2.720
[BAR_OBS] ep=25 xcd=4 drain=0.480 l1=0.320 wait=1.360 acq=0.080 obs=19115102848684 bar=2.240
[BAR_OBS] ep=25 xcd=1 drain=0.360 l1=0.200 wait=2.120 acq=0.040 obs=19115102848681 bar=2.720
[BAR_ARR] ep=25 xcd=2 l1=0.200 l2=0.480
[OPROJ_INNER] slicewait=0.40 mfma=4.00 bar=2.52 rmsnorm_router=1.52 topk=0.40 total=8.84
[OPROJ_INNER] slicewait=0.36 mfma=3.96 bar=3.00 rmsnorm_router=1.56 topk=1.24 total=10.12
[BAR_ARR] ep=25 xcd=1 l1=0.200 l2=0.400
[BAR_OBS] ep=25 xcd=3 drain=0.360 l1=0.200 wait=1.880 acq=0.080 obs=19115102848672 bar=2.520
[BAR_OBS] ep=25 xcd=0 drain=0.360 l1=0.240 wait=2.320 acq=0.080 obs=19115102848681 bar=3.000
[BAR_ARR] ep=25 xcd=4 l1=0.320 l2=0.440
[BAR_OBS] ep=25 xcd=6 drain=0.520 l1=0.320 wait=1.760 acq=0.080 obs=19115102848735 bar=2.680
[BAR_ARR] ep=25 xcd=3 l1=0.200 l2=0.400
[BAR_ARR] ep=25 xcd=0 l1=0.240 l2=0.360
[BAR_ARR] ep=25 xcd=6 l1=0.320 l2=0.680
[BAR_REL] ep=25 xcd=6 rel=19115102848675
[OPROJ_INNER] slicewait=0.44 mfma=3.96 bar=2.56 rmsnorm_router=1.56 topk=0.64 total=9.16
[OPROJ_INNER] slicewait=0.40 mfma=3.92 bar=2.12 rmsnorm_router=1.76 topk=3.48 total=11.68
[OPROJ_INNER] slicewait=0.40 mfma=3.92 bar=2.72 rmsnorm_router=1.48 topk=0.36 total=8.88
[OPROJ_INNER] slicewait=0.40 mfma=3.92 bar=2.84 rmsnorm_router=1.60 topk=1.04 total=9.80
[BAR_OBS] ep=26 xcd=3 drain=0.360 l1=0.200 wait=2.080 acq=0.080 obs=19115103090080 bar=2.720
[OPROJ_INNER] slicewait=0.40 mfma=4.04 bar=2.72 rmsnorm_router=1.68 topk=2.56 total=11.40
[OPROJ_INNER] slicewait=0.40 mfma=4.00 bar=2.24 rmsnorm_router=1.52 topk=3.08 total=11.24
[BAR_OBS] ep=26 xcd=7 drain=0.440 l1=0.320 wait=1.320 acq=0.040 obs=19115103090082 bar=2.120
[BAR_ARR] ep=26 xcd=7 l1=0.320 l2=0.360
[BAR_ARR] ep=26 xcd=3 l1=0.200 l2=0.360
[OPROJ_INNER] slicewait=0.36 mfma=3.96 bar=2.12 rmsnorm_router=1.56 topk=2.16 total=10.16
[BAR_OBS] ep=26 xcd=0 drain=0.360 l1=0.240 wait=2.040 acq=0.080 obs=19115103090085 bar=2.720
[BAR_OBS] ep=26 xcd=1 drain=0.360 l1=0.200 wait=1.920 acq=0.080 obs=19115103090081 bar=2.560
[BAR_ARR] ep=26 xcd=0 l1=0.240 l2=0.440
[OPROJ_INNER] slicewait=0.40 mfma=3.96 bar=2.72 rmsnorm_router=1.72 topk=6.28 total=15.08
[BAR_OBS] ep=26 xcd=2 drain=0.360 l1=0.240 wait=2.160 acq=0.080 obs=19115103090085 bar=2.840
[BAR_ARR] ep=26 xcd=1 l1=0.200 l2=0.760
[BAR_ARR] ep=26 xcd=2 l1=0.240 l2=0.240
[BAR_OBS] ep=26 xcd=5 drain=0.440 l1=0.280 wait=1.440 acq=0.080 obs=19115103090100 bar=2.240
[BAR_OBS] ep=26 xcd=6 drain=0.480 l1=0.320 wait=1.240 acq=0.080 obs=19115103090087 bar=2.120
[BAR_ARR] ep=26 xcd=6 l1=0.320 l2=0.440
[BAR_ARR] ep=26 xcd=5 l1=0.280 l2=0.560
[BAR_OBS] ep=26 xcd=4 drain=0.480 l1=0.320 wait=1.840 acq=0.080 obs=19115103090156 bar=2.720
[BAR_ARR] ep=26 xcd=4 l1=0.320 l2=0.600
[BAR_REL] ep=26 xcd=4 rel=19115103090080
[OPROJ_INNER] slicewait=0.40 mfma=3.96 bar=2.96 rmsnorm_router=1.56 topk=2.00 total=10.88
[OPROJ_INNER] slicewait=0.40 mfma=3.96 bar=2.56 rmsnorm_router=1.48 topk=0.40 total=8.80
[OPROJ_INNER] slicewait=0.40 mfma=3.92 bar=2.76 rmsnorm_router=1.68 topk=1.04 total=9.80
[OPROJ_INNER] slicewait=0.40 mfma=3.88 bar=2.64 rmsnorm_router=1.52 topk=0.80 total=9.24
[OPROJ_INNER] slicewait=0.40 mfma=3.88 bar=2.12 rmsnorm_router=1.76 topk=2.88 total=11.04
[OPROJ_INNER] slicewait=0.40 mfma=3.92 bar=2.16 rmsnorm_router=1.56 topk=3.00 total=11.04
[BAR_OBS] ep=27 xcd=1 drain=0.360 l1=0.200 wait=2.000 acq=0.080 obs=19115103349309 bar=2.640
[BAR_OBS] ep=27 xcd=0 drain=0.360 l1=0.240 wait=2.280 acq=0.080 obs=19115103349325 bar=2.960
[OPROJ_INNER] slicewait=0.40 mfma=4.00 bar=2.00 rmsnorm_router=1.68 topk=1.72 total=9.80
[OPROJ_INNER] slicewait=0.36 mfma=4.00 bar=2.52 rmsnorm_router=1.88 topk=6.04 total=14.80
[BAR_ARR] ep=27 xcd=0 l1=0.240 l2=0.400
[BAR_OBS] ep=27 xcd=2 drain=0.360 l1=0.240 wait=2.120 acq=0.040 obs=19115103349313 bar=2.760
[BAR_ARR] ep=27 xcd=2 l1=0.240 l2=0.520
[BAR_OBS] ep=27 xcd=3 drain=0.360 l1=0.200 wait=1.920 acq=0.080 obs=19115103349308 bar=2.560
[BAR_OBS] ep=27 xcd=5 drain=0.440 l1=0.320 wait=1.160 acq=0.080 obs=19115103349304 bar=2.000
[BAR_ARR] ep=27 xcd=3 l1=0.200 l2=0.720
[BAR_OBS] ep=27 xcd=4 drain=0.480 l1=0.320 wait=1.640 acq=0.080 obs=19115103349368 bar=2.520
[BAR_ARR] ep=27 xcd=5 l1=0.320 l2=0.400
[BAR_OBS] ep=27 xcd=7 drain=0.480 l1=0.320 wait=1.240 acq=0.080 obs=19115103349306 bar=2.120
[BAR_ARR] ep=27 xcd=1 l1=0.200 l2=0.560
[BAR_ARR] ep=27 xcd=4 l1=0.320 l2=0.560
[BAR_ARR] ep=27 xcd=7 l1=0.320 l2=0.320
[BAR_OBS] ep=27 xcd=6 drain=0.480 l1=0.320 wait=1.280 acq=0.080 obs=19115103349323 bar=2.160
[BAR_REL] ep=27 xcd=4 rel=19115103349308
[BAR_ARR] ep=27 xcd=6 l1=0.320 l2=0.520
[OPROJ_INNER] slicewait=0.44 mfma=3.96 bar=2.44 rmsnorm_router=1.52 topk=0.68 total=9.04
[OPROJ_INNER] slicewait=0.40 mfma=3.92 bar=2.60 rmsnorm_router=1.48 topk=0.40 total=8.80
[OPROJ_INNER] slicewait=0.40 mfma=3.92 bar=2.08 rmsnorm_router=1.64 topk=2.72 total=10.76
[OPROJ_INNER] slicewait=0.40 mfma=4.00 bar=2.64 rmsnorm_router=1.56 topk=1.20 total=9.80
[OPROJ_INNER] slicewait=0.44 mfma=3.92 bar=2.00 rmsnorm_router=1.72 topk=2.20 total=10.28
[OPROJ_INNER] slicewait=0.40 mfma=3.88 bar=2.80 rmsnorm_router=1.52 topk=1.72 total=10.32
[BAR_OBS] ep=28 xcd=1 drain=0.360 l1=0.200 wait=1.800 acq=0.080 obs=19115103612537 bar=2.440
[BAR_OBS] ep=28 xcd=3 drain=0.360 l1=0.200 wait=2.000 acq=0.040 obs=19115103612540 bar=2.600
[OPROJ_INNER] slicewait=0.40 mfma=3.88 bar=2.56 rmsnorm_router=1.84 topk=6.04 total=14.72
[BAR_OBS] ep=28 xcd=5 drain=0.440 l1=0.320 wait=1.160 acq=0.080 obs=19115103612532 bar=2.000
[OPROJ_INNER] slicewait=0.44 mfma=3.88 bar=2.24 rmsnorm_router=1.56 topk=3.32 total=11.44
[BAR_ARR] ep=28 xcd=1 l1=0.200 l2=0.600
[BAR_OBS] ep=28 xcd=7 drain=0.480 l1=0.320 wait=1.200 acq=0.080 obs=19115103612546 bar=2.080
[BAR_OBS] ep=28 xcd=2 drain=0.360 l1=0.240 wait=2.120 acq=0.080 obs=19115103612549 bar=2.800
[BAR_ARR] ep=28 xcd=3 l1=0.200 l2=0.560
[BAR_OBS] ep=28 xcd=0 drain=0.360 l1=0.240 wait=1.960 acq=0.080 obs=19115103612541 bar=2.640
[BAR_ARR] ep=28 xcd=2 l1=0.240 l2=0.320
[BAR_ARR] ep=28 xcd=0 l1=0.240 l2=0.600
[BAR_OBS] ep=28 xcd=6 drain=0.520 l1=0.320 wait=1.640 acq=0.080 obs=19115103612595 bar=2.560
[BAR_ARR] ep=28 xcd=7 l1=0.320 l2=0.480
[BAR_OBS] ep=28 xcd=4 drain=0.480 l1=0.320 wait=1.360 acq=0.080 obs=19115103612564 bar=2.240
[BAR_ARR] ep=28 xcd=5 l1=0.320 l2=0.400
[BAR_ARR] ep=28 xcd=6 l1=0.320 l2=0.560
[BAR_ARR] ep=28 xcd=4 l1=0.320 l2=0.760
[BAR_REL] ep=28 xcd=6 rel=19115103612535
[OPROJ_INNER] slicewait=0.44 mfma=3.96 bar=2.88 rmsnorm_router=1.56 topk=2.24 total=11.08
[OPROJ_INNER] slicewait=0.40 mfma=4.00 bar=2.56 rmsnorm_router=1.52 topk=0.44 total=8.92
[OPROJ_INNER] slicewait=0.40 mfma=3.92 bar=2.76 rmsnorm_router=1.64 topk=1.32 total=10.04
[OPROJ_INNER] slicewait=0.44 mfma=3.88 bar=2.76 rmsnorm_router=1.48 topk=0.40 total=8.96
[OPROJ_INNER] slicewait=0.40 mfma=3.96 bar=2.28 rmsnorm_router=1.68 topk=3.04 total=11.36
[OPROJ_INNER] slicewait=0.44 mfma=3.92 bar=2.16 rmsnorm_router=1.76 topk=2.76 total=11.04
[OPROJ_INNER] slicewait=0.40 mfma=4.00 bar=2.28 rmsnorm_router=1.44 topk=2.96 total=11.08
[OPROJ_INNER] slicewait=0.40 mfma=3.96 bar=2.64 rmsnorm_router=1.48 topk=6.32 total=14.80
[BAR_OBS] ep=29 xcd=2 drain=0.440 l1=0.240 wait=2.120 acq=0.080 obs=19115103880393 bar=2.880
[BAR_OBS] ep=29 xcd=3 drain=0.360 l1=0.200 wait=1.960 acq=0.040 obs=19115103880384 bar=2.560
[BAR_ARR] ep=29 xcd=2 l1=0.240 l2=0.640
[BAR_OBS] ep=29 xcd=1 drain=0.360 l1=0.200 wait=2.160 acq=0.040 obs=19115103880385 bar=2.760
[BAR_OBS] ep=29 xcd=0 drain=0.360 l1=0.240 wait=2.080 acq=0.080 obs=19115103880385 bar=2.760
[BAR_ARR] ep=29 xcd=1 l1=0.200 l2=0.280
[BAR_ARR] ep=29 xcd=0 l1=0.240 l2=0.520
[BAR_ARR] ep=29 xcd=3 l1=0.200 l2=0.680
[BAR_OBS] ep=29 xcd=5 drain=0.480 l1=0.280 wait=1.320 acq=0.080 obs=19115103880376 bar=2.160
[BAR_OBS] ep=29 xcd=4 drain=0.480 l1=0.320 wait=1.440 acq=0.040 obs=19115103880408 bar=2.280
[BAR_OBS] ep=29 xcd=6 drain=0.480 l1=0.320 wait=1.760 acq=0.080 obs=19115103880439 bar=2.640
[BAR_ARR] ep=29 xcd=5 l1=0.280 l2=0.560
[BAR_ARR] ep=29 xcd=4 l1=0.320 l2=0.680
[BAR_OBS] ep=29 xcd=7 drain=0.480 l1=0.320 wait=1.400 acq=0.080 obs=19115103880390 bar=2.280
[BAR_ARR] ep=29 xcd=6 l1=0.320 l2=0.680
[BAR_REL] ep=29 xcd=6 rel=19115103880379
[BAR_ARR] ep=29 xcd=7 l1=0.320 l2=0.520
[OPROJ_INNER] slicewait=0.44 mfma=3.92 bar=2.68 rmsnorm_router=1.48 topk=0.40 total=8.92
[OPROJ_INNER] slicewait=0.40 mfma=3.92 bar=2.88 rmsnorm_router=1.56 topk=1.04 total=9.80
[OPROJ_INNER] slicewait=0.40 mfma=4.00 bar=2.68 rmsnorm_router=1.52 topk=0.72 total=9.32
[BAR_OBS] ep=30 xcd=2 drain=0.400 l1=0.240 wait=2.160 acq=0.080 obs=19115104146109 bar=2.880
[OPROJ_INNER] slicewait=0.40 mfma=4.00 bar=2.84 rmsnorm_router=1.64 topk=2.60 total=11.48
[OPROJ_INNER] slicewait=0.40 mfma=3.96 bar=2.24 rmsnorm_router=1.48 topk=2.28 total=10.36
[OPROJ_INNER] slicewait=0.40 mfma=3.96 bar=2.68 rmsnorm_router=1.76 topk=6.24 total=15.04
[BAR_ARR] ep=30 xcd=2 l1=0.240 l2=0.560
[BAR_OBS] ep=30 xcd=3 drain=0.360 l1=0.200 wait=2.040 acq=0.080 obs=19115104146104 bar=2.680
[BAR_OBS] ep=30 xcd=0 drain=0.400 l1=0.200 wait=2.160 acq=0.080 obs=19115104146109 bar=2.840
[BAR_OBS] ep=30 xcd=1 drain=0.360 l1=0.240 wait=2.000 acq=0.080 obs=19115104146109 bar=2.680
[BAR_ARR] ep=30 xcd=0 l1=0.200 l2=0.400
[BAR_ARR] ep=30 xcd=1 l1=0.240 l2=0.760
[BAR_ARR] ep=30 xcd=3 l1=0.200 l2=0.720
[OPROJ_INNER] slicewait=0.40 mfma=3.96 bar=2.12 rmsnorm_router=1.72 topk=3.24 total=11.44
[OPROJ_INNER] slicewait=0.40 mfma=3.96 bar=2.16 rmsnorm_router=1.68 topk=2.44 total=10.64
[BAR_OBS] ep=30 xcd=4 drain=0.480 l1=0.320 wait=1.360 acq=0.080 obs=19115104146120 bar=2.240
[BAR_OBS] ep=30 xcd=6 drain=0.480 l1=0.320 wait=1.800 acq=0.080 obs=19115104146163 bar=2.680
[BAR_OBS] ep=30 xcd=7 drain=0.440 l1=0.320 wait=1.280 acq=0.080 obs=19115104146102 bar=2.120
[BAR_ARR] ep=30 xcd=4 l1=0.320 l2=0.600
[BAR_ARR] ep=30 xcd=7 l1=0.320 l2=0.520
[BAR_ARR] ep=30 xcd=6 l1=0.320 l2=0.720
[BAR_OBS] ep=30 xcd=5 drain=0.480 l1=0.320 wait=1.280 acq=0.080 obs=19115104146100 bar=2.160
[BAR_REL] ep=30 xcd=6 rel=19115104146103
[BAR_ARR] ep=30 xcd=5 l1=0.320 l2=0.320
[OPROJ_INNER] slicewait=0.44 mfma=3.92 bar=2.76 rmsnorm_router=1.64 topk=1.16 total=9.92
[OPROJ_INNER] slicewait=0.44 mfma=3.92 bar=2.56 rmsnorm_router=1.48 topk=0.40 total=8.80
[OPROJ_INNER] slicewait=0.40 mfma=3.88 bar=2.80 rmsnorm_router=1.68 topk=2.28 total=11.04
[OPROJ_INNER] slicewait=0.36 mfma=4.00 bar=2.56 rmsnorm_router=1.72 topk=6.32 total=14.96
[OPROJ_INNER] slicewait=0.40 mfma=4.00 bar=2.24 rmsnorm_router=1.48 topk=3.36 total=11.48
[OPROJ_INNER] slicewait=0.40 mfma=3.92 bar=2.08 rmsnorm_router=1.68 topk=3.16 total=11.24
[BAR_OBS] ep=31 xcd=0 drain=0.360 l1=0.240 wait=2.160 acq=0.040 obs=19115104396369 bar=2.800
[BAR_OBS] ep=31 xcd=2 drain=0.400 l1=0.200 wait=2.080 acq=0.080 obs=19115104396365 bar=2.760
[OPROJ_INNER] slicewait=0.40 mfma=3.84 bar=2.68 rmsnorm_router=1.52 topk=0.76 total=9.20
[BAR_OBS] ep=31 xcd=3 drain=0.360 l1=0.200 wait=1.920 acq=0.080 obs=19115104396368 bar=2.560
[BAR_ARR] ep=31 xcd=2 l1=0.200 l2=0.520
[BAR_ARR] ep=31 xcd=0 l1=0.240 l2=0.280
[BAR_ARR] ep=31 xcd=3 l1=0.200 l2=0.560
[OPROJ_INNER] slicewait=0.40 mfma=3.92 bar=2.12 rmsnorm_router=1.60 topk=2.72 total=10.76
[BAR_OBS] ep=31 xcd=1 drain=0.360 l1=0.200 wait=2.080 acq=0.040 obs=19115104396369 bar=2.680
[BAR_OBS] ep=31 xcd=6 drain=0.520 l1=0.320 wait=1.640 acq=0.080 obs=19115104396423 bar=2.560
[BAR_OBS] ep=31 xcd=7 drain=0.440 l1=0.320 wait=1.400 acq=0.080 obs=19115104396390 bar=2.240
[BAR_ARR] ep=31 xcd=1 l1=0.200 l2=0.600
[BAR_OBS] ep=31 xcd=5 drain=0.440 l1=0.320 wait=1.240 acq=0.080 obs=19115104396360 bar=2.080
[BAR_ARR] ep=31 xcd=7 l1=0.320 l2=0.520
[BAR_ARR] ep=31 xcd=6 l1=0.320 l2=0.560
[BAR_OBS] ep=31 xcd=4 drain=0.480 l1=0.320 wait=1.240 acq=0.080 obs=19115104396372 bar=2.120
[BAR_REL] ep=31 xcd=6 rel=19115104396363
[BAR_ARR] ep=31 xcd=5 l1=0.320 l2=0.360
[BAR_ARR] ep=31 xcd=4 l1=0.320 l2=0.400
[OPROJ_INNER] slicewait=0.40 mfma=3.92 bar=2.80 rmsnorm_router=1.60 topk=1.04 total=9.76
[OPROJ_INNER] slicewait=0.44 mfma=4.04 bar=2.72 rmsnorm_router=1.68 topk=2.20 total=11.08
[OPROJ_INNER] slicewait=0.44 mfma=4.00 bar=2.16 rmsnorm_router=1.52 topk=2.92 total=11.04
[OPROJ_INNER] slicewait=0.40 mfma=3.96 bar=2.64 rmsnorm_router=1.52 topk=0.40 total=8.92
[OPROJ_INNER] slicewait=0.40 mfma=3.96 bar=2.68 rmsnorm_router=1.84 topk=5.68 total=14.56
[OPROJ_INNER] slicewait=0.44 mfma=3.92 bar=2.52 rmsnorm_router=1.52 topk=0.80 total=9.20
[OPROJ_INNER] slicewait=0.40 mfma=3.92 bar=2.08 rmsnorm_router=1.60 topk=1.72 total=9.72
[OPROJ_INNER] slicewait=0.40 mfma=3.92 bar=2.08 rmsnorm_router=1.72 topk=2.44 total=10.56
[BAR_OBS] ep=32 xcd=2 drain=0.360 l1=0.240 wait=2.160 acq=0.040 obs=19115104651061 bar=2.800
[BAR_OBS] ep=32 xcd=7 drain=0.440 l1=0.320 wait=1.320 acq=0.080 obs=19115104651074 bar=2.160
[BAR_OBS] ep=32 xcd=3 drain=0.360 l1=0.200 wait=2.000 acq=0.080 obs=19115104651056 bar=2.640
[BAR_ARR] ep=32 xcd=2 l1=0.240 l2=0.400
[BAR_OBS] ep=32 xcd=1 drain=0.360 l1=0.200 wait=1.880 acq=0.080 obs=19115104651057 bar=2.520
[BAR_ARR] ep=32 xcd=1 l1=0.200 l2=0.600
[BAR_ARR] ep=32 xcd=3 l1=0.200 l2=0.560
[BAR_OBS] ep=32 xcd=0 drain=0.360 l1=0.240 wait=2.040 acq=0.080 obs=19115104651061 bar=2.720
[BAR_ARR] ep=32 xcd=7 l1=0.320 l2=0.520
[BAR_ARR] ep=32 xcd=0 l1=0.240 l2=0.560
[BAR_OBS] ep=32 xcd=5 drain=0.480 l1=0.280 wait=1.280 acq=0.040 obs=19115104651056 bar=2.080
[BAR_OBS] ep=32 xcd=6 drain=0.480 l1=0.320 wait=1.800 acq=0.080 obs=19115104651127 bar=2.680
[BAR_OBS] ep=32 xcd=4 drain=0.480 l1=0.320 wait=1.200 acq=0.080 obs=19115104651060 bar=2.080
[BAR_ARR] ep=32 xcd=6 l1=0.320 l2=0.600
[BAR_ARR] ep=32 xcd=5 l1=0.280 l2=0.360
[BAR_ARR] ep=32 xcd=4 l1=0.320 l2=0.440
[BAR_REL] ep=32 xcd=6 rel=19115104651055
[OPROJ_INNER] slicewait=0.40 mfma=3.92 bar=2.72 rmsnorm_router=1.44 topk=0.40 total=8.88
[OPROJ_INNER] slicewait=0.36 mfma=3.96 bar=2.04 rmsnorm_router=1.68 topk=2.64 total=10.68
[OPROJ_INNER] slicewait=0.40 mfma=3.92 bar=2.84 rmsnorm_router=1.64 topk=1.92 total=10.72
[OPROJ_INNER] slicewait=0.40 mfma=3.96 bar=2.08 rmsnorm_router=1.68 topk=2.32 total=10.44
[OPROJ_INNER] slicewait=0.40 mfma=3.92 bar=2.80 rmsnorm_router=1.56 topk=1.12 total=9.80
[OPROJ_INNER] slicewait=0.44 mfma=3.92 bar=2.56 rmsnorm_router=1.76 topk=5.96 total=14.64
[BAR_OBS] ep=33 xcd=0 drain=0.360 l1=0.240 wait=2.200 acq=0.040 obs=19115104914565 bar=2.840
[BAR_OBS] ep=33 xcd=3 drain=0.360 l1=0.200 wait=2.080 acq=0.080 obs=19115104914560 bar=2.720
[BAR_OBS] ep=33 xcd=5 drain=0.440 l1=0.320 wait=1.240 acq=0.080 obs=19115104914560 bar=2.080
[OPROJ_INNER] slicewait=0.40 mfma=3.96 bar=2.56 rmsnorm_router=1.56 topk=0.80 total=9.28
[BAR_ARR] ep=33 xcd=0 l1=0.240 l2=0.400
[BAR_OBS] ep=33 xcd=1 drain=0.360 l1=0.200 wait=1.960 acq=0.040 obs=19115104914561 bar=2.560
[BAR_OBS] ep=33 xcd=2 drain=0.400 l1=0.240 wait=2.080 acq=0.080 obs=19115104914561 bar=2.800
[BAR_OBS] ep=33 xcd=6 drain=0.480 l1=0.360 wait=1.640 acq=0.080 obs=19115104914619 bar=2.560
[BAR_OBS] ep=33 xcd=7 drain=0.440 l1=0.320 wait=1.200 acq=0.080 obs=19115104914558 bar=2.040
[BAR_ARR] ep=33 xcd=2 l1=0.240 l2=0.480
[BAR_ARR] ep=33 xcd=7 l1=0.320 l2=0.320
[OPROJ_INNER] slicewait=0.40 mfma=3.92 bar=2.32 rmsnorm_router=1.48 topk=3.28 total=11.40
[BAR_ARR] ep=33 xcd=1 l1=0.200 l2=0.640
[BAR_ARR] ep=33 xcd=3 l1=0.200 l2=0.600
[BAR_ARR] ep=33 xcd=6 l1=0.360 l2=0.560
[BAR_ARR] ep=33 xcd=5 l1=0.320 l2=0.360
[BAR_OBS] ep=33 xcd=4 drain=0.480 l1=0.320 wait=1.440 acq=0.080 obs=19115104914588 bar=2.320
[BAR_REL] ep=33 xcd=6 rel=19115104914559
[BAR_ARR] ep=33 xcd=4 l1=0.320 l2=0.480
[OPROJ_INNER] slicewait=0.40 mfma=3.96 bar=2.72 rmsnorm_router=1.52 topk=0.76 total=9.36
[OPROJ_INNER] slicewait=0.40 mfma=3.96 bar=2.68 rmsnorm_router=1.48 topk=0.40 total=8.92
[OPROJ_INNER] slicewait=0.40 mfma=3.96 bar=2.84 rmsnorm_router=1.64 topk=1.00 total=9.84
[OPROJ_INNER] slicewait=0.40 mfma=3.92 bar=2.48 rmsnorm_router=1.48 topk=3.72 total=12.00
[OPROJ_INNER] slicewait=0.40 mfma=4.00 bar=3.00 rmsnorm_router=1.68 topk=2.68 total=11.76
[BAR_OBS] ep=34 xcd=2 drain=0.480 l1=0.200 wait=2.080 acq=0.080 obs=19115105179609 bar=2.840
[OPROJ_INNER] slicewait=0.40 mfma=3.88 bar=2.20 rmsnorm_router=1.76 topk=3.28 total=11.52
[BAR_OBS] ep=34 xcd=1 drain=0.360 l1=0.240 wait=2.040 acq=0.080 obs=19115105179609 bar=2.720
[BAR_OBS] ep=34 xcd=3 drain=0.360 l1=0.200 wait=2.080 acq=0.040 obs=19115105179608 bar=2.680
[BAR_ARR] ep=34 xcd=1 l1=0.240 l2=0.680
[BAR_OBS] ep=34 xcd=0 drain=0.400 l1=0.320 wait=2.200 acq=0.080 obs=19115105179609 bar=3.000
[BAR_ARR] ep=34 xcd=3 l1=0.200 l2=0.560
[BAR_ARR] ep=34 xcd=0 l1=0.320 l2=0.280
[BAR_ARR] ep=34 xcd=2 l1=0.200 l2=0.560
[OPROJ_INNER] slicewait=0.40 mfma=3.88 bar=2.24 rmsnorm_router=1.68 topk=2.40 total=10.60
[OPROJ_INNER] slicewait=0.36 mfma=3.96 bar=2.68 rmsnorm_router=1.84 topk=6.24 total=15.08
[BAR_OBS] ep=34 xcd=7 drain=0.480 l1=0.280 wait=1.400 acq=0.040 obs=19115105179606 bar=2.200
[BAR_OBS] ep=34 xcd=5 drain=0.480 l1=0.280 wait=1.400 acq=0.080 obs=19115105179608 bar=2.240
[BAR_ARR] ep=34 xcd=7 l1=0.280 l2=0.520
[BAR_OBS] ep=34 xcd=4 drain=0.480 l1=0.280 wait=1.840 acq=0.080 obs=19115105179664 bar=2.680
[BAR_ARR] ep=34 xcd=5 l1=0.280 l2=0.520
[BAR_OBS] ep=34 xcd=6 drain=0.480 l1=0.320 wait=1.600 acq=0.080 obs=19115105179639 bar=2.480
[BAR_ARR] ep=34 xcd=4 l1=0.280 l2=0.760
[BAR_REL] ep=34 xcd=4 rel=19115105179604
[BAR_ARR] ep=34 xcd=6 l1=0.320 l2=0.640
[OPROJ_INNER] slicewait=0.36 mfma=3.96 bar=2.64 rmsnorm_router=1.60 topk=1.16 total=9.72
[OPROJ_INNER] slicewait=0.40 mfma=3.88 bar=2.72 rmsnorm_router=1.60 topk=1.44 total=10.04
[OPROJ_INNER] slicewait=0.40 mfma=4.00 bar=2.60 rmsnorm_router=1.48 topk=0.36 total=8.84
[OPROJ_INNER] slicewait=0.44 mfma=3.92 bar=2.08 rmsnorm_router=1.76 topk=2.72 total=10.92
[OPROJ_INNER] slicewait=0.40 mfma=3.96 bar=2.52 rmsnorm_router=1.40 topk=6.16 total=14.44
[OPROJ_INNER] slicewait=0.40 mfma=3.96 bar=2.24 rmsnorm_router=1.52 topk=2.92 total=11.04
[BAR_OBS] ep=35 xcd=7 drain=0.440 l1=0.360 wait=1.200 acq=0.080 obs=19115105431858 bar=2.080
[BAR_ARR] ep=35 xcd=7 l1=0.360 l2=0.320
[OPROJ_INNER] slicewait=0.40 mfma=3.96 bar=2.20 rmsnorm_router=1.56 topk=2.48 total=10.60
[BAR_OBS] ep=35 xcd=0 drain=0.360 l1=0.240 wait=2.040 acq=0.080 obs=19115105431865 bar=2.720
[BAR_OBS] ep=35 xcd=4 drain=0.480 l1=0.320 wait=1.400 acq=0.040 obs=19115105431892 bar=2.240
[BAR_ARR] ep=35 xcd=0 l1=0.240 l2=0.400
[BAR_OBS] ep=35 xcd=3 drain=0.360 l1=0.200 wait=2.000 acq=0.040 obs=19115105431860 bar=2.600
[BAR_OBS] ep=35 xcd=6 drain=0.480 l1=0.320 wait=1.640 acq=0.080 obs=19115105431919 bar=2.520
[OPROJ_INNER] slicewait=0.40 mfma=3.92 bar=2.60 rmsnorm_router=1.48 topk=0.72 total=9.12
[BAR_ARR] ep=35 xcd=3 l1=0.200 l2=0.400
[BAR_OBS] ep=35 xcd=1 drain=0.360 l1=0.200 wait=1.960 acq=0.080 obs=19115105431861 bar=2.600
[BAR_ARR] ep=35 xcd=4 l1=0.320 l2=0.480
[BAR_ARR] ep=35 xcd=6 l1=0.320 l2=0.560
[BAR_ARR] ep=35 xcd=1 l1=0.200 l2=0.600
[BAR_OBS] ep=35 xcd=2 drain=0.480 l1=0.240 wait=1.840 acq=0.080 obs=19115105431861 bar=2.640
[BAR_REL] ep=35 xcd=6 rel=19115105431859
[BAR_ARR] ep=35 xcd=2 l1=0.240 l2=0.640
[BAR_OBS] ep=35 xcd=5 drain=0.440 l1=0.320 wait=1.360 acq=0.080 obs=19115105431876 bar=2.200
[BAR_ARR] ep=35 xcd=5 l1=0.320 l2=0.360
[OPROJ_INNER] slicewait=0.40 mfma=3.92 bar=2.80 rmsnorm_router=1.64 topk=1.16 total=9.92
[OPROJ_INNER] slicewait=0.44 mfma=3.96 bar=2.64 rmsnorm_router=1.40 topk=6.40 total=14.84
[OPROJ_INNER] slicewait=0.40 mfma=4.04 bar=2.60 rmsnorm_router=1.56 topk=0.72 total=9.32
[OPROJ_INNER] slicewait=0.40 mfma=3.92 bar=2.24 rmsnorm_router=1.52 topk=1.88 total=9.96
[OPROJ_INNER] slicewait=0.40 mfma=3.96 bar=2.92 rmsnorm_router=1.72 topk=2.20 total=11.20
[OPROJ_INNER] slicewait=0.36 mfma=4.00 bar=2.12 rmsnorm_router=1.72 topk=3.28 total=11.48
[OPROJ_INNER] slicewait=0.40 mfma=3.96 bar=2.64 rmsnorm_router=1.56 topk=0.40 total=8.96
[OPROJ_INNER] slicewait=0.44 mfma=3.92 bar=2.16 rmsnorm_router=1.76 topk=2.72 total=11.00
[BAR_OBS] ep=36 xcd=7 drain=0.440 l1=0.320 wait=1.280 acq=0.080 obs=19115105692570 bar=2.120
[BAR_OBS] ep=36 xcd=0 drain=0.360 l1=0.280 wait=2.240 acq=0.040 obs=19115105692577 bar=2.920
[BAR_OBS] ep=36 xcd=1 drain=0.360 l1=0.200 wait=1.960 acq=0.080 obs=19115105692573 bar=2.600
[BAR_OBS] ep=36 xcd=2 drain=0.480 l1=0.200 wait=2.040 acq=0.080 obs=19115105692573 bar=2.800
[BAR_OBS] ep=36 xcd=4 drain=0.480 l1=0.320 wait=1.360 acq=0.080 obs=19115105692584 bar=2.240
[BAR_ARR] ep=36 xcd=0 l1=0.280 l2=0.320
[BAR_OBS] ep=36 xcd=3 drain=0.360 l1=0.200 wait=2.040 acq=0.040 obs=19115105692572 bar=2.640
[BAR_ARR] ep=36 xcd=1 l1=0.200 l2=0.640
[BAR_ARR] ep=36 xcd=2 l1=0.200 l2=0.600
[BAR_OBS] ep=36 xcd=6 drain=0.480 l1=0.320 wait=1.760 acq=0.080 obs=19115105692631 bar=2.640
[BAR_ARR] ep=36 xcd=7 l1=0.320 l2=0.480
[BAR_ARR] ep=36 xcd=3 l1=0.200 l2=0.480
[BAR_OBS] ep=36 xcd=5 drain=0.480 l1=0.320 wait=1.320 acq=0.040 obs=19115105692572 bar=2.160
[BAR_ARR] ep=36 xcd=4 l1=0.320 l2=0.600
[BAR_ARR] ep=36 xcd=6 l1=0.320 l2=0.680
[BAR_ARR] ep=36 xcd=5 l1=0.320 l2=0.320
[BAR_REL] ep=36 xcd=6 rel=19115105692571
[OPROJ_INNER] slicewait=0.36 mfma=3.96 bar=2.56 rmsnorm_router=1.48 topk=0.84 total=9.20
[OPROJ_INNER] slicewait=0.44 mfma=3.88 bar=2.04 rmsnorm_router=1.72 topk=2.36 total=10.44
[OPROJ_INNER] slicewait=0.44 mfma=3.92 bar=2.56 rmsnorm_router=1.52 topk=0.40 total=8.84
[OPROJ_INNER] slicewait=0.44 mfma=3.88 bar=2.76 rmsnorm_router=1.64 topk=1.00 total=9.72
[BAR_OBS] ep=37 xcd=1 drain=0.360 l1=0.200 wait=1.920 acq=0.080 obs=19115105969297 bar=2.560
[OPROJ_INNER] slicewait=0.40 mfma=3.96 bar=2.04 rmsnorm_router=1.64 topk=3.24 total=11.28
[OPROJ_INNER] slicewait=0.40 mfma=3.96 bar=2.80 rmsnorm_router=1.64 topk=2.56 total=11.36
[BAR_ARR] ep=37 xcd=1 l1=0.200 l2=0.600
[BAR_OBS] ep=37 xcd=3 drain=0.360 l1=0.200 wait=1.920 acq=0.080 obs=19115105969292 bar=2.560
[OPROJ_INNER] slicewait=0.36 mfma=3.96 bar=2.68 rmsnorm_router=1.76 topk=6.04 total=14.80
[BAR_OBS] ep=37 xcd=2 drain=0.400 l1=0.200 wait=2.080 acq=0.080 obs=19115105969297 bar=2.760
[BAR_ARR] ep=37 xcd=2 l1=0.200 l2=0.400
[BAR_OBS] ep=37 xcd=0 drain=0.360 l1=0.280 wait=2.120 acq=0.040 obs=19115105969301 bar=2.800
[BAR_ARR] ep=37 xcd=3 l1=0.200 l2=0.520
[BAR_ARR] ep=37 xcd=0 l1=0.280 l2=0.240
[BAR_OBS] ep=37 xcd=7 drain=0.440 l1=0.320 wait=1.200 acq=0.080 obs=19115105969298 bar=2.040
[BAR_OBS] ep=37 xcd=6 drain=0.480 l1=0.360 wait=1.760 acq=0.080 obs=19115105969367 bar=2.680
[OPROJ_INNER] slicewait=0.36 mfma=3.96 bar=2.20 rmsnorm_router=1.44 topk=2.52 total=10.48
[BAR_ARR] ep=37 xcd=7 l1=0.320 l2=0.400
[BAR_ARR] ep=37 xcd=6 l1=0.360 l2=0.560
[BAR_OBS] ep=37 xcd=5 drain=0.440 l1=0.320 wait=1.240 acq=0.040 obs=19115105969292 bar=2.040
[BAR_OBS] ep=37 xcd=4 drain=0.440 l1=0.320 wait=1.360 acq=0.080 obs=19115105969316 bar=2.200
[BAR_REL] ep=37 xcd=6 rel=19115105969295
[BAR_ARR] ep=37 xcd=5 l1=0.320 l2=0.320
[BAR_ARR] ep=37 xcd=4 l1=0.320 l2=0.560
[OPROJ_INNER] slicewait=0.40 mfma=4.00 bar=2.52 rmsnorm_router=1.52 topk=0.36 total=8.80
[OPROJ_INNER] slicewait=0.40 mfma=4.00 bar=2.64 rmsnorm_router=1.52 topk=0.72 total=9.28
[OPROJ_INNER] slicewait=0.40 mfma=3.96 bar=2.20 rmsnorm_router=1.52 topk=2.36 total=10.44
[OPROJ_INNER] slicewait=0.44 mfma=3.92 bar=2.80 rmsnorm_router=1.60 topk=1.08 total=9.84
[BAR_OBS] ep=38 xcd=3 drain=0.400 l1=0.160 wait=1.880 acq=0.080 obs=19115106219520 bar=2.520
[OPROJ_INNER] slicewait=0.40 mfma=4.04 bar=2.88 rmsnorm_router=1.60 topk=1.72 total=10.64
[OPROJ_INNER] slicewait=0.40 mfma=4.00 bar=2.08 rmsnorm_router=1.76 topk=3.24 total=11.48
[BAR_ARR] ep=38 xcd=3 l1=0.160 l2=0.600
[OPROJ_INNER] slicewait=0.44 mfma=3.92 bar=2.12 rmsnorm_router=1.68 topk=2.88 total=11.04
[BAR_OBS] ep=38 xcd=1 drain=0.400 l1=0.200 wait=2.000 acq=0.040 obs=19115106219529 bar=2.640
[BAR_OBS] ep=38 xcd=2 drain=0.400 l1=0.200 wait=2.120 acq=0.080 obs=19115106219525 bar=2.800
[BAR_ARR] ep=38 xcd=2 l1=0.200 l2=0.520
[BAR_ARR] ep=38 xcd=1 l1=0.200 l2=0.440
[BAR_OBS] ep=38 xcd=0 drain=0.360 l1=0.320 wait=2.120 acq=0.080 obs=19115106219529 bar=2.880
[BAR_ARR] ep=38 xcd=0 l1=0.320 l2=0.240
[BAR_OBS] ep=38 xcd=4 drain=0.480 l1=0.320 wait=1.320 acq=0.080 obs=19115106219536 bar=2.200
[BAR_OBS] ep=38 xcd=5 drain=0.480 l1=0.280 wait=1.280 acq=0.080 obs=19115106219520 bar=2.120
[OPROJ_INNER] slicewait=0.40 mfma=3.96 bar=2.68 rmsnorm_router=1.76 topk=5.92 total=14.72
[BAR_OBS] ep=38 xcd=7 drain=0.440 l1=0.320 wait=1.240 acq=0.080 obs=19115106219522 bar=2.080
[BAR_ARR] ep=38 xcd=5 l1=0.280 l2=0.320
[BAR_ARR] ep=38 xcd=7 l1=0.320 l2=0.480
[BAR_ARR] ep=38 xcd=4 l1=0.320 l2=0.560
[BAR_OBS] ep=38 xcd=6 drain=0.520 l1=0.320 wait=1.760 acq=0.080 obs=19115106219583 bar=2.680
[BAR_ARR] ep=38 xcd=6 l1=0.320 l2=0.680
[BAR_REL] ep=38 xcd=6 rel=19115106219523
[OPROJ_INNER] slicewait=0.40 mfma=3.92 bar=2.56 rmsnorm_router=1.56 topk=0.44 total=8.88
[OPROJ_INNER] slicewait=0.44 mfma=3.88 bar=2.92 rmsnorm_router=1.64 topk=2.24 total=11.12
[OPROJ_INNER] slicewait=0.44 mfma=3.92 bar=2.80 rmsnorm_router=1.64 topk=0.96 total=9.76
[OPROJ_INNER] slicewait=0.44 mfma=3.88 bar=2.64 rmsnorm_router=1.60 topk=0.80 total=9.36
[OPROJ_INNER] slicewait=0.40 mfma=4.00 bar=2.28 rmsnorm_router=1.44 topk=3.44 total=11.56
[OPROJ_INNER] slicewait=0.44 mfma=3.88 bar=2.16 rmsnorm_router=1.68 topk=2.84 total=11.00
[BAR_OBS] ep=39 xcd=0 drain=0.360 l1=0.280 wait=2.200 acq=0.080 obs=19115106480669 bar=2.920
[BAR_OBS] ep=39 xcd=3 drain=0.400 l1=0.160 wait=1.920 acq=0.080 obs=19115106480664 bar=2.560
[BAR_ARR] ep=39 xcd=0 l1=0.280 l2=0.240
[OPROJ_INNER] slicewait=0.40 mfma=3.92 bar=2.00 rmsnorm_router=1.68 topk=2.64 total=10.64
[BAR_OBS] ep=39 xcd=2 drain=0.480 l1=0.200 wait=2.040 acq=0.080 obs=19115106480669 bar=2.800
[BAR_ARR] ep=39 xcd=2 l1=0.200 l2=0.600
[OPROJ_INNER] slicewait=0.40 mfma=3.96 bar=2.52 rmsnorm_router=1.80 topk=6.12 total=14.80
[BAR_OBS] ep=39 xcd=7 drain=0.480 l1=0.320 wait=1.400 acq=0.080 obs=19115106480694 bar=2.280
[BAR_OBS] ep=39 xcd=1 drain=0.360 l1=0.200 wait=2.040 acq=0.040 obs=19115106480669 bar=2.640
[BAR_ARR] ep=39 xcd=1 l1=0.200 l2=0.320
[BAR_ARR] ep=39 xcd=7 l1=0.320 l2=0.520
[BAR_OBS] ep=39 xcd=5 drain=0.440 l1=0.320 wait=1.360 acq=0.040 obs=19115106480664 bar=2.160
[BAR_ARR] ep=39 xcd=3 l1=0.160 l2=0.640
[BAR_OBS] ep=39 xcd=6 drain=0.480 l1=0.320 wait=1.680 acq=0.040 obs=19115106480727 bar=2.520
[BAR_OBS] ep=39 xcd=4 drain=0.480 l1=0.320 wait=1.120 acq=0.080 obs=19115106480660 bar=2.000
[BAR_ARR] ep=39 xcd=5 l1=0.320 l2=0.400
[BAR_ARR] ep=39 xcd=6 l1=0.320 l2=0.600
[BAR_ARR] ep=39 xcd=4 l1=0.320 l2=0.360
[BAR_REL] ep=39 xcd=6 rel=19115106480667
[OPROJ_INNER] slicewait=0.40 mfma=3.96 bar=2.16 rmsnorm_router=1.52 topk=1.72 total=9.76
[OPROJ_INNER] slicewait=0.40 mfma=4.00 bar=2.56 rmsnorm_router=1.80 topk=6.08 total=14.84
[OPROJ_INNER] slicewait=0.44 mfma=3.92 bar=2.60 rmsnorm_router=1.48 topk=0.64 total=9.08
[OPROJ_INNER] slicewait=0.44 mfma=3.96 bar=2.68 rmsnorm_router=1.68 topk=1.00 total=9.76
[OPROJ_INNER] slicewait=0.40 mfma=4.00 bar=2.48 rmsnorm_router=1.48 topk=0.40 total=8.76
[OPROJ_INNER] slicewait=0.40 mfma=3.92 bar=2.12 rmsnorm_router=1.72 topk=2.80 total=10.96
[BAR_OBS] ep=40 xcd=6 drain=0.480 l1=0.320 wait=1.680 acq=0.080 obs=19115106739555 bar=2.560
[OPROJ_INNER] slicewait=0.44 mfma=4.00 bar=2.72 rmsnorm_router=1.68 topk=2.20 total=11.04
[BAR_OBS] ep=40 xcd=1 drain=0.400 l1=0.200 wait=1.920 acq=0.080 obs=19115106739501 bar=2.600
[OPROJ_INNER] slicewait=0.40 mfma=4.00 bar=2.12 rmsnorm_router=1.64 topk=3.32 total=11.48
[BAR_OBS] ep=40 xcd=3 drain=0.360 l1=0.200 wait=1.840 acq=0.080 obs=19115106739500 bar=2.480
[BAR_OBS] ep=40 xcd=0 drain=0.400 l1=0.200 wait=2.040 acq=0.080 obs=19115106739501 bar=2.720
[BAR_ARR] ep=40 xcd=1 l1=0.200 l2=0.600
[BAR_OBS] ep=40 xcd=5 drain=0.480 l1=0.320 wait=1.240 acq=0.080 obs=19115106739492 bar=2.120
[BAR_OBS] ep=40 xcd=2 drain=0.400 l1=0.200 wait=2.040 acq=0.040 obs=19115106739501 bar=2.680
[BAR_ARR] ep=40 xcd=3 l1=0.200 l2=0.640
[BAR_ARR] ep=40 xcd=2 l1=0.200 l2=0.560
[BAR_ARR] ep=40 xcd=6 l1=0.320 l2=0.600
[BAR_ARR] ep=40 xcd=0 l1=0.200 l2=0.440
[BAR_ARR] ep=40 xcd=5 l1=0.320 l2=0.360
[BAR_OBS] ep=40 xcd=4 drain=0.480 l1=0.360 wait=1.240 acq=0.080 obs=19115106739512 bar=2.160
[BAR_REL] ep=40 xcd=6 rel=19115106739495
[BAR_OBS] ep=40 xcd=7 drain=0.440 l1=0.320 wait=1.320 acq=0.040 obs=19115106739506 bar=2.120
[BAR_ARR] ep=40 xcd=4 l1=0.360 l2=0.640
[BAR_ARR] ep=40 xcd=7 l1=0.320 l2=0.480
[OPROJ_INNER] slicewait=0.44 mfma=3.88 bar=2.80 rmsnorm_router=1.60 topk=1.04 total=9.76
[OPROJ_INNER] slicewait=0.40 mfma=3.92 bar=2.76 rmsnorm_router=1.48 topk=0.40 total=8.96
[OPROJ_INNER] slicewait=0.40 mfma=3.96 bar=2.80 rmsnorm_router=1.64 topk=1.88 total=10.68
[OPROJ_INNER] slicewait=0.40 mfma=3.96 bar=2.56 rmsnorm_router=1.48 topk=0.64 total=9.04
[BAR_OBS] ep=41 xcd=3 drain=0.360 l1=0.200 wait=2.120 acq=0.080 obs=19115107010540 bar=2.760
[OPROJ_INNER] slicewait=0.40 mfma=3.96 bar=2.56 rmsnorm_router=1.92 topk=5.64 total=14.48
[OPROJ_INNER] slicewait=0.44 mfma=3.88 bar=2.08 rmsnorm_router=1.76 topk=2.60 total=10.76
[OPROJ_INNER] slicewait=0.40 mfma=3.92 bar=2.28 rmsnorm_router=1.44 topk=2.96 total=11.00
[OPROJ_INNER] slicewait=0.44 mfma=3.96 bar=2.16 rmsnorm_router=1.60 topk=2.88 total=11.04
[BAR_ARR] ep=41 xcd=3 l1=0.200 l2=0.520
[BAR_OBS] ep=41 xcd=0 drain=0.360 l1=0.200 wait=2.160 acq=0.080 obs=19115107010545 bar=2.800
[BAR_OBS] ep=41 xcd=1 drain=0.360 l1=0.200 wait=1.920 acq=0.080 obs=19115107010541 bar=2.560
[BAR_OBS] ep=41 xcd=2 drain=0.360 l1=0.240 wait=2.120 acq=0.080 obs=19115107010541 bar=2.800
[BAR_ARR] ep=41 xcd=0 l1=0.200 l2=0.640
[BAR_OBS] ep=41 xcd=4 drain=0.440 l1=0.320 wait=1.440 acq=0.080 obs=19115107010568 bar=2.280
[BAR_OBS] ep=41 xcd=6 drain=0.480 l1=0.320 wait=1.680 acq=0.080 obs=19115107010599 bar=2.560
[BAR_OBS] ep=41 xcd=5 drain=0.480 l1=0.280 wait=1.280 acq=0.040 obs=19115107010540 bar=2.080
[BAR_OBS] ep=41 xcd=7 drain=0.480 l1=0.280 wait=1.320 acq=0.080 obs=19115107010554 bar=2.160
[BAR_ARR] ep=41 xcd=6 l1=0.320 l2=0.600
[BAR_ARR] ep=41 xcd=5 l1=0.280 l2=0.400
[BAR_REL] ep=41 xcd=6 rel=19115107010539
[BAR_ARR] ep=41 xcd=2 l1=0.240 l2=0.280
[BAR_ARR] ep=41 xcd=4 l1=0.320 l2=0.560
[BAR_ARR] ep=41 xcd=7 l1=0.280 l2=0.400
[BAR_ARR] ep=41 xcd=1 l1=0.200 l2=0.640
[OPROJ_INNER] slicewait=0.40 mfma=3.96 bar=2.84 rmsnorm_router=1.52 topk=0.40 total=9.12
[OPROJ_INNER] slicewait=0.40 mfma=3.96 bar=2.84 rmsnorm_router=1.64 topk=1.08 total=9.92
[OPROJ_INNER] slicewait=0.40 mfma=4.04 bar=2.84 rmsnorm_router=1.64 topk=1.72 total=10.64
[OPROJ_INNER] slicewait=0.40 mfma=3.96 bar=2.80 rmsnorm_router=1.56 topk=0.64 total=9.36
[OPROJ_INNER] slicewait=0.40 mfma=3.96 bar=2.12 rmsnorm_router=1.72 topk=2.88 total=11.08
[OPROJ_INNER] slicewait=0.40 mfma=4.00 bar=2.60 rmsnorm_router=1.84 topk=5.56 total=14.40
[OPROJ_INNER] slicewait=0.40 mfma=3.96 bar=2.20 rmsnorm_router=1.60 topk=2.56 total=10.72
[BAR_OBS] ep=42 xcd=7 drain=0.440 l1=0.320 wait=1.280 acq=0.080 obs=19115107275354 bar=2.120
[BAR_OBS] ep=42 xcd=0 drain=0.360 l1=0.200 wait=2.240 acq=0.040 obs=19115107275361 bar=2.840
[BAR_OBS] ep=42 xcd=2 drain=0.520 l1=0.240 wait=2.000 acq=0.080 obs=19115107275357 bar=2.840
[BAR_OBS] ep=42 xcd=1 drain=0.400 l1=0.200 wait=2.120 acq=0.080 obs=19115107275353 bar=2.800
[BAR_OBS] ep=42 xcd=3 drain=0.400 l1=0.200 wait=2.160 acq=0.080 obs=19115107275352 bar=2.840
[BAR_ARR] ep=42 xcd=7 l1=0.320 l2=0.480
[BAR_OBS] ep=42 xcd=4 drain=0.440 l1=0.320 wait=1.760 acq=0.080 obs=19115107275420 bar=2.600
[BAR_ARR] ep=42 xcd=2 l1=0.240 l2=0.600
[BAR_ARR] ep=42 xcd=1 l1=0.200 l2=0.600
[BAR_ARR] ep=42 xcd=0 l1=0.200 l2=0.640
[BAR_ARR] ep=42 xcd=3 l1=0.200 l2=0.320
[OPROJ_INNER] slicewait=0.44 mfma=3.92 bar=2.32 rmsnorm_router=1.44 topk=2.80 total=10.92
[BAR_ARR] ep=42 xcd=4 l1=0.320 l2=0.600
[BAR_OBS] ep=42 xcd=5 drain=0.480 l1=0.280 wait=1.400 acq=0.040 obs=19115107275364 bar=2.200
[BAR_REL] ep=42 xcd=4 rel=19115107275352
[BAR_ARR] ep=42 xcd=5 l1=0.280 l2=0.520
[BAR_OBS] ep=42 xcd=6 drain=0.480 l1=0.320 wait=1.480 acq=0.040 obs=19115107275383 bar=2.320
[BAR_ARR] ep=42 xcd=6 l1=0.320 l2=0.560
[OPROJ_INNER] slicewait=0.40 mfma=3.96 bar=3.08 rmsnorm_router=1.64 topk=2.44 total=11.52
[OPROJ_INNER] slicewait=0.44 mfma=3.88 bar=2.24 rmsnorm_router=1.72 topk=3.24 total=11.52
[OPROJ_INNER] slicewait=0.44 mfma=3.84 bar=3.00 rmsnorm_router=1.64 topk=1.00 total=9.92
[OPROJ_INNER] slicewait=0.44 mfma=3.88 bar=2.84 rmsnorm_router=1.44 topk=0.40 total=9.00
[OPROJ_INNER] slicewait=0.40 mfma=3.92 bar=2.24 rmsnorm_router=1.56 topk=1.68 total=9.80
[OPROJ_INNER] slicewait=0.44 mfma=3.92 bar=2.64 rmsnorm_router=1.44 topk=6.44 total=14.88
[BAR_OBS] ep=43 xcd=2 drain=0.400 l1=0.200 wait=2.360 acq=0.040 obs=19115107551713 bar=3.000
[BAR_OBS] ep=43 xcd=0 drain=0.400 l1=0.240 wait=2.360 acq=0.080 obs=19115107551713 bar=3.080
[OPROJ_INNER] slicewait=0.44 mfma=3.96 bar=2.36 rmsnorm_router=1.48 topk=2.64 total=10.88
[BAR_OBS] ep=43 xcd=3 drain=0.360 l1=0.200 wait=2.200 acq=0.080 obs=19115107551708 bar=2.840
[OPROJ_INNER] slicewait=0.44 mfma=3.92 bar=2.76 rmsnorm_router=1.56 topk=0.80 total=9.48
[BAR_OBS] ep=43 xcd=7 drain=0.440 l1=0.320 wait=1.400 acq=0.080 obs=19115107551706 bar=2.240
[BAR_ARR] ep=43 xcd=2 l1=0.200 l2=0.520
[BAR_ARR] ep=43 xcd=3 l1=0.200 l2=0.520
[BAR_ARR] ep=43 xcd=0 l1=0.240 l2=0.360
[BAR_OBS] ep=43 xcd=1 drain=0.360 l1=0.200 wait=2.120 acq=0.080 obs=19115107551709 bar=2.760
[BAR_ARR] ep=43 xcd=7 l1=0.320 l2=0.320
[BAR_OBS] ep=43 xcd=5 drain=0.480 l1=0.320 wait=1.480 acq=0.080 obs=19115107551728 bar=2.360
[BAR_ARR] ep=43 xcd=1 l1=0.200 l2=0.560
[BAR_OBS] ep=43 xcd=4 drain=0.520 l1=0.320 wait=1.760 acq=0.040 obs=19115107551768 bar=2.640
[BAR_OBS] ep=43 xcd=6 drain=0.480 l1=0.320 wait=1.360 acq=0.080 obs=19115107551715 bar=2.240
[BAR_ARR] ep=43 xcd=5 l1=0.320 l2=0.560
[BAR_ARR] ep=43 xcd=6 l1=0.320 l2=0.440
[BAR_ARR] ep=43 xcd=4 l1=0.320 l2=0.680
[BAR_REL] ep=43 xcd=4 rel=19115107551708
[OPROJ_INNER] slicewait=0.40 mfma=3.96 bar=2.92 rmsnorm_router=1.68 topk=1.28 total=10.24
[OPROJ_INNER] slicewait=0.44 mfma=3.92 bar=2.64 rmsnorm_router=1.56 topk=0.44 total=9.00
[OPROJ_INNER] slicewait=0.40 mfma=3.92 bar=2.84 rmsnorm_router=1.72 topk=2.12 total=11.00
[OPROJ_INNER] slicewait=0.44 mfma=3.96 bar=2.56 rmsnorm_router=1.56 topk=0.60 total=9.12
[OPROJ_INNER] slicewait=0.44 mfma=3.88 bar=2.24 rmsnorm_router=1.60 topk=2.84 total=11.00
[OPROJ_INNER] slicewait=0.40 mfma=3.92 bar=2.64 rmsnorm_router=1.76 topk=6.04 total=14.76
[OPROJ_INNER] slicewait=0.40 mfma=4.00 bar=2.32 rmsnorm_router=1.48 topk=3.20 total=11.40
[BAR_OBS] ep=44 xcd=1 drain=0.360 l1=0.200 wait=2.000 acq=0.080 obs=19115107827745 bar=2.640
[OPROJ_INNER] slicewait=0.40 mfma=3.92 bar=2.12 rmsnorm_router=1.72 topk=1.88 total=10.04
[BAR_OBS] ep=44 xcd=6 drain=0.520 l1=0.320 wait=1.320 acq=0.080 obs=19115107827759 bar=2.240
[BAR_OBS] ep=44 xcd=4 drain=0.480 l1=0.320 wait=1.760 acq=0.080 obs=19115107827804 bar=2.640
[BAR_ARR] ep=44 xcd=4 l1=0.320 l2=0.680
[BAR_ARR] ep=44 xcd=6 l1=0.320 l2=0.560
[BAR_OBS] ep=44 xcd=5 drain=0.480 l1=0.280 wait=1.280 acq=0.080 obs=19115107827744 bar=2.120
[BAR_OBS] ep=44 xcd=0 drain=0.360 l1=0.240 wait=2.240 acq=0.080 obs=19115107827749 bar=2.920
[BAR_OBS] ep=44 xcd=3 drain=0.360 l1=0.200 wait=1.960 acq=0.040 obs=19115107827748 bar=2.560
[BAR_ARR] ep=44 xcd=1 l1=0.200 l2=0.440
[BAR_OBS] ep=44 xcd=2 drain=0.400 l1=0.200 wait=2.160 acq=0.080 obs=19115107827749 bar=2.840
[BAR_ARR] ep=44 xcd=3 l1=0.200 l2=0.480
[BAR_REL] ep=44 xcd=4 rel=19115107827744
[BAR_ARR] ep=44 xcd=2 l1=0.200 l2=0.320
[BAR_ARR] ep=44 xcd=0 l1=0.240 l2=0.280
[BAR_ARR] ep=44 xcd=5 l1=0.280 l2=0.400
[BAR_OBS] ep=44 xcd=7 drain=0.440 l1=0.320 wait=1.480 acq=0.080 obs=19115107827774 bar=2.320
[BAR_ARR] ep=44 xcd=7 l1=0.320 l2=0.680
[OPROJ_INNER] slicewait=0.40 mfma=3.96 bar=2.60 rmsnorm_router=1.48 topk=0.40 total=8.84
[OPROJ_INNER] slicewait=0.44 mfma=3.92 bar=2.04 rmsnorm_router=1.80 topk=3.08 total=11.28
[OPROJ_INNER] slicewait=0.40 mfma=3.92 bar=2.84 rmsnorm_router=1.60 topk=1.08 total=9.84
[OPROJ_INNER] slicewait=0.40 mfma=4.00 bar=2.52 rmsnorm_router=1.56 topk=0.56 total=9.04
[OPROJ_INNER] slicewait=0.40 mfma=3.96 bar=2.60 rmsnorm_router=1.80 topk=5.80 total=14.56
[OPROJ_INNER] slicewait=0.40 mfma=3.92 bar=2.12 rmsnorm_router=1.64 topk=2.68 total=10.76
[OPROJ_INNER] slicewait=0.40 mfma=4.00 bar=2.76 rmsnorm_router=1.72 topk=1.60 total=10.48
[BAR_OBS] ep=45 xcd=3 drain=0.360 l1=0.200 wait=1.960 acq=0.080 obs=19115108112864 bar=2.600
[OPROJ_INNER] slicewait=0.44 mfma=3.88 bar=2.16 rmsnorm_router=1.72 topk=2.16 total=10.36
[BAR_OBS] ep=45 xcd=2 drain=0.360 l1=0.240 wait=2.160 acq=0.080 obs=19115108112869 bar=2.840
[BAR_ARR] ep=45 xcd=3 l1=0.200 l2=0.400
[BAR_OBS] ep=45 xcd=7 drain=0.440 l1=0.320 wait=1.240 acq=0.040 obs=19115108112866 bar=2.040
[BAR_ARR] ep=45 xcd=2 l1=0.240 l2=0.240
[BAR_OBS] ep=45 xcd=1 drain=0.360 l1=0.200 wait=1.880 acq=0.080 obs=19115108112865 bar=2.520
[BAR_ARR] ep=45 xcd=7 l1=0.320 l2=0.320
[BAR_ARR] ep=45 xcd=1 l1=0.200 l2=0.440
[BAR_OBS] ep=45 xcd=0 drain=0.400 l1=0.240 wait=2.040 acq=0.080 obs=19115108112869 bar=2.760
[BAR_OBS] ep=45 xcd=4 drain=0.480 l1=0.320 wait=1.720 acq=0.080 obs=19115108112924 bar=2.600
[BAR_ARR] ep=45 xcd=0 l1=0.240 l2=0.280
[BAR_OBS] ep=45 xcd=5 drain=0.480 l1=0.320 wait=1.280 acq=0.080 obs=19115108112864 bar=2.160
[BAR_ARR] ep=45 xcd=4 l1=0.320 l2=0.640
[BAR_ARR] ep=45 xcd=5 l1=0.320 l2=0.320
[BAR_OBS] ep=45 xcd=6 drain=0.480 l1=0.320 wait=1.240 acq=0.080 obs=19115108112875 bar=2.120
[BAR_REL] ep=45 xcd=4 rel=19115108112864
[BAR_ARR] ep=45 xcd=6 l1=0.320 l2=0.400
[OPROJ_INNER] slicewait=0.40 mfma=3.96 bar=2.12 rmsnorm_router=1.76 topk=1.76 total=10.00
[OPROJ_INNER] slicewait=0.40 mfma=4.00 bar=2.64 rmsnorm_router=1.96 topk=5.76 total=14.76
[OPROJ_INNER] slicewait=0.44 mfma=3.92 bar=2.28 rmsnorm_router=1.48 topk=2.84 total=10.96
[BAR_OBS] ep=46 xcd=5 drain=0.440 l1=0.320 wait=1.320 acq=0.040 obs=19115108375632 bar=2.120
[BAR_OBS] ep=46 xcd=4 drain=0.480 l1=0.320 wait=1.760 acq=0.080 obs=19115108375692 bar=2.640
[OPROJ_INNER] slicewait=0.40 mfma=3.92 bar=2.60 rmsnorm_router=1.48 topk=0.44 total=8.84
[OPROJ_INNER] slicewait=0.40 mfma=3.96 bar=2.88 rmsnorm_router=1.64 topk=1.20 total=10.08
[BAR_ARR] ep=46 xcd=4 l1=0.320 l2=0.680
[BAR_ARR] ep=46 xcd=5 l1=0.320 l2=0.400
[OPROJ_INNER] slicewait=0.40 mfma=3.88 bar=2.76 rmsnorm_router=1.56 topk=0.76 total=9.36
[OPROJ_INNER] slicewait=0.40 mfma=3.96 bar=2.88 rmsnorm_router=1.72 topk=2.24 total=11.20
[OPROJ_INNER] slicewait=0.40 mfma=4.00 bar=2.12 rmsnorm_router=1.72 topk=3.20 total=11.44
[BAR_OBS] ep=46 xcd=1 drain=0.360 l1=0.200 wait=2.120 acq=0.080 obs=19115108375633 bar=2.760
[BAR_OBS] ep=46 xcd=0 drain=0.400 l1=0.200 wait=2.200 acq=0.080 obs=19115108375637 bar=2.880
[BAR_ARR] ep=46 xcd=1 l1=0.200 l2=0.680
[BAR_ARR] ep=46 xcd=0 l1=0.200 l2=0.560
[BAR_OBS] ep=46 xcd=2 drain=0.400 l1=0.200 wait=2.200 acq=0.080 obs=19115108375637 bar=2.880
[BAR_OBS] ep=46 xcd=6 drain=0.480 l1=0.320 wait=1.400 acq=0.080 obs=19115108375655 bar=2.280
[BAR_OBS] ep=46 xcd=3 drain=0.400 l1=0.200 wait=1.920 acq=0.080 obs=19115108375632 bar=2.600
[BAR_ARR] ep=46 xcd=2 l1=0.200 l2=0.560
[BAR_OBS] ep=46 xcd=7 drain=0.480 l1=0.320 wait=1.240 acq=0.080 obs=19115108375634 bar=2.120
[BAR_REL] ep=46 xcd=4 rel=19115108375632
[BAR_ARR] ep=46 xcd=3 l1=0.200 l2=0.640
[BAR_ARR] ep=46 xcd=7 l1=0.320 l2=0.440
[BAR_ARR] ep=46 xcd=6 l1=0.320 l2=0.520
[OPROJ_INNER] slicewait=0.40 mfma=4.00 bar=2.56 rmsnorm_router=1.48 topk=0.40 total=8.84
[OPROJ_INNER] slicewait=0.40 mfma=3.96 bar=2.00 rmsnorm_router=1.72 topk=3.12 total=11.20
[OPROJ_INNER] slicewait=0.40 mfma=4.04 bar=2.72 rmsnorm_router=1.64 topk=2.80 total=11.60
[BAR_OBS] ep=47 xcd=1 drain=0.360 l1=0.200 wait=1.920 acq=0.080 obs=19115108630765 bar=2.560
[OPROJ_INNER] slicewait=0.40 mfma=3.96 bar=2.76 rmsnorm_router=1.64 topk=0.64 total=9.40
[OPROJ_INNER] slicewait=0.44 mfma=3.96 bar=2.56 rmsnorm_router=1.60 topk=0.96 total=9.52
[OPROJ_INNER] slicewait=0.40 mfma=4.00 bar=2.52 rmsnorm_router=1.84 topk=6.08 total=14.84
[OPROJ_INNER] slicewait=0.44 mfma=3.92 bar=2.16 rmsnorm_router=1.48 topk=2.52 total=10.52
[BAR_ARR] ep=47 xcd=1 l1=0.200 l2=0.640
[BAR_OBS] ep=47 xcd=7 drain=0.440 l1=0.320 wait=1.160 acq=0.080 obs=19115108630758 bar=2.000
[BAR_OBS] ep=47 xcd=6 drain=0.480 l1=0.360 wait=1.600 acq=0.080 obs=19115108630819 bar=2.520
[BAR_ARR] ep=47 xcd=7 l1=0.320 l2=0.360
[BAR_ARR] ep=47 xcd=6 l1=0.360 l2=0.520
[BAR_OBS] ep=47 xcd=2 drain=0.400 l1=0.200 wait=2.080 acq=0.080 obs=19115108630761 bar=2.760
[OPROJ_INNER] slicewait=0.40 mfma=3.96 bar=2.08 rmsnorm_router=1.72 topk=2.24 total=10.40
[BAR_OBS] ep=47 xcd=0 drain=0.360 l1=0.240 wait=2.040 acq=0.080 obs=19115108630765 bar=2.720
[BAR_REL] ep=47 xcd=6 rel=19115108630759
[BAR_ARR] ep=47 xcd=2 l1=0.200 l2=0.440
[BAR_ARR] ep=47 xcd=0 l1=0.240 l2=0.520
[BAR_OBS] ep=47 xcd=3 drain=0.360 l1=0.200 wait=1.920 acq=0.080 obs=19115108630764 bar=2.560
[BAR_OBS] ep=47 xcd=5 drain=0.440 l1=0.360 wait=1.200 acq=0.080 obs=19115108630756 bar=2.080
[BAR_ARR] ep=47 xcd=3 l1=0.200 l2=0.520
[BAR_OBS] ep=47 xcd=4 drain=0.480 l1=0.320 wait=1.280 acq=0.080 obs=19115108630780 bar=2.160
[BAR_ARR] ep=47 xcd=5 l1=0.360 l2=0.320
[BAR_ARR] ep=47 xcd=4 l1=0.320 l2=0.440
[OPROJ_INNER] slicewait=0.44 mfma=3.92 bar=2.76 rmsnorm_router=1.60 topk=1.12 total=9.84
[OPROJ_INNER] slicewait=0.40 mfma=3.96 bar=2.84 rmsnorm_router=1.64 topk=2.52 total=11.36
[OPROJ_INNER] slicewait=0.40 mfma=3.92 bar=2.76 rmsnorm_router=1.52 topk=0.80 total=9.40
[OPROJ_INNER] slicewait=0.40 mfma=3.96 bar=2.20 rmsnorm_router=1.56 topk=3.32 total=11.44
[OPROJ_INNER] slicewait=0.44 mfma=3.92 bar=2.64 rmsnorm_router=1.52 topk=0.36 total=8.88
[BAR_OBS] ep=48 xcd=2 drain=0.400 l1=0.240 wait=2.080 acq=0.040 obs=19115108891709 bar=2.760
[OPROJ_INNER] slicewait=0.40 mfma=4.00 bar=2.04 rmsnorm_router=1.64 topk=3.08 total=11.16
[BAR_OBS] ep=48 xcd=0 drain=0.400 l1=0.200 wait=2.160 acq=0.080 obs=19115108891709 bar=2.840
[OPROJ_INNER] slicewait=0.40 mfma=3.96 bar=2.40 rmsnorm_router=1.80 topk=6.48 total=15.04
[BAR_ARR] ep=48 xcd=2 l1=0.240 l2=0.640
[BAR_ARR] ep=48 xcd=0 l1=0.200 l2=0.520
[BAR_OBS] ep=48 xcd=1 drain=0.360 l1=0.200 wait=2.120 acq=0.080 obs=19115108891709 bar=2.760
[OPROJ_INNER] slicewait=0.36 mfma=4.00 bar=2.60 rmsnorm_router=1.48 topk=3.68 total=12.12
[BAR_ARR] ep=48 xcd=1 l1=0.200 l2=0.360
[BAR_OBS] ep=48 xcd=4 drain=0.480 l1=0.280 wait=1.560 acq=0.080 obs=19115108891744 bar=2.400
[BAR_OBS] ep=48 xcd=5 drain=0.440 l1=0.320 wait=1.200 acq=0.080 obs=19115108891704 bar=2.040
[BAR_OBS] ep=48 xcd=6 drain=0.480 l1=0.320 wait=1.720 acq=0.080 obs=19115108891763 bar=2.600
[BAR_ARR] ep=48 xcd=5 l1=0.320 l2=0.320
[BAR_OBS] ep=48 xcd=3 drain=0.400 l1=0.200 wait=1.960 acq=0.080 obs=19115108891704 bar=2.640
[BAR_OBS] ep=48 xcd=7 drain=0.480 l1=0.280 wait=1.360 acq=0.080 obs=19115108891718 bar=2.200
[BAR_ARR] ep=48 xcd=6 l1=0.320 l2=0.640
[BAR_ARR] ep=48 xcd=3 l1=0.200 l2=0.720
[BAR_ARR] ep=48 xcd=4 l1=0.280 l2=0.800
[BAR_ARR] ep=48 xcd=7 l1=0.280 l2=0.560
[BAR_REL] ep=48 xcd=6 rel=19115108891703
[OPROJ_INNER] slicewait=0.40 mfma=4.00 bar=2.52 rmsnorm_router=1.48 topk=0.40 total=8.80
[OPROJ_INNER] slicewait=0.44 mfma=3.96 bar=2.44 rmsnorm_router=1.60 topk=0.56 total=9.00
[OPROJ_INNER] slicewait=0.40 mfma=3.96 bar=2.76 rmsnorm_router=1.52 topk=1.04 total=9.68
[BAR_OBS] ep=49 xcd=3 drain=0.360 l1=0.200 wait=1.880 acq=0.080 obs=19115109147184 bar=2.520
[BAR_OBS] ep=49 xcd=1 drain=0.400 l1=0.200 wait=1.800 acq=0.040 obs=19115109147189 bar=2.440
[OPROJ_INNER] slicewait=0.44 mfma=4.00 bar=2.60 rmsnorm_router=1.72 topk=1.84 total=10.60
[OPROJ_INNER] slicewait=0.40 mfma=3.88 bar=2.08 rmsnorm_router=1.76 topk=3.00 total=11.12
[OPROJ_INNER] slicewait=0.40 mfma=3.96 bar=2.48 rmsnorm_router=1.84 topk=6.00 total=14.68
[OPROJ_INNER] slicewait=0.40 mfma=3.96 bar=2.00 rmsnorm_router=1.68 topk=2.44 total=10.48
[BAR_ARR] ep=49 xcd=3 l1=0.200 l2=0.560
[OPROJ_INNER] slicewait=0.40 mfma=3.88 bar=2.36 rmsnorm_router=1.64 topk=3.48 total=11.76
[BAR_ARR] ep=49 xcd=1 l1=0.200 l2=0.560
[BAR_OBS] ep=49 xcd=2 drain=0.400 l1=0.200 wait=2.080 acq=0.080 obs=19115109147197 bar=2.760
[BAR_ARR] ep=49 xcd=2 l1=0.200 l2=0.360
[BAR_OBS] ep=49 xcd=7 drain=0.480 l1=0.280 wait=1.160 acq=0.080 obs=19115109147186 bar=2.000
[BAR_OBS] ep=49 xcd=5 drain=0.480 l1=0.320 wait=1.200 acq=0.080 obs=19115109147184 bar=2.080
[BAR_ARR] ep=49 xcd=7 l1=0.280 l2=0.360
[BAR_OBS] ep=49 xcd=4 drain=0.480 l1=0.320 wait=1.520 acq=0.040 obs=19115109147224 bar=2.360
[BAR_OBS] ep=49 xcd=0 drain=0.360 l1=0.240 wait=1.920 acq=0.080 obs=19115109147189 bar=2.600
[BAR_OBS] ep=49 xcd=6 drain=0.480 l1=0.360 wait=1.560 acq=0.080 obs=19115109147243 bar=2.480
[BAR_ARR] ep=49 xcd=0 l1=0.240 l2=0.560
[BAR_ARR] ep=49 xcd=4 l1=0.320 l2=0.520
[BAR_ARR] ep=49 xcd=5 l1=0.320 l2=0.320
[BAR_ARR] ep=49 xcd=6 l1=0.360 l2=0.480
[BAR_REL] ep=49 xcd=6 rel=19115109147183
[OPROJ_INNER] slicewait=0.40 mfma=3.92 bar=2.96 rmsnorm_router=1.64 topk=2.16 total=11.08
[OPROJ_INNER] slicewait=0.40 mfma=3.92 bar=2.76 rmsnorm_router=1.68 topk=0.96 total=9.72
[OPROJ_INNER] slicewait=0.40 mfma=3.96 bar=2.56 rmsnorm_router=1.52 topk=0.40 total=8.84
[BAR_OBS] ep=50 xcd=0 drain=0.360 l1=0.240 wait=2.280 acq=0.080 obs=19115109408245 bar=2.960
[BAR_ARR] ep=50 xcd=0 l1=0.240 l2=0.440
[OPROJ_INNER] slicewait=0.36 mfma=3.92 bar=2.20 rmsnorm_router=1.76 topk=3.24 total=11.48
[BAR_OBS] ep=50 xcd=2 drain=0.480 l1=0.240 wait=2.000 acq=0.040 obs=19115109408245 bar=2.760
[BAR_ARR] ep=50 xcd=2 l1=0.240 l2=0.480
[OPROJ_INNER] slicewait=0.40 mfma=3.96 bar=2.28 rmsnorm_router=1.44 topk=2.92 total=11.00
[OPROJ_INNER] slicewait=0.40 mfma=4.00 bar=2.16 rmsnorm_router=1.64 topk=2.96 total=11.16
[BAR_OBS] ep=50 xcd=7 drain=0.480 l1=0.320 wait=1.320 acq=0.080 obs=19115109408238 bar=2.200
[BAR_OBS] ep=50 xcd=3 drain=0.360 l1=0.200 wait=1.920 acq=0.080 obs=19115109408240 bar=2.560
[OPROJ_INNER] slicewait=0.40 mfma=3.92 bar=2.68 rmsnorm_router=1.52 topk=0.84 total=9.36
[OPROJ_INNER] slicewait=0.36 mfma=4.00 bar=2.80 rmsnorm_router=1.76 topk=6.16 total=15.08
[BAR_ARR] ep=50 xcd=7 l1=0.320 l2=0.400
[BAR_ARR] ep=50 xcd=3 l1=0.200 l2=0.600
[BAR_OBS] ep=50 xcd=6 drain=0.480 l1=0.360 wait=1.400 acq=0.040 obs=19115109408263 bar=2.280
[BAR_OBS] ep=50 xcd=5 drain=0.440 l1=0.320 wait=1.360 acq=0.040 obs=19115109408248 bar=2.160
[BAR_OBS] ep=50 xcd=1 drain=0.400 l1=0.200 wait=2.000 acq=0.080 obs=19115109408241 bar=2.680
[BAR_ARR] ep=50 xcd=1 l1=0.200 l2=0.320
[BAR_ARR] ep=50 xcd=6 l1=0.360 l2=0.520
[BAR_ARR] ep=50 xcd=5 l1=0.320 l2=0.440
[BAR_OBS] ep=50 xcd=4 drain=0.480 l1=0.320 wait=1.920 acq=0.080 obs=19115109408316 bar=2.800
[BAR_ARR] ep=50 xcd=4 l1=0.320 l2=0.680
[BAR_REL] ep=50 xcd=4 rel=19115109408240
[OPROJ_INNER] slicewait=0.40 mfma=3.92 bar=2.20 rmsnorm_router=1.76 topk=1.60 total=9.88
[OPROJ_INNER] slicewait=0.40 mfma=3.96 bar=3.04 rmsnorm_router=1.68 topk=2.24 total=11.32
[OPROJ_INNER] slicewait=0.44 mfma=3.96 bar=2.72 rmsnorm_router=1.52 topk=0.72 total=9.36
[OPROJ_INNER] slicewait=0.44 mfma=3.88 bar=2.68 rmsnorm_router=1.52 topk=0.40 total=8.92
[OPROJ_INNER] slicewait=0.40 mfma=3.96 bar=2.20 rmsnorm_router=1.72 topk=3.04 total=11.32
[BAR_OBS] ep=51 xcd=0 drain=0.400 l1=0.240 wait=2.320 acq=0.080 obs=19115109665977 bar=3.040
[OPROJ_INNER] slicewait=0.44 mfma=3.92 bar=2.92 rmsnorm_router=1.68 topk=1.20 total=10.16
[OPROJ_INNER] slicewait=0.40 mfma=3.92 bar=2.32 rmsnorm_router=1.56 topk=2.76 total=10.96
[OPROJ_INNER] slicewait=0.44 mfma=3.88 bar=2.88 rmsnorm_router=1.68 topk=5.84 total=14.72
[BAR_ARR] ep=51 xcd=0 l1=0.240 l2=0.320
[BAR_OBS] ep=51 xcd=3 drain=0.400 l1=0.200 wait=2.000 acq=0.080 obs=19115109665968 bar=2.680
[BAR_ARR] ep=51 xcd=3 l1=0.200 l2=0.440
[BAR_OBS] ep=51 xcd=7 drain=0.440 l1=0.320 wait=1.360 acq=0.080 obs=19115109665970 bar=2.200
[BAR_OBS] ep=51 xcd=5 drain=0.440 l1=0.280 wait=1.440 acq=0.040 obs=19115109665968 bar=2.200
[BAR_ARR] ep=51 xcd=7 l1=0.320 l2=0.560
[BAR_ARR] ep=51 xcd=5 l1=0.280 l2=0.480
[BAR_OBS] ep=51 xcd=4 drain=0.520 l1=0.320 wait=1.960 acq=0.080 obs=19115109666044 bar=2.880
[BAR_OBS] ep=51 xcd=1 drain=0.360 l1=0.200 wait=2.080 acq=0.080 obs=19115109665973 bar=2.720
[BAR_OBS] ep=51 xcd=6 drain=0.520 l1=0.320 wait=1.400 acq=0.080 obs=19115109665983 bar=2.320
[BAR_OBS] ep=51 xcd=2 drain=0.360 l1=0.240 wait=2.240 acq=0.080 obs=19115109665973 bar=2.920
[BAR_ARR] ep=51 xcd=1 l1=0.200 l2=0.520
[BAR_ARR] ep=51 xcd=2 l1=0.240 l2=0.400
[BAR_ARR] ep=51 xcd=6 l1=0.320 l2=0.640
[BAR_ARR] ep=51 xcd=4 l1=0.320 l2=0.760
[BAR_REL] ep=51 xcd=4 rel=19115109665968
[OPROJ_INNER] slicewait=0.40 mfma=3.92 bar=2.12 rmsnorm_router=1.72 topk=2.64 total=10.80
[OPROJ_INNER] slicewait=0.40 mfma=3.96 bar=2.56 rmsnorm_router=1.48 topk=0.40 total=8.80
[OPROJ_INNER] slicewait=0.40 mfma=3.92 bar=2.92 rmsnorm_router=1.64 topk=1.96 total=10.84
[BAR_OBS] ep=52 xcd=3 drain=0.400 l1=0.200 wait=1.880 acq=0.080 obs=19115109933040 bar=2.560
[OPROJ_INNER] slicewait=0.40 mfma=3.92 bar=2.16 rmsnorm_router=1.72 topk=3.32 total=11.52
[OPROJ_INNER] slicewait=0.44 mfma=3.92 bar=2.80 rmsnorm_router=1.64 topk=1.24 total=10.04
[OPROJ_INNER] slicewait=0.40 mfma=3.88 bar=2.28 rmsnorm_router=1.44 topk=2.20 total=10.20
[OPROJ_INNER] slicewait=0.40 mfma=3.92 bar=2.68 rmsnorm_router=1.52 topk=0.72 total=9.24
[BAR_OBS] ep=52 xcd=0 drain=0.360 l1=0.280 wait=2.200 acq=0.080 obs=19115109933045 bar=2.920
[OPROJ_INNER] slicewait=0.40 mfma=3.92 bar=2.64 rmsnorm_router=1.44 topk=6.40 total=14.80
[BAR_ARR] ep=52 xcd=3 l1=0.200 l2=0.480
[BAR_OBS] ep=52 xcd=1 drain=0.360 l1=0.200 wait=2.040 acq=0.080 obs=19115109933041 bar=2.680
[BAR_OBS] ep=52 xcd=2 drain=0.400 l1=0.200 wait=2.160 acq=0.040 obs=19115109933045 bar=2.800
[BAR_ARR] ep=52 xcd=0 l1=0.280 l2=0.280
[BAR_OBS] ep=52 xcd=7 drain=0.440 l1=0.320 wait=1.280 acq=0.080 obs=19115109933042 bar=2.120
[BAR_ARR] ep=52 xcd=1 l1=0.200 l2=0.480
[BAR_OBS] ep=52 xcd=4 drain=0.480 l1=0.280 wait=1.480 acq=0.040 obs=19115109933064 bar=2.280
[BAR_ARR] ep=52 xcd=2 l1=0.200 l2=0.440
[BAR_OBS] ep=52 xcd=5 drain=0.440 l1=0.320 wait=1.320 acq=0.080 obs=19115109933040 bar=2.160
[BAR_ARR] ep=52 xcd=7 l1=0.320 l2=0.480
[BAR_ARR] ep=52 xcd=4 l1=0.280 l2=0.600
[BAR_ARR] ep=52 xcd=5 l1=0.320 l2=0.400
[BAR_OBS] ep=52 xcd=6 drain=0.480 l1=0.320 wait=1.760 acq=0.080 obs=19115109933099 bar=2.640
[BAR_ARR] ep=52 xcd=6 l1=0.320 l2=0.680
[BAR_REL] ep=52 xcd=6 rel=19115109933039
[OPROJ_INNER] slicewait=0.40 mfma=3.96 bar=2.64 rmsnorm_router=1.52 topk=0.36 total=8.88
[OPROJ_INNER] slicewait=0.40 mfma=4.00 bar=2.56 rmsnorm_router=1.56 topk=0.72 total=9.24
[OPROJ_INNER] slicewait=0.40 mfma=4.00 bar=2.72 rmsnorm_router=1.64 topk=1.92 total=10.68
[OPROJ_INNER] slicewait=0.40 mfma=3.96 bar=2.24 rmsnorm_router=1.48 topk=2.44 total=10.52
[OPROJ_INNER] slicewait=0.40 mfma=3.96 bar=2.84 rmsnorm_router=1.64 topk=1.12 total=9.96
[BAR_OBS] ep=53 xcd=0 drain=0.400 l1=0.200 wait=2.080 acq=0.040 obs=19115110216017 bar=2.720
[BAR_ARR] ep=53 xcd=0 l1=0.200 l2=0.280
[OPROJ_INNER] slicewait=0.40 mfma=3.96 bar=2.76 rmsnorm_router=1.64 topk=6.12 total=14.88
[BAR_OBS] ep=53 xcd=1 drain=0.400 l1=0.200 wait=1.920 acq=0.040 obs=19115110216013 bar=2.560
[BAR_OBS] ep=53 xcd=2 drain=0.400 l1=0.200 wait=2.160 acq=0.080 obs=19115110216013 bar=2.840
[BAR_OBS] ep=53 xcd=3 drain=0.400 l1=0.160 wait=2.000 acq=0.080 obs=19115110216012 bar=2.640
[BAR_ARR] ep=53 xcd=1 l1=0.200 l2=0.680
[OPROJ_INNER] slicewait=0.44 mfma=4.00 bar=2.12 rmsnorm_router=1.68 topk=2.72 total=10.96
[BAR_ARR] ep=53 xcd=3 l1=0.160 l2=0.400
[OPROJ_INNER] slicewait=0.40 mfma=3.92 bar=2.12 rmsnorm_router=1.76 topk=3.12 total=11.32
[BAR_ARR] ep=53 xcd=2 l1=0.200 l2=0.280
[BAR_OBS] ep=53 xcd=6 drain=0.480 l1=0.320 wait=1.920 acq=0.040 obs=19115110216087 bar=2.760
[BAR_OBS] ep=53 xcd=4 drain=0.480 l1=0.320 wait=1.400 acq=0.040 obs=19115110216032 bar=2.240
[BAR_ARR] ep=53 xcd=6 l1=0.320 l2=0.680
[BAR_OBS] ep=53 xcd=5 drain=0.440 l1=0.320 wait=1.280 acq=0.080 obs=19115110216012 bar=2.120
[BAR_OBS] ep=53 xcd=7 drain=0.440 l1=0.360 wait=1.280 acq=0.040 obs=19115110216010 bar=2.120
[BAR_ARR] ep=53 xcd=4 l1=0.320 l2=0.560
[BAR_ARR] ep=53 xcd=5 l1=0.320 l2=0.400
[BAR_REL] ep=53 xcd=6 rel=19115110216011
[BAR_ARR] ep=53 xcd=7 l1=0.360 l2=0.320
[OPROJ_INNER] slicewait=0.40 mfma=3.92 bar=2.72 rmsnorm_router=1.56 topk=1.24 total=9.84
[OPROJ_INNER] slicewait=0.40 mfma=3.88 bar=2.88 rmsnorm_router=1.52 topk=2.32 total=11.00
[OPROJ_INNER] slicewait=0.40 mfma=3.92 bar=2.04 rmsnorm_router=1.76 topk=3.08 total=11.20
[OPROJ_INNER] slicewait=0.40 mfma=3.92 bar=2.56 rmsnorm_router=1.48 topk=0.92 total=9.28
[OPROJ_INNER] slicewait=0.40 mfma=3.92 bar=2.60 rmsnorm_router=1.44 topk=0.40 total=8.76
[OPROJ_INNER] slicewait=0.40 mfma=4.04 bar=2.08 rmsnorm_router=1.56 topk=3.48 total=11.56
[BAR_OBS] ep=54 xcd=5 drain=0.440 l1=0.360 wait=1.200 acq=0.040 obs=19115110468540 bar=2.040
[BAR_OBS] ep=54 xcd=3 drain=0.360 l1=0.200 wait=1.960 acq=0.080 obs=19115110468544 bar=2.600
[BAR_OBS] ep=54 xcd=2 drain=0.400 l1=0.240 wait=2.000 acq=0.080 obs=19115110468545 bar=2.720
[BAR_OBS] ep=54 xcd=0 drain=0.400 l1=0.200 wait=2.200 acq=0.080 obs=19115110468557 bar=2.880
[OPROJ_INNER] slicewait=0.40 mfma=3.96 bar=2.00 rmsnorm_router=1.64 topk=2.64 total=10.64
[BAR_ARR] ep=54 xcd=3 l1=0.200 l2=0.760
[BAR_OBS] ep=54 xcd=1 drain=0.360 l1=0.200 wait=1.920 acq=0.080 obs=19115110468545 bar=2.560
[BAR_ARR] ep=54 xcd=0 l1=0.200 l2=0.440
[BAR_ARR] ep=54 xcd=1 l1=0.200 l2=0.680
[OPROJ_INNER] slicewait=0.44 mfma=3.96 bar=2.48 rmsnorm_router=1.84 topk=6.16 total=14.88
[BAR_ARR] ep=54 xcd=5 l1=0.360 l2=0.320
[BAR_ARR] ep=54 xcd=2 l1=0.240 l2=0.520
[BAR_OBS] ep=54 xcd=7 drain=0.440 l1=0.320 wait=1.240 acq=0.080 obs=19115110468558 bar=2.080
[BAR_OBS] ep=54 xcd=4 drain=0.480 l1=0.320 wait=1.120 acq=0.080 obs=19115110468540 bar=2.000
[BAR_OBS] ep=54 xcd=6 drain=0.480 l1=0.360 wait=1.560 acq=0.080 obs=19115110468599 bar=2.480
[BAR_ARR] ep=54 xcd=7 l1=0.320 l2=0.480
[BAR_ARR] ep=54 xcd=4 l1=0.320 l2=0.320
[BAR_ARR] ep=54 xcd=6 l1=0.360 l2=0.480
[BAR_REL] ep=54 xcd=6 rel=19115110468539
[OPROJ_INNER] slicewait=0.40 mfma=4.00 bar=2.72 rmsnorm_router=1.60 topk=1.04 total=9.76
[OPROJ_INNER] slicewait=0.40 mfma=4.00 bar=2.48 rmsnorm_router=1.56 topk=0.72 total=9.16
[OPROJ_INNER] slicewait=0.44 mfma=3.88 bar=2.24 rmsnorm_router=1.48 topk=2.08 total=10.12
[OPROJ_INNER] slicewait=0.44 mfma=4.00 bar=2.60 rmsnorm_router=1.44 topk=0.44 total=8.92
[BAR_OBS] ep=55 xcd=1 drain=0.400 l1=0.200 wait=1.840 acq=0.040 obs=19115110732761 bar=2.480
[BAR_ARR] ep=55 xcd=1 l1=0.200 l2=0.600
[OPROJ_INNER] slicewait=0.40 mfma=4.04 bar=2.72 rmsnorm_router=1.72 topk=2.20 total=11.08
[OPROJ_INNER] slicewait=0.40 mfma=3.92 bar=2.08 rmsnorm_router=1.72 topk=2.76 total=10.88
[BAR_OBS] ep=55 xcd=6 drain=0.480 l1=0.320 wait=1.360 acq=0.080 obs=19115110732779 bar=2.240
[OPROJ_INNER] slicewait=0.40 mfma=3.92 bar=2.60 rmsnorm_router=1.80 topk=6.16 total=14.88
[BAR_OBS] ep=55 xcd=3 drain=0.400 l1=0.160 wait=1.960 acq=0.080 obs=19115110732760 bar=2.600
[BAR_OBS] ep=55 xcd=2 drain=0.440 l1=0.240 wait=1.960 acq=0.080 obs=19115110732761 bar=2.720
[BAR_ARR] ep=55 xcd=3 l1=0.160 l2=0.480
[BAR_ARR] ep=55 xcd=2 l1=0.240 l2=0.560
[BAR_OBS] ep=55 xcd=0 drain=0.400 l1=0.240 wait=2.000 acq=0.080 obs=19115110732761 bar=2.720
[OPROJ_INNER] slicewait=0.40 mfma=3.92 bar=2.20 rmsnorm_router=1.60 topk=3.28 total=11.40
[BAR_ARR] ep=55 xcd=0 l1=0.240 l2=0.240
[BAR_ARR] ep=55 xcd=6 l1=0.320 l2=0.760
[BAR_OBS] ep=55 xcd=5 drain=0.480 l1=0.280 wait=1.240 acq=0.080 obs=19115110732756 bar=2.080
[BAR_OBS] ep=55 xcd=7 drain=0.480 l1=0.320 wait=1.320 acq=0.080 obs=19115110732770 bar=2.200
[BAR_OBS] ep=55 xcd=4 drain=0.480 l1=0.320 wait=1.720 acq=0.080 obs=19115110732816 bar=2.600
[BAR_ARR] ep=55 xcd=5 l1=0.280 l2=0.360
[BAR_ARR] ep=55 xcd=7 l1=0.320 l2=0.320
[BAR_ARR] ep=55 xcd=4 l1=0.320 l2=0.640
[BAR_REL] ep=55 xcd=4 rel=19115110732756
[OPROJ_INNER] slicewait=0.44 mfma=3.92 bar=2.12 rmsnorm_router=1.76 topk=2.88 total=11.12
[OPROJ_INNER] slicewait=0.40 mfma=3.96 bar=2.28 rmsnorm_router=1.52 topk=3.32 total=11.48
[OPROJ_INNER] slicewait=0.40 mfma=3.96 bar=2.76 rmsnorm_router=1.60 topk=1.12 total=9.84
[OPROJ_INNER] slicewait=0.40 mfma=3.92 bar=2.52 rmsnorm_router=1.48 topk=0.36 total=8.68
[OPROJ_INNER] slicewait=0.40 mfma=3.88 bar=2.76 rmsnorm_router=1.56 topk=0.56 total=9.16
[OPROJ_INNER] slicewait=0.40 mfma=3.88 bar=2.96 rmsnorm_router=1.60 topk=1.96 total=10.80
[BAR_OBS] ep=56 xcd=2 drain=0.440 l1=0.200 wait=2.040 acq=0.080 obs=19115110991473 bar=2.760
[BAR_OBS] ep=56 xcd=3 drain=0.360 l1=0.200 wait=1.880 acq=0.080 obs=19115110991472 bar=2.520
[OPROJ_INNER] slicewait=0.44 mfma=3.92 bar=2.60 rmsnorm_router=1.80 topk=6.16 total=14.92
[BAR_OBS] ep=56 xcd=7 drain=0.480 l1=0.280 wait=1.440 acq=0.080 obs=19115110991494 bar=2.280
[BAR_OBS] ep=56 xcd=5 drain=0.480 l1=0.320 wait=1.240 acq=0.080 obs=19115110991468 bar=2.120
[BAR_ARR] ep=56 xcd=2 l1=0.200 l2=0.480
[OPROJ_INNER] slicewait=0.44 mfma=3.88 bar=2.12 rmsnorm_router=1.60 topk=2.44 total=10.48
[BAR_ARR] ep=56 xcd=3 l1=0.200 l2=0.520
[BAR_OBS] ep=56 xcd=1 drain=0.400 l1=0.200 wait=2.080 acq=0.080 obs=19115110991473 bar=2.760
[BAR_OBS] ep=56 xcd=0 drain=0.400 l1=0.240 wait=2.240 acq=0.080 obs=19115110991477 bar=2.960
[BAR_ARR] ep=56 xcd=1 l1=0.200 l2=0.360
[BAR_ARR] ep=56 xcd=0 l1=0.240 l2=0.320
[BAR_OBS] ep=56 xcd=6 drain=0.480 l1=0.320 wait=1.720 acq=0.080 obs=19115110991531 bar=2.600
[BAR_ARR] ep=56 xcd=7 l1=0.280 l2=0.600
[BAR_ARR] ep=56 xcd=5 l1=0.320 l2=0.320
[BAR_ARR] ep=56 xcd=6 l1=0.320 l2=0.640
[BAR_OBS] ep=56 xcd=4 drain=0.480 l1=0.320 wait=1.280 acq=0.040 obs=19115110991480 bar=2.120
[BAR_REL] ep=56 xcd=6 rel=19115110991471
[BAR_ARR] ep=56 xcd=4 l1=0.320 l2=0.520
[OPROJ_INNER] slicewait=0.40 mfma=4.00 bar=2.76 rmsnorm_router=1.60 topk=1.20 total=9.96
[OPROJ_INNER] slicewait=0.40 mfma=4.00 bar=2.60 rmsnorm_router=1.52 topk=0.40 total=8.92
[OPROJ_INNER] slicewait=0.40 mfma=4.00 bar=2.84 rmsnorm_router=1.64 topk=2.28 total=11.16
[OPROJ_INNER] slicewait=0.40 mfma=3.96 bar=2.68 rmsnorm_router=1.92 topk=5.92 total=14.88
[OPROJ_INNER] slicewait=0.40 mfma=3.92 bar=2.12 rmsnorm_router=1.72 topk=3.20 total=11.36
[BAR_OBS] ep=57 xcd=3 drain=0.360 l1=0.200 wait=2.000 acq=0.040 obs=19115111258428 bar=2.600
[OPROJ_INNER] slicewait=0.44 mfma=3.96 bar=2.64 rmsnorm_router=1.56 topk=0.68 total=9.28
[BAR_OBS] ep=57 xcd=0 drain=0.360 l1=0.200 wait=2.200 acq=0.080 obs=19115111258433 bar=2.840
[OPROJ_INNER] slicewait=0.40 mfma=3.92 bar=2.16 rmsnorm_router=1.72 topk=2.72 total=10.92
[BAR_ARR] ep=57 xcd=0 l1=0.200 l2=0.480
[BAR_ARR] ep=57 xcd=3 l1=0.200 l2=0.440
[BAR_OBS] ep=57 xcd=2 drain=0.520 l1=0.200 wait=1.960 acq=0.080 obs=19115111258429 bar=2.760
[BAR_OBS] ep=57 xcd=7 drain=0.480 l1=0.320 wait=1.240 acq=0.080 obs=19115111258426 bar=2.120
[BAR_OBS] ep=57 xcd=1 drain=0.360 l1=0.200 wait=2.000 acq=0.080 obs=19115111258429 bar=2.640
[BAR_ARR] ep=57 xcd=2 l1=0.200 l2=0.680
[BAR_ARR] ep=57 xcd=1 l1=0.200 l2=0.560
[BAR_OBS] ep=57 xcd=6 drain=0.480 l1=0.360 wait=1.760 acq=0.080 obs=19115111258487 bar=2.680
[OPROJ_INNER] slicewait=0.40 mfma=3.88 bar=2.24 rmsnorm_router=1.48 topk=1.92 total=9.92
[BAR_OBS] ep=57 xcd=5 drain=0.480 l1=0.280 wait=1.320 acq=0.080 obs=19115111258424 bar=2.160
[BAR_ARR] ep=57 xcd=6 l1=0.360 l2=0.680
[BAR_ARR] ep=57 xcd=7 l1=0.320 l2=0.400
[BAR_REL] ep=57 xcd=6 rel=19115111258427
[BAR_ARR] ep=57 xcd=5 l1=0.280 l2=0.360
[BAR_OBS] ep=57 xcd=4 drain=0.520 l1=0.320 wait=1.320 acq=0.080 obs=19115111258440 bar=2.240
[BAR_ARR] ep=57 xcd=4 l1=0.320 l2=0.480
[OPROJ_INNER] slicewait=0.40 mfma=3.88 bar=2.92 rmsnorm_router=1.60 topk=1.04 total=9.84
[OPROJ_INNER] slicewait=0.40 mfma=3.96 bar=2.92 rmsnorm_router=1.60 topk=2.00 total=10.88
[OPROJ_INNER] slicewait=0.40 mfma=3.92 bar=2.68 rmsnorm_router=1.56 topk=0.80 total=9.36
[OPROJ_INNER] slicewait=0.36 mfma=4.00 bar=2.28 rmsnorm_router=1.56 topk=3.24 total=11.44
[OPROJ_INNER] slicewait=0.40 mfma=3.88 bar=2.12 rmsnorm_router=1.68 topk=2.28 total=10.36
[BAR_OBS] ep=58 xcd=0 drain=0.360 l1=0.240 wait=2.240 acq=0.080 obs=19115111524049 bar=2.920
[BAR_ARR] ep=58 xcd=0 l1=0.240 l2=0.360
[OPROJ_INNER] slicewait=0.40 mfma=3.96 bar=2.64 rmsnorm_router=1.88 topk=5.96 total=14.84
[BAR_OBS] ep=58 xcd=2 drain=0.400 l1=0.200 wait=2.280 acq=0.040 obs=19115111524049 bar=2.920
[BAR_OBS] ep=58 xcd=1 drain=0.360 l1=0.200 wait=2.040 acq=0.080 obs=19115111524045 bar=2.680
[BAR_ARR] ep=58 xcd=2 l1=0.200 l2=0.400
[BAR_ARR] ep=58 xcd=1 l1=0.200 l2=0.600
[OPROJ_INNER] slicewait=0.40 mfma=3.92 bar=2.16 rmsnorm_router=1.72 topk=2.84 total=11.04
[BAR_OBS] ep=58 xcd=4 drain=0.480 l1=0.320 wait=1.280 acq=0.040 obs=19115111524044 bar=2.120
[BAR_OBS] ep=58 xcd=6 drain=0.480 l1=0.360 wait=1.720 acq=0.080 obs=19115111524103 bar=2.640
[BAR_OBS] ep=58 xcd=7 drain=0.440 l1=0.320 wait=1.480 acq=0.040 obs=19115111524062 bar=2.280
[OPROJ_INNER] slicewait=0.40 mfma=3.92 bar=2.80 rmsnorm_router=1.48 topk=0.40 total=9.00
[BAR_ARR] ep=58 xcd=7 l1=0.320 l2=0.640
[BAR_ARR] ep=58 xcd=6 l1=0.360 l2=0.640
[BAR_OBS] ep=58 xcd=5 drain=0.440 l1=0.320 wait=1.320 acq=0.080 obs=19115111524040 bar=2.160
[BAR_OBS] ep=58 xcd=3 drain=0.400 l1=0.160 wait=2.160 acq=0.080 obs=19115111524044 bar=2.800
[BAR_REL] ep=58 xcd=6 rel=19115111524043
[BAR_ARR] ep=58 xcd=3 l1=0.160 l2=0.600
[BAR_ARR] ep=58 xcd=4 l1=0.320 l2=0.520
[BAR_ARR] ep=58 xcd=5 l1=0.320 l2=0.320
[OPROJ_INNER] slicewait=0.40 mfma=3.96 bar=2.48 rmsnorm_router=1.48 topk=0.36 total=8.68
[OPROJ_INNER] slicewait=0.40 mfma=3.88 bar=2.08 rmsnorm_router=1.72 topk=3.12 total=11.20
[BAR_OBS] ep=59 xcd=3 drain=0.400 l1=0.160 wait=1.840 acq=0.080 obs=19115111771352 bar=2.480
[OPROJ_INNER] slicewait=0.40 mfma=4.00 bar=2.76 rmsnorm_router=1.68 topk=2.64 total=11.48
[OPROJ_INNER] slicewait=0.40 mfma=3.96 bar=2.60 rmsnorm_router=1.64 topk=0.84 total=9.44
[OPROJ_INNER] slicewait=0.40 mfma=3.96 bar=2.52 rmsnorm_router=1.52 topk=0.64 total=9.04
[BAR_OBS] ep=59 xcd=7 drain=0.480 l1=0.320 wait=1.200 acq=0.080 obs=19115111771350 bar=2.080
[OPROJ_INNER] slicewait=0.40 mfma=3.96 bar=2.12 rmsnorm_router=1.44 topk=2.36 total=10.28
[BAR_ARR] ep=59 xcd=3 l1=0.160 l2=0.600
[OPROJ_INNER] slicewait=0.40 mfma=3.92 bar=2.08 rmsnorm_router=1.64 topk=2.08 total=10.12
[BAR_OBS] ep=59 xcd=0 drain=0.400 l1=0.200 wait=2.080 acq=0.080 obs=19115111771357 bar=2.760
[BAR_ARR] ep=59 xcd=7 l1=0.320 l2=0.320
[BAR_ARR] ep=59 xcd=0 l1=0.200 l2=0.280
[OPROJ_INNER] slicewait=0.40 mfma=3.96 bar=2.44 rmsnorm_router=1.80 topk=6.08 total=14.68
[BAR_OBS] ep=59 xcd=5 drain=0.480 l1=0.280 wait=1.240 acq=0.080 obs=19115111771356 bar=2.080
[BAR_OBS] ep=59 xcd=1 drain=0.400 l1=0.200 wait=1.840 acq=0.080 obs=19115111771353 bar=2.520
[BAR_OBS] ep=59 xcd=6 drain=0.480 l1=0.320 wait=1.280 acq=0.040 obs=19115111771375 bar=2.120
[BAR_ARR] ep=59 xcd=1 l1=0.200 l2=0.440
[BAR_ARR] ep=59 xcd=5 l1=0.280 l2=0.360
[BAR_OBS] ep=59 xcd=2 drain=0.400 l1=0.200 wait=1.920 acq=0.080 obs=19115111771353 bar=2.600
[BAR_ARR] ep=59 xcd=2 l1=0.200 l2=0.280
[BAR_ARR] ep=59 xcd=6 l1=0.320 l2=0.400
[BAR_OBS] ep=59 xcd=4 drain=0.520 l1=0.320 wait=1.520 acq=0.080 obs=19115111771408 bar=2.440
[BAR_ARR] ep=59 xcd=4 l1=0.320 l2=0.480
[BAR_REL] ep=59 xcd=4 rel=19115111771352
[OPROJ_INNER] slicewait=0.40 mfma=3.88 bar=2.76 rmsnorm_router=1.68 topk=2.08 total=10.80
[OPROJ_INNER] slicewait=0.44 mfma=3.92 bar=2.64 rmsnorm_router=1.60 topk=1.04 total=9.64
[OPROJ_INNER] slicewait=0.40 mfma=3.92 bar=2.12 rmsnorm_router=1.48 topk=2.72 total=10.64
[BAR_OBS] ep=60 xcd=0 drain=0.400 l1=0.280 wait=2.040 acq=0.040 obs=19115112039213 bar=2.760
[OPROJ_INNER] slicewait=0.40 mfma=3.96 bar=2.36 rmsnorm_router=1.48 topk=0.40 total=8.60
[BAR_ARR] ep=60 xcd=0 l1=0.280 l2=0.240
[OPROJ_INNER] slicewait=0.40 mfma=3.96 bar=2.48 rmsnorm_router=1.60 topk=0.68 total=9.12
[BAR_OBS] ep=60 xcd=2 drain=0.400 l1=0.200 wait=1.960 acq=0.080 obs=19115112039209 bar=2.640
[OPROJ_INNER] slicewait=0.44 mfma=3.88 bar=2.52 rmsnorm_router=1.76 topk=5.84 total=14.44
[BAR_ARR] ep=60 xcd=2 l1=0.200 l2=0.480
[BAR_OBS] ep=60 xcd=1 drain=0.400 l1=0.200 wait=1.800 acq=0.080 obs=19115112039209 bar=2.480
[OPROJ_INNER] slicewait=0.40 mfma=3.92 bar=2.08 rmsnorm_router=1.60 topk=3.04 total=11.04
[BAR_ARR] ep=60 xcd=1 l1=0.200 l2=0.440
[BAR_OBS] ep=60 xcd=6 drain=0.480 l1=0.360 wait=1.600 acq=0.080 obs=19115112039267 bar=2.520
[BAR_OBS] ep=60 xcd=7 drain=0.480 l1=0.280 wait=1.280 acq=0.040 obs=19115112039226 bar=2.080
[BAR_OBS] ep=60 xcd=4 drain=0.480 l1=0.280 wait=1.320 acq=0.040 obs=19115112039236 bar=2.120
[BAR_ARR] ep=60 xcd=6 l1=0.360 l2=0.520
[OPROJ_INNER] slicewait=0.40 mfma=3.92 bar=2.00 rmsnorm_router=1.76 topk=2.64 total=10.72
[BAR_ARR] ep=60 xcd=7 l1=0.280 l2=0.360
[BAR_REL] ep=60 xcd=6 rel=19115112039207
[BAR_ARR] ep=60 xcd=4 l1=0.280 l2=0.680
[BAR_OBS] ep=60 xcd=3 drain=0.360 l1=0.200 wait=1.720 acq=0.080 obs=19115112039208 bar=2.360
[BAR_OBS] ep=60 xcd=5 drain=0.480 l1=0.320 wait=1.120 acq=0.080 obs=19115112039204 bar=2.000
[BAR_ARR] ep=60 xcd=3 l1=0.200 l2=0.520
[BAR_ARR] ep=60 xcd=5 l1=0.320 l2=0.320
[OPROJ_INNER] slicewait=0.44 mfma=3.92 bar=2.12 rmsnorm_router=1.72 topk=2.64 total=10.84
[OPROJ_INNER] slicewait=0.40 mfma=3.88 bar=2.84 rmsnorm_router=1.60 topk=1.04 total=9.76
[OPROJ_INNER] slicewait=0.40 mfma=3.96 bar=2.88 rmsnorm_router=1.68 topk=2.16 total=11.08
[OPROJ_INNER] slicewait=0.40 mfma=3.92 bar=2.64 rmsnorm_router=1.40 topk=0.40 total=8.76
[OPROJ_INNER] slicewait=0.40 mfma=3.96 bar=2.16 rmsnorm_router=1.52 topk=2.12 total=10.16
[BAR_OBS] ep=61 xcd=2 drain=0.440 l1=0.200 wait=2.160 acq=0.040 obs=19115112292973 bar=2.840
[BAR_OBS] ep=61 xcd=0 drain=0.360 l1=0.280 wait=2.200 acq=0.040 obs=19115112292977 bar=2.880
[OPROJ_INNER] slicewait=0.40 mfma=3.96 bar=2.60 rmsnorm_router=1.56 topk=0.76 total=9.28
[BAR_ARR] ep=61 xcd=0 l1=0.280 l2=0.280
[BAR_OBS] ep=61 xcd=3 drain=0.360 l1=0.200 wait=2.000 acq=0.080 obs=19115112292972 bar=2.640
[BAR_OBS] ep=61 xcd=4 drain=0.480 l1=0.320 wait=1.280 acq=0.080 obs=19115112292984 bar=2.160
[BAR_ARR] ep=61 xcd=3 l1=0.200 l2=0.440
[BAR_ARR] ep=61 xcd=2 l1=0.200 l2=0.360
[OPROJ_INNER] slicewait=0.40 mfma=3.92 bar=2.60 rmsnorm_router=1.80 topk=6.08 total=14.80
[BAR_OBS] ep=61 xcd=5 drain=0.480 l1=0.280 wait=1.280 acq=0.080 obs=19115112292968 bar=2.120
[BAR_OBS] ep=61 xcd=1 drain=0.400 l1=0.200 wait=1.960 acq=0.040 obs=19115112292973 bar=2.600
[BAR_ARR] ep=61 xcd=5 l1=0.280 l2=0.520
[OPROJ_INNER] slicewait=0.44 mfma=3.92 bar=2.08 rmsnorm_router=1.72 topk=3.16 total=11.32
[BAR_ARR] ep=61 xcd=1 l1=0.200 l2=0.640
[BAR_ARR] ep=61 xcd=4 l1=0.320 l2=0.680
[BAR_OBS] ep=61 xcd=6 drain=0.480 l1=0.360 wait=1.720 acq=0.040 obs=19115112293031 bar=2.600
[BAR_OBS] ep=61 xcd=7 drain=0.440 l1=0.320 wait=1.240 acq=0.080 obs=19115112292966 bar=2.080
[BAR_ARR] ep=61 xcd=6 l1=0.360 l2=0.640
[BAR_ARR] ep=61 xcd=7 l1=0.320 l2=0.320
[BAR_REL] ep=61 xcd=6 rel=19115112292971
[OPROJ_INNER] slicewait=0.40 mfma=4.00 bar=2.56 rmsnorm_router=1.52 topk=0.40 total=8.88
[OPROJ_INNER] slicewait=0.40 mfma=3.92 bar=2.20 rmsnorm_router=1.76 topk=2.72 total=11.00
[OPROJ_INNER] slicewait=0.40 mfma=4.00 bar=2.80 rmsnorm_router=1.60 topk=1.12 total=9.92
[OPROJ_INNER] slicewait=0.40 mfma=4.00 bar=2.04 rmsnorm_router=1.76 topk=3.28 total=11.48
[OPROJ_INNER] slicewait=0.40 mfma=3.96 bar=2.84 rmsnorm_router=1.68 topk=2.12 total=11.00
[BAR_OBS] ep=62 xcd=2 drain=0.360 l1=0.240 wait=2.120 acq=0.080 obs=19115112550861 bar=2.800
[BAR_OBS] ep=62 xcd=3 drain=0.360 l1=0.200 wait=1.920 acq=0.080 obs=19115112550856 bar=2.560
[BAR_ARR] ep=62 xcd=2 l1=0.240 l2=0.480
[OPROJ_INNER] slicewait=0.40 mfma=3.92 bar=2.64 rmsnorm_router=1.52 topk=0.80 total=9.28
[BAR_OBS] ep=62 xcd=0 drain=0.360 l1=0.240 wait=2.160 acq=0.080 obs=19115112550861 bar=2.840
[BAR_ARR] ep=62 xcd=0 l1=0.240 l2=0.440
[BAR_OBS] ep=62 xcd=1 drain=0.360 l1=0.200 wait=2.000 acq=0.080 obs=19115112550857 bar=2.640
[BAR_OBS] ep=62 xcd=7 drain=0.440 l1=0.320 wait=1.240 acq=0.040 obs=19115112550858 bar=2.040
[BAR_ARR] ep=62 xcd=1 l1=0.200 l2=0.560
[BAR_OBS] ep=62 xcd=5 drain=0.440 l1=0.320 wait=1.360 acq=0.080 obs=19115112550856 bar=2.200
[BAR_ARR] ep=62 xcd=7 l1=0.320 l2=0.480
[BAR_ARR] ep=62 xcd=5 l1=0.320 l2=0.320
[OPROJ_INNER] slicewait=0.40 mfma=3.92 bar=2.20 rmsnorm_router=1.52 topk=2.60 total=10.64
[OPROJ_INNER] slicewait=0.40 mfma=3.96 bar=2.60 rmsnorm_router=1.76 topk=6.16 total=14.88
[BAR_ARR] ep=62 xcd=3 l1=0.200 l2=0.600
[BAR_OBS] ep=62 xcd=6 drain=0.480 l1=0.320 wait=1.720 acq=0.080 obs=19115112550915 bar=2.600
[BAR_OBS] ep=62 xcd=4 drain=0.480 l1=0.320 wait=1.360 acq=0.040 obs=19115112550872 bar=2.200
[BAR_ARR] ep=62 xcd=6 l1=0.320 l2=0.640
[BAR_ARR] ep=62 xcd=4 l1=0.320 l2=0.560
[BAR_REL] ep=62 xcd=6 rel=19115112550855
[OPROJ_INNER] slicewait=0.40 mfma=3.96 bar=2.72 rmsnorm_router=1.52 topk=0.40 total=9.00
[OPROJ_INNER] slicewait=0.36 mfma=3.92 bar=2.96 rmsnorm_router=1.60 topk=0.56 total=9.40
[OPROJ_INNER] slicewait=0.40 mfma=3.96 bar=2.08 rmsnorm_router=1.72 topk=3.72 total=11.88
[OPROJ_INNER] slicewait=0.40 mfma=3.96 bar=2.76 rmsnorm_router=1.68 topk=2.44 total=11.24
[OPROJ_INNER] slicewait=0.40 mfma=3.96 bar=2.16 rmsnorm_router=1.68 topk=3.24 total=11.44
[BAR_OBS] ep=63 xcd=3 drain=0.360 l1=0.200 wait=2.120 acq=0.040 obs=19115112809672 bar=2.720
[OPROJ_INNER] slicewait=0.40 mfma=3.96 bar=2.92 rmsnorm_router=1.68 topk=1.92 total=10.88
[OPROJ_INNER] slicewait=0.40 mfma=3.92 bar=2.28 rmsnorm_router=1.56 topk=1.68 total=9.84
[BAR_OBS] ep=63 xcd=5 drain=0.480 l1=0.280 wait=1.320 acq=0.080 obs=19115112809668 bar=2.160
[BAR_ARR] ep=63 xcd=3 l1=0.200 l2=0.480
[BAR_OBS] ep=63 xcd=1 drain=0.360 l1=0.200 wait=2.160 acq=0.040 obs=19115112809681 bar=2.760
[BAR_ARR] ep=63 xcd=5 l1=0.280 l2=0.320
[BAR_ARR] ep=63 xcd=1 l1=0.200 l2=0.640
[BAR_OBS] ep=63 xcd=0 drain=0.400 l1=0.200 wait=2.280 acq=0.040 obs=19115112809677 bar=2.920
[BAR_OBS] ep=63 xcd=2 drain=0.360 l1=0.240 wait=2.280 acq=0.080 obs=19115112809673 bar=2.960
[OPROJ_INNER] slicewait=0.40 mfma=3.96 bar=2.80 rmsnorm_router=1.72 topk=6.44 total=15.32
[BAR_ARR] ep=63 xcd=0 l1=0.200 l2=0.440
[BAR_ARR] ep=63 xcd=2 l1=0.240 l2=0.360
[BAR_OBS] ep=63 xcd=7 drain=0.440 l1=0.320 wait=1.280 acq=0.040 obs=19115112809670 bar=2.080
[BAR_OBS] ep=63 xcd=4 drain=0.480 l1=0.320 wait=1.400 acq=0.080 obs=19115112809684 bar=2.280
[BAR_ARR] ep=63 xcd=7 l1=0.320 l2=0.360
[BAR_OBS] ep=63 xcd=6 drain=0.520 l1=0.320 wait=1.880 acq=0.080 obs=19115112809743 bar=2.800
[BAR_ARR] ep=63 xcd=4 l1=0.320 l2=0.640
[BAR_ARR] ep=63 xcd=6 l1=0.320 l2=0.680
[BAR_REL] ep=63 xcd=6 rel=19115112809671
[OPROJ_INNER] slicewait=0.40 mfma=3.92 bar=2.68 rmsnorm_router=1.52 topk=0.80 total=9.32
[OPROJ_INNER] slicewait=0.40 mfma=3.96 bar=2.80 rmsnorm_router=1.60 topk=1.08 total=9.84
[OPROJ_INNER] slicewait=0.40 mfma=3.92 bar=2.12 rmsnorm_router=1.76 topk=2.56 total=10.76
[OPROJ_INNER] slicewait=0.40 mfma=3.96 bar=2.80 rmsnorm_router=1.60 topk=1.64 total=10.40
[OPROJ_INNER] slicewait=0.40 mfma=3.96 bar=2.64 rmsnorm_router=1.52 topk=0.40 total=8.92
[BAR_OBS] ep=64 xcd=5 drain=0.480 l1=0.320 wait=1.280 acq=0.040 obs=19115113065960 bar=2.120
[BAR_OBS] ep=64 xcd=2 drain=0.400 l1=0.200 wait=2.120 acq=0.080 obs=19115113065961 bar=2.800
[BAR_OBS] ep=64 xcd=1 drain=0.360 l1=0.200 wait=2.040 acq=0.080 obs=19115113065961 bar=2.680
[BAR_ARR] ep=64 xcd=2 l1=0.200 l2=0.520
[OPROJ_INNER] slicewait=0.40 mfma=4.00 bar=2.16 rmsnorm_router=1.68 topk=3.16 total=11.40
[BAR_OBS] ep=64 xcd=3 drain=0.360 l1=0.200 wait=2.000 acq=0.080 obs=19115113065960 bar=2.640
[BAR_OBS] ep=64 xcd=0 drain=0.400 l1=0.200 wait=2.120 acq=0.080 obs=19115113065965 bar=2.800
[BAR_ARR] ep=64 xcd=3 l1=0.200 l2=0.680
[OPROJ_INNER] slicewait=0.40 mfma=4.00 bar=2.28 rmsnorm_router=1.48 topk=2.28 total=10.44
[BAR_ARR] ep=64 xcd=0 l1=0.200 l2=0.400
[OPROJ_INNER] slicewait=0.40 mfma=4.00 bar=2.76 rmsnorm_router=1.72 topk=5.76 total=14.64
[BAR_ARR] ep=64 xcd=5 l1=0.320 l2=0.320
[BAR_OBS] ep=64 xcd=7 drain=0.480 l1=0.280 wait=1.320 acq=0.080 obs=19115113065970 bar=2.160
[BAR_ARR] ep=64 xcd=1 l1=0.200 l2=0.600
[BAR_OBS] ep=64 xcd=4 drain=0.480 l1=0.320 wait=1.400 acq=0.080 obs=19115113065984 bar=2.280
[BAR_ARR] ep=64 xcd=7 l1=0.280 l2=0.560
[BAR_OBS] ep=64 xcd=6 drain=0.440 l1=0.360 wait=1.880 acq=0.080 obs=19115113066039 bar=2.760
[BAR_ARR] ep=64 xcd=4 l1=0.320 l2=0.480
[BAR_ARR] ep=64 xcd=6 l1=0.360 l2=0.600
[BAR_REL] ep=64 xcd=6 rel=19115113065959
[OPROJ_INNER] slicewait=0.40 mfma=3.92 bar=2.16 rmsnorm_router=1.76 topk=2.96 total=11.20
[OPROJ_INNER] slicewait=0.36 mfma=3.96 bar=2.68 rmsnorm_router=1.64 topk=1.04 total=9.68
[OPROJ_INNER] slicewait=0.40 mfma=3.96 bar=2.68 rmsnorm_router=1.44 topk=0.40 total=8.88
[OPROJ_INNER] slicewait=0.40 mfma=3.96 bar=2.64 rmsnorm_router=1.52 topk=0.72 total=9.24
[OPROJ_INNER] slicewait=0.40 mfma=3.96 bar=2.72 rmsnorm_router=1.64 topk=1.92 total=10.64
[OPROJ_INNER] slicewait=0.40 mfma=4.00 bar=2.24 rmsnorm_router=1.60 topk=2.60 total=10.84
[BAR_OBS] ep=65 xcd=2 drain=0.400 l1=0.240 wait=2.000 acq=0.040 obs=19115113329213 bar=2.680
[BAR_OBS] ep=65 xcd=1 drain=0.360 l1=0.200 wait=2.000 acq=0.080 obs=19115113329209 bar=2.640
[OPROJ_INNER] slicewait=0.44 mfma=3.92 bar=2.40 rmsnorm_router=1.44 topk=3.36 total=11.56
[BAR_OBS] ep=65 xcd=3 drain=0.360 l1=0.200 wait=2.040 acq=0.080 obs=19115113329212 bar=2.680
[BAR_OBS] ep=65 xcd=0 drain=0.360 l1=0.200 wait=2.080 acq=0.080 obs=19115113329213 bar=2.720
[BAR_ARR] ep=65 xcd=1 l1=0.200 l2=0.880
[BAR_ARR] ep=65 xcd=2 l1=0.240 l2=0.680
[BAR_ARR] ep=65 xcd=0 l1=0.200 l2=0.640
[BAR_ARR] ep=65 xcd=3 l1=0.200 l2=0.680
[BAR_OBS] ep=65 xcd=4 drain=0.480 l1=0.320 wait=1.560 acq=0.040 obs=19115113329244 bar=2.400
[BAR_OBS] ep=65 xcd=7 drain=0.440 l1=0.400 wait=1.240 acq=0.080 obs=19115113329206 bar=2.160
[BAR_OBS] ep=65 xcd=5 drain=0.440 l1=0.280 wait=1.440 acq=0.080 obs=19115113329224 bar=2.240
[BAR_ARR] ep=65 xcd=4 l1=0.320 l2=0.560
[OPROJ_INNER] slicewait=0.44 mfma=3.96 bar=2.64 rmsnorm_router=1.92 topk=5.80 total=14.76
[BAR_ARR] ep=65 xcd=7 l1=0.400 l2=0.400
[BAR_ARR] ep=65 xcd=5 l1=0.280 l2=0.480
[BAR_OBS] ep=65 xcd=6 drain=0.480 l1=0.320 wait=1.760 acq=0.080 obs=19115113329267 bar=2.640
[BAR_ARR] ep=65 xcd=6 l1=0.320 l2=0.680
[BAR_REL] ep=65 xcd=6 rel=19115113329207
[OPROJ_INNER] slicewait=0.40 mfma=4.00 bar=2.56 rmsnorm_router=1.60 topk=0.96 total=9.52
[OPROJ_INNER] slicewait=0.40 mfma=4.00 bar=2.52 rmsnorm_router=1.60 topk=0.40 total=8.92
[OPROJ_INNER] slicewait=0.40 mfma=4.00 bar=2.76 rmsnorm_router=1.72 topk=2.28 total=11.16
[BAR_OBS] ep=66 xcd=3 drain=0.360 l1=0.200 wait=1.920 acq=0.080 obs=19115113608980 bar=2.560
[OPROJ_INNER] slicewait=0.40 mfma=3.92 bar=2.68 rmsnorm_router=1.56 topk=0.60 total=9.16
[OPROJ_INNER] slicewait=0.40 mfma=3.92 bar=2.60 rmsnorm_router=1.92 topk=5.60 total=14.44
[OPROJ_INNER] slicewait=0.40 mfma=3.92 bar=2.12 rmsnorm_router=1.72 topk=2.20 total=10.36
[BAR_OBS] ep=66 xcd=0 drain=0.360 l1=0.240 wait=2.080 acq=0.080 obs=19115113608981 bar=2.760
[BAR_ARR] ep=66 xcd=3 l1=0.200 l2=0.520
[BAR_OBS] ep=66 xcd=2 drain=0.480 l1=0.200 wait=1.920 acq=0.080 obs=19115113608977 bar=2.680
[BAR_ARR] ep=66 xcd=0 l1=0.240 l2=0.280
[OPROJ_INNER] slicewait=0.40 mfma=3.88 bar=2.16 rmsnorm_router=1.64 topk=2.88 total=10.96
[BAR_ARR] ep=66 xcd=2 l1=0.200 l2=0.520
[OPROJ_INNER] slicewait=0.40 mfma=3.88 bar=2.24 rmsnorm_router=1.44 topk=1.92 total=9.88
[BAR_OBS] ep=66 xcd=6 drain=0.480 l1=0.360 wait=1.680 acq=0.080 obs=19115113609035 bar=2.600
[BAR_OBS] ep=66 xcd=7 drain=0.480 l1=0.320 wait=1.280 acq=0.080 obs=19115113608982 bar=2.160
[BAR_OBS] ep=66 xcd=4 drain=0.480 l1=0.320 wait=1.360 acq=0.080 obs=19115113608996 bar=2.240
[BAR_ARR] ep=66 xcd=7 l1=0.320 l2=0.360
[BAR_ARR] ep=66 xcd=6 l1=0.360 l2=0.600
[BAR_OBS] ep=66 xcd=1 drain=0.360 l1=0.200 wait=1.880 acq=0.080 obs=19115113608977 bar=2.520
[BAR_REL] ep=66 xcd=6 rel=19115113608975
[BAR_ARR] ep=66 xcd=1 l1=0.200 l2=0.640
[BAR_OBS] ep=66 xcd=5 drain=0.440 l1=0.360 wait=1.240 acq=0.080 obs=19115113608972 bar=2.120
[BAR_ARR] ep=66 xcd=4 l1=0.320 l2=0.520
[BAR_ARR] ep=66 xcd=5 l1=0.360 l2=0.320
[OPROJ_INNER] slicewait=0.40 mfma=3.96 bar=2.64 rmsnorm_router=1.64 topk=1.08 total=9.72
[OPROJ_INNER] slicewait=0.44 mfma=3.92 bar=2.16 rmsnorm_router=1.68 topk=3.40 total=11.60
[OPROJ_INNER] slicewait=0.40 mfma=3.96 bar=2.92 rmsnorm_router=1.68 topk=2.72 total=11.68
[OPROJ_INNER] slicewait=0.40 mfma=4.00 bar=2.60 rmsnorm_router=1.56 topk=0.68 total=9.24
[BAR_OBS] ep=67 xcd=2 drain=0.400 l1=0.240 wait=1.920 acq=0.080 obs=19115113867081 bar=2.640
[OPROJ_INNER] slicewait=0.40 mfma=3.96 bar=2.60 rmsnorm_router=1.52 topk=0.40 total=8.88
[OPROJ_INNER] slicewait=0.44 mfma=3.96 bar=2.60 rmsnorm_router=1.80 topk=6.28 total=15.08
[OPROJ_INNER] slicewait=0.40 mfma=4.00 bar=2.12 rmsnorm_router=1.72 topk=2.28 total=10.52
[OPROJ_INNER] slicewait=0.40 mfma=3.88 bar=2.32 rmsnorm_router=1.48 topk=3.16 total=11.24
[BAR_ARR] ep=67 xcd=2 l1=0.240 l2=0.600
[BAR_OBS] ep=67 xcd=1 drain=0.360 l1=0.200 wait=2.000 acq=0.040 obs=19115113867081 bar=2.600
[BAR_ARR] ep=67 xcd=1 l1=0.200 l2=0.360
[BAR_OBS] ep=67 xcd=0 drain=0.400 l1=0.240 wait=2.240 acq=0.040 obs=19115113867085 bar=2.920
[BAR_OBS] ep=67 xcd=5 drain=0.440 l1=0.320 wait=1.280 acq=0.080 obs=19115113867076 bar=2.120
[BAR_OBS] ep=67 xcd=7 drain=0.440 l1=0.320 wait=1.320 acq=0.080 obs=19115113867082 bar=2.160
[BAR_OBS] ep=67 xcd=3 drain=0.360 l1=0.200 wait=1.960 acq=0.080 obs=19115113867076 bar=2.600
[BAR_ARR] ep=67 xcd=0 l1=0.240 l2=0.320
[BAR_OBS] ep=67 xcd=6 drain=0.480 l1=0.360 wait=1.400 acq=0.080 obs=19115113867099 bar=2.320
[BAR_ARR] ep=67 xcd=7 l1=0.320 l2=0.360
[BAR_ARR] ep=67 xcd=6 l1=0.360 l2=0.600
[BAR_ARR] ep=67 xcd=3 l1=0.200 l2=0.680
[BAR_OBS] ep=67 xcd=4 drain=0.480 l1=0.320 wait=1.720 acq=0.080 obs=19115113867136 bar=2.600
[BAR_ARR] ep=67 xcd=5 l1=0.320 l2=0.360
[BAR_ARR] ep=67 xcd=4 l1=0.320 l2=0.680
[BAR_REL] ep=67 xcd=4 rel=19115113867076
[OPROJ_INNER] slicewait=0.40 mfma=3.96 bar=2.84 rmsnorm_router=1.68 topk=1.08 total=9.96
[OPROJ_INNER] slicewait=0.40 mfma=3.92 bar=2.72 rmsnorm_router=1.52 topk=0.36 total=8.92
[OPROJ_INNER] slicewait=0.40 mfma=3.88 bar=2.20 rmsnorm_router=1.72 topk=2.32 total=10.52
[OPROJ_INNER] slicewait=0.40 mfma=4.00 bar=2.92 rmsnorm_router=1.56 topk=2.88 total=11.76
[OPROJ_INNER] slicewait=0.40 mfma=3.96 bar=2.16 rmsnorm_router=1.76 topk=3.44 total=11.72
[OPROJ_INNER] slicewait=0.44 mfma=3.88 bar=2.36 rmsnorm_router=1.48 topk=2.24 total=10.40
[BAR_OBS] ep=68 xcd=2 drain=0.400 l1=0.200 wait=2.200 acq=0.040 obs=19115114141289 bar=2.840
[BAR_OBS] ep=68 xcd=3 drain=0.360 l1=0.200 wait=2.080 acq=0.080 obs=19115114141284 bar=2.720
[BAR_OBS] ep=68 xcd=0 drain=0.360 l1=0.240 wait=2.240 acq=0.080 obs=19115114141301 bar=2.920
[OPROJ_INNER] slicewait=0.44 mfma=3.92 bar=2.68 rmsnorm_router=1.60 topk=0.68 total=9.32
[BAR_OBS] ep=68 xcd=5 drain=0.440 l1=0.320 wait=1.360 acq=0.080 obs=19115114141280 bar=2.200
[BAR_ARR] ep=68 xcd=0 l1=0.240 l2=0.480
[BAR_ARR] ep=68 xcd=2 l1=0.200 l2=0.280
[OPROJ_INNER] slicewait=0.40 mfma=3.88 bar=2.72 rmsnorm_router=1.48 topk=6.56 total=15.04
[BAR_OBS] ep=68 xcd=1 drain=0.360 l1=0.200 wait=2.040 acq=0.080 obs=19115114141285 bar=2.680
[BAR_ARR] ep=68 xcd=5 l1=0.320 l2=0.440
[BAR_OBS] ep=68 xcd=7 drain=0.440 l1=0.320 wait=1.320 acq=0.080 obs=19115114141282 bar=2.160
[BAR_ARR] ep=68 xcd=3 l1=0.200 l2=0.600
[BAR_ARR] ep=68 xcd=1 l1=0.200 l2=0.680
[BAR_OBS] ep=68 xcd=6 drain=0.480 l1=0.360 wait=1.440 acq=0.080 obs=19115114141303 bar=2.360
[BAR_ARR] ep=68 xcd=7 l1=0.320 l2=0.520
[BAR_OBS] ep=68 xcd=4 drain=0.520 l1=0.320 wait=1.840 acq=0.040 obs=19115114141344 bar=2.720
[BAR_ARR] ep=68 xcd=6 l1=0.360 l2=0.640
[BAR_ARR] ep=68 xcd=4 l1=0.320 l2=0.760
[BAR_REL] ep=68 xcd=4 rel=19115114141284
[OPROJ_INNER] slicewait=0.40 mfma=3.96 bar=2.08 rmsnorm_router=1.76 topk=3.20 total=11.40
[OPROJ_INNER] slicewait=0.40 mfma=3.96 bar=2.64 rmsnorm_router=1.56 topk=0.80 total=9.36
[OPROJ_INNER] slicewait=0.40 mfma=3.96 bar=2.56 rmsnorm_router=1.72 topk=6.16 total=14.80
[OPROJ_INNER] slicewait=0.40 mfma=3.96 bar=2.60 rmsnorm_router=1.52 topk=0.36 total=8.84
[OPROJ_INNER] slicewait=0.44 mfma=3.92 bar=2.76 rmsnorm_router=1.64 topk=1.04 total=9.80
[BAR_OBS] ep=69 xcd=1 drain=0.360 l1=0.200 wait=2.000 acq=0.080 obs=19115114413681 bar=2.640
[BAR_OBS] ep=69 xcd=7 drain=0.440 l1=0.280 wait=1.320 acq=0.040 obs=19115114413682 bar=2.080
[OPROJ_INNER] slicewait=0.40 mfma=4.00 bar=2.16 rmsnorm_router=1.60 topk=1.72 total=9.88
[OPROJ_INNER] slicewait=0.40 mfma=3.92 bar=2.28 rmsnorm_router=1.52 topk=2.84 total=10.96
[BAR_ARR] ep=69 xcd=1 l1=0.200 l2=0.240
[BAR_OBS] ep=69 xcd=2 drain=0.440 l1=0.200 wait=2.040 acq=0.080 obs=19115114413685 bar=2.760
[BAR_ARR] ep=69 xcd=7 l1=0.280 l2=0.400
[BAR_ARR] ep=69 xcd=2 l1=0.200 l2=0.800
[BAR_OBS] ep=69 xcd=5 drain=0.440 l1=0.320 wait=1.320 acq=0.080 obs=19115114413688 bar=2.160
[BAR_OBS] ep=69 xcd=3 drain=0.360 l1=0.200 wait=1.960 acq=0.080 obs=19115114413680 bar=2.600
[BAR_ARR] ep=69 xcd=3 l1=0.200 l2=0.640
[BAR_ARR] ep=69 xcd=5 l1=0.320 l2=0.400
[OPROJ_INNER] slicewait=0.40 mfma=3.92 bar=2.92 rmsnorm_router=1.64 topk=2.28 total=11.16
[BAR_OBS] ep=69 xcd=6 drain=0.480 l1=0.320 wait=1.400 acq=0.080 obs=19115114413703 bar=2.280
[BAR_OBS] ep=69 xcd=4 drain=0.520 l1=0.320 wait=1.640 acq=0.080 obs=19115114413740 bar=2.560
[BAR_OBS] ep=69 xcd=0 drain=0.360 l1=0.240 wait=2.240 acq=0.080 obs=19115114413685 bar=2.920
[BAR_ARR] ep=69 xcd=6 l1=0.320 l2=0.560
[BAR_ARR] ep=69 xcd=0 l1=0.240 l2=0.280
[BAR_ARR] ep=69 xcd=4 l1=0.320 l2=0.560
[BAR_REL] ep=69 xcd=4 rel=19115114413680
[OPROJ_INNER] slicewait=0.40 mfma=4.00 bar=2.72 rmsnorm_router=1.56 topk=0.72 total=9.40
[OPROJ_INNER] slicewait=0.40 mfma=3.92 bar=3.08 rmsnorm_router=1.64 topk=2.68 total=11.72
[OPROJ_INNER] slicewait=0.44 mfma=3.96 bar=2.16 rmsnorm_router=1.76 topk=3.24 total=11.56
[OPROJ_INNER] slicewait=0.40 mfma=3.92 bar=2.96 rmsnorm_router=1.64 topk=1.20 total=10.12
[OPROJ_INNER] slicewait=0.40 mfma=3.88 bar=2.68 rmsnorm_router=1.52 topk=0.40 total=8.88
[BAR_OBS] ep=70 xcd=2 drain=0.400 l1=0.200 wait=2.280 acq=0.080 obs=19115114678473 bar=2.960
[OPROJ_INNER] slicewait=0.40 mfma=3.96 bar=2.12 rmsnorm_router=1.68 topk=2.64 total=10.80
[BAR_ARR] ep=70 xcd=2 l1=0.200 l2=0.520
[OPROJ_INNER] slicewait=0.44 mfma=3.96 bar=2.80 rmsnorm_router=1.68 topk=6.04 total=14.92
[BAR_OBS] ep=70 xcd=0 drain=0.400 l1=0.280 wait=2.320 acq=0.080 obs=19115114678477 bar=3.080
[BAR_OBS] ep=70 xcd=3 drain=0.400 l1=0.160 wait=2.080 acq=0.040 obs=19115114678472 bar=2.680
[BAR_OBS] ep=70 xcd=7 drain=0.440 l1=0.320 wait=1.320 acq=0.080 obs=19115114678470 bar=2.160
[BAR_ARR] ep=70 xcd=3 l1=0.160 l2=0.600
[BAR_ARR] ep=70 xcd=7 l1=0.320 l2=0.480
[OPROJ_INNER] slicewait=0.40 mfma=3.92 bar=2.32 rmsnorm_router=1.48 topk=1.88 total=10.00
[BAR_OBS] ep=70 xcd=1 drain=0.360 l1=0.200 wait=2.080 acq=0.080 obs=19115114678473 bar=2.720
[BAR_OBS] ep=70 xcd=5 drain=0.480 l1=0.280 wait=1.320 acq=0.040 obs=19115114678468 bar=2.120
[BAR_ARR] ep=70 xcd=1 l1=0.200 l2=0.440
[BAR_ARR] ep=70 xcd=5 l1=0.280 l2=0.360
[BAR_ARR] ep=70 xcd=0 l1=0.280 l2=0.400
[BAR_OBS] ep=70 xcd=6 drain=0.480 l1=0.320 wait=1.920 acq=0.080 obs=19115114678539 bar=2.800
[BAR_OBS] ep=70 xcd=4 drain=0.480 l1=0.320 wait=1.480 acq=0.040 obs=19115114678488 bar=2.320
[BAR_ARR] ep=70 xcd=6 l1=0.320 l2=0.760
[BAR_REL] ep=70 xcd=6 rel=19115114678471
[BAR_ARR] ep=70 xcd=4 l1=0.320 l2=0.600
[OPROJ_INNER] slicewait=0.40 mfma=3.96 bar=2.44 rmsnorm_router=1.64 topk=1.04 total=9.48
[OPROJ_INNER] slicewait=0.36 mfma=3.92 bar=2.72 rmsnorm_router=1.68 topk=1.64 total=10.32
[OPROJ_INNER] slicewait=0.40 mfma=3.96 bar=2.28 rmsnorm_router=1.48 topk=0.44 total=8.56
[OPROJ_INNER] slicewait=0.44 mfma=3.96 bar=2.24 rmsnorm_router=1.44 topk=3.20 total=11.28
[OPROJ_INNER] slicewait=0.40 mfma=3.88 bar=2.52 rmsnorm_router=1.60 topk=0.76 total=9.16
[OPROJ_INNER] slicewait=0.40 mfma=3.96 bar=2.24 rmsnorm_router=1.48 topk=3.52 total=11.60
[OPROJ_INNER] slicewait=0.40 mfma=3.96 bar=1.92 rmsnorm_router=1.68 topk=2.60 total=10.56
[BAR_OBS] ep=71 xcd=1 drain=0.360 l1=0.200 wait=1.880 acq=0.080 obs=19115114936761 bar=2.520
[BAR_OBS] ep=71 xcd=2 drain=0.480 l1=0.200 wait=1.720 acq=0.040 obs=19115114936765 bar=2.440
[BAR_OBS] ep=71 xcd=0 drain=0.400 l1=0.240 wait=2.000 acq=0.080 obs=19115114936765 bar=2.720
[BAR_ARR] ep=71 xcd=1 l1=0.200 l2=0.440
[BAR_ARR] ep=71 xcd=0 l1=0.240 l2=0.320
[BAR_OBS] ep=71 xcd=7 drain=0.440 l1=0.320 wait=1.400 acq=0.080 obs=19115114936798 bar=2.240
[BAR_ARR] ep=71 xcd=2 l1=0.200 l2=0.400
[BAR_ARR] ep=71 xcd=7 l1=0.320 l2=0.360
[BAR_OBS] ep=71 xcd=5 drain=0.480 l1=0.280 wait=1.080 acq=0.080 obs=19115114936764 bar=1.920
[BAR_OBS] ep=71 xcd=3 drain=0.360 l1=0.200 wait=1.640 acq=0.080 obs=19115114936760 bar=2.280
[BAR_OBS] ep=71 xcd=4 drain=0.480 l1=0.320 wait=1.360 acq=0.080 obs=19115114936804 bar=2.240
[BAR_ARR] ep=71 xcd=5 l1=0.280 l2=0.320
[OPROJ_INNER] slicewait=0.40 mfma=4.00 bar=2.44 rmsnorm_router=1.72 topk=6.00 total=14.56
[BAR_ARR] ep=71 xcd=3 l1=0.200 l2=0.480
[BAR_ARR] ep=71 xcd=4 l1=0.320 l2=0.760
[BAR_OBS] ep=71 xcd=6 drain=0.480 l1=0.320 wait=1.560 acq=0.080 obs=19115114936823 bar=2.440
[BAR_ARR] ep=71 xcd=6 l1=0.320 l2=0.440
[BAR_REL] ep=71 xcd=6 rel=19115114936759
[OPROJ_INNER] slicewait=0.40 mfma=3.92 bar=3.04 rmsnorm_router=1.60 topk=0.56 total=9.52
[OPROJ_INNER] slicewait=0.40 mfma=4.00 bar=2.92 rmsnorm_router=1.64 topk=2.60 total=11.56
[OPROJ_INNER] slicewait=0.44 mfma=3.92 bar=2.88 rmsnorm_router=1.56 topk=1.24 total=10.04
[OPROJ_INNER] slicewait=0.40 mfma=3.92 bar=2.80 rmsnorm_router=1.52 topk=0.36 total=9.00
[OPROJ_INNER] slicewait=0.44 mfma=4.00 bar=2.16 rmsnorm_router=1.76 topk=3.20 total=11.56
[BAR_OBS] ep=72 xcd=2 drain=0.440 l1=0.200 wait=2.320 acq=0.080 obs=19115115209909 bar=3.040
[BAR_ARR] ep=72 xcd=2 l1=0.200 l2=0.280
[BAR_OBS] ep=72 xcd=0 drain=0.400 l1=0.240 wait=2.200 acq=0.080 obs=19115115209909 bar=2.920
[OPROJ_INNER] slicewait=0.40 mfma=3.96 bar=2.20 rmsnorm_router=1.68 topk=3.00 total=11.24
[BAR_ARR] ep=72 xcd=0 l1=0.240 l2=0.440
[BAR_OBS] ep=72 xcd=3 drain=0.400 l1=0.160 wait=2.160 acq=0.080 obs=19115115209904 bar=2.800
[BAR_OBS] ep=72 xcd=1 drain=0.400 l1=0.200 wait=2.200 acq=0.080 obs=19115115209913 bar=2.880
[BAR_ARR] ep=72 xcd=3 l1=0.160 l2=0.720
[OPROJ_INNER] slicewait=0.40 mfma=4.00 bar=2.72 rmsnorm_router=1.48 topk=6.56 total=15.16
[BAR_OBS] ep=72 xcd=5 drain=0.440 l1=0.320 wait=1.360 acq=0.080 obs=19115115209900 bar=2.200
[OPROJ_INNER] slicewait=0.40 mfma=3.92 bar=2.24 rmsnorm_router=1.60 topk=2.08 total=10.24
[BAR_ARR] ep=72 xcd=1 l1=0.200 l2=0.560
[BAR_OBS] ep=72 xcd=7 drain=0.440 l1=0.320 wait=1.320 acq=0.080 obs=19115115209902 bar=2.160
[BAR_ARR] ep=72 xcd=7 l1=0.320 l2=0.480
[BAR_ARR] ep=72 xcd=5 l1=0.320 l2=0.320
[BAR_OBS] ep=72 xcd=4 drain=0.480 l1=0.320 wait=1.400 acq=0.040 obs=19115115209912 bar=2.240
[BAR_OBS] ep=72 xcd=6 drain=0.520 l1=0.320 wait=1.800 acq=0.080 obs=19115115209963 bar=2.720
[BAR_ARR] ep=72 xcd=4 l1=0.320 l2=0.560
[BAR_ARR] ep=72 xcd=6 l1=0.320 l2=0.720
[BAR_REL] ep=72 xcd=6 rel=19115115209903
[OPROJ_INNER] slicewait=0.44 mfma=3.92 bar=2.24 rmsnorm_router=1.84 topk=3.20 total=11.64
[OPROJ_INNER] slicewait=0.40 mfma=4.00 bar=2.20 rmsnorm_router=1.52 topk=3.40 total=11.52
[OPROJ_INNER] slicewait=0.40 mfma=3.92 bar=2.68 rmsnorm_router=1.64 topk=1.76 total=10.40
[OPROJ_INNER] slicewait=0.36 mfma=3.96 bar=2.64 rmsnorm_router=1.60 topk=1.12 total=9.68
[OPROJ_INNER] slicewait=0.44 mfma=3.92 bar=2.48 rmsnorm_router=1.92 topk=5.92 total=14.68
[OPROJ_INNER] slicewait=0.40 mfma=3.96 bar=2.40 rmsnorm_router=1.48 topk=0.40 total=8.64
[OPROJ_INNER] slicewait=0.40 mfma=3.88 bar=2.56 rmsnorm_router=1.56 topk=0.60 total=9.00
[BAR_OBS] ep=73 xcd=2 drain=0.400 l1=0.200 wait=2.000 acq=0.040 obs=19115115465337 bar=2.640
[BAR_OBS] ep=73 xcd=3 drain=0.360 l1=0.200 wait=1.760 acq=0.080 obs=19115115465332 bar=2.400
[BAR_OBS] ep=73 xcd=0 drain=0.400 l1=0.240 wait=1.960 acq=0.080 obs=19115115465337 bar=2.680
[BAR_OBS] ep=73 xcd=7 drain=0.440 l1=0.320 wait=1.360 acq=0.080 obs=19115115465362 bar=2.200
[BAR_ARR] ep=73 xcd=2 l1=0.200 l2=0.560
[BAR_OBS] ep=73 xcd=1 drain=0.400 l1=0.200 wait=1.880 acq=0.080 obs=19115115465333 bar=2.560
[BAR_ARR] ep=73 xcd=1 l1=0.200 l2=0.640
[BAR_ARR] ep=73 xcd=7 l1=0.320 l2=0.440
[OPROJ_INNER] slicewait=0.40 mfma=4.00 bar=2.08 rmsnorm_router=1.56 topk=2.60 total=10.64
[BAR_ARR] ep=73 xcd=3 l1=0.200 l2=0.680
[BAR_OBS] ep=73 xcd=4 drain=0.480 l1=0.320 wait=1.360 acq=0.080 obs=19115115465372 bar=2.240
[BAR_ARR] ep=73 xcd=0 l1=0.240 l2=0.240
[BAR_ARR] ep=73 xcd=4 l1=0.320 l2=0.640
[BAR_OBS] ep=73 xcd=6 drain=0.520 l1=0.360 wait=1.520 acq=0.080 obs=19115115465391 bar=2.480
[BAR_ARR] ep=73 xcd=6 l1=0.360 l2=0.440
[BAR_OBS] ep=73 xcd=5 drain=0.440 l1=0.320 wait=1.240 acq=0.080 obs=19115115465348 bar=2.080
[BAR_REL] ep=73 xcd=6 rel=19115115465331
[BAR_ARR] ep=73 xcd=5 l1=0.320 l2=0.320
[OPROJ_INNER] slicewait=0.40 mfma=3.96 bar=2.08 rmsnorm_router=1.64 topk=3.24 total=11.32
[OPROJ_INNER] slicewait=0.40 mfma=3.92 bar=2.52 rmsnorm_router=1.56 topk=0.76 total=9.16
[OPROJ_INNER] slicewait=0.40 mfma=4.00 bar=2.64 rmsnorm_router=1.64 topk=2.72 total=11.40
[OPROJ_INNER] slicewait=0.40 mfma=3.92 bar=2.72 rmsnorm_router=1.60 topk=1.00 total=9.64
[BAR_OBS] ep=74 xcd=1 drain=0.360 l1=0.240 wait=1.840 acq=0.080 obs=19115115729349 bar=2.520
[OPROJ_INNER] slicewait=0.44 mfma=3.92 bar=2.52 rmsnorm_router=1.96 topk=5.96 total=14.80
[BAR_ARR] ep=74 xcd=1 l1=0.240 l2=0.600
[OPROJ_INNER] slicewait=0.40 mfma=3.96 bar=2.52 rmsnorm_router=1.52 topk=0.36 total=8.76
[BAR_OBS] ep=74 xcd=0 drain=0.360 l1=0.240 wait=1.960 acq=0.080 obs=19115115729353 bar=2.640
[OPROJ_INNER] slicewait=0.40 mfma=3.96 bar=2.00 rmsnorm_router=1.72 topk=2.80 total=10.88
[BAR_OBS] ep=74 xcd=2 drain=0.400 l1=0.200 wait=2.040 acq=0.080 obs=19115115729353 bar=2.720
[BAR_ARR] ep=74 xcd=2 l1=0.200 l2=0.400
[BAR_ARR] ep=74 xcd=0 l1=0.240 l2=0.560
[OPROJ_INNER] slicewait=0.40 mfma=3.96 bar=2.12 rmsnorm_router=1.40 topk=3.12 total=11.00
[BAR_OBS] ep=74 xcd=3 drain=0.360 l1=0.200 wait=1.880 acq=0.080 obs=19115115729348 bar=2.520
[BAR_OBS] ep=74 xcd=6 drain=0.520 l1=0.320 wait=1.600 acq=0.080 obs=19115115729407 bar=2.520
[BAR_ARR] ep=74 xcd=3 l1=0.200 l2=0.800
[BAR_ARR] ep=74 xcd=6 l1=0.320 l2=0.520
[BAR_OBS] ep=74 xcd=7 drain=0.480 l1=0.320 wait=1.240 acq=0.040 obs=19115115729362 bar=2.080
[BAR_OBS] ep=74 xcd=5 drain=0.440 l1=0.320 wait=1.160 acq=0.080 obs=19115115729344 bar=2.000
[BAR_REL] ep=74 xcd=6 rel=19115115729347
[BAR_ARR] ep=74 xcd=7 l1=0.320 l2=0.320
[BAR_ARR] ep=74 xcd=5 l1=0.320 l2=0.320
[BAR_OBS] ep=74 xcd=4 drain=0.440 l1=0.320 wait=1.280 acq=0.080 obs=19115115729372 bar=2.120
[BAR_ARR] ep=74 xcd=4 l1=0.320 l2=0.680
[OPROJ_INNER] slicewait=0.40 mfma=4.00 bar=1.92 rmsnorm_router=1.72 topk=2.28 total=10.32
[OPROJ_INNER] slicewait=0.40 mfma=3.96 bar=2.60 rmsnorm_router=1.52 topk=0.76 total=9.24
[OPROJ_INNER] slicewait=0.40 mfma=3.88 bar=2.84 rmsnorm_router=1.60 topk=1.04 total=9.76
[OPROJ_INNER] slicewait=0.40 mfma=3.92 bar=2.88 rmsnorm_router=1.68 topk=1.76 total=10.64
[OPROJ_INNER] slicewait=0.40 mfma=3.96 bar=2.56 rmsnorm_router=1.52 topk=0.40 total=8.84
[OPROJ_INNER] slicewait=0.40 mfma=3.92 bar=2.68 rmsnorm_router=1.60 topk=5.92 total=14.52
[BAR_OBS] ep=75 xcd=2 drain=0.400 l1=0.200 wait=2.160 acq=0.080 obs=19115115987521 bar=2.840
[OPROJ_INNER] slicewait=0.36 mfma=4.00 bar=2.16 rmsnorm_router=1.52 topk=2.72 total=10.76
[BAR_ARR] ep=75 xcd=2 l1=0.200 l2=0.560
[OPROJ_INNER] slicewait=0.40 mfma=3.88 bar=2.08 rmsnorm_router=1.80 topk=3.08 total=11.24
[BAR_OBS] ep=75 xcd=3 drain=0.400 l1=0.160 wait=1.920 acq=0.080 obs=19115115987516 bar=2.560
[BAR_OBS] ep=75 xcd=0 drain=0.360 l1=0.240 wait=2.200 acq=0.080 obs=19115115987521 bar=2.880
[BAR_ARR] ep=75 xcd=0 l1=0.240 l2=0.440
[BAR_OBS] ep=75 xcd=1 drain=0.360 l1=0.200 wait=1.960 acq=0.080 obs=19115115987517 bar=2.600
[BAR_OBS] ep=75 xcd=5 drain=0.440 l1=0.280 wait=1.160 acq=0.040 obs=19115115987516 bar=1.920
[BAR_ARR] ep=75 xcd=1 l1=0.200 l2=0.520
[BAR_OBS] ep=75 xcd=4 drain=0.480 l1=0.360 wait=1.760 acq=0.080 obs=19115115987588 bar=2.680
[BAR_ARR] ep=75 xcd=5 l1=0.280 l2=0.360
[BAR_ARR] ep=75 xcd=3 l1=0.160 l2=0.680
[BAR_ARR] ep=75 xcd=4 l1=0.360 l2=0.560
[BAR_OBS] ep=75 xcd=6 drain=0.480 l1=0.320 wait=1.280 acq=0.080 obs=19115115987535 bar=2.160
[BAR_OBS] ep=75 xcd=7 drain=0.480 l1=0.280 wait=1.280 acq=0.040 obs=19115115987518 bar=2.080
[BAR_REL] ep=75 xcd=4 rel=19115115987516
[BAR_ARR] ep=75 xcd=6 l1=0.320 l2=0.520
[BAR_ARR] ep=75 xcd=7 l1=0.280 l2=0.360
[OPROJ_INNER] slicewait=0.40 mfma=4.00 bar=2.84 rmsnorm_router=1.68 topk=2.76 total=11.68
[OPROJ_INNER] slicewait=0.44 mfma=3.92 bar=2.60 rmsnorm_router=1.76 topk=6.04 total=14.76
[OPROJ_INNER] slicewait=0.40 mfma=3.96 bar=2.60 rmsnorm_router=1.56 topk=0.76 total=9.28
[OPROJ_INNER] slicewait=0.40 mfma=3.96 bar=2.08 rmsnorm_router=1.72 topk=2.60 total=10.76
[OPROJ_INNER] slicewait=0.44 mfma=3.88 bar=2.76 rmsnorm_router=1.64 topk=1.24 total=9.96
[OPROJ_INNER] slicewait=0.40 mfma=3.96 bar=2.56 rmsnorm_router=1.52 topk=0.40 total=8.84
[OPROJ_INNER] slicewait=0.44 mfma=3.92 bar=2.12 rmsnorm_router=1.52 topk=1.92 total=9.92
[BAR_OBS] ep=76 xcd=1 drain=0.360 l1=0.200 wait=1.960 acq=0.080 obs=19115116244961 bar=2.600
[BAR_OBS] ep=76 xcd=0 drain=0.360 l1=0.240 wait=2.160 acq=0.080 obs=19115116244965 bar=2.840
[OPROJ_INNER] slicewait=0.44 mfma=3.88 bar=2.08 rmsnorm_router=1.76 topk=3.16 total=11.32
[BAR_OBS] ep=76 xcd=2 drain=0.400 l1=0.200 wait=2.080 acq=0.080 obs=19115116244965 bar=2.760
[BAR_ARR] ep=76 xcd=0 l1=0.240 l2=0.360
[BAR_ARR] ep=76 xcd=1 l1=0.200 l2=0.480
[BAR_OBS] ep=76 xcd=5 drain=0.440 l1=0.320 wait=1.280 acq=0.040 obs=19115116244960 bar=2.080
[BAR_OBS] ep=76 xcd=6 drain=0.480 l1=0.320 wait=1.720 acq=0.080 obs=19115116245019 bar=2.600
[BAR_ARR] ep=76 xcd=2 l1=0.200 l2=0.400
[BAR_OBS] ep=76 xcd=4 drain=0.480 l1=0.320 wait=1.240 acq=0.080 obs=19115116244972 bar=2.120
[BAR_ARR] ep=76 xcd=5 l1=0.320 l2=0.360
[BAR_OBS] ep=76 xcd=7 drain=0.440 l1=0.320 wait=1.240 acq=0.080 obs=19115116244958 bar=2.080
[BAR_ARR] ep=76 xcd=4 l1=0.320 l2=0.520
[BAR_ARR] ep=76 xcd=6 l1=0.320 l2=0.640
[BAR_ARR] ep=76 xcd=7 l1=0.320 l2=0.480
[BAR_REL] ep=76 xcd=6 rel=19115116244959
[BAR_OBS] ep=76 xcd=3 drain=0.360 l1=0.200 wait=1.920 acq=0.080 obs=19115116244960 bar=2.560
[BAR_ARR] ep=76 xcd=3 l1=0.200 l2=0.600
[OPROJ_INNER] slicewait=0.36 mfma=4.00 bar=2.08 rmsnorm_router=1.72 topk=3.00 total=11.16
[OPROJ_INNER] slicewait=0.40 mfma=3.96 bar=2.84 rmsnorm_router=1.52 topk=0.36 total=9.08
[OPROJ_INNER] slicewait=0.44 mfma=3.92 bar=2.76 rmsnorm_router=1.52 topk=0.68 total=9.32
[OPROJ_INNER] slicewait=0.40 mfma=4.00 bar=2.84 rmsnorm_router=1.64 topk=1.88 total=10.76
[OPROJ_INNER] slicewait=0.40 mfma=4.00 bar=2.56 rmsnorm_router=1.76 topk=6.04 total=14.76
[OPROJ_INNER] slicewait=0.44 mfma=3.92 bar=2.80 rmsnorm_router=1.60 topk=1.04 total=9.80
[OPROJ_INNER] slicewait=0.40 mfma=3.96 bar=2.04 rmsnorm_router=1.76 topk=2.72 total=10.88
[OPROJ_INNER] slicewait=0.40 mfma=3.92 bar=2.44 rmsnorm_router=1.76 topk=3.28 total=11.80
[BAR_OBS] ep=77 xcd=0 drain=0.360 l1=0.240 wait=2.160 acq=0.080 obs=19115116516541 bar=2.840
[BAR_OBS] ep=77 xcd=7 drain=0.440 l1=0.320 wait=1.240 acq=0.080 obs=19115116516542 bar=2.080
[BAR_OBS] ep=77 xcd=2 drain=0.400 l1=0.240 wait=2.080 acq=0.080 obs=19115116516541 bar=2.800
[BAR_OBS] ep=77 xcd=5 drain=0.440 l1=0.320 wait=1.200 acq=0.080 obs=19115116516532 bar=2.040
[BAR_OBS] ep=77 xcd=6 drain=0.480 l1=0.320 wait=1.680 acq=0.080 obs=19115116516595 bar=2.560
[BAR_ARR] ep=77 xcd=7 l1=0.320 l2=0.520
[BAR_ARR] ep=77 xcd=2 l1=0.240 l2=0.680
[BAR_OBS] ep=77 xcd=3 drain=0.360 l1=0.200 wait=2.200 acq=0.080 obs=19115116516536 bar=2.840
[BAR_ARR] ep=77 xcd=0 l1=0.240 l2=0.640
[BAR_OBS] ep=77 xcd=1 drain=0.360 l1=0.200 wait=2.120 acq=0.080 obs=19115116516537 bar=2.760
[BAR_ARR] ep=77 xcd=3 l1=0.200 l2=0.440
[BAR_ARR] ep=77 xcd=1 l1=0.200 l2=0.560
[BAR_ARR] ep=77 xcd=5 l1=0.320 l2=0.320
[BAR_ARR] ep=77 xcd=6 l1=0.320 l2=0.640
[BAR_OBS] ep=77 xcd=4 drain=0.520 l1=0.280 wait=1.560 acq=0.080 obs=19115116516576 bar=2.440
[BAR_REL] ep=77 xcd=6 rel=19115116516535
[BAR_ARR] ep=77 xcd=4 l1=0.280 l2=0.520
[OPROJ_INNER] slicewait=0.40 mfma=3.96 bar=2.96 rmsnorm_router=1.64 topk=1.64 total=10.60
[OPROJ_INNER] slicewait=0.40 mfma=3.96 bar=2.80 rmsnorm_router=1.48 topk=0.40 total=9.04
[OPROJ_INNER] slicewait=0.44 mfma=3.96 bar=2.08 rmsnorm_router=1.76 topk=2.60 total=10.84
[OPROJ_INNER] slicewait=0.44 mfma=3.92 bar=2.88 rmsnorm_router=1.68 topk=1.00 total=9.92
[OPROJ_INNER] slicewait=0.40 mfma=3.96 bar=2.72 rmsnorm_router=1.56 topk=0.72 total=9.36
[OPROJ_INNER] slicewait=0.40 mfma=3.96 bar=2.64 rmsnorm_router=1.84 topk=5.88 total=14.72
[OPROJ_INNER] slicewait=0.36 mfma=3.96 bar=2.16 rmsnorm_router=1.76 topk=3.04 total=11.28
[OPROJ_INNER] slicewait=0.40 mfma=3.96 bar=2.24 rmsnorm_router=1.56 topk=2.16 total=10.32
[BAR_OBS] ep=78 xcd=5 drain=0.480 l1=0.280 wait=1.280 acq=0.040 obs=19115116790480 bar=2.080
[BAR_OBS] ep=78 xcd=7 drain=0.480 l1=0.280 wait=1.320 acq=0.080 obs=19115116790478 bar=2.160
[BAR_OBS] ep=78 xcd=0 drain=0.400 l1=0.280 wait=2.200 acq=0.080 obs=19115116790485 bar=2.960
[BAR_OBS] ep=78 xcd=2 drain=0.360 l1=0.200 wait=2.280 acq=0.040 obs=19115116790485 bar=2.880
[BAR_ARR] ep=78 xcd=0 l1=0.280 l2=0.280
[BAR_ARR] ep=78 xcd=2 l1=0.200 l2=0.440
[BAR_OBS] ep=78 xcd=6 drain=0.480 l1=0.320 wait=1.400 acq=0.040 obs=19115116790495 bar=2.240
[BAR_OBS] ep=78 xcd=1 drain=0.400 l1=0.200 wait=2.040 acq=0.080 obs=19115116790481 bar=2.720
[BAR_ARR] ep=78 xcd=5 l1=0.280 l2=0.360
[BAR_ARR] ep=78 xcd=6 l1=0.320 l2=0.560
[BAR_OBS] ep=78 xcd=3 drain=0.360 l1=0.200 wait=2.160 acq=0.080 obs=19115116790480 bar=2.800
[BAR_ARR] ep=78 xcd=1 l1=0.200 l2=0.560
[BAR_ARR] ep=78 xcd=3 l1=0.200 l2=0.520
[BAR_OBS] ep=78 xcd=4 drain=0.480 l1=0.320 wait=1.800 acq=0.040 obs=19115116790540 bar=2.640
[BAR_ARR] ep=78 xcd=7 l1=0.280 l2=0.360
[BAR_ARR] ep=78 xcd=4 l1=0.320 l2=0.720
[BAR_REL] ep=78 xcd=4 rel=19115116790480
[OPROJ_INNER] slicewait=0.44 mfma=3.92 bar=2.84 rmsnorm_router=1.64 topk=1.40 total=10.24
[OPROJ_INNER] slicewait=0.40 mfma=3.92 bar=2.68 rmsnorm_router=1.56 topk=0.76 total=9.32
[OPROJ_INNER] slicewait=0.44 mfma=3.96 bar=2.40 rmsnorm_router=1.48 topk=3.24 total=11.52
[OPROJ_INNER] slicewait=0.40 mfma=4.00 bar=2.48 rmsnorm_router=1.52 topk=0.36 total=8.76
[BAR_OBS] ep=79 xcd=2 drain=0.400 l1=0.200 wait=2.160 acq=0.080 obs=19115117069545 bar=2.840
[OPROJ_INNER] slicewait=0.40 mfma=3.92 bar=2.12 rmsnorm_router=1.68 topk=2.36 total=10.48
[BAR_OBS] ep=79 xcd=1 drain=0.360 l1=0.200 wait=2.080 acq=0.040 obs=19115117069545 bar=2.680
[OPROJ_INNER] slicewait=0.36 mfma=4.00 bar=2.88 rmsnorm_router=1.68 topk=2.68 total=11.60
[BAR_ARR] ep=79 xcd=2 l1=0.200 l2=0.520
[BAR_OBS] ep=79 xcd=7 drain=0.480 l1=0.320 wait=1.560 acq=0.040 obs=19115117069578 bar=2.400
[OPROJ_INNER] slicewait=0.44 mfma=3.92 bar=2.20 rmsnorm_router=1.52 topk=1.84 total=9.92
[BAR_ARR] ep=79 xcd=1 l1=0.200 l2=0.600
[BAR_OBS] ep=79 xcd=3 drain=0.400 l1=0.160 wait=1.880 acq=0.040 obs=19115117069544 bar=2.480
[BAR_OBS] ep=79 xcd=0 drain=0.400 l1=0.200 wait=2.240 acq=0.040 obs=19115117069549 bar=2.880
[BAR_OBS] ep=79 xcd=5 drain=0.440 l1=0.320 wait=1.280 acq=0.080 obs=19115117069540 bar=2.120
[BAR_ARR] ep=79 xcd=0 l1=0.200 l2=0.400
[BAR_ARR] ep=79 xcd=3 l1=0.160 l2=0.520
[OPROJ_INNER] slicewait=0.40 mfma=3.96 bar=2.60 rmsnorm_router=1.88 topk=5.96 total=14.80
[BAR_ARR] ep=79 xcd=7 l1=0.320 l2=0.560
[BAR_ARR] ep=79 xcd=5 l1=0.320 l2=0.400
[BAR_OBS] ep=79 xcd=6 drain=0.480 l1=0.320 wait=1.720 acq=0.080 obs=19115117069603 bar=2.600
[BAR_OBS] ep=79 xcd=4 drain=0.480 l1=0.320 wait=1.360 acq=0.040 obs=19115117069556 bar=2.200
[BAR_ARR] ep=79 xcd=6 l1=0.320 l2=0.640
[BAR_ARR] ep=79 xcd=4 l1=0.320 l2=0.560
[BAR_REL] ep=79 xcd=6 rel=19115117069543
[OPROJ_INNER] slicewait=0.40 mfma=3.92 bar=2.88 rmsnorm_router=1.60 topk=1.04 total=9.84
[OPROJ_INNER] slicewait=0.44 mfma=3.88 bar=2.60 rmsnorm_router=1.52 topk=0.68 total=9.12
[OPROJ_INNER] slicewait=0.44 mfma=3.88 bar=2.68 rmsnorm_router=1.48 topk=0.40 total=8.88
[OPROJ_INNER] slicewait=0.40 mfma=3.92 bar=2.04 rmsnorm_router=1.60 topk=1.84 total=9.80
[BAR_OBS] ep=80 xcd=1 drain=0.360 l1=0.240 wait=1.960 acq=0.040 obs=19115117332977 bar=2.600
[OPROJ_INNER] slicewait=0.40 mfma=4.00 bar=2.16 rmsnorm_router=1.56 topk=3.00 total=11.12
[OPROJ_INNER] slicewait=0.44 mfma=3.96 bar=2.76 rmsnorm_router=1.68 topk=1.84 total=10.68
[BAR_OBS] ep=80 xcd=2 drain=0.400 l1=0.200 wait=2.200 acq=0.080 obs=19115117332977 bar=2.880
[BAR_OBS] ep=80 xcd=3 drain=0.360 l1=0.200 wait=2.040 acq=0.080 obs=19115117332972 bar=2.680
[BAR_OBS] ep=80 xcd=7 drain=0.440 l1=0.320 wait=1.320 acq=0.080 obs=19115117332990 bar=2.160
[BAR_ARR] ep=80 xcd=2 l1=0.200 l2=0.320
[BAR_ARR] ep=80 xcd=1 l1=0.240 l2=0.640
[BAR_OBS] ep=80 xcd=4 drain=0.440 l1=0.320 wait=1.200 acq=0.080 obs=19115117332976 bar=2.040
[BAR_ARR] ep=80 xcd=7 l1=0.320 l2=0.400
[BAR_ARR] ep=80 xcd=3 l1=0.200 l2=0.480
[OPROJ_INNER] slicewait=0.44 mfma=3.88 bar=2.12 rmsnorm_router=1.68 topk=2.64 total=10.76
[OPROJ_INNER] slicewait=0.40 mfma=3.96 bar=2.56 rmsnorm_router=1.96 topk=5.80 total=14.68
[BAR_ARR] ep=80 xcd=4 l1=0.320 l2=0.400
[BAR_OBS] ep=80 xcd=0 drain=0.400 l1=0.200 wait=2.120 acq=0.040 obs=19115117332981 bar=2.760
[BAR_ARR] ep=80 xcd=0 l1=0.200 l2=0.320
[BAR_OBS] ep=80 xcd=5 drain=0.440 l1=0.320 wait=1.280 acq=0.080 obs=19115117332972 bar=2.120
[BAR_OBS] ep=80 xcd=6 drain=0.520 l1=0.320 wait=1.640 acq=0.080 obs=19115117333035 bar=2.560
[BAR_ARR] ep=80 xcd=5 l1=0.320 l2=0.320
[BAR_ARR] ep=80 xcd=6 l1=0.320 l2=0.560
[BAR_REL] ep=80 xcd=6 rel=19115117332975
[OPROJ_INNER] slicewait=0.36 mfma=4.00 bar=2.88 rmsnorm_router=1.68 topk=2.76 total=11.68
[OPROJ_INNER] slicewait=0.40 mfma=3.92 bar=2.68 rmsnorm_router=1.52 topk=0.40 total=8.92
[OPROJ_INNER] slicewait=0.40 mfma=3.96 bar=2.76 rmsnorm_router=1.64 topk=0.76 total=9.52
[OPROJ_INNER] slicewait=0.40 mfma=3.92 bar=2.20 rmsnorm_router=1.64 topk=2.52 total=10.68
[OPROJ_INNER] slicewait=0.44 mfma=3.96 bar=2.72 rmsnorm_router=1.60 topk=1.08 total=9.80
[OPROJ_INNER] slicewait=0.40 mfma=4.00 bar=2.04 rmsnorm_router=1.72 topk=3.36 total=11.52
[OPROJ_INNER] slicewait=0.44 mfma=3.92 bar=2.64 rmsnorm_router=1.84 topk=6.04 total=14.88
[OPROJ_INNER] slicewait=0.36 mfma=3.96 bar=2.24 rmsnorm_router=1.48 topk=2.20 total=10.24
[BAR_OBS] ep=81 xcd=0 drain=0.400 l1=0.240 wait=2.160 acq=0.080 obs=19115117599869 bar=2.880
[BAR_OBS] ep=81 xcd=2 drain=0.400 l1=0.200 wait=2.120 acq=0.040 obs=19115117599869 bar=2.760
[BAR_OBS] ep=81 xcd=3 drain=0.360 l1=0.200 wait=2.120 acq=0.040 obs=19115117599872 bar=2.720
[BAR_ARR] ep=81 xcd=0 l1=0.240 l2=0.280
[BAR_ARR] ep=81 xcd=3 l1=0.200 l2=0.680
[BAR_OBS] ep=81 xcd=5 drain=0.480 l1=0.320 wait=1.320 acq=0.080 obs=19115117599864 bar=2.200
[BAR_ARR] ep=81 xcd=2 l1=0.200 l2=0.440
[BAR_OBS] ep=81 xcd=7 drain=0.440 l1=0.320 wait=1.200 acq=0.080 obs=19115117599862 bar=2.040
[BAR_OBS] ep=81 xcd=4 drain=0.480 l1=0.320 wait=1.400 acq=0.040 obs=19115117599884 bar=2.240
[BAR_OBS] ep=81 xcd=1 drain=0.360 l1=0.200 wait=2.040 acq=0.080 obs=19115117599865 bar=2.680
[BAR_OBS] ep=81 xcd=6 drain=0.520 l1=0.320 wait=1.720 acq=0.080 obs=19115117599923 bar=2.640
[BAR_ARR] ep=81 xcd=7 l1=0.320 l2=0.400
[BAR_ARR] ep=81 xcd=1 l1=0.200 l2=0.560
[BAR_ARR] ep=81 xcd=5 l1=0.320 l2=0.320
[BAR_ARR] ep=81 xcd=6 l1=0.320 l2=0.640
[BAR_ARR] ep=81 xcd=4 l1=0.320 l2=0.640
[BAR_REL] ep=81 xcd=6 rel=19115117599863
[OPROJ_INNER] slicewait=0.40 mfma=3.88 bar=2.80 rmsnorm_router=1.56 topk=1.08 total=9.72
[OPROJ_INNER] slicewait=0.40 mfma=3.96 bar=2.76 rmsnorm_router=1.68 topk=2.40 total=11.20
[OPROJ_INNER] slicewait=0.44 mfma=3.92 bar=2.08 rmsnorm_router=1.64 topk=3.28 total=11.36
[OPROJ_INNER] slicewait=0.40 mfma=3.96 bar=2.52 rmsnorm_router=1.56 topk=0.76 total=9.20
[OPROJ_INNER] slicewait=0.40 mfma=3.92 bar=2.48 rmsnorm_router=1.52 topk=0.36 total=8.68
[OPROJ_INNER] slicewait=0.40 mfma=3.92 bar=2.04 rmsnorm_router=1.72 topk=2.92 total=11.00
[BAR_OBS] ep=82 xcd=2 drain=0.400 l1=0.200 wait=2.120 acq=0.080 obs=19115117874713 bar=2.800
[OPROJ_INNER] slicewait=0.44 mfma=3.92 bar=2.48 rmsnorm_router=1.88 topk=6.20 total=14.92
[BAR_OBS] ep=82 xcd=3 drain=0.400 l1=0.160 wait=1.840 acq=0.080 obs=19115117874708 bar=2.480
[OPROJ_INNER] slicewait=0.44 mfma=3.92 bar=2.16 rmsnorm_router=1.48 topk=3.48 total=11.48
[BAR_OBS] ep=82 xcd=0 drain=0.400 l1=0.200 wait=2.080 acq=0.080 obs=19115117874713 bar=2.760
[BAR_ARR] ep=82 xcd=3 l1=0.160 l2=0.640
[BAR_OBS] ep=82 xcd=1 drain=0.360 l1=0.200 wait=1.920 acq=0.040 obs=19115117874713 bar=2.520
[BAR_ARR] ep=82 xcd=2 l1=0.200 l2=0.320
[BAR_OBS] ep=82 xcd=7 drain=0.480 l1=0.320 wait=1.200 acq=0.080 obs=19115117874718 bar=2.080
[BAR_ARR] ep=82 xcd=0 l1=0.200 l2=0.560
[BAR_ARR] ep=82 xcd=1 l1=0.200 l2=0.520
[BAR_OBS] ep=82 xcd=6 drain=0.480 l1=0.320 wait=1.600 acq=0.080 obs=19115117874767 bar=2.480
[BAR_OBS] ep=82 xcd=4 drain=0.480 l1=0.320 wait=1.320 acq=0.040 obs=19115117874740 bar=2.160
[BAR_OBS] ep=82 xcd=5 drain=0.440 l1=0.320 wait=1.240 acq=0.040 obs=19115117874708 bar=2.040
[BAR_ARR] ep=82 xcd=6 l1=0.320 l2=0.560
[BAR_ARR] ep=82 xcd=4 l1=0.320 l2=0.680
[BAR_ARR] ep=82 xcd=5 l1=0.320 l2=0.440
[BAR_REL] ep=82 xcd=6 rel=19115117874707
[BAR_ARR] ep=82 xcd=7 l1=0.320 l2=0.440
[OPROJ_INNER] slicewait=0.40 mfma=4.00 bar=2.84 rmsnorm_router=1.68 topk=0.96 total=9.88
[OPROJ_INNER] slicewait=0.40 mfma=3.96 bar=2.68 rmsnorm_router=1.52 topk=0.64 total=9.20
[OPROJ_INNER] slicewait=0.40 mfma=4.00 bar=2.60 rmsnorm_router=1.48 topk=0.36 total=8.84
[OPROJ_INNER] slicewait=0.44 mfma=3.96 bar=2.08 rmsnorm_router=1.76 topk=2.40 total=10.64
[OPROJ_INNER] slicewait=0.44 mfma=4.00 bar=2.72 rmsnorm_router=1.68 topk=2.60 total=11.44
[BAR_OBS] ep=83 xcd=2 drain=0.440 l1=0.200 wait=2.120 acq=0.080 obs=19115118136005 bar=2.840
[BAR_OBS] ep=83 xcd=1 drain=0.360 l1=0.200 wait=2.040 acq=0.080 obs=19115118136005 bar=2.680
[BAR_OBS] ep=83 xcd=5 drain=0.440 l1=0.320 wait=1.240 acq=0.080 obs=19115118136000 bar=2.080
[BAR_OBS] ep=83 xcd=0 drain=0.360 l1=0.240 wait=2.040 acq=0.080 obs=19115118136009 bar=2.720
[BAR_ARR] ep=83 xcd=2 l1=0.200 l2=0.320
[BAR_ARR] ep=83 xcd=0 l1=0.240 l2=0.640
[OPROJ_INNER] slicewait=0.44 mfma=3.96 bar=2.16 rmsnorm_router=1.72 topk=3.36 total=11.64
[BAR_OBS] ep=83 xcd=3 drain=0.400 l1=0.160 wait=1.960 acq=0.080 obs=19115118136004 bar=2.600
[OPROJ_INNER] slicewait=0.36 mfma=4.00 bar=2.28 rmsnorm_router=1.48 topk=2.56 total=10.68
[BAR_ARR] ep=83 xcd=1 l1=0.200 l2=0.600
[OPROJ_INNER] slicewait=0.40 mfma=4.00 bar=2.60 rmsnorm_router=1.96 topk=5.92 total=14.88
[BAR_ARR] ep=83 xcd=3 l1=0.160 l2=0.720
[BAR_ARR] ep=83 xcd=5 l1=0.320 l2=0.480
[BAR_OBS] ep=83 xcd=7 drain=0.480 l1=0.280 wait=1.320 acq=0.080 obs=19115118136002 bar=2.160
[BAR_OBS] ep=83 xcd=4 drain=0.480 l1=0.320 wait=1.760 acq=0.040 obs=19115118136064 bar=2.600
[BAR_OBS] ep=83 xcd=6 drain=0.480 l1=0.360 wait=1.400 acq=0.040 obs=19115118136027 bar=2.280
[BAR_ARR] ep=83 xcd=7 l1=0.280 l2=0.360
[BAR_ARR] ep=83 xcd=4 l1=0.320 l2=0.680
[BAR_ARR] ep=83 xcd=6 l1=0.360 l2=0.560
[BAR_REL] ep=83 xcd=4 rel=19115118136004
[OPROJ_INNER] slicewait=0.40 mfma=3.92 bar=2.80 rmsnorm_router=1.60 topk=1.08 total=9.80
[OPROJ_INNER] slicewait=0.44 mfma=3.88 bar=2.72 rmsnorm_router=1.60 topk=0.80 total=9.44
[OPROJ_INNER] slicewait=0.40 mfma=3.96 bar=2.24 rmsnorm_router=1.60 topk=2.84 total=11.04
[OPROJ_INNER] slicewait=0.40 mfma=3.92 bar=2.72 rmsnorm_router=1.48 topk=0.36 total=8.88
[OPROJ_INNER] slicewait=0.40 mfma=3.96 bar=2.84 rmsnorm_router=1.64 topk=2.16 total=11.00
[BAR_OBS] ep=84 xcd=1 drain=0.400 l1=0.200 wait=2.080 acq=0.040 obs=19115118393053 bar=2.720
[OPROJ_INNER] slicewait=0.40 mfma=3.88 bar=2.40 rmsnorm_router=1.44 topk=2.80 total=10.92
[OPROJ_INNER] slicewait=0.44 mfma=3.88 bar=2.84 rmsnorm_router=1.76 topk=5.76 total=14.68
[BAR_OBS] ep=84 xcd=7 drain=0.480 l1=0.320 wait=1.360 acq=0.080 obs=19115118393062 bar=2.240
[BAR_ARR] ep=84 xcd=1 l1=0.200 l2=0.520
[BAR_OBS] ep=84 xcd=0 drain=0.360 l1=0.240 wait=2.200 acq=0.040 obs=19115118393057 bar=2.840
[BAR_OBS] ep=84 xcd=3 drain=0.400 l1=0.160 wait=2.080 acq=0.080 obs=19115118393052 bar=2.720
[BAR_ARR] ep=84 xcd=0 l1=0.240 l2=0.280
[BAR_ARR] ep=84 xcd=3 l1=0.160 l2=0.600
[BAR_OBS] ep=84 xcd=2 drain=0.440 l1=0.240 wait=2.040 acq=0.080 obs=19115118393053 bar=2.800
[BAR_ARR] ep=84 xcd=2 l1=0.240 l2=0.800
[BAR_ARR] ep=84 xcd=7 l1=0.320 l2=0.440
[OPROJ_INNER] slicewait=0.40 mfma=3.92 bar=2.12 rmsnorm_router=1.76 topk=2.48 total=10.68
[BAR_OBS] ep=84 xcd=6 drain=0.480 l1=0.320 wait=1.960 acq=0.080 obs=19115118393127 bar=2.840
[BAR_ARR] ep=84 xcd=6 l1=0.320 l2=0.720
[BAR_OBS] ep=84 xcd=4 drain=0.480 l1=0.320 wait=1.520 acq=0.080 obs=19115118393080 bar=2.400
[BAR_OBS] ep=84 xcd=5 drain=0.480 l1=0.280 wait=1.280 acq=0.080 obs=19115118393048 bar=2.120
[BAR_REL] ep=84 xcd=6 rel=19115118393051
[BAR_ARR] ep=84 xcd=4 l1=0.320 l2=0.600
[BAR_ARR] ep=84 xcd=5 l1=0.280 l2=0.360
[OPROJ_INNER] slicewait=0.40 mfma=3.92 bar=2.84 rmsnorm_router=1.68 topk=2.72 total=11.56
[OPROJ_INNER] slicewait=0.40 mfma=4.00 bar=2.80 rmsnorm_router=1.64 topk=0.96 total=9.80
[OPROJ_INNER] slicewait=0.40 mfma=3.88 bar=2.24 rmsnorm_router=1.60 topk=2.36 total=10.48
[OPROJ_INNER] slicewait=0.40 mfma=3.96 bar=2.16 rmsnorm_router=1.72 topk=2.44 total=10.68
[OPROJ_INNER] slicewait=0.44 mfma=3.92 bar=2.68 rmsnorm_router=1.56 topk=0.76 total=9.36
[BAR_OBS] ep=85 xcd=0 drain=0.400 l1=0.200 wait=2.160 acq=0.080 obs=19115118650445 bar=2.840
[BAR_OBS] ep=85 xcd=2 drain=0.360 l1=0.240 wait=2.120 acq=0.080 obs=19115118650441 bar=2.800
[OPROJ_INNER] slicewait=0.40 mfma=4.00 bar=2.64 rmsnorm_router=1.92 topk=6.08 total=15.04
[BAR_ARR] ep=85 xcd=0 l1=0.200 l2=0.560
[OPROJ_INNER] slicewait=0.40 mfma=3.92 bar=2.68 rmsnorm_router=1.52 topk=0.36 total=8.88
[BAR_OBS] ep=85 xcd=6 drain=0.520 l1=0.320 wait=1.360 acq=0.040 obs=19115118650451 bar=2.240
[BAR_OBS] ep=85 xcd=1 drain=0.360 l1=0.200 wait=2.040 acq=0.080 obs=19115118650441 bar=2.680
[BAR_ARR] ep=85 xcd=2 l1=0.240 l2=0.240
[BAR_OBS] ep=85 xcd=3 drain=0.400 l1=0.200 wait=2.040 acq=0.040 obs=19115118650440 bar=2.680
[BAR_ARR] ep=85 xcd=1 l1=0.200 l2=0.680
[BAR_ARR] ep=85 xcd=6 l1=0.320 l2=0.560
[BAR_ARR] ep=85 xcd=3 l1=0.200 l2=0.600
[OPROJ_INNER] slicewait=0.40 mfma=3.88 bar=2.20 rmsnorm_router=1.72 topk=3.20 total=11.40
[BAR_OBS] ep=85 xcd=5 drain=0.480 l1=0.280 wait=1.320 acq=0.080 obs=19115118650436 bar=2.160
[BAR_OBS] ep=85 xcd=4 drain=0.480 l1=0.320 wait=1.760 acq=0.080 obs=19115118650500 bar=2.640
[BAR_OBS] ep=85 xcd=7 drain=0.440 l1=0.320 wait=1.360 acq=0.080 obs=19115118650438 bar=2.200
[BAR_ARR] ep=85 xcd=5 l1=0.280 l2=0.520
[BAR_ARR] ep=85 xcd=4 l1=0.320 l2=0.680
[BAR_ARR] ep=85 xcd=7 l1=0.320 l2=0.320
[BAR_REL] ep=85 xcd=4 rel=19115118650440
[OPROJ_INNER] slicewait=0.40 mfma=4.00 bar=2.64 rmsnorm_router=1.56 topk=0.40 total=9.00
[OPROJ_INNER] slicewait=0.40 mfma=3.92 bar=2.12 rmsnorm_router=1.76 topk=3.08 total=11.28
[OPROJ_INNER] slicewait=0.40 mfma=3.96 bar=2.68 rmsnorm_router=1.60 topk=1.12 total=9.76
[OPROJ_INNER] slicewait=0.40 mfma=4.00 bar=2.24 rmsnorm_router=1.56 topk=3.40 total=11.60
[OPROJ_INNER] slicewait=0.40 mfma=3.92 bar=2.72 rmsnorm_router=1.52 topk=0.84 total=9.40
[OPROJ_INNER] slicewait=0.40 mfma=3.96 bar=2.84 rmsnorm_router=1.64 topk=2.72 total=11.56
[BAR_OBS] ep=86 xcd=1 drain=0.360 l1=0.200 wait=2.080 acq=0.080 obs=19115118902997 bar=2.720
[BAR_OBS] ep=86 xcd=5 drain=0.440 l1=0.320 wait=1.280 acq=0.080 obs=19115118902992 bar=2.120
[OPROJ_INNER] slicewait=0.40 mfma=3.96 bar=2.64 rmsnorm_router=1.80 topk=6.36 total=15.16
[BAR_ARR] ep=86 xcd=1 l1=0.200 l2=0.520
[BAR_ARR] ep=86 xcd=5 l1=0.320 l2=0.360
[BAR_OBS] ep=86 xcd=0 drain=0.400 l1=0.200 wait=2.160 acq=0.080 obs=19115118903001 bar=2.840
[BAR_OBS] ep=86 xcd=7 drain=0.440 l1=0.320 wait=1.440 acq=0.040 obs=19115118903018 bar=2.240
[BAR_OBS] ep=86 xcd=3 drain=0.360 l1=0.200 wait=2.000 acq=0.080 obs=19115118902996 bar=2.640
[BAR_ARR] ep=86 xcd=0 l1=0.200 l2=0.360
[BAR_ARR] ep=86 xcd=3 l1=0.200 l2=0.640
[BAR_ARR] ep=86 xcd=7 l1=0.320 l2=0.680
[BAR_OBS] ep=86 xcd=2 drain=0.400 l1=0.200 wait=2.000 acq=0.080 obs=19115118903001 bar=2.680
[OPROJ_INNER] slicewait=0.36 mfma=3.96 bar=2.12 rmsnorm_router=1.60 topk=2.12 total=10.16
[BAR_OBS] ep=86 xcd=6 drain=0.480 l1=0.320 wait=1.760 acq=0.080 obs=19115118903055 bar=2.640
[BAR_ARR] ep=86 xcd=2 l1=0.200 l2=0.720
[BAR_ARR] ep=86 xcd=6 l1=0.320 l2=0.680
[BAR_OBS] ep=86 xcd=4 drain=0.480 l1=0.320 wait=1.280 acq=0.040 obs=19115118903004 bar=2.120
[BAR_REL] ep=86 xcd=6 rel=19115118902995
[BAR_ARR] ep=86 xcd=4 l1=0.320 l2=0.480
[OPROJ_INNER] slicewait=0.40 mfma=3.92 bar=2.92 rmsnorm_router=1.64 topk=1.16 total=10.04
[OPROJ_INNER] slicewait=0.40 mfma=4.00 bar=2.80 rmsnorm_router=1.68 topk=2.08 total=10.96
[OPROJ_INNER] slicewait=0.40 mfma=3.96 bar=2.24 rmsnorm_router=1.72 topk=2.72 total=11.04
[OPROJ_INNER] slicewait=0.44 mfma=4.00 bar=2.72 rmsnorm_router=1.48 topk=0.68 total=9.32
[BAR_OBS] ep=87 xcd=2 drain=0.360 l1=0.200 wait=2.320 acq=0.040 obs=19115119164965 bar=2.920
[BAR_OBS] ep=87 xcd=0 drain=0.360 l1=0.240 wait=2.120 acq=0.080 obs=19115119164965 bar=2.800
[OPROJ_INNER] slicewait=0.40 mfma=4.00 bar=2.08 rmsnorm_router=1.76 topk=3.12 total=11.36
[OPROJ_INNER] slicewait=0.40 mfma=3.92 bar=2.72 rmsnorm_router=1.48 topk=0.40 total=8.92
[BAR_OBS] ep=87 xcd=5 drain=0.480 l1=0.280 wait=1.400 acq=0.080 obs=19115119164960 bar=2.240
[OPROJ_INNER] slicewait=0.40 mfma=4.00 bar=2.64 rmsnorm_router=1.80 topk=5.96 total=14.80
[BAR_ARR] ep=87 xcd=2 l1=0.200 l2=0.400
[BAR_ARR] ep=87 xcd=0 l1=0.240 l2=0.360
[BAR_OBS] ep=87 xcd=1 drain=0.360 l1=0.200 wait=2.080 acq=0.080 obs=19115119164965 bar=2.720
[OPROJ_INNER] slicewait=0.40 mfma=4.00 bar=2.24 rmsnorm_router=1.52 topk=1.76 total=9.92
[BAR_ARR] ep=87 xcd=1 l1=0.200 l2=0.640
[BAR_OBS] ep=87 xcd=3 drain=0.400 l1=0.200 wait=2.040 acq=0.080 obs=19115119164960 bar=2.720
[BAR_ARR] ep=87 xcd=3 l1=0.200 l2=0.480
[BAR_OBS] ep=87 xcd=7 drain=0.480 l1=0.320 wait=1.200 acq=0.080 obs=19115119164958 bar=2.080
[BAR_OBS] ep=87 xcd=6 drain=0.480 l1=0.320 wait=1.800 acq=0.040 obs=19115119165023 bar=2.640
[BAR_OBS] ep=87 xcd=4 drain=0.480 l1=0.320 wait=1.360 acq=0.080 obs=19115119164976 bar=2.240
[BAR_ARR] ep=87 xcd=7 l1=0.320 l2=0.440
[BAR_ARR] ep=87 xcd=6 l1=0.320 l2=0.680
[BAR_ARR] ep=87 xcd=4 l1=0.320 l2=0.600
[BAR_ARR] ep=87 xcd=5 l1=0.280 l2=0.480
[BAR_REL] ep=87 xcd=6 rel=19115119164959
[OPROJ_INNER] slicewait=0.40 mfma=4.00 bar=2.28 rmsnorm_router=1.60 topk=3.00 total=11.28
[OPROJ_INNER] slicewait=0.40 mfma=3.88 bar=2.84 rmsnorm_router=1.48 topk=0.68 total=9.28
[OPROJ_INNER] slicewait=0.44 mfma=3.92 bar=2.88 rmsnorm_router=1.60 topk=0.96 total=9.80
[BAR_OBS] ep=88 xcd=2 drain=0.360 l1=0.240 wait=2.200 acq=0.080 obs=19115119417817 bar=2.880
[BAR_OBS] ep=88 xcd=1 drain=0.360 l1=0.200 wait=2.200 acq=0.080 obs=19115119417817 bar=2.840
[OPROJ_INNER] slicewait=0.40 mfma=3.88 bar=2.24 rmsnorm_router=1.72 topk=2.76 total=11.00
[BAR_ARR] ep=88 xcd=2 l1=0.240 l2=0.560
[BAR_OBS] ep=88 xcd=7 drain=0.440 l1=0.320 wait=1.440 acq=0.080 obs=19115119417830 bar=2.280
[OPROJ_INNER] slicewait=0.40 mfma=3.92 bar=3.00 rmsnorm_router=1.68 topk=1.84 total=10.84
[BAR_ARR] ep=88 xcd=1 l1=0.200 l2=0.560
[OPROJ_INNER] slicewait=0.40 mfma=3.96 bar=2.68 rmsnorm_router=1.84 topk=5.92 total=14.80
[BAR_ARR] ep=88 xcd=7 l1=0.320 l2=0.560
[OPROJ_INNER] slicewait=0.40 mfma=3.88 bar=2.20 rmsnorm_router=1.64 topk=2.36 total=10.48
[OPROJ_INNER] slicewait=0.40 mfma=3.92 bar=2.68 rmsnorm_router=1.48 topk=0.40 total=8.88
[BAR_OBS] ep=88 xcd=0 drain=0.360 l1=0.240 wait=2.320 acq=0.080 obs=19115119417817 bar=3.000
[BAR_ARR] ep=88 xcd=0 l1=0.240 l2=0.280
[BAR_OBS] ep=88 xcd=3 drain=0.360 l1=0.200 wait=2.040 acq=0.080 obs=19115119417812 bar=2.680
[BAR_OBS] ep=88 xcd=6 drain=0.480 l1=0.320 wait=1.800 acq=0.080 obs=19115119417875 bar=2.680
[BAR_OBS] ep=88 xcd=5 drain=0.440 l1=0.320 wait=1.400 acq=0.080 obs=19115119417812 bar=2.240
[BAR_ARR] ep=88 xcd=3 l1=0.200 l2=0.600
[BAR_OBS] ep=88 xcd=4 drain=0.520 l1=0.320 wait=1.280 acq=0.080 obs=19115119417816 bar=2.200
[BAR_ARR] ep=88 xcd=5 l1=0.320 l2=0.440
[BAR_ARR] ep=88 xcd=6 l1=0.320 l2=0.720
[BAR_ARR] ep=88 xcd=4 l1=0.320 l2=0.520
[BAR_REL] ep=88 xcd=6 rel=19115119417815
[OPROJ_INNER] slicewait=0.40 mfma=3.96 bar=2.84 rmsnorm_router=1.64 topk=1.04 total=9.88
[OPROJ_INNER] slicewait=0.40 mfma=3.92 bar=2.72 rmsnorm_router=1.48 topk=0.36 total=8.88
[OPROJ_INNER] slicewait=0.40 mfma=3.96 bar=2.08 rmsnorm_router=1.68 topk=2.88 total=11.00
[OPROJ_INNER] slicewait=0.44 mfma=3.92 bar=2.96 rmsnorm_router=1.64 topk=1.92 total=10.88
[BAR_OBS] ep=89 xcd=2 drain=0.400 l1=0.240 wait=2.160 acq=0.040 obs=19115119661649 bar=2.840
[OPROJ_INNER] slicewait=0.44 mfma=3.96 bar=2.80 rmsnorm_router=1.44 topk=6.32 total=14.96
[OPROJ_INNER] slicewait=0.40 mfma=4.04 bar=2.60 rmsnorm_router=1.56 topk=0.76 total=9.36
[BAR_OBS] ep=89 xcd=5 drain=0.440 l1=0.320 wait=1.240 acq=0.080 obs=19115119661640 bar=2.080
[BAR_ARR] ep=89 xcd=2 l1=0.240 l2=0.440
[OPROJ_INNER] slicewait=0.40 mfma=3.96 bar=2.12 rmsnorm_router=1.76 topk=3.12 total=11.36
[BAR_OBS] ep=89 xcd=0 drain=0.400 l1=0.280 wait=2.200 acq=0.080 obs=19115119661649 bar=2.960
[BAR_OBS] ep=89 xcd=1 drain=0.360 l1=0.240 wait=1.920 acq=0.080 obs=19115119661645 bar=2.600
[BAR_OBS] ep=89 xcd=3 drain=0.400 l1=0.160 wait=2.080 acq=0.080 obs=19115119661648 bar=2.720
[BAR_ARR] ep=89 xcd=1 l1=0.240 l2=0.520
[BAR_ARR] ep=89 xcd=3 l1=0.160 l2=0.480
[BAR_ARR] ep=89 xcd=0 l1=0.280 l2=0.360
[BAR_OBS] ep=89 xcd=6 drain=0.520 l1=0.320 wait=1.880 acq=0.080 obs=19115119661719 bar=2.800
[BAR_ARR] ep=89 xcd=5 l1=0.320 l2=0.480
[OPROJ_INNER] slicewait=0.40 mfma=3.92 bar=2.24 rmsnorm_router=1.56 topk=2.48 total=10.60
[BAR_OBS] ep=89 xcd=7 drain=0.440 l1=0.320 wait=1.280 acq=0.080 obs=19115119661642 bar=2.120
[BAR_ARR] ep=89 xcd=6 l1=0.320 l2=0.640
[BAR_ARR] ep=89 xcd=7 l1=0.320 l2=0.360
[BAR_REL] ep=89 xcd=6 rel=19115119661643
[BAR_OBS] ep=89 xcd=4 drain=0.480 l1=0.360 wait=1.320 acq=0.080 obs=19115119661656 bar=2.240
[BAR_ARR] ep=89 xcd=4 l1=0.360 l2=0.520
[OPROJ_INNER] slicewait=0.40 mfma=3.96 bar=2.96 rmsnorm_router=1.72 topk=2.04 total=11.08
[OPROJ_INNER] slicewait=0.44 mfma=3.88 bar=2.76 rmsnorm_router=1.68 topk=2.24 total=11.00
[OPROJ_INNER] slicewait=0.44 mfma=3.88 bar=2.88 rmsnorm_router=1.60 topk=0.60 total=9.40
[OPROJ_INNER] slicewait=0.44 mfma=3.92 bar=2.72 rmsnorm_router=1.48 topk=0.40 total=8.96
[BAR_OBS] ep=90 xcd=0 drain=0.360 l1=0.320 wait=2.240 acq=0.040 obs=19115119927161 bar=2.960
[BAR_OBS] ep=90 xcd=1 drain=0.400 l1=0.200 wait=2.120 acq=0.040 obs=19115119927165 bar=2.760
[OPROJ_INNER] slicewait=0.40 mfma=3.88 bar=2.32 rmsnorm_router=1.40 topk=2.12 total=10.12
[OPROJ_INNER] slicewait=0.44 mfma=3.88 bar=2.16 rmsnorm_router=1.72 topk=3.64 total=11.84
[BAR_ARR] ep=90 xcd=1 l1=0.200 l2=0.440
[BAR_OBS] ep=90 xcd=2 drain=0.360 l1=0.200 wait=2.280 acq=0.040 obs=19115119927161 bar=2.880
[BAR_OBS] ep=90 xcd=3 drain=0.400 l1=0.200 wait=2.040 acq=0.080 obs=19115119927156 bar=2.720
[BAR_ARR] ep=90 xcd=0 l1=0.320 l2=0.240
[OPROJ_INNER] slicewait=0.40 mfma=3.92 bar=2.68 rmsnorm_router=1.84 topk=6.36 total=15.20
[BAR_ARR] ep=90 xcd=3 l1=0.200 l2=0.560
[BAR_ARR] ep=90 xcd=2 l1=0.200 l2=0.360
[BAR_OBS] ep=90 xcd=4 drain=0.480 l1=0.320 wait=1.440 acq=0.080 obs=19115119927176 bar=2.320
[BAR_OBS] ep=90 xcd=5 drain=0.440 l1=0.320 wait=1.320 acq=0.080 obs=19115119927152 bar=2.160
[BAR_ARR] ep=90 xcd=4 l1=0.320 l2=0.600
[BAR_OBS] ep=90 xcd=6 drain=0.520 l1=0.320 wait=1.760 acq=0.080 obs=19115119927215 bar=2.680
[OPROJ_INNER] slicewait=0.40 mfma=3.92 bar=2.16 rmsnorm_router=1.60 topk=2.96 total=11.04
[BAR_ARR] ep=90 xcd=5 l1=0.320 l2=0.440
[BAR_ARR] ep=90 xcd=6 l1=0.320 l2=0.680
[BAR_REL] ep=90 xcd=6 rel=19115119927155
[BAR_OBS] ep=90 xcd=7 drain=0.440 l1=0.320 wait=1.320 acq=0.080 obs=19115119927162 bar=2.160
[BAR_ARR] ep=90 xcd=7 l1=0.320 l2=0.480
[OPROJ_INNER] slicewait=0.40 mfma=3.92 bar=2.68 rmsnorm_router=1.60 topk=1.04 total=9.64
[OPROJ_INNER] slicewait=0.40 mfma=4.00 bar=2.52 rmsnorm_router=1.52 topk=0.80 total=9.24
[OPROJ_INNER] slicewait=0.40 mfma=3.92 bar=2.08 rmsnorm_router=1.80 topk=3.08 total=11.28
[OPROJ_INNER] slicewait=0.40 mfma=3.96 bar=2.20 rmsnorm_router=1.52 topk=2.20 total=10.28
[OPROJ_INNER] slicewait=0.44 mfma=4.00 bar=2.80 rmsnorm_router=1.64 topk=2.16 total=11.04
[BAR_OBS] ep=91 xcd=0 drain=0.360 l1=0.240 wait=2.120 acq=0.080 obs=19115120185401 bar=2.800
[BAR_OBS] ep=91 xcd=2 drain=0.400 l1=0.240 wait=2.000 acq=0.040 obs=19115120185401 bar=2.680
[OPROJ_INNER] slicewait=0.40 mfma=3.92 bar=2.60 rmsnorm_router=1.48 topk=0.36 total=8.76
[OPROJ_INNER] slicewait=0.44 mfma=3.92 bar=2.56 rmsnorm_router=1.80 topk=6.40 total=15.12
[BAR_ARR] ep=91 xcd=2 l1=0.240 l2=0.520
[OPROJ_INNER] slicewait=0.40 mfma=3.96 bar=2.28 rmsnorm_router=1.56 topk=3.80 total=12.00
[BAR_OBS] ep=91 xcd=1 drain=0.360 l1=0.200 wait=1.880 acq=0.080 obs=19115120185397 bar=2.520
[BAR_ARR] ep=91 xcd=1 l1=0.200 l2=0.600
[BAR_OBS] ep=91 xcd=5 drain=0.440 l1=0.320 wait=1.360 acq=0.080 obs=19115120185408 bar=2.200
[BAR_ARR] ep=91 xcd=0 l1=0.240 l2=0.280
[BAR_OBS] ep=91 xcd=6 drain=0.480 l1=0.320 wait=1.400 acq=0.080 obs=19115120185423 bar=2.280
[BAR_OBS] ep=91 xcd=7 drain=0.480 l1=0.320 wait=1.200 acq=0.080 obs=19115120185394 bar=2.080
[BAR_ARR] ep=91 xcd=5 l1=0.320 l2=0.480
[BAR_ARR] ep=91 xcd=7 l1=0.320 l2=0.360
[BAR_ARR] ep=91 xcd=6 l1=0.320 l2=0.640
[BAR_OBS] ep=91 xcd=4 drain=0.480 l1=0.320 wait=1.720 acq=0.040 obs=19115120185456 bar=2.560
[BAR_OBS] ep=91 xcd=3 drain=0.400 l1=0.200 wait=1.920 acq=0.080 obs=19115120185396 bar=2.600
[BAR_ARR] ep=91 xcd=4 l1=0.320 l2=0.640
[BAR_ARR] ep=91 xcd=3 l1=0.200 l2=0.520
[BAR_REL] ep=91 xcd=4 rel=19115120185396
[OPROJ_INNER] slicewait=0.40 mfma=3.92 bar=2.76 rmsnorm_router=1.68 topk=1.72 total=10.48
[OPROJ_INNER] slicewait=0.36 mfma=3.96 bar=2.72 rmsnorm_router=1.56 topk=1.16 total=9.76
[OPROJ_INNER] slicewait=0.36 mfma=3.92 bar=2.12 rmsnorm_router=1.68 topk=3.08 total=11.16
[OPROJ_INNER] slicewait=0.40 mfma=3.88 bar=2.64 rmsnorm_router=1.52 topk=0.72 total=9.16
[OPROJ_INNER] slicewait=0.36 mfma=4.00 bar=1.96 rmsnorm_router=1.68 topk=2.04 total=10.04
[OPROJ_INNER] slicewait=0.40 mfma=3.92 bar=2.04 rmsnorm_router=1.72 topk=2.80 total=10.88
[BAR_OBS] ep=92 xcd=4 drain=0.520 l1=0.320 wait=1.240 acq=0.040 obs=19115120452936 bar=2.120
[BAR_OBS] ep=92 xcd=0 drain=0.360 l1=0.240 wait=2.080 acq=0.080 obs=19115120452925 bar=2.760
[OPROJ_INNER] slicewait=0.40 mfma=4.00 bar=2.52 rmsnorm_router=1.48 topk=0.40 total=8.80
[BAR_OBS] ep=92 xcd=2 drain=0.400 l1=0.240 wait=2.000 acq=0.080 obs=19115120452925 bar=2.720
[BAR_ARR] ep=92 xcd=4 l1=0.320 l2=0.440
[OPROJ_INNER] slicewait=0.40 mfma=3.96 bar=2.52 rmsnorm_router=1.76 topk=5.84 total=14.48
[BAR_ARR] ep=92 xcd=0 l1=0.240 l2=0.440
[BAR_OBS] ep=92 xcd=7 drain=0.440 l1=0.320 wait=1.120 acq=0.080 obs=19115120452918 bar=1.960
[BAR_OBS] ep=92 xcd=1 drain=0.360 l1=0.200 wait=2.000 acq=0.080 obs=19115120452921 bar=2.640
[BAR_ARR] ep=92 xcd=1 l1=0.200 l2=0.640
[BAR_ARR] ep=92 xcd=7 l1=0.320 l2=0.360
[BAR_ARR] ep=92 xcd=2 l1=0.240 l2=0.480
[BAR_OBS] ep=92 xcd=5 drain=0.440 l1=0.280 wait=1.240 acq=0.080 obs=19115120452916 bar=2.040
[BAR_OBS] ep=92 xcd=6 drain=0.480 l1=0.320 wait=1.640 acq=0.080 obs=19115120452979 bar=2.520
[BAR_OBS] ep=92 xcd=3 drain=0.400 l1=0.160 wait=1.880 acq=0.080 obs=19115120452920 bar=2.520
[BAR_ARR] ep=92 xcd=5 l1=0.280 l2=0.360
[BAR_ARR] ep=92 xcd=3 l1=0.160 l2=0.680
[BAR_ARR] ep=92 xcd=6 l1=0.320 l2=0.600
[BAR_REL] ep=92 xcd=6 rel=19115120452919
[OPROJ_INNER] slicewait=0.44 mfma=3.92 bar=2.52 rmsnorm_router=1.56 topk=0.76 total=9.20
[OPROJ_INNER] slicewait=0.40 mfma=3.96 bar=2.60 rmsnorm_router=1.52 topk=0.40 total=8.88
[OPROJ_INNER] slicewait=0.44 mfma=4.00 bar=2.72 rmsnorm_router=1.68 topk=2.76 total=11.60
[BAR_OBS] ep=93 xcd=3 drain=0.400 l1=0.200 wait=1.920 acq=0.080 obs=19115120716624 bar=2.600
[BAR_OBS] ep=93 xcd=1 drain=0.360 l1=0.200 wait=1.880 acq=0.080 obs=19115120716625 bar=2.520
[OPROJ_INNER] slicewait=0.40 mfma=3.96 bar=2.08 rmsnorm_router=1.72 topk=3.20 total=11.36
[BAR_ARR] ep=93 xcd=3 l1=0.200 l2=0.600
[BAR_ARR] ep=93 xcd=1 l1=0.200 l2=0.720
[OPROJ_INNER] slicewait=0.44 mfma=3.96 bar=2.72 rmsnorm_router=1.64 topk=1.12 total=9.88
[OPROJ_INNER] slicewait=0.36 mfma=3.92 bar=2.48 rmsnorm_router=1.72 topk=3.32 total=11.80
[OPROJ_INNER] slicewait=0.44 mfma=3.92 bar=2.08 rmsnorm_router=1.68 topk=2.44 total=10.56
[BAR_OBS] ep=93 xcd=0 drain=0.360 l1=0.240 wait=2.040 acq=0.080 obs=19115120716629 bar=2.720
[OPROJ_INNER] slicewait=0.40 mfma=3.96 bar=2.56 rmsnorm_router=1.88 topk=5.92 total=14.72
[BAR_OBS] ep=93 xcd=7 drain=0.440 l1=0.320 wait=1.240 acq=0.080 obs=19115120716626 bar=2.080
[BAR_ARR] ep=93 xcd=7 l1=0.320 l2=0.360
[BAR_OBS] ep=93 xcd=4 drain=0.480 l1=0.320 wait=1.680 acq=0.080 obs=19115120716684 bar=2.560
[BAR_OBS] ep=93 xcd=6 drain=0.480 l1=0.360 wait=1.560 acq=0.080 obs=19115120716667 bar=2.480
[BAR_OBS] ep=93 xcd=5 drain=0.480 l1=0.280 wait=1.240 acq=0.080 obs=19115120716624 bar=2.080
[BAR_ARR] ep=93 xcd=0 l1=0.240 l2=0.440
[BAR_ARR] ep=93 xcd=6 l1=0.360 l2=0.520
[BAR_ARR] ep=93 xcd=5 l1=0.280 l2=0.360
[BAR_OBS] ep=93 xcd=2 drain=0.400 l1=0.200 wait=2.040 acq=0.080 obs=19115120716629 bar=2.720
[BAR_ARR] ep=93 xcd=4 l1=0.320 l2=0.600
[BAR_ARR] ep=93 xcd=2 l1=0.200 l2=0.560
[BAR_REL] ep=93 xcd=4 rel=19115120716624
[OPROJ_INNER] slicewait=0.40 mfma=4.00 bar=2.48 rmsnorm_router=1.52 topk=0.68 total=9.08
[OPROJ_INNER] slicewait=0.44 mfma=3.88 bar=2.72 rmsnorm_router=1.64 topk=1.08 total=9.76
[OPROJ_INNER] slicewait=0.40 mfma=3.92 bar=2.56 rmsnorm_router=1.60 topk=0.92 total=9.40
[OPROJ_INNER] slicewait=0.44 mfma=3.96 bar=2.48 rmsnorm_router=1.92 topk=6.20 total=15.00
[OPROJ_INNER] slicewait=0.40 mfma=3.92 bar=2.76 rmsnorm_router=1.72 topk=2.68 total=11.48
[OPROJ_INNER] slicewait=0.40 mfma=3.96 bar=2.16 rmsnorm_router=1.56 topk=3.28 total=11.36
[BAR_OBS] ep=94 xcd=1 drain=0.360 l1=0.200 wait=1.920 acq=0.080 obs=19115120969097 bar=2.560
[OPROJ_INNER] slicewait=0.40 mfma=3.88 bar=2.04 rmsnorm_router=1.64 topk=2.64 total=10.60
[BAR_OBS] ep=94 xcd=2 drain=0.400 l1=0.240 wait=2.000 acq=0.080 obs=19115120969101 bar=2.720
[OPROJ_INNER] slicewait=0.44 mfma=3.84 bar=2.12 rmsnorm_router=1.76 topk=2.96 total=11.12
[BAR_OBS] ep=94 xcd=7 drain=0.480 l1=0.280 wait=1.360 acq=0.040 obs=19115120969122 bar=2.160
[BAR_OBS] ep=94 xcd=0 drain=0.400 l1=0.200 wait=2.080 acq=0.080 obs=19115120969101 bar=2.760
[BAR_OBS] ep=94 xcd=3 drain=0.360 l1=0.200 wait=1.840 acq=0.080 obs=19115120969096 bar=2.480
[BAR_ARR] ep=94 xcd=1 l1=0.200 l2=0.600
[BAR_ARR] ep=94 xcd=3 l1=0.200 l2=0.760
[BAR_ARR] ep=94 xcd=7 l1=0.280 l2=0.480
[BAR_ARR] ep=94 xcd=0 l1=0.200 l2=0.400
[BAR_ARR] ep=94 xcd=2 l1=0.240 l2=0.520
[BAR_OBS] ep=94 xcd=6 drain=0.480 l1=0.320 wait=1.640 acq=0.040 obs=19115120969159 bar=2.480
[BAR_OBS] ep=94 xcd=5 drain=0.480 l1=0.320 wait=1.280 acq=0.040 obs=19115120969096 bar=2.120
[BAR_OBS] ep=94 xcd=4 drain=0.480 l1=0.320 wait=1.160 acq=0.080 obs=19115120969096 bar=2.040
[BAR_ARR] ep=94 xcd=6 l1=0.320 l2=0.560
[BAR_ARR] ep=94 xcd=5 l1=0.320 l2=0.360
[BAR_ARR] ep=94 xcd=4 l1=0.320 l2=0.440
[BAR_REL] ep=94 xcd=6 rel=19115120969095
[OPROJ_INNER] slicewait=0.44 mfma=3.96 bar=2.60 rmsnorm_router=1.52 topk=0.68 total=9.20
[OPROJ_INNER] slicewait=0.44 mfma=3.88 bar=2.64 rmsnorm_router=1.48 topk=0.36 total=8.80
[OPROJ_INNER] slicewait=0.44 mfma=3.96 bar=2.04 rmsnorm_router=1.72 topk=3.20 total=11.36
[OPROJ_INNER] slicewait=0.40 mfma=3.92 bar=2.12 rmsnorm_router=1.76 topk=2.64 total=10.84
[OPROJ_INNER] slicewait=0.40 mfma=3.96 bar=2.20 rmsnorm_router=1.48 topk=2.52 total=10.56
[OPROJ_INNER] slicewait=0.40 mfma=3.88 bar=2.88 rmsnorm_router=1.56 topk=1.12 total=9.84
[OPROJ_INNER] slicewait=0.40 mfma=3.92 bar=2.56 rmsnorm_router=2.00 topk=5.88 total=14.76
[OPROJ_INNER] slicewait=0.40 mfma=3.96 bar=2.76 rmsnorm_router=1.68 topk=2.28 total=11.08
[BAR_OBS] ep=95 xcd=1 drain=0.360 l1=0.200 wait=1.960 acq=0.080 obs=19115121232609 bar=2.600
[BAR_ARR] ep=95 xcd=1 l1=0.200 l2=0.640
[BAR_OBS] ep=95 xcd=5 drain=0.440 l1=0.320 wait=1.280 acq=0.080 obs=19115121232604 bar=2.120
[BAR_OBS] ep=95 xcd=2 drain=0.400 l1=0.200 wait=2.200 acq=0.080 obs=19115121232609 bar=2.880
[BAR_OBS] ep=95 xcd=7 drain=0.480 l1=0.320 wait=1.160 acq=0.080 obs=19115121232606 bar=2.040
[BAR_ARR] ep=95 xcd=2 l1=0.200 l2=0.280
[BAR_ARR] ep=95 xcd=7 l1=0.320 l2=0.320
[BAR_OBS] ep=95 xcd=3 drain=0.400 l1=0.160 wait=2.000 acq=0.080 obs=19115121232604 bar=2.640
[BAR_ARR] ep=95 xcd=5 l1=0.320 l2=0.320
[BAR_OBS] ep=95 xcd=4 drain=0.480 l1=0.320 wait=1.320 acq=0.080 obs=19115121232624 bar=2.200
[BAR_OBS] ep=95 xcd=0 drain=0.400 l1=0.240 wait=2.080 acq=0.040 obs=19115121232613 bar=2.760
[BAR_ARR] ep=95 xcd=3 l1=0.160 l2=0.560
[BAR_OBS] ep=95 xcd=6 drain=0.520 l1=0.320 wait=1.680 acq=0.040 obs=19115121232667 bar=2.560
[BAR_ARR] ep=95 xcd=0 l1=0.240 l2=0.320
[BAR_ARR] ep=95 xcd=6 l1=0.320 l2=0.600
[BAR_ARR] ep=95 xcd=4 l1=0.320 l2=0.520
[BAR_REL] ep=95 xcd=6 rel=19115121232607
[OPROJ_INNER] slicewait=0.36 mfma=4.04 bar=2.28 rmsnorm_router=1.48 topk=3.48 total=11.64
[OPROJ_INNER] slicewait=0.44 mfma=3.92 bar=2.80 rmsnorm_router=1.68 topk=2.28 total=11.12
[OPROJ_INNER] slicewait=0.44 mfma=3.96 bar=2.72 rmsnorm_router=1.60 topk=1.24 total=9.96
[OPROJ_INNER] slicewait=0.40 mfma=3.92 bar=2.16 rmsnorm_router=1.68 topk=3.04 total=11.20
[OPROJ_INNER] slicewait=0.40 mfma=3.96 bar=2.52 rmsnorm_router=1.56 topk=0.40 total=8.84
[OPROJ_INNER] slicewait=0.40 mfma=3.96 bar=2.52 rmsnorm_router=1.56 topk=0.60 total=9.04
[BAR_OBS] ep=96 xcd=7 drain=0.440 l1=0.320 wait=1.440 acq=0.080 obs=19115121503994 bar=2.280
[OPROJ_INNER] slicewait=0.40 mfma=3.88 bar=2.24 rmsnorm_router=1.48 topk=2.24 total=10.24
[OPROJ_INNER] slicewait=0.40 mfma=3.96 bar=2.52 rmsnorm_router=1.80 topk=6.24 total=14.92
[BAR_OBS] ep=96 xcd=0 drain=0.400 l1=0.240 wait=2.120 acq=0.040 obs=19115121503973 bar=2.800
[BAR_OBS] ep=96 xcd=5 drain=0.480 l1=0.280 wait=1.320 acq=0.080 obs=19115121503964 bar=2.160
[BAR_OBS] ep=96 xcd=2 drain=0.440 l1=0.240 wait=1.960 acq=0.080 obs=19115121503969 bar=2.720
[BAR_OBS] ep=96 xcd=1 drain=0.360 l1=0.240 wait=1.880 acq=0.040 obs=19115121503969 bar=2.520
[BAR_ARR] ep=96 xcd=2 l1=0.240 l2=0.400
[BAR_OBS] ep=96 xcd=4 drain=0.480 l1=0.320 wait=1.360 acq=0.080 obs=19115121503980 bar=2.240
[BAR_ARR] ep=96 xcd=1 l1=0.240 l2=0.440
[BAR_ARR] ep=96 xcd=5 l1=0.280 l2=0.400
[BAR_ARR] ep=96 xcd=0 l1=0.240 l2=0.320
[BAR_ARR] ep=96 xcd=7 l1=0.320 l2=0.560
[BAR_OBS] ep=96 xcd=3 drain=0.400 l1=0.200 wait=1.840 acq=0.080 obs=19115121503964 bar=2.520
[BAR_ARR] ep=96 xcd=4 l1=0.320 l2=0.480
[BAR_OBS] ep=96 xcd=6 drain=0.480 l1=0.320 wait=1.640 acq=0.080 obs=19115121504027 bar=2.520
[BAR_ARR] ep=96 xcd=3 l1=0.200 l2=0.600
[BAR_ARR] ep=96 xcd=6 l1=0.320 l2=0.560
[BAR_REL] ep=96 xcd=6 rel=19115121503967
[OPROJ_INNER] slicewait=0.40 mfma=3.96 bar=2.72 rmsnorm_router=1.52 topk=0.64 total=9.24
[OPROJ_INNER] slicewait=0.40 mfma=3.92 bar=2.84 rmsnorm_router=1.60 topk=1.08 total=9.84
[OPROJ_INNER] slicewait=0.40 mfma=4.00 bar=2.80 rmsnorm_router=1.64 topk=1.80 total=10.64
[BAR_OBS] ep=97 xcd=2 drain=0.360 l1=0.240 wait=2.160 acq=0.080 obs=19115121781681 bar=2.840
[OPROJ_INNER] slicewait=0.40 mfma=3.92 bar=2.56 rmsnorm_router=1.52 topk=0.36 total=8.76
[OPROJ_INNER] slicewait=0.44 mfma=3.88 bar=2.32 rmsnorm_router=1.48 topk=2.60 total=10.72
[OPROJ_INNER] slicewait=0.40 mfma=3.92 bar=2.16 rmsnorm_router=1.72 topk=2.76 total=10.96
[BAR_OBS] ep=97 xcd=0 drain=0.400 l1=0.200 wait=2.120 acq=0.080 obs=19115121781685 bar=2.800
[OPROJ_INNER] slicewait=0.44 mfma=3.92 bar=2.16 rmsnorm_router=1.76 topk=3.08 total=11.36
[BAR_ARR] ep=97 xcd=0 l1=0.200 l2=0.600
[BAR_ARR] ep=97 xcd=2 l1=0.240 l2=0.480
[BAR_OBS] ep=97 xcd=3 drain=0.400 l1=0.200 wait=1.920 acq=0.040 obs=19115121781680 bar=2.560
[BAR_OBS] ep=97 xcd=1 drain=0.360 l1=0.240 wait=2.040 acq=0.080 obs=19115121781681 bar=2.720
[OPROJ_INNER] slicewait=0.36 mfma=4.00 bar=2.64 rmsnorm_router=1.76 topk=5.80 total=14.56
[BAR_ARR] ep=97 xcd=3 l1=0.200 l2=0.640
[BAR_ARR] ep=97 xcd=1 l1=0.240 l2=0.600
[BAR_OBS] ep=97 xcd=7 drain=0.480 l1=0.320 wait=1.280 acq=0.080 obs=19115121781678 bar=2.160
[BAR_OBS] ep=97 xcd=5 drain=0.480 l1=0.280 wait=1.360 acq=0.040 obs=19115121781684 bar=2.160
[BAR_OBS] ep=97 xcd=4 drain=0.480 l1=0.360 wait=1.400 acq=0.080 obs=19115121781700 bar=2.320
[BAR_ARR] ep=97 xcd=7 l1=0.320 l2=0.320
[BAR_ARR] ep=97 xcd=5 l1=0.280 l2=0.520
[BAR_ARR] ep=97 xcd=4 l1=0.360 l2=0.520
[BAR_OBS] ep=97 xcd=6 drain=0.520 l1=0.320 wait=1.760 acq=0.040 obs=19115121781743 bar=2.640
[BAR_ARR] ep=97 xcd=6 l1=0.320 l2=0.640
[BAR_REL] ep=97 xcd=6 rel=19115121781679
[OPROJ_INNER] slicewait=0.40 mfma=4.00 bar=2.68 rmsnorm_router=1.84 topk=5.60 total=14.52
[OPROJ_INNER] slicewait=0.44 mfma=3.92 bar=2.80 rmsnorm_router=1.60 topk=1.08 total=9.84
[OPROJ_INNER] slicewait=0.44 mfma=3.92 bar=2.08 rmsnorm_router=1.76 topk=2.40 total=10.60
[OPROJ_INNER] slicewait=0.40 mfma=3.92 bar=2.72 rmsnorm_router=1.48 topk=0.76 total=9.28
[OPROJ_INNER] slicewait=0.40 mfma=3.92 bar=2.08 rmsnorm_router=1.80 topk=2.96 total=11.16
[OPROJ_INNER] slicewait=0.44 mfma=3.96 bar=2.60 rmsnorm_router=1.52 topk=0.36 total=8.88
[OPROJ_INNER] slicewait=0.40 mfma=3.92 bar=2.96 rmsnorm_router=1.64 topk=2.24 total=11.16
[BAR_OBS] ep=98 xcd=0 drain=0.400 l1=0.200 wait=2.280 acq=0.080 obs=19115122049021 bar=2.960
[BAR_OBS] ep=98 xcd=1 drain=0.360 l1=0.200 wait=2.080 acq=0.080 obs=19115122049017 bar=2.720
[OPROJ_INNER] slicewait=0.40 mfma=3.92 bar=2.20 rmsnorm_router=1.52 topk=1.72 total=9.76
[BAR_OBS] ep=98 xcd=2 drain=0.400 l1=0.200 wait=2.120 acq=0.080 obs=19115122049017 bar=2.800
[BAR_OBS] ep=98 xcd=3 drain=0.360 l1=0.200 wait=1.960 acq=0.080 obs=19115122049012 bar=2.600
[BAR_ARR] ep=98 xcd=2 l1=0.200 l2=0.600
[BAR_ARR] ep=98 xcd=0 l1=0.200 l2=0.320
[BAR_OBS] ep=98 xcd=5 drain=0.440 l1=0.320 wait=1.240 acq=0.080 obs=19115122049012 bar=2.080
[BAR_OBS] ep=98 xcd=7 drain=0.480 l1=0.280 wait=1.280 acq=0.040 obs=19115122049014 bar=2.080
[BAR_ARR] ep=98 xcd=1 l1=0.200 l2=0.480
[BAR_OBS] ep=98 xcd=6 drain=0.520 l1=0.320 wait=1.760 acq=0.080 obs=19115122049083 bar=2.680
[BAR_ARR] ep=98 xcd=5 l1=0.320 l2=0.480
[BAR_ARR] ep=98 xcd=7 l1=0.280 l2=0.360
[BAR_ARR] ep=98 xcd=3 l1=0.200 l2=0.640
[BAR_OBS] ep=98 xcd=4 drain=0.480 l1=0.320 wait=1.360 acq=0.040 obs=19115122049032 bar=2.200
[BAR_ARR] ep=98 xcd=6 l1=0.320 l2=0.600
[BAR_REL] ep=98 xcd=6 rel=19115122049015
[BAR_ARR] ep=98 xcd=4 l1=0.320 l2=0.560
[OPROJ_INNER] slicewait=0.40 mfma=4.00 bar=2.80 rmsnorm_router=1.64 topk=2.28 total=11.12
[OPROJ_INNER] slicewait=0.40 mfma=3.92 bar=2.08 rmsnorm_router=1.76 topk=2.44 total=10.60
[OPROJ_INNER] slicewait=0.36 mfma=3.92 bar=2.24 rmsnorm_router=1.44 topk=3.08 total=11.04
[OPROJ_INNER] slicewait=0.40 mfma=4.00 bar=2.52 rmsnorm_router=1.56 topk=0.76 total=9.24
[OPROJ_INNER] slicewait=0.44 mfma=3.92 bar=2.08 rmsnorm_router=1.76 topk=3.12 total=11.32
[OPROJ_INNER] slicewait=0.40 mfma=3.92 bar=2.64 rmsnorm_router=1.52 topk=0.36 total=8.84
[BAR_OBS] ep=99 xcd=0 drain=0.360 l1=0.240 wait=2.120 acq=0.080 obs=19115122321737 bar=2.800
[OPROJ_INNER] slicewait=0.40 mfma=3.92 bar=2.60 rmsnorm_router=1.60 topk=1.00 total=9.52
[OPROJ_INNER] slicewait=0.40 mfma=3.96 bar=2.60 rmsnorm_router=1.92 topk=5.88 total=14.76
[BAR_ARR] ep=99 xcd=0 l1=0.240 l2=0.440
[BAR_OBS] ep=99 xcd=7 drain=0.480 l1=0.280 wait=1.240 acq=0.080 obs=19115122321730 bar=2.080
[BAR_OBS] ep=99 xcd=1 drain=0.360 l1=0.200 wait=1.880 acq=0.080 obs=19115122321733 bar=2.520
[BAR_OBS] ep=99 xcd=3 drain=0.400 l1=0.200 wait=1.960 acq=0.080 obs=19115122321732 bar=2.640
[BAR_OBS] ep=99 xcd=5 drain=0.440 l1=0.320 wait=1.280 acq=0.040 obs=19115122321732 bar=2.080
[BAR_OBS] ep=99 xcd=2 drain=0.480 l1=0.200 wait=1.880 acq=0.040 obs=19115122321737 bar=2.600
[BAR_ARR] ep=99 xcd=1 l1=0.200 l2=0.480
[BAR_ARR] ep=99 xcd=2 l1=0.200 l2=0.600
[BAR_ARR] ep=99 xcd=7 l1=0.280 l2=0.360
[BAR_ARR] ep=99 xcd=5 l1=0.320 l2=0.320
[BAR_ARR] ep=99 xcd=3 l1=0.200 l2=0.440
[BAR_OBS] ep=99 xcd=6 drain=0.480 l1=0.320 wait=1.720 acq=0.080 obs=19115122321791 bar=2.600
[BAR_OBS] ep=99 xcd=4 drain=0.480 l1=0.320 wait=1.400 acq=0.040 obs=19115122321756 bar=2.240
[BAR_ARR] ep=99 xcd=6 l1=0.320 l2=0.640
[BAR_ARR] ep=99 xcd=4 l1=0.320 l2=0.440
[BAR_REL] ep=99 xcd=6 rel=19115122321731
[OPROJ_INNER] slicewait=0.40 mfma=3.96 bar=2.44 rmsnorm_router=1.52 topk=0.40 total=8.72
[OPROJ_INNER] slicewait=0.40 mfma=3.92 bar=2.16 rmsnorm_router=1.76 topk=3.04 total=11.28
[OPROJ_INNER] slicewait=0.40 mfma=3.88 bar=2.88 rmsnorm_router=1.64 topk=2.32 total=11.12
[BAR_OBS] ep=100 xcd=3 drain=0.400 l1=0.160 wait=1.840 acq=0.040 obs=19115122585944 bar=2.440
[OPROJ_INNER] slicewait=0.36 mfma=4.00 bar=2.72 rmsnorm_router=1.60 topk=1.32 total=10.00
[OPROJ_INNER] slicewait=0.40 mfma=3.88 bar=2.68 rmsnorm_router=1.48 topk=0.64 total=9.08
[BAR_ARR] ep=100 xcd=3 l1=0.160 l2=0.520
[OPROJ_INNER] slicewait=0.40 mfma=3.88 bar=2.24 rmsnorm_router=1.48 topk=1.84 total=9.84
[BAR_OBS] ep=100 xcd=0 drain=0.400 l1=0.240 wait=2.160 acq=0.080 obs=19115122585949 bar=2.880
[OPROJ_INNER] slicewait=0.40 mfma=3.88 bar=2.12 rmsnorm_router=1.72 topk=2.28 total=10.40
[BAR_OBS] ep=100 xcd=2 drain=0.400 l1=0.200 wait=2.040 acq=0.080 obs=19115122585949 bar=2.720
[BAR_ARR] ep=100 xcd=2 l1=0.200 l2=0.560
[BAR_ARR] ep=100 xcd=0 l1=0.240 l2=0.400
[OPROJ_INNER] slicewait=0.44 mfma=3.88 bar=2.68 rmsnorm_router=1.44 topk=6.44 total=14.88
[BAR_OBS] ep=100 xcd=1 drain=0.360 l1=0.200 wait=2.040 acq=0.080 obs=19115122585945 bar=2.680
[BAR_OBS] ep=100 xcd=7 drain=0.440 l1=0.320 wait=1.320 acq=0.080 obs=19115122585942 bar=2.160
[BAR_ARR] ep=100 xcd=1 l1=0.200 l2=0.440
[BAR_ARR] ep=100 xcd=7 l1=0.320 l2=0.560
[BAR_OBS] ep=100 xcd=6 drain=0.480 l1=0.320 wait=1.800 acq=0.080 obs=19115122586003 bar=2.680
[BAR_OBS] ep=100 xcd=4 drain=0.480 l1=0.360 wait=1.320 acq=0.080 obs=19115122585956 bar=2.240
[BAR_OBS] ep=100 xcd=5 drain=0.440 l1=0.320 wait=1.280 acq=0.080 obs=19115122585940 bar=2.120
[BAR_ARR] ep=100 xcd=6 l1=0.320 l2=0.720
[BAR_ARR] ep=100 xcd=4 l1=0.360 l2=0.560
[BAR_ARR] ep=100 xcd=5 l1=0.320 l2=0.400
[BAR_REL] ep=100 xcd=6 rel=19115122585943
[OPROJ_INNER] slicewait=0.40 mfma=3.92 bar=2.88 rmsnorm_router=1.64 topk=1.00 total=9.84
[OPROJ_INNER] slicewait=0.40 mfma=4.00 bar=2.76 rmsnorm_router=1.68 topk=2.96 total=11.80
[OPROJ_INNER] slicewait=0.40 mfma=3.96 bar=2.60 rmsnorm_router=1.48 topk=0.40 total=8.84
[OPROJ_INNER] slicewait=0.40 mfma=3.92 bar=2.12 rmsnorm_router=1.72 topk=2.32 total=10.48
[OPROJ_INNER] slicewait=0.40 mfma=3.92 bar=2.64 rmsnorm_router=1.88 topk=6.16 total=15.00
[BAR_OBS] ep=101 xcd=0 drain=0.360 l1=0.240 wait=2.080 acq=0.080 obs=19115122834605 bar=2.760
[OPROJ_INNER] slicewait=0.40 mfma=3.92 bar=2.32 rmsnorm_router=1.48 topk=3.16 total=11.28
[OPROJ_INNER] slicewait=0.40 mfma=4.00 bar=2.52 rmsnorm_router=1.56 topk=0.72 total=9.20
[BAR_ARR] ep=101 xcd=0 l1=0.240 l2=0.400
[BAR_OBS] ep=101 xcd=2 drain=0.400 l1=0.200 wait=2.200 acq=0.080 obs=19115122834605 bar=2.880
[BAR_ARR] ep=101 xcd=2 l1=0.200 l2=0.360
[BAR_OBS] ep=101 xcd=4 drain=0.480 l1=0.320 wait=1.760 acq=0.080 obs=19115122834660 bar=2.640
[OPROJ_INNER] slicewait=0.36 mfma=3.96 bar=2.16 rmsnorm_router=1.68 topk=3.40 total=11.56
[BAR_OBS] ep=101 xcd=6 drain=0.520 l1=0.320 wait=1.440 acq=0.040 obs=19115122834627 bar=2.320
[BAR_ARR] ep=101 xcd=4 l1=0.320 l2=0.680
[BAR_OBS] ep=101 xcd=7 drain=0.480 l1=0.320 wait=1.280 acq=0.080 obs=19115122834606 bar=2.160
[BAR_OBS] ep=101 xcd=1 drain=0.360 l1=0.200 wait=1.880 acq=0.080 obs=19115122834601 bar=2.520
[BAR_ARR] ep=101 xcd=1 l1=0.200 l2=0.560
[BAR_ARR] ep=101 xcd=7 l1=0.320 l2=0.400
[BAR_REL] ep=101 xcd=4 rel=19115122834600
[BAR_OBS] ep=101 xcd=5 drain=0.480 l1=0.280 wait=1.320 acq=0.040 obs=19115122834600 bar=2.120
[BAR_OBS] ep=101 xcd=3 drain=0.360 l1=0.200 wait=1.960 acq=0.080 obs=19115122834600 bar=2.600
[BAR_ARR] ep=101 xcd=6 l1=0.320 l2=0.520
[BAR_ARR] ep=101 xcd=5 l1=0.280 l2=0.360
[BAR_ARR] ep=101 xcd=3 l1=0.200 l2=0.440
[OPROJ_INNER] slicewait=0.40 mfma=3.96 bar=2.84 rmsnorm_router=1.56 topk=0.40 total=9.16
[OPROJ_INNER] slicewait=0.40 mfma=3.96 bar=2.96 rmsnorm_router=1.64 topk=2.48 total=11.44
[OPROJ_INNER] slicewait=0.40 mfma=3.92 bar=2.92 rmsnorm_router=1.56 topk=0.76 total=9.56
[OPROJ_INNER] slicewait=0.40 mfma=3.92 bar=2.84 rmsnorm_router=1.68 topk=0.96 total=9.80
[BAR_OBS] ep=102 xcd=0 drain=0.400 l1=0.200 wait=2.280 acq=0.080 obs=19115123094481 bar=2.960
[OPROJ_INNER] slicewait=0.44 mfma=3.92 bar=2.20 rmsnorm_router=1.56 topk=2.80 total=10.92
[OPROJ_INNER] slicewait=0.40 mfma=3.96 bar=2.80 rmsnorm_router=1.76 topk=5.92 total=14.84
[BAR_OBS] ep=102 xcd=3 drain=0.400 l1=0.200 wait=2.200 acq=0.040 obs=19115123094480 bar=2.840
[OPROJ_INNER] slicewait=0.40 mfma=3.92 bar=2.12 rmsnorm_router=1.76 topk=3.08 total=11.28
[BAR_OBS] ep=102 xcd=1 drain=0.360 l1=0.280 wait=2.200 acq=0.080 obs=19115123094477 bar=2.920
[BAR_ARR] ep=102 xcd=3 l1=0.200 l2=0.520
[BAR_OBS] ep=102 xcd=2 drain=0.400 l1=0.200 wait=2.200 acq=0.040 obs=19115123094481 bar=2.840
[BAR_ARR] ep=102 xcd=0 l1=0.200 l2=0.360
[BAR_ARR] ep=102 xcd=2 l1=0.200 l2=0.640
[BAR_OBS] ep=102 xcd=5 drain=0.480 l1=0.280 wait=1.360 acq=0.080 obs=19115123094484 bar=2.200
[BAR_OBS] ep=102 xcd=7 drain=0.480 l1=0.280 wait=1.280 acq=0.080 obs=19115123094474 bar=2.120
[BAR_OBS] ep=102 xcd=6 drain=0.520 l1=0.320 wait=1.880 acq=0.080 obs=19115123094551 bar=2.800
[BAR_ARR] ep=102 xcd=7 l1=0.280 l2=0.360
[BAR_ARR] ep=102 xcd=5 l1=0.280 l2=0.520
[OPROJ_INNER] slicewait=0.40 mfma=3.96 bar=2.32 rmsnorm_router=1.48 topk=3.36 total=11.52
[BAR_ARR] ep=102 xcd=1 l1=0.280 l2=0.240
[BAR_ARR] ep=102 xcd=6 l1=0.320 l2=0.640
[BAR_REL] ep=102 xcd=6 rel=19115123094475
[BAR_OBS] ep=102 xcd=4 drain=0.480 l1=0.320 wait=1.440 acq=0.080 obs=19115123094504 bar=2.320
[BAR_ARR] ep=102 xcd=4 l1=0.320 l2=0.680
[OPROJ_INNER] slicewait=0.40 mfma=4.04 bar=2.84 rmsnorm_router=1.60 topk=1.16 total=10.04
[OPROJ_INNER] slicewait=0.40 mfma=3.96 bar=2.76 rmsnorm_router=1.52 topk=0.84 total=9.48
[OPROJ_INNER] slicewait=0.36 mfma=3.92 bar=3.04 rmsnorm_router=1.52 topk=1.72 total=10.56
[OPROJ_INNER] slicewait=0.44 mfma=3.96 bar=2.28 rmsnorm_router=1.56 topk=3.28 total=11.52
[BAR_OBS] ep=103 xcd=1 drain=0.360 l1=0.200 wait=2.120 acq=0.080 obs=19115123368697 bar=2.760
[OPROJ_INNER] slicewait=0.40 mfma=3.96 bar=2.80 rmsnorm_router=1.48 topk=0.36 total=9.00
[OPROJ_INNER] slicewait=0.40 mfma=3.92 bar=2.24 rmsnorm_router=1.56 topk=2.68 total=10.80
[BAR_ARR] ep=103 xcd=1 l1=0.200 l2=0.720
[BAR_OBS] ep=103 xcd=0 drain=0.400 l1=0.200 wait=2.160 acq=0.080 obs=19115123368701 bar=2.840
[OPROJ_INNER] slicewait=0.40 mfma=3.96 bar=2.64 rmsnorm_router=2.04 topk=5.84 total=14.88
[BAR_OBS] ep=103 xcd=3 drain=0.360 l1=0.200 wait=2.160 acq=0.080 obs=19115123368700 bar=2.800
[BAR_ARR] ep=103 xcd=0 l1=0.200 l2=0.600
[BAR_ARR] ep=103 xcd=3 l1=0.200 l2=0.480
[OPROJ_INNER] slicewait=0.44 mfma=3.92 bar=2.16 rmsnorm_router=1.68 topk=2.88 total=11.08
[BAR_OBS] ep=103 xcd=2 drain=0.440 l1=0.200 wait=2.320 acq=0.080 obs=19115123368709 bar=3.040
[BAR_ARR] ep=103 xcd=2 l1=0.200 l2=0.400
[BAR_OBS] ep=103 xcd=4 drain=0.480 l1=0.320 wait=1.360 acq=0.080 obs=19115123368708 bar=2.240
[BAR_OBS] ep=103 xcd=5 drain=0.440 l1=0.320 wait=1.320 acq=0.080 obs=19115123368692 bar=2.160
[BAR_OBS] ep=103 xcd=6 drain=0.520 l1=0.320 wait=1.760 acq=0.040 obs=19115123368759 bar=2.640
[BAR_OBS] ep=103 xcd=7 drain=0.440 l1=0.320 wait=1.480 acq=0.040 obs=19115123368722 bar=2.280
[BAR_ARR] ep=103 xcd=4 l1=0.320 l2=0.480
[BAR_ARR] ep=103 xcd=5 l1=0.320 l2=0.400
[BAR_ARR] ep=103 xcd=7 l1=0.320 l2=0.560
[BAR_ARR] ep=103 xcd=6 l1=0.320 l2=0.640
[BAR_REL] ep=103 xcd=6 rel=19115123368695
[OPROJ_INNER] slicewait=0.40 mfma=3.92 bar=2.80 rmsnorm_router=1.68 topk=6.28 total=15.08
[OPROJ_INNER] slicewait=0.44 mfma=3.92 bar=2.84 rmsnorm_router=1.72 topk=3.08 total=12.00
[OPROJ_INNER] slicewait=0.40 mfma=3.92 bar=2.72 rmsnorm_router=1.48 topk=0.40 total=8.92
[OPROJ_INNER] slicewait=0.40 mfma=3.92 bar=2.88 rmsnorm_router=1.64 topk=1.80 total=10.64
[OPROJ_INNER] slicewait=0.40 mfma=3.96 bar=2.12 rmsnorm_router=1.76 topk=2.64 total=10.88
[BAR_OBS] ep=104 xcd=2 drain=0.360 l1=0.200 wait=2.240 acq=0.040 obs=19115123624481 bar=2.840
[OPROJ_INNER] slicewait=0.40 mfma=3.92 bar=2.20 rmsnorm_router=1.64 topk=3.52 total=11.68
[BAR_OBS] ep=104 xcd=0 drain=0.400 l1=0.200 wait=2.200 acq=0.080 obs=19115123624481 bar=2.880
[OPROJ_INNER] slicewait=0.40 mfma=3.96 bar=2.68 rmsnorm_router=1.52 topk=0.80 total=9.36
[BAR_ARR] ep=104 xcd=2 l1=0.200 l2=0.400
[BAR_ARR] ep=104 xcd=0 l1=0.200 l2=0.400
[OPROJ_INNER] slicewait=0.40 mfma=3.96 bar=2.32 rmsnorm_router=1.48 topk=2.44 total=10.60
[BAR_OBS] ep=104 xcd=1 drain=0.360 l1=0.200 wait=2.080 acq=0.080 obs=19115123624477 bar=2.720
[BAR_OBS] ep=104 xcd=4 drain=0.480 l1=0.320 wait=1.920 acq=0.080 obs=19115123624548 bar=2.800
[BAR_ARR] ep=104 xcd=1 l1=0.200 l2=0.480
[BAR_OBS] ep=104 xcd=3 drain=0.400 l1=0.200 wait=2.040 acq=0.040 obs=19115123624480 bar=2.680
[BAR_OBS] ep=104 xcd=5 drain=0.480 l1=0.280 wait=1.280 acq=0.080 obs=19115123624472 bar=2.120
[BAR_ARR] ep=104 xcd=3 l1=0.200 l2=0.680
[BAR_OBS] ep=104 xcd=6 drain=0.480 l1=0.320 wait=1.440 acq=0.080 obs=19115123624495 bar=2.320
[BAR_ARR] ep=104 xcd=4 l1=0.320 l2=0.720
[BAR_ARR] ep=104 xcd=5 l1=0.280 l2=0.360
[BAR_OBS] ep=104 xcd=7 drain=0.480 l1=0.320 wait=1.320 acq=0.080 obs=19115123624482 bar=2.200
[BAR_ARR] ep=104 xcd=6 l1=0.320 l2=0.600
[BAR_REL] ep=104 xcd=4 rel=19115123624476
[BAR_ARR] ep=104 xcd=7 l1=0.320 l2=0.400
[OPROJ_INNER] slicewait=0.44 mfma=3.88 bar=2.96 rmsnorm_router=1.60 topk=1.28 total=10.16
[OPROJ_INNER] slicewait=0.44 mfma=4.00 bar=2.52 rmsnorm_router=1.68 topk=2.60 total=11.24
[OPROJ_INNER] slicewait=0.40 mfma=4.00 bar=2.60 rmsnorm_router=1.52 topk=0.80 total=9.32
[OPROJ_INNER] slicewait=0.40 mfma=4.00 bar=2.16 rmsnorm_router=1.68 topk=2.32 total=10.56
[OPROJ_INNER] slicewait=0.40 mfma=3.92 bar=2.88 rmsnorm_router=1.48 topk=0.36 total=9.04
[BAR_OBS] ep=105 xcd=0 drain=0.400 l1=0.200 wait=1.840 acq=0.080 obs=19115123884317 bar=2.520
[OPROJ_INNER] slicewait=0.40 mfma=3.96 bar=2.20 rmsnorm_router=1.64 topk=3.20 total=11.40
[OPROJ_INNER] slicewait=0.44 mfma=3.88 bar=2.68 rmsnorm_router=1.92 topk=5.92 total=14.84
[BAR_ARR] ep=105 xcd=0 l1=0.200 l2=0.440
[BAR_OBS] ep=105 xcd=1 drain=0.360 l1=0.200 wait=1.960 acq=0.080 obs=19115123884313 bar=2.600
[BAR_OBS] ep=105 xcd=7 drain=0.440 l1=0.320 wait=1.360 acq=0.080 obs=19115123884318 bar=2.200
[BAR_ARR] ep=105 xcd=1 l1=0.200 l2=0.440
[BAR_ARR] ep=105 xcd=7 l1=0.320 l2=0.480
[OPROJ_INNER] slicewait=0.40 mfma=3.92 bar=2.52 rmsnorm_router=1.76 topk=3.32 total=11.92
[BAR_OBS] ep=105 xcd=2 drain=0.400 l1=0.200 wait=2.280 acq=0.080 obs=19115123884317 bar=2.960
[BAR_OBS] ep=105 xcd=3 drain=0.360 l1=0.200 wait=2.240 acq=0.080 obs=19115123884316 bar=2.880
[BAR_ARR] ep=105 xcd=3 l1=0.200 l2=0.560
[BAR_ARR] ep=105 xcd=2 l1=0.200 l2=0.280
[BAR_OBS] ep=105 xcd=5 drain=0.440 l1=0.280 wait=1.360 acq=0.080 obs=19115123884312 bar=2.160
[BAR_OBS] ep=105 xcd=6 drain=0.520 l1=0.320 wait=1.800 acq=0.040 obs=19115123884375 bar=2.680
[BAR_OBS] ep=105 xcd=4 drain=0.480 l1=0.320 wait=1.640 acq=0.080 obs=19115123884352 bar=2.520
[BAR_ARR] ep=105 xcd=6 l1=0.320 l2=0.720
[BAR_ARR] ep=105 xcd=5 l1=0.280 l2=0.520
[BAR_ARR] ep=105 xcd=4 l1=0.320 l2=0.560
[BAR_REL] ep=105 xcd=6 rel=19115123884315
[OPROJ_INNER] slicewait=0.40 mfma=3.96 bar=2.76 rmsnorm_router=1.64 topk=1.04 total=9.80
[OPROJ_INNER] slicewait=0.40 mfma=3.88 bar=2.72 rmsnorm_router=1.52 topk=0.80 total=9.32
[OPROJ_INNER] slicewait=0.40 mfma=3.92 bar=2.72 rmsnorm_router=1.68 topk=2.64 total=11.36
[OPROJ_INNER] slicewait=0.40 mfma=4.00 bar=2.56 rmsnorm_router=1.44 topk=0.40 total=8.80
[OPROJ_INNER] slicewait=0.40 mfma=4.00 bar=2.08 rmsnorm_router=1.72 topk=3.28 total=11.48
[OPROJ_INNER] slicewait=0.40 mfma=3.96 bar=2.68 rmsnorm_router=1.84 topk=6.24 total=15.12
[BAR_OBS] ep=106 xcd=2 drain=0.360 l1=0.240 wait=2.080 acq=0.080 obs=19115124144017 bar=2.760
[OPROJ_INNER] slicewait=0.44 mfma=3.92 bar=2.12 rmsnorm_router=1.72 topk=2.80 total=11.00
[BAR_OBS] ep=106 xcd=1 drain=0.360 l1=0.200 wait=2.120 acq=0.040 obs=19115124144021 bar=2.720
[BAR_ARR] ep=106 xcd=2 l1=0.240 l2=0.440
[BAR_OBS] ep=106 xcd=0 drain=0.360 l1=0.240 wait=2.040 acq=0.080 obs=19115124144021 bar=2.720
[BAR_ARR] ep=106 xcd=1 l1=0.200 l2=0.440
[BAR_ARR] ep=106 xcd=0 l1=0.240 l2=0.520
[BAR_OBS] ep=106 xcd=5 drain=0.480 l1=0.320 wait=1.240 acq=0.080 obs=19115124144012 bar=2.120
[BAR_OBS] ep=106 xcd=3 drain=0.360 l1=0.200 wait=1.920 acq=0.080 obs=19115124144016 bar=2.560
[BAR_OBS] ep=106 xcd=7 drain=0.440 l1=0.320 wait=1.240 acq=0.080 obs=19115124144018 bar=2.080
[BAR_ARR] ep=106 xcd=3 l1=0.200 l2=0.680
[OPROJ_INNER] slicewait=0.40 mfma=3.92 bar=2.32 rmsnorm_router=1.52 topk=3.48 total=11.64
[BAR_ARR] ep=106 xcd=5 l1=0.320 l2=0.320
[BAR_ARR] ep=106 xcd=7 l1=0.320 l2=0.360
[BAR_OBS] ep=106 xcd=6 drain=0.480 l1=0.360 wait=1.760 acq=0.080 obs=19115124144079 bar=2.680
[BAR_ARR] ep=106 xcd=6 l1=0.360 l2=0.640
[BAR_OBS] ep=106 xcd=4 drain=0.520 l1=0.320 wait=1.440 acq=0.040 obs=19115124144044 bar=2.320
[BAR_REL] ep=106 xcd=6 rel=19115124144015
[BAR_ARR] ep=106 xcd=4 l1=0.320 l2=0.680
[OPROJ_INNER] slicewait=0.44 mfma=3.92 bar=2.08 rmsnorm_router=1.84 topk=3.08 total=11.36
[OPROJ_INNER] slicewait=0.40 mfma=4.00 bar=2.60 rmsnorm_router=1.64 topk=1.04 total=9.68
[OPROJ_INNER] slicewait=0.40 mfma=4.00 bar=2.80 rmsnorm_router=1.68 topk=2.08 total=10.96
[OPROJ_INNER] slicewait=0.40 mfma=3.96 bar=2.60 rmsnorm_router=1.76 topk=6.20 total=14.92
[OPROJ_INNER] slicewait=0.44 mfma=3.88 bar=2.20 rmsnorm_router=1.48 topk=2.40 total=10.40
[OPROJ_INNER] slicewait=0.40 mfma=3.92 bar=2.80 rmsnorm_router=1.60 topk=0.52 total=9.24
[OPROJ_INNER] slicewait=0.44 mfma=3.92 bar=2.16 rmsnorm_router=1.64 topk=2.80 total=10.96
[OPROJ_INNER] slicewait=0.40 mfma=3.96 bar=2.56 rmsnorm_router=1.52 topk=0.40 total=8.84
[BAR_OBS] ep=107 xcd=4 drain=0.480 l1=0.320 wait=1.320 acq=0.080 obs=19115124399236 bar=2.200
[BAR_OBS] ep=107 xcd=1 drain=0.400 l1=0.200 wait=1.920 acq=0.080 obs=19115124399225 bar=2.600
[BAR_OBS] ep=107 xcd=7 drain=0.480 l1=0.320 wait=1.240 acq=0.040 obs=19115124399218 bar=2.080
[BAR_OBS] ep=107 xcd=0 drain=0.360 l1=0.200 wait=2.160 acq=0.080 obs=19115124399221 bar=2.800
[BAR_ARR] ep=107 xcd=1 l1=0.200 l2=0.560
[BAR_OBS] ep=107 xcd=3 drain=0.360 l1=0.200 wait=1.920 acq=0.080 obs=19115124399216 bar=2.560
[BAR_OBS] ep=107 xcd=2 drain=0.400 l1=0.240 wait=2.080 acq=0.080 obs=19115124399221 bar=2.800
[BAR_OBS] ep=107 xcd=5 drain=0.440 l1=0.320 wait=1.320 acq=0.080 obs=19115124399224 bar=2.160
[BAR_ARR] ep=107 xcd=0 l1=0.200 l2=0.400
[BAR_ARR] ep=107 xcd=3 l1=0.200 l2=0.360
[BAR_ARR] ep=107 xcd=4 l1=0.320 l2=0.440
[BAR_ARR] ep=107 xcd=2 l1=0.240 l2=0.360
[BAR_ARR] ep=107 xcd=7 l1=0.320 l2=0.320
[BAR_OBS] ep=107 xcd=6 drain=0.480 l1=0.320 wait=1.720 acq=0.080 obs=19115124399279 bar=2.600
[BAR_ARR] ep=107 xcd=5 l1=0.320 l2=0.360
[BAR_ARR] ep=107 xcd=6 l1=0.320 l2=0.640
[BAR_REL] ep=107 xcd=6 rel=19115124399219
[OPROJ_INNER] slicewait=0.44 mfma=3.92 bar=2.60 rmsnorm_router=1.48 topk=0.40 total=8.84
[OPROJ_INNER] slicewait=0.40 mfma=3.96 bar=2.80 rmsnorm_router=1.68 topk=1.04 total=9.88
[OPROJ_INNER] slicewait=0.44 mfma=3.88 bar=2.48 rmsnorm_router=1.80 topk=3.12 total=11.72
[OPROJ_INNER] slicewait=0.40 mfma=3.88 bar=3.00 rmsnorm_router=1.64 topk=1.88 total=10.80
[OPROJ_INNER] slicewait=0.40 mfma=4.00 bar=2.68 rmsnorm_router=1.68 topk=5.92 total=14.68
[OPROJ_INNER] slicewait=0.36 mfma=3.92 bar=2.68 rmsnorm_router=1.52 topk=0.84 total=9.32
[OPROJ_INNER] slicewait=0.40 mfma=3.96 bar=2.36 rmsnorm_router=1.48 topk=2.60 total=10.80
[OPROJ_INNER] slicewait=0.40 mfma=3.96 bar=2.12 rmsnorm_router=1.80 topk=3.00 total=11.28
[BAR_OBS] ep=108 xcd=2 drain=0.400 l1=0.200 wait=2.160 acq=0.040 obs=19115124682193 bar=2.800
[BAR_OBS] ep=108 xcd=0 drain=0.400 l1=0.240 wait=2.280 acq=0.080 obs=19115124682193 bar=3.000
[BAR_OBS] ep=108 xcd=3 drain=0.400 l1=0.160 wait=1.960 acq=0.080 obs=19115124682188 bar=2.600
[BAR_OBS] ep=108 xcd=7 drain=0.440 l1=0.320 wait=1.280 acq=0.080 obs=19115124682186 bar=2.120
[BAR_ARR] ep=108 xcd=2 l1=0.200 l2=0.280
[BAR_OBS] ep=108 xcd=5 drain=0.440 l1=0.320 wait=1.520 acq=0.080 obs=19115124682212 bar=2.360
[BAR_ARR] ep=108 xcd=3 l1=0.160 l2=0.560
[BAR_OBS] ep=108 xcd=4 drain=0.480 l1=0.320 wait=1.600 acq=0.080 obs=19115124682224 bar=2.480
[BAR_OBS] ep=108 xcd=6 drain=0.520 l1=0.320 wait=1.800 acq=0.040 obs=19115124682259 bar=2.680
[BAR_ARR] ep=108 xcd=5 l1=0.320 l2=0.480
[BAR_ARR] ep=108 xcd=0 l1=0.240 l2=0.280
[BAR_OBS] ep=108 xcd=1 drain=0.360 l1=0.200 wait=2.040 acq=0.080 obs=19115124682189 bar=2.680
[BAR_ARR] ep=108 xcd=4 l1=0.320 l2=0.600
[BAR_ARR] ep=108 xcd=6 l1=0.320 l2=0.600
[BAR_ARR] ep=108 xcd=1 l1=0.200 l2=0.320
[BAR_ARR] ep=108 xcd=7 l1=0.320 l2=0.480
[BAR_REL] ep=108 xcd=6 rel=19115124682187
[OPROJ_INNER] slicewait=0.40 mfma=3.96 bar=2.52 rmsnorm_router=1.52 topk=0.60 total=9.00
[OPROJ_INNER] slicewait=0.40 mfma=3.92 bar=2.76 rmsnorm_router=1.64 topk=0.88 total=9.60
[OPROJ_INNER] slicewait=0.40 mfma=3.92 bar=2.64 rmsnorm_router=1.52 topk=0.36 total=8.84
[OPROJ_INNER] slicewait=0.44 mfma=3.88 bar=2.04 rmsnorm_router=1.72 topk=3.20 total=11.28
[BAR_OBS] ep=109 xcd=3 drain=0.360 l1=0.200 wait=2.040 acq=0.040 obs=19115124953604 bar=2.640
[OPROJ_INNER] slicewait=0.40 mfma=3.92 bar=2.60 rmsnorm_router=1.84 topk=6.00 total=14.76
[BAR_ARR] ep=109 xcd=3 l1=0.200 l2=0.440
[BAR_OBS] ep=109 xcd=2 drain=0.360 l1=0.200 wait=2.160 acq=0.040 obs=19115124953605 bar=2.760
[BAR_OBS] ep=109 xcd=1 drain=0.400 l1=0.200 wait=1.840 acq=0.080 obs=19115124953601 bar=2.520
[BAR_ARR] ep=109 xcd=2 l1=0.200 l2=0.320
[OPROJ_INNER] slicewait=0.40 mfma=4.00 bar=2.04 rmsnorm_router=1.68 topk=2.36 total=10.48
[BAR_ARR] ep=109 xcd=1 l1=0.200 l2=0.440
[BAR_OBS] ep=109 xcd=7 drain=0.480 l1=0.320 wait=1.160 acq=0.080 obs=19115124953598 bar=2.040
[OPROJ_INNER] slicewait=0.36 mfma=3.96 bar=2.24 rmsnorm_router=1.44 topk=3.00 total=11.00
[BAR_ARR] ep=109 xcd=7 l1=0.320 l2=0.320
[OPROJ_INNER] slicewait=0.40 mfma=4.00 bar=2.80 rmsnorm_router=1.56 topk=2.80 total=11.56
[BAR_OBS] ep=109 xcd=4 drain=0.520 l1=0.320 wait=1.680 acq=0.080 obs=19115124953660 bar=2.600
[BAR_OBS] ep=109 xcd=0 drain=0.360 l1=0.240 wait=2.120 acq=0.080 obs=19115124953617 bar=2.800
[BAR_ARR] ep=109 xcd=4 l1=0.320 l2=0.600
[BAR_ARR] ep=109 xcd=0 l1=0.240 l2=0.440
[BAR_OBS] ep=109 xcd=6 drain=0.480 l1=0.360 wait=1.320 acq=0.080 obs=19115124953623 bar=2.240
[BAR_REL] ep=109 xcd=4 rel=19115124953600
[BAR_OBS] ep=109 xcd=5 drain=0.480 l1=0.280 wait=1.200 acq=0.080 obs=19115124953604 bar=2.040
[BAR_ARR] ep=109 xcd=6 l1=0.360 l2=0.560
[BAR_ARR] ep=109 xcd=5 l1=0.280 l2=0.360
[OPROJ_INNER] slicewait=0.40 mfma=3.92 bar=2.12 rmsnorm_router=1.72 topk=2.52 total=10.68
[OPROJ_INNER] slicewait=0.44 mfma=3.92 bar=2.52 rmsnorm_router=1.48 topk=0.40 total=8.76
[OPROJ_INNER] slicewait=0.40 mfma=3.88 bar=2.84 rmsnorm_router=1.56 topk=1.00 total=9.68
[OPROJ_INNER] slicewait=0.40 mfma=4.00 bar=2.20 rmsnorm_router=1.52 topk=3.12 total=11.24
[BAR_OBS] ep=110 xcd=2 drain=0.400 l1=0.200 wait=2.160 acq=0.080 obs=19115125208285 bar=2.840
[OPROJ_INNER] slicewait=0.44 mfma=3.92 bar=2.60 rmsnorm_router=1.88 topk=5.84 total=14.68
[OPROJ_INNER] slicewait=0.40 mfma=3.96 bar=2.88 rmsnorm_router=1.64 topk=2.76 total=11.64
[BAR_OBS] ep=110 xcd=7 drain=0.480 l1=0.280 wait=1.360 acq=0.080 obs=19115125208298 bar=2.200
[BAR_OBS] ep=110 xcd=5 drain=0.440 l1=0.320 wait=1.320 acq=0.040 obs=19115125208280 bar=2.120
[BAR_OBS] ep=110 xcd=3 drain=0.360 l1=0.200 wait=1.880 acq=0.080 obs=19115125208280 bar=2.520
[OPROJ_INNER] slicewait=0.40 mfma=3.88 bar=2.72 rmsnorm_router=1.52 topk=0.80 total=9.32
[BAR_ARR] ep=110 xcd=3 l1=0.200 l2=0.520
[OPROJ_INNER] slicewait=0.40 mfma=3.88 bar=2.12 rmsnorm_router=1.64 topk=1.80 total=9.84
[BAR_OBS] ep=110 xcd=0 drain=0.400 l1=0.200 wait=2.200 acq=0.080 obs=19115125208285 bar=2.880
[BAR_OBS] ep=110 xcd=1 drain=0.360 l1=0.200 wait=2.080 acq=0.080 obs=19115125208285 bar=2.720
[BAR_ARR] ep=110 xcd=2 l1=0.200 l2=0.440
[BAR_ARR] ep=110 xcd=7 l1=0.280 l2=0.360
[BAR_ARR] ep=110 xcd=5 l1=0.320 l2=0.320
[BAR_ARR] ep=110 xcd=1 l1=0.200 l2=0.520
[BAR_OBS] ep=110 xcd=6 drain=0.480 l1=0.360 wait=1.680 acq=0.080 obs=19115125208339 bar=2.600
[BAR_ARR] ep=110 xcd=0 l1=0.200 l2=0.360
[BAR_ARR] ep=110 xcd=6 l1=0.360 l2=0.600
[BAR_OBS] ep=110 xcd=4 drain=0.480 l1=0.320 wait=1.240 acq=0.080 obs=19115125208284 bar=2.120
[BAR_REL] ep=110 xcd=6 rel=19115125208279
[BAR_ARR] ep=110 xcd=4 l1=0.320 l2=0.360
[OPROJ_INNER] slicewait=0.40 mfma=4.00 bar=2.52 rmsnorm_router=1.80 topk=6.00 total=14.72
[OPROJ_INNER] slicewait=0.40 mfma=3.92 bar=2.12 rmsnorm_router=1.72 topk=2.76 total=10.92
[OPROJ_INNER] slicewait=0.40 mfma=3.88 bar=2.16 rmsnorm_router=1.56 topk=2.04 total=10.04
[BAR_OBS] ep=111 xcd=5 drain=0.480 l1=0.320 wait=1.240 acq=0.080 obs=19115125480148 bar=2.120
[BAR_OBS] ep=111 xcd=6 drain=0.480 l1=0.360 wait=1.600 acq=0.080 obs=19115125480211 bar=2.520
[BAR_OBS] ep=111 xcd=4 drain=0.480 l1=0.320 wait=1.280 acq=0.080 obs=19115125480160 bar=2.160
[BAR_ARR] ep=111 xcd=6 l1=0.360 l2=0.520
[BAR_ARR] ep=111 xcd=5 l1=0.320 l2=0.320
[BAR_ARR] ep=111 xcd=4 l1=0.320 l2=0.400
[OPROJ_INNER] slicewait=0.40 mfma=4.00 bar=2.80 rmsnorm_router=1.64 topk=2.04 total=10.88
[OPROJ_INNER] slicewait=0.44 mfma=3.96 bar=2.64 rmsnorm_router=1.64 topk=1.08 total=9.76
[OPROJ_INNER] slicewait=0.40 mfma=4.00 bar=2.52 rmsnorm_router=1.60 topk=0.72 total=9.24
[BAR_OBS] ep=111 xcd=0 drain=0.400 l1=0.240 wait=2.080 acq=0.080 obs=19115125480157 bar=2.800
[BAR_OBS] ep=111 xcd=2 drain=0.440 l1=0.200 wait=1.960 acq=0.040 obs=19115125480157 bar=2.640
[BAR_OBS] ep=111 xcd=1 drain=0.400 l1=0.200 wait=1.840 acq=0.080 obs=19115125480153 bar=2.520
[BAR_ARR] ep=111 xcd=2 l1=0.200 l2=0.560
[BAR_REL] ep=111 xcd=6 rel=19115125480151
[OPROJ_INNER] slicewait=0.40 mfma=4.00 bar=2.24 rmsnorm_router=1.52 topk=3.12 total=11.28
[BAR_ARR] ep=111 xcd=0 l1=0.240 l2=0.360
[BAR_ARR] ep=111 xcd=1 l1=0.200 l2=0.560
[OPROJ_INNER] slicewait=0.40 mfma=3.96 bar=2.60 rmsnorm_router=1.56 topk=0.40 total=8.92
[BAR_OBS] ep=111 xcd=7 drain=0.440 l1=0.320 wait=1.400 acq=0.080 obs=19115125480178 bar=2.240
[BAR_OBS] ep=111 xcd=3 drain=0.400 l1=0.160 wait=2.000 acq=0.040 obs=19115125480152 bar=2.600
[BAR_ARR] ep=111 xcd=7 l1=0.320 l2=0.480
[BAR_ARR] ep=111 xcd=3 l1=0.160 l2=0.520
[OPROJ_INNER] slicewait=0.40 mfma=3.92 bar=2.12 rmsnorm_router=1.68 topk=2.44 total=10.56
[OPROJ_INNER] slicewait=0.40 mfma=3.92 bar=2.92 rmsnorm_router=1.52 topk=0.72 total=9.48
[OPROJ_INNER] slicewait=0.40 mfma=3.92 bar=2.92 rmsnorm_router=1.48 topk=0.40 total=9.12
[OPROJ_INNER] slicewait=0.40 mfma=3.88 bar=2.44 rmsnorm_router=1.84 topk=6.04 total=14.60
[OPROJ_INNER] slicewait=0.40 mfma=3.92 bar=2.12 rmsnorm_router=1.76 topk=3.08 total=11.28
[OPROJ_INNER] slicewait=0.40 mfma=4.00 bar=2.60 rmsnorm_router=1.48 topk=3.24 total=11.72
[OPROJ_INNER] slicewait=0.40 mfma=3.88 bar=2.88 rmsnorm_router=1.64 topk=0.92 total=9.72
[OPROJ_INNER] slicewait=0.44 mfma=3.92 bar=2.96 rmsnorm_router=1.64 topk=2.08 total=11.04
[BAR_OBS] ep=112 xcd=1 drain=0.400 l1=0.200 wait=2.240 acq=0.080 obs=19115125720717 bar=2.920
[BAR_OBS] ep=112 xcd=3 drain=0.400 l1=0.200 wait=2.240 acq=0.080 obs=19115125720712 bar=2.920
[BAR_OBS] ep=112 xcd=7 drain=0.480 l1=0.320 wait=1.240 acq=0.080 obs=19115125720714 bar=2.120
[BAR_OBS] ep=112 xcd=6 drain=0.520 l1=0.320 wait=1.680 acq=0.080 obs=19115125720771 bar=2.600
[BAR_OBS] ep=112 xcd=0 drain=0.360 l1=0.240 wait=2.280 acq=0.080 obs=19115125720717 bar=2.960
[BAR_ARR] ep=112 xcd=3 l1=0.200 l2=0.560
[BAR_OBS] ep=112 xcd=2 drain=0.360 l1=0.240 wait=2.240 acq=0.040 obs=19115125720717 bar=2.880
[BAR_ARR] ep=112 xcd=7 l1=0.320 l2=0.360
[BAR_ARR] ep=112 xcd=2 l1=0.240 l2=0.840
[BAR_ARR] ep=112 xcd=1 l1=0.200 l2=0.680
[BAR_ARR] ep=112 xcd=0 l1=0.240 l2=0.640
[BAR_OBS] ep=112 xcd=5 drain=0.440 l1=0.320 wait=1.280 acq=0.080 obs=19115125720712 bar=2.120
[BAR_OBS] ep=112 xcd=4 drain=0.520 l1=0.320 wait=1.520 acq=0.080 obs=19115125720748 bar=2.440
[BAR_ARR] ep=112 xcd=6 l1=0.320 l2=0.600
[BAR_ARR] ep=112 xcd=5 l1=0.320 l2=0.400
[BAR_ARR] ep=112 xcd=4 l1=0.320 l2=0.520
[BAR_REL] ep=112 xcd=6 rel=19115125720711
[OPROJ_INNER] slicewait=0.40 mfma=4.00 bar=2.52 rmsnorm_router=1.56 topk=0.80 total=9.28
[OPROJ_INNER] slicewait=0.40 mfma=3.92 bar=2.08 rmsnorm_router=1.72 topk=2.76 total=10.88
[OPROJ_INNER] slicewait=0.40 mfma=4.00 bar=2.76 rmsnorm_router=1.68 topk=2.32 total=11.16
[OPROJ_INNER] slicewait=0.40 mfma=3.92 bar=2.32 rmsnorm_router=1.44 topk=2.88 total=10.96
[BAR_OBS] ep=113 xcd=1 drain=0.400 l1=0.200 wait=1.840 acq=0.080 obs=19115125993093 bar=2.520
[OPROJ_INNER] slicewait=0.40 mfma=3.88 bar=2.20 rmsnorm_router=1.64 topk=3.08 total=11.20
[BAR_OBS] ep=113 xcd=0 drain=0.360 l1=0.240 wait=2.080 acq=0.080 obs=19115125993097 bar=2.760
[OPROJ_INNER] slicewait=0.40 mfma=3.96 bar=2.76 rmsnorm_router=1.60 topk=1.08 total=9.80
[BAR_ARR] ep=113 xcd=0 l1=0.240 l2=0.480
[OPROJ_INNER] slicewait=0.44 mfma=3.92 bar=2.52 rmsnorm_router=1.52 topk=0.40 total=8.80
[OPROJ_INNER] slicewait=0.40 mfma=3.92 bar=2.68 rmsnorm_router=1.80 topk=5.88 total=14.68
[BAR_ARR] ep=113 xcd=1 l1=0.200 l2=0.560
[BAR_OBS] ep=113 xcd=2 drain=0.400 l1=0.200 wait=2.120 acq=0.040 obs=19115125993097 bar=2.760
[BAR_OBS] ep=113 xcd=3 drain=0.400 l1=0.160 wait=1.880 acq=0.080 obs=19115125993092 bar=2.520
[BAR_OBS] ep=113 xcd=7 drain=0.480 l1=0.320 wait=1.360 acq=0.040 obs=19115125993102 bar=2.200
[BAR_OBS] ep=113 xcd=5 drain=0.440 l1=0.280 wait=1.280 acq=0.080 obs=19115125993088 bar=2.080
[BAR_ARR] ep=113 xcd=2 l1=0.200 l2=0.280
[BAR_ARR] ep=113 xcd=3 l1=0.160 l2=0.640
[BAR_ARR] ep=113 xcd=7 l1=0.320 l2=0.320
[BAR_OBS] ep=113 xcd=4 drain=0.480 l1=0.320 wait=1.440 acq=0.080 obs=19115125993116 bar=2.320
[BAR_ARR] ep=113 xcd=5 l1=0.280 l2=0.400
[BAR_ARR] ep=113 xcd=4 l1=0.320 l2=0.520
[BAR_OBS] ep=113 xcd=6 drain=0.520 l1=0.320 wait=1.760 acq=0.080 obs=19115125993155 bar=2.680
[BAR_ARR] ep=113 xcd=6 l1=0.320 l2=0.640
[BAR_REL] ep=113 xcd=6 rel=19115125993091
[OPROJ_INNER] slicewait=0.40 mfma=4.00 bar=2.72 rmsnorm_router=1.68 topk=2.44 total=11.24
[OPROJ_INNER] slicewait=0.40 mfma=3.96 bar=2.52 rmsnorm_router=1.52 topk=0.60 total=9.00
[OPROJ_INNER] slicewait=0.44 mfma=3.88 bar=2.76 rmsnorm_router=1.60 topk=1.08 total=9.76
[OPROJ_INNER] slicewait=0.44 mfma=3.92 bar=2.20 rmsnorm_router=1.56 topk=2.84 total=10.96
[OPROJ_INNER] slicewait=0.40 mfma=3.96 bar=2.60 rmsnorm_router=1.48 topk=0.40 total=8.84
[BAR_OBS] ep=114 xcd=1 drain=0.360 l1=0.240 wait=1.880 acq=0.040 obs=19115126268205 bar=2.520
[BAR_OBS] ep=114 xcd=0 drain=0.360 l1=0.240 wait=2.080 acq=0.040 obs=19115126268209 bar=2.720
[OPROJ_INNER] slicewait=0.40 mfma=3.96 bar=2.48 rmsnorm_router=1.88 topk=6.08 total=14.80
[BAR_ARR] ep=114 xcd=0 l1=0.240 l2=0.480
[BAR_ARR] ep=114 xcd=1 l1=0.240 l2=0.640
[BAR_OBS] ep=114 xcd=3 drain=0.360 l1=0.200 wait=1.960 acq=0.080 obs=19115126268200 bar=2.600
[BAR_OBS] ep=114 xcd=2 drain=0.400 l1=0.200 wait=2.080 acq=0.080 obs=19115126268205 bar=2.760
[OPROJ_INNER] slicewait=0.40 mfma=3.88 bar=2.08 rmsnorm_router=1.76 topk=3.24 total=11.36
[BAR_ARR] ep=114 xcd=3 l1=0.200 l2=0.640
[BAR_ARR] ep=114 xcd=2 l1=0.200 l2=0.600
[OPROJ_INNER] slicewait=0.40 mfma=3.92 bar=2.24 rmsnorm_router=1.48 topk=2.68 total=10.72
[BAR_OBS] ep=114 xcd=7 drain=0.440 l1=0.360 wait=1.200 acq=0.080 obs=19115126268198 bar=2.080
[BAR_OBS] ep=114 xcd=4 drain=0.480 l1=0.320 wait=1.600 acq=0.080 obs=19115126268260 bar=2.480
[BAR_OBS] ep=114 xcd=5 drain=0.480 l1=0.320 wait=1.320 acq=0.080 obs=19115126268212 bar=2.200
[BAR_ARR] ep=114 xcd=7 l1=0.360 l2=0.360
[BAR_ARR] ep=114 xcd=4 l1=0.320 l2=0.560
[BAR_ARR] ep=114 xcd=5 l1=0.320 l2=0.440
[BAR_OBS] ep=114 xcd=6 drain=0.480 l1=0.320 wait=1.360 acq=0.080 obs=19115126268223 bar=2.240
[BAR_REL] ep=114 xcd=4 rel=19115126268200
[BAR_ARR] ep=114 xcd=6 l1=0.320 l2=0.560
[OPROJ_INNER] slicewait=0.40 mfma=3.92 bar=2.88 rmsnorm_router=1.64 topk=2.24 total=11.08
[OPROJ_INNER] slicewait=0.44 mfma=3.96 bar=2.76 rmsnorm_router=1.60 topk=1.12 total=9.88
[OPROJ_INNER] slicewait=0.40 mfma=3.96 bar=2.56 rmsnorm_router=1.52 topk=0.36 total=8.80
[OPROJ_INNER] slicewait=0.40 mfma=3.96 bar=2.60 rmsnorm_router=1.48 topk=0.64 total=9.08
[OPROJ_INNER] slicewait=0.40 mfma=3.96 bar=2.20 rmsnorm_router=1.68 topk=3.08 total=11.32
[OPROJ_INNER] slicewait=0.36 mfma=3.92 bar=2.36 rmsnorm_router=1.48 topk=2.88 total=11.00
[OPROJ_INNER] slicewait=0.40 mfma=4.00 bar=2.56 rmsnorm_router=1.76 topk=5.92 total=14.64
[OPROJ_INNER] slicewait=0.44 mfma=3.84 bar=2.20 rmsnorm_router=1.68 topk=2.68 total=10.84
[BAR_OBS] ep=115 xcd=3 drain=0.400 l1=0.200 wait=1.880 acq=0.080 obs=19115126518988 bar=2.560
[BAR_OBS] ep=115 xcd=0 drain=0.400 l1=0.240 wait=2.160 acq=0.080 obs=19115126518993 bar=2.880
[BAR_OBS] ep=115 xcd=6 drain=0.520 l1=0.320 wait=1.640 acq=0.080 obs=19115126519047 bar=2.560
[BAR_ARR] ep=115 xcd=3 l1=0.200 l2=0.520
[BAR_OBS] ep=115 xcd=4 drain=0.480 l1=0.320 wait=1.480 acq=0.080 obs=19115126519016 bar=2.360
[BAR_OBS] ep=115 xcd=5 drain=0.480 l1=0.320 wait=1.320 acq=0.080 obs=19115126518988 bar=2.200
[BAR_ARR] ep=115 xcd=4 l1=0.320 l2=0.560
[BAR_OBS] ep=115 xcd=2 drain=0.400 l1=0.200 wait=2.080 acq=0.080 obs=19115126518993 bar=2.760
[BAR_ARR] ep=115 xcd=5 l1=0.320 l2=0.360
[BAR_OBS] ep=115 xcd=1 drain=0.360 l1=0.200 wait=1.960 acq=0.080 obs=19115126518993 bar=2.600
[BAR_ARR] ep=115 xcd=2 l1=0.200 l2=0.400
[BAR_OBS] ep=115 xcd=7 drain=0.480 l1=0.280 wait=1.360 acq=0.080 obs=19115126518998 bar=2.200
[BAR_ARR] ep=115 xcd=1 l1=0.200 l2=0.560
[BAR_ARR] ep=115 xcd=6 l1=0.320 l2=0.560
[BAR_ARR] ep=115 xcd=0 l1=0.240 l2=0.240
[BAR_REL] ep=115 xcd=6 rel=19115126518987
[BAR_ARR] ep=115 xcd=7 l1=0.280 l2=0.440
[OPROJ_INNER] slicewait=0.40 mfma=3.92 bar=2.92 rmsnorm_router=1.64 topk=2.40 total=11.28
[OPROJ_INNER] slicewait=0.40 mfma=3.96 bar=2.92 rmsnorm_router=1.60 topk=1.00 total=9.88
[OPROJ_INNER] slicewait=0.40 mfma=4.00 bar=2.16 rmsnorm_router=1.76 topk=3.28 total=11.60
[OPROJ_INNER] slicewait=0.44 mfma=3.92 bar=2.80 rmsnorm_router=1.52 topk=0.40 total=9.08
[OPROJ_INNER] slicewait=0.44 mfma=3.92 bar=2.16 rmsnorm_router=1.72 topk=2.68 total=10.92
[BAR_OBS] ep=116 xcd=0 drain=0.400 l1=0.200 wait=2.240 acq=0.080 obs=19115126787629 bar=2.920
[BAR_ARR] ep=116 xcd=0 l1=0.200 l2=0.520
[OPROJ_INNER] slicewait=0.40 mfma=3.96 bar=2.68 rmsnorm_router=1.52 topk=0.64 total=9.20
[BAR_OBS] ep=116 xcd=2 drain=0.400 l1=0.200 wait=2.240 acq=0.080 obs=19115126787625 bar=2.920
[OPROJ_INNER] slicewait=0.40 mfma=4.00 bar=2.64 rmsnorm_router=1.80 topk=6.20 total=15.04
[BAR_ARR] ep=116 xcd=2 l1=0.200 l2=0.280
[BAR_OBS] ep=116 xcd=5 drain=0.480 l1=0.320 wait=1.280 acq=0.080 obs=19115126787620 bar=2.160
[BAR_OBS] ep=116 xcd=3 drain=0.360 l1=0.200 wait=2.200 acq=0.040 obs=19115126787628 bar=2.800
[BAR_ARR] ep=116 xcd=5 l1=0.320 l2=0.440
[BAR_ARR] ep=116 xcd=3 l1=0.200 l2=0.640
[BAR_OBS] ep=116 xcd=7 drain=0.480 l1=0.320 wait=1.320 acq=0.040 obs=19115126787622 bar=2.160
[OPROJ_INNER] slicewait=0.40 mfma=3.96 bar=2.28 rmsnorm_router=1.52 topk=2.52 total=10.68
[BAR_OBS] ep=116 xcd=1 drain=0.360 l1=0.200 wait=2.040 acq=0.080 obs=19115126787621 bar=2.680
[BAR_ARR] ep=116 xcd=7 l1=0.320 l2=0.320
[BAR_OBS] ep=116 xcd=6 drain=0.480 l1=0.320 wait=1.800 acq=0.040 obs=19115126787683 bar=2.640
[BAR_ARR] ep=116 xcd=1 l1=0.200 l2=0.720
[BAR_OBS] ep=116 xcd=4 drain=0.480 l1=0.320 wait=1.440 acq=0.040 obs=19115126787644 bar=2.280
[BAR_ARR] ep=116 xcd=6 l1=0.320 l2=0.720
[BAR_ARR] ep=116 xcd=4 l1=0.320 l2=0.680
[BAR_REL] ep=116 xcd=6 rel=19115126787623
[OPROJ_INNER] slicewait=0.40 mfma=3.96 bar=2.72 rmsnorm_router=1.64 topk=1.96 total=10.68
[OPROJ_INNER] slicewait=0.36 mfma=3.96 bar=2.72 rmsnorm_router=1.60 topk=1.12 total=9.76
[OPROJ_INNER] slicewait=0.40 mfma=3.96 bar=2.00 rmsnorm_router=1.80 topk=3.04 total=11.20
[OPROJ_INNER] slicewait=0.40 mfma=3.88 bar=2.68 rmsnorm_router=1.48 topk=0.40 total=8.84
[BAR_OBS] ep=117 xcd=2 drain=0.400 l1=0.200 wait=2.040 acq=0.080 obs=19115127043541 bar=2.720
[BAR_OBS] ep=117 xcd=3 drain=0.400 l1=0.200 wait=2.000 acq=0.080 obs=19115127043540 bar=2.680
[BAR_OBS] ep=117 xcd=0 drain=0.400 l1=0.240 wait=2.040 acq=0.040 obs=19115127043545 bar=2.720
[OPROJ_INNER] slicewait=0.40 mfma=3.84 bar=2.08 rmsnorm_router=1.68 topk=2.60 total=10.60
[OPROJ_INNER] slicewait=0.40 mfma=3.92 bar=2.24 rmsnorm_router=1.44 topk=2.76 total=10.76
[BAR_ARR] ep=117 xcd=2 l1=0.200 l2=0.320
[BAR_ARR] ep=117 xcd=3 l1=0.200 l2=0.560
[OPROJ_INNER] slicewait=0.40 mfma=3.92 bar=2.56 rmsnorm_router=1.56 topk=0.60 total=9.04
[BAR_OBS] ep=117 xcd=7 drain=0.440 l1=0.320 wait=1.160 acq=0.080 obs=19115127043538 bar=2.000
[BAR_ARR] ep=117 xcd=0 l1=0.240 l2=0.400
[OPROJ_INNER] slicewait=0.48 mfma=3.92 bar=2.48 rmsnorm_router=1.84 topk=5.80 total=14.52
[BAR_OBS] ep=117 xcd=1 drain=0.360 l1=0.200 wait=1.960 acq=0.040 obs=19115127043541 bar=2.560
[BAR_ARR] ep=117 xcd=1 l1=0.200 l2=0.680
[BAR_OBS] ep=117 xcd=5 drain=0.480 l1=0.280 wait=1.240 acq=0.080 obs=19115127043536 bar=2.080
[BAR_ARR] ep=117 xcd=7 l1=0.320 l2=0.360
[BAR_OBS] ep=117 xcd=6 drain=0.480 l1=0.320 wait=1.640 acq=0.040 obs=19115127043599 bar=2.480
[BAR_OBS] ep=117 xcd=4 drain=0.480 l1=0.320 wait=1.400 acq=0.040 obs=19115127043568 bar=2.240
[BAR_ARR] ep=117 xcd=5 l1=0.280 l2=0.320
[BAR_ARR] ep=117 xcd=6 l1=0.320 l2=0.560
[BAR_ARR] ep=117 xcd=4 l1=0.320 l2=0.480
[BAR_REL] ep=117 xcd=6 rel=19115127043539
[OPROJ_INNER] slicewait=0.40 mfma=3.92 bar=2.76 rmsnorm_router=1.56 topk=0.68 total=9.32
[OPROJ_INNER] slicewait=0.40 mfma=3.92 bar=2.36 rmsnorm_router=1.44 topk=2.28 total=10.40
[OPROJ_INNER] slicewait=0.44 mfma=3.92 bar=2.92 rmsnorm_router=1.60 topk=1.12 total=10.00
[OPROJ_INNER] slicewait=0.40 mfma=3.96 bar=2.16 rmsnorm_router=1.76 topk=3.20 total=11.48
[OPROJ_INNER] slicewait=0.40 mfma=3.92 bar=2.88 rmsnorm_router=1.68 topk=2.24 total=11.12
[OPROJ_INNER] slicewait=0.40 mfma=3.96 bar=2.16 rmsnorm_router=1.72 topk=2.88 total=11.12
[BAR_OBS] ep=118 xcd=1 drain=0.360 l1=0.200 wait=2.120 acq=0.080 obs=19115127301993 bar=2.760
[OPROJ_INNER] slicewait=0.40 mfma=3.96 bar=2.80 rmsnorm_router=1.52 topk=0.40 total=9.08
[BAR_OBS] ep=118 xcd=4 drain=0.480 l1=0.320 wait=1.480 acq=0.080 obs=19115127302012 bar=2.360
[OPROJ_INNER] slicewait=0.40 mfma=3.92 bar=2.72 rmsnorm_router=1.96 topk=5.88 total=14.88
[BAR_ARR] ep=118 xcd=1 l1=0.200 l2=0.640
[BAR_OBS] ep=118 xcd=7 drain=0.440 l1=0.360 wait=1.280 acq=0.080 obs=19115127301990 bar=2.160
[BAR_OBS] ep=118 xcd=6 drain=0.480 l1=0.360 wait=1.840 acq=0.040 obs=19115127302055 bar=2.720
[BAR_ARR] ep=118 xcd=7 l1=0.360 l2=0.320
[BAR_OBS] ep=118 xcd=5 drain=0.440 l1=0.320 wait=1.320 acq=0.080 obs=19115127301992 bar=2.160
[BAR_OBS] ep=118 xcd=3 drain=0.360 l1=0.200 wait=2.160 acq=0.080 obs=19115127301992 bar=2.800
[BAR_ARR] ep=118 xcd=6 l1=0.360 l2=0.760
[BAR_ARR] ep=118 xcd=5 l1=0.320 l2=0.480
[BAR_ARR] ep=118 xcd=3 l1=0.200 l2=0.480
[BAR_ARR] ep=118 xcd=4 l1=0.320 l2=0.680
[BAR_OBS] ep=118 xcd=2 drain=0.440 l1=0.200 wait=2.160 acq=0.080 obs=19115127301997 bar=2.880
[BAR_OBS] ep=118 xcd=0 drain=0.400 l1=0.240 wait=2.200 acq=0.080 obs=19115127301997 bar=2.920
[BAR_ARR] ep=118 xcd=2 l1=0.200 l2=0.760
[BAR_REL] ep=118 xcd=6 rel=19115127301995
[BAR_ARR] ep=118 xcd=0 l1=0.240 l2=0.360
[OPROJ_INNER] slicewait=0.40 mfma=3.92 bar=3.00 rmsnorm_router=1.68 topk=1.72 total=10.72
[OPROJ_INNER] slicewait=0.40 mfma=3.92 bar=2.92 rmsnorm_router=1.60 topk=1.08 total=9.92
[BAR_OBS] ep=119 xcd=0 drain=0.400 l1=0.200 wait=2.320 acq=0.080 obs=19115127568265 bar=3.000
[BAR_OBS] ep=119 xcd=2 drain=0.360 l1=0.240 wait=2.240 acq=0.080 obs=19115127568265 bar=2.920
[OPROJ_INNER] slicewait=0.40 mfma=3.96 bar=2.76 rmsnorm_router=1.52 topk=0.72 total=9.36
[OPROJ_INNER] slicewait=0.40 mfma=3.96 bar=3.00 rmsnorm_router=1.56 topk=0.36 total=9.28
[BAR_ARR] ep=119 xcd=2 l1=0.240 l2=0.520
[OPROJ_INNER] slicewait=0.40 mfma=4.00 bar=2.60 rmsnorm_router=1.84 topk=6.20 total=15.04
[BAR_OBS] ep=119 xcd=1 drain=0.360 l1=0.200 wait=2.120 acq=0.080 obs=19115127568261 bar=2.760
[OPROJ_INNER] slicewait=0.40 mfma=4.00 bar=2.08 rmsnorm_router=1.80 topk=3.16 total=11.44
[BAR_ARR] ep=119 xcd=0 l1=0.200 l2=0.480
[BAR_ARR] ep=119 xcd=1 l1=0.200 l2=0.560
[OPROJ_INNER] slicewait=0.44 mfma=3.92 bar=2.16 rmsnorm_router=1.72 topk=2.76 total=11.00
[BAR_OBS] ep=119 xcd=7 drain=0.480 l1=0.320 wait=1.200 acq=0.080 obs=19115127568258 bar=2.080
[BAR_OBS] ep=119 xcd=6 drain=0.520 l1=0.320 wait=1.680 acq=0.080 obs=19115127568319 bar=2.600
[BAR_ARR] ep=119 xcd=7 l1=0.320 l2=0.400
[OPROJ_INNER] slicewait=0.44 mfma=3.88 bar=2.20 rmsnorm_router=1.52 topk=2.40 total=10.44
[BAR_OBS] ep=119 xcd=5 drain=0.440 l1=0.320 wait=1.360 acq=0.040 obs=19115127568260 bar=2.160
[BAR_OBS] ep=119 xcd=3 drain=0.360 l1=0.320 wait=2.240 acq=0.080 obs=19115127568260 bar=3.000
[BAR_ARR] ep=119 xcd=6 l1=0.320 l2=0.600
[BAR_ARR] ep=119 xcd=3 l1=0.320 l2=0.360
[BAR_ARR] ep=119 xcd=5 l1=0.320 l2=0.400
[BAR_OBS] ep=119 xcd=4 drain=0.480 l1=0.320 wait=1.320 acq=0.080 obs=19115127568272 bar=2.200
[BAR_REL] ep=119 xcd=6 rel=19115127568259
[BAR_ARR] ep=119 xcd=4 l1=0.320 l2=0.560
[OPROJ_INNER] slicewait=0.40 mfma=3.92 bar=2.60 rmsnorm_router=1.64 topk=1.16 total=9.72
[OPROJ_INNER] slicewait=0.44 mfma=3.96 bar=2.36 rmsnorm_router=1.52 topk=0.36 total=8.64
[OPROJ_INNER] slicewait=0.44 mfma=3.96 bar=2.40 rmsnorm_router=1.56 topk=0.80 total=9.16
[OPROJ_INNER] slicewait=0.40 mfma=4.00 bar=2.60 rmsnorm_router=1.72 topk=2.00 total=10.72
[OPROJ_INNER] slicewait=0.40 mfma=4.00 bar=1.96 rmsnorm_router=1.72 topk=3.20 total=11.28
[BAR_OBS] ep=120 xcd=2 drain=0.400 l1=0.200 wait=1.920 acq=0.080 obs=19115127816009 bar=2.600
[OPROJ_INNER] slicewait=0.44 mfma=4.00 bar=2.08 rmsnorm_router=1.44 topk=2.40 total=10.36
[OPROJ_INNER] slicewait=0.40 mfma=3.96 bar=2.44 rmsnorm_router=1.76 topk=3.08 total=11.64
[BAR_OBS] ep=120 xcd=0 drain=0.400 l1=0.200 wait=1.960 acq=0.040 obs=19115127816013 bar=2.600
[BAR_OBS] ep=120 xcd=3 drain=0.360 l1=0.200 wait=1.760 acq=0.040 obs=19115127816008 bar=2.360
[BAR_ARR] ep=120 xcd=2 l1=0.200 l2=0.400
[BAR_OBS] ep=120 xcd=1 drain=0.360 l1=0.200 wait=1.800 acq=0.040 obs=19115127816009 bar=2.400
[BAR_ARR] ep=120 xcd=1 l1=0.200 l2=0.440
[OPROJ_INNER] slicewait=0.40 mfma=3.92 bar=2.56 rmsnorm_router=1.60 topk=6.04 total=14.52
[BAR_ARR] ep=120 xcd=3 l1=0.200 l2=0.520
[BAR_OBS] ep=120 xcd=7 drain=0.440 l1=0.320 wait=1.160 acq=0.040 obs=19115127816018 bar=1.960
[BAR_ARR] ep=120 xcd=7 l1=0.320 l2=0.320
[BAR_OBS] ep=120 xcd=6 drain=0.480 l1=0.360 wait=1.520 acq=0.080 obs=19115127816063 bar=2.440
[BAR_OBS] ep=120 xcd=4 drain=0.480 l1=0.320 wait=1.680 acq=0.080 obs=19115127816076 bar=2.560
[BAR_ARR] ep=120 xcd=0 l1=0.200 l2=0.400
[BAR_OBS] ep=120 xcd=5 drain=0.480 l1=0.280 wait=1.240 acq=0.080 obs=19115127816032 bar=2.080
[BAR_ARR] ep=120 xcd=6 l1=0.360 l2=0.680
[BAR_ARR] ep=120 xcd=4 l1=0.320 l2=0.520
[BAR_ARR] ep=120 xcd=5 l1=0.280 l2=0.640
[BAR_REL] ep=120 xcd=4 rel=19115127816004
[OPROJ_INNER] slicewait=0.40 mfma=3.96 bar=2.72 rmsnorm_router=1.56 topk=1.04 total=9.68
[OPROJ_INNER] slicewait=0.40 mfma=4.00 bar=2.48 rmsnorm_router=1.56 topk=0.40 total=8.84
[OPROJ_INNER] slicewait=0.44 mfma=3.92 bar=2.56 rmsnorm_router=1.52 topk=0.68 total=9.12
[OPROJ_INNER] slicewait=0.44 mfma=3.88 bar=2.88 rmsnorm_router=1.64 topk=1.92 total=10.76
[OPROJ_INNER] slicewait=0.44 mfma=3.88 bar=2.04 rmsnorm_router=1.72 topk=2.96 total=11.04
[BAR_OBS] ep=121 xcd=3 drain=0.360 l1=0.200 wait=1.840 acq=0.080 obs=19115128081264 bar=2.480
[BAR_OBS] ep=121 xcd=2 drain=0.360 l1=0.200 wait=2.080 acq=0.080 obs=19115128081269 bar=2.720
[BAR_OBS] ep=121 xcd=1 drain=0.400 l1=0.200 wait=1.920 acq=0.040 obs=19115128081269 bar=2.560
[OPROJ_INNER] slicewait=0.40 mfma=3.92 bar=2.56 rmsnorm_router=1.88 topk=5.68 total=14.44
[BAR_OBS] ep=121 xcd=0 drain=0.360 l1=0.240 wait=2.240 acq=0.040 obs=19115128081273 bar=2.880
[BAR_ARR] ep=121 xcd=3 l1=0.200 l2=0.520
[BAR_ARR] ep=121 xcd=0 l1=0.240 l2=0.280
[BAR_ARR] ep=121 xcd=1 l1=0.200 l2=0.440
[BAR_OBS] ep=121 xcd=7 drain=0.440 l1=0.320 wait=1.200 acq=0.080 obs=19115128081266 bar=2.040
[OPROJ_INNER] slicewait=0.44 mfma=3.88 bar=2.08 rmsnorm_router=1.68 topk=2.64 total=10.72
[BAR_ARR] ep=121 xcd=7 l1=0.320 l2=0.480
[BAR_ARR] ep=121 xcd=2 l1=0.200 l2=0.480
[OPROJ_INNER] slicewait=0.40 mfma=3.92 bar=2.24 rmsnorm_router=1.44 topk=2.76 total=10.76
[BAR_OBS] ep=121 xcd=6 drain=0.480 l1=0.320 wait=1.680 acq=0.080 obs=19115128081327 bar=2.560
[BAR_ARR] ep=121 xcd=6 l1=0.320 l2=0.600
[BAR_OBS] ep=121 xcd=5 drain=0.440 l1=0.320 wait=1.240 acq=0.080 obs=19115128081264 bar=2.080
[BAR_OBS] ep=121 xcd=4 drain=0.480 l1=0.320 wait=1.360 acq=0.080 obs=19115128081292 bar=2.240
[BAR_REL] ep=121 xcd=6 rel=19115128081267
[BAR_ARR] ep=121 xcd=5 l1=0.320 l2=0.360
[BAR_ARR] ep=121 xcd=4 l1=0.320 l2=0.640
[OPROJ_INNER] slicewait=0.44 mfma=3.88 bar=2.28 rmsnorm_router=1.72 topk=3.96 total=12.28
[OPROJ_INNER] slicewait=0.44 mfma=4.00 bar=2.84 rmsnorm_router=1.68 topk=1.96 total=10.92
[OPROJ_INNER] slicewait=0.44 mfma=4.00 bar=2.64 rmsnorm_router=1.60 topk=1.20 total=9.88
[OPROJ_INNER] slicewait=0.40 mfma=3.96 bar=2.84 rmsnorm_router=1.56 topk=0.68 total=9.44
[BAR_OBS] ep=122 xcd=0 drain=0.400 l1=0.200 wait=2.160 acq=0.080 obs=19115128343637 bar=2.840
[OPROJ_INNER] slicewait=0.44 mfma=3.96 bar=2.68 rmsnorm_router=1.48 topk=0.44 total=9.00
[OPROJ_INNER] slicewait=0.40 mfma=3.88 bar=2.72 rmsnorm_router=1.72 topk=6.60 total=15.32
[BAR_OBS] ep=122 xcd=5 drain=0.480 l1=0.320 wait=1.400 acq=0.080 obs=19115128343640 bar=2.280
[BAR_OBS] ep=122 xcd=3 drain=0.360 l1=0.200 wait=2.000 acq=0.080 obs=19115128343636 bar=2.640
[OPROJ_INNER] slicewait=0.40 mfma=3.88 bar=2.28 rmsnorm_router=1.52 topk=2.80 total=10.88
[BAR_ARR] ep=122 xcd=5 l1=0.320 l2=0.320
[OPROJ_INNER] slicewait=0.40 mfma=3.92 bar=2.12 rmsnorm_router=1.68 topk=2.48 total=10.60
[BAR_ARR] ep=122 xcd=0 l1=0.200 l2=0.480
[BAR_OBS] ep=122 xcd=2 drain=0.400 l1=0.240 wait=2.160 acq=0.040 obs=19115128343637 bar=2.840
[BAR_ARR] ep=122 xcd=3 l1=0.200 l2=0.680
[BAR_OBS] ep=122 xcd=1 drain=0.360 l1=0.200 wait=2.080 acq=0.040 obs=19115128343637 bar=2.680
[BAR_ARR] ep=122 xcd=2 l1=0.240 l2=0.280
[BAR_ARR] ep=122 xcd=1 l1=0.200 l2=0.560
[BAR_OBS] ep=122 xcd=6 drain=0.480 l1=0.360 wait=1.800 acq=0.080 obs=19115128343691 bar=2.720
[BAR_OBS] ep=122 xcd=4 drain=0.480 l1=0.320 wait=1.440 acq=0.040 obs=19115128343648 bar=2.280
[BAR_OBS] ep=122 xcd=7 drain=0.440 l1=0.320 wait=1.280 acq=0.080 obs=19115128343630 bar=2.120
[BAR_ARR] ep=122 xcd=6 l1=0.360 l2=0.720
[BAR_ARR] ep=122 xcd=4 l1=0.320 l2=0.680
[BAR_REL] ep=122 xcd=6 rel=19115128343631
[BAR_ARR] ep=122 xcd=7 l1=0.320 l2=0.360
[OPROJ_INNER] slicewait=0.40 mfma=3.96 bar=3.04 rmsnorm_router=1.64 topk=1.76 total=10.80
[OPROJ_INNER] slicewait=0.40 mfma=4.00 bar=2.72 rmsnorm_router=1.52 topk=0.40 total=9.04
[OPROJ_INNER] slicewait=0.40 mfma=3.96 bar=2.72 rmsnorm_router=1.52 topk=0.72 total=9.32
[OPROJ_INNER] slicewait=0.40 mfma=3.96 bar=2.28 rmsnorm_router=1.80 topk=3.16 total=11.60
[OPROJ_INNER] slicewait=0.40 mfma=3.96 bar=3.00 rmsnorm_router=1.56 topk=1.12 total=10.04
[OPROJ_INNER] slicewait=0.40 mfma=3.88 bar=2.44 rmsnorm_router=1.44 topk=2.48 total=10.64
[BAR_OBS] ep=123 xcd=3 drain=0.360 l1=0.200 wait=2.080 acq=0.080 obs=19115128599772 bar=2.720
[BAR_OBS] ep=123 xcd=0 drain=0.400 l1=0.200 wait=2.360 acq=0.080 obs=19115128599777 bar=3.040
[OPROJ_INNER] slicewait=0.40 mfma=4.00 bar=2.28 rmsnorm_router=1.64 topk=2.68 total=11.00
[BAR_ARR] ep=123 xcd=0 l1=0.200 l2=0.360
[OPROJ_INNER] slicewait=0.40 mfma=4.00 bar=2.80 rmsnorm_router=1.44 topk=6.40 total=15.04
[BAR_ARR] ep=123 xcd=3 l1=0.200 l2=0.560
[BAR_OBS] ep=123 xcd=1 drain=0.360 l1=0.200 wait=2.080 acq=0.080 obs=19115128599773 bar=2.720
[BAR_ARR] ep=123 xcd=1 l1=0.200 l2=0.560
[BAR_OBS] ep=123 xcd=7 drain=0.440 l1=0.320 wait=1.440 acq=0.080 obs=19115128599782 bar=2.280
[BAR_OBS] ep=123 xcd=5 drain=0.440 l1=0.320 wait=1.440 acq=0.080 obs=19115128599772 bar=2.280
[BAR_OBS] ep=123 xcd=6 drain=0.480 l1=0.320 wait=1.920 acq=0.080 obs=19115128599843 bar=2.800
[BAR_ARR] ep=123 xcd=7 l1=0.320 l2=0.600
[BAR_ARR] ep=123 xcd=5 l1=0.320 l2=0.520
[BAR_ARR] ep=123 xcd=6 l1=0.320 l2=0.760
[BAR_OBS] ep=123 xcd=4 drain=0.480 l1=0.320 wait=1.600 acq=0.040 obs=19115128599800 bar=2.440
[BAR_OBS] ep=123 xcd=2 drain=0.360 l1=0.240 wait=2.320 acq=0.080 obs=19115128599777 bar=3.000
[BAR_ARR] ep=123 xcd=4 l1=0.320 l2=0.680
[BAR_REL] ep=123 xcd=6 rel=19115128599771
[BAR_ARR] ep=123 xcd=2 l1=0.240 l2=0.520
[OPROJ_INNER] slicewait=0.40 mfma=3.96 bar=2.84 rmsnorm_router=1.56 topk=0.64 total=9.40
[OPROJ_INNER] slicewait=0.40 mfma=3.96 bar=2.92 rmsnorm_router=1.64 topk=2.40 total=11.32
[OPROJ_INNER] slicewait=0.40 mfma=3.92 bar=2.56 rmsnorm_router=1.64 topk=0.96 total=9.48
[OPROJ_INNER] slicewait=0.40 mfma=3.88 bar=2.96 rmsnorm_router=1.48 topk=0.44 total=9.16
[OPROJ_INNER] slicewait=0.40 mfma=3.96 bar=2.64 rmsnorm_router=1.92 topk=6.16 total=15.08
[BAR_OBS] ep=124 xcd=2 drain=0.400 l1=0.200 wait=1.880 acq=0.080 obs=19115128859889 bar=2.560
[BAR_OBS] ep=124 xcd=0 drain=0.400 l1=0.240 wait=2.200 acq=0.080 obs=19115128859893 bar=2.920
[OPROJ_INNER] slicewait=0.44 mfma=3.88 bar=2.24 rmsnorm_router=1.52 topk=2.12 total=10.20
[BAR_ARR] ep=124 xcd=0 l1=0.240 l2=0.400
[BAR_OBS] ep=124 xcd=1 drain=0.400 l1=0.200 wait=2.200 acq=0.040 obs=19115128859889 bar=2.840
[BAR_OBS] ep=124 xcd=3 drain=0.400 l1=0.200 wait=2.320 acq=0.040 obs=19115128859888 bar=2.960
[BAR_ARR] ep=124 xcd=1 l1=0.200 l2=0.280
[BAR_ARR] ep=124 xcd=3 l1=0.200 l2=0.240
[OPROJ_INNER] slicewait=0.40 mfma=3.96 bar=2.08 rmsnorm_router=1.80 topk=3.28 total=11.52
[BAR_ARR] ep=124 xcd=2 l1=0.200 l2=0.440
[OPROJ_INNER] slicewait=0.44 mfma=3.96 bar=2.08 rmsnorm_router=1.76 topk=2.76 total=11.00
[BAR_OBS] ep=124 xcd=4 drain=0.480 l1=0.320 wait=1.360 acq=0.080 obs=19115128859900 bar=2.240
[BAR_OBS] ep=124 xcd=7 drain=0.440 l1=0.320 wait=1.280 acq=0.040 obs=19115128859886 bar=2.080
[BAR_OBS] ep=124 xcd=6 drain=0.480 l1=0.320 wait=1.760 acq=0.080 obs=19115128859947 bar=2.640
[BAR_ARR] ep=124 xcd=4 l1=0.320 l2=0.640
[BAR_ARR] ep=124 xcd=6 l1=0.320 l2=0.680
[BAR_ARR] ep=124 xcd=7 l1=0.320 l2=0.320
[BAR_REL] ep=124 xcd=6 rel=19115128859887
[BAR_OBS] ep=124 xcd=5 drain=0.480 l1=0.320 wait=1.200 acq=0.080 obs=19115128859884 bar=2.080
[BAR_ARR] ep=124 xcd=5 l1=0.320 l2=0.400
[OPROJ_INNER] slicewait=0.40 mfma=3.88 bar=2.96 rmsnorm_router=1.64 topk=2.88 total=11.76
[OPROJ_INNER] slicewait=0.44 mfma=3.88 bar=2.68 rmsnorm_router=1.56 topk=0.72 total=9.28
[OPROJ_INNER] slicewait=0.44 mfma=3.96 bar=2.60 rmsnorm_router=1.96 topk=5.92 total=14.88
[OPROJ_INNER] slicewait=0.40 mfma=4.00 bar=2.48 rmsnorm_router=1.52 topk=0.40 total=8.80
[OPROJ_INNER] slicewait=0.40 mfma=3.92 bar=2.76 rmsnorm_router=1.60 topk=1.08 total=9.76
[BAR_OBS] ep=125 xcd=0 drain=0.400 l1=0.200 wait=2.280 acq=0.080 obs=19115129115457 bar=2.960
[OPROJ_INNER] slicewait=0.40 mfma=4.00 bar=2.20 rmsnorm_router=1.60 topk=3.32 total=11.52
[BAR_OBS] ep=125 xcd=2 drain=0.480 l1=0.240 wait=2.000 acq=0.040 obs=19115129115457 bar=2.760
[BAR_ARR] ep=125 xcd=0 l1=0.200 l2=0.360
[BAR_OBS] ep=125 xcd=1 drain=0.360 l1=0.200 wait=2.040 acq=0.080 obs=19115129115453 bar=2.680
[OPROJ_INNER] slicewait=0.44 mfma=3.88 bar=2.40 rmsnorm_router=1.44 topk=3.40 total=11.56
[BAR_ARR] ep=125 xcd=1 l1=0.200 l2=0.440
[OPROJ_INNER] slicewait=0.40 mfma=3.96 bar=2.16 rmsnorm_router=1.68 topk=2.84 total=11.04
[BAR_OBS] ep=125 xcd=4 drain=0.480 l1=0.320 wait=1.520 acq=0.080 obs=19115129115480 bar=2.400
[BAR_OBS] ep=125 xcd=3 drain=0.360 l1=0.200 wait=1.840 acq=0.080 obs=19115129115448 bar=2.480
[BAR_ARR] ep=125 xcd=3 l1=0.200 l2=0.520
[BAR_OBS] ep=125 xcd=5 drain=0.440 l1=0.320 wait=1.320 acq=0.080 obs=19115129115448 bar=2.160
[BAR_ARR] ep=125 xcd=4 l1=0.320 l2=0.640
[BAR_ARR] ep=125 xcd=2 l1=0.240 l2=0.520
[BAR_ARR] ep=125 xcd=5 l1=0.320 l2=0.320
[BAR_OBS] ep=125 xcd=6 drain=0.520 l1=0.320 wait=1.720 acq=0.040 obs=19115129115511 bar=2.600
[BAR_OBS] ep=125 xcd=7 drain=0.480 l1=0.280 wait=1.360 acq=0.080 obs=19115129115462 bar=2.200
[BAR_ARR] ep=125 xcd=6 l1=0.320 l2=0.640
[BAR_ARR] ep=125 xcd=7 l1=0.280 l2=0.640
[BAR_REL] ep=125 xcd=6 rel=19115129115451
[OPROJ_INNER] slicewait=0.44 mfma=3.92 bar=2.72 rmsnorm_router=1.56 topk=0.80 total=9.44
[OPROJ_INNER] slicewait=0.40 mfma=4.00 bar=2.80 rmsnorm_router=1.64 topk=1.84 total=10.68
[OPROJ_INNER] slicewait=0.40 mfma=3.96 bar=2.68 rmsnorm_router=1.40 topk=0.40 total=8.84
[OPROJ_INNER] slicewait=0.40 mfma=3.96 bar=2.24 rmsnorm_router=1.60 topk=2.60 total=10.80
[OPROJ_INNER] slicewait=0.44 mfma=3.92 bar=2.12 rmsnorm_router=1.76 topk=3.04 total=11.28
[OPROJ_INNER] slicewait=0.40 mfma=3.92 bar=2.84 rmsnorm_router=1.60 topk=0.92 total=9.68
[BAR_OBS] ep=126 xcd=7 drain=0.440 l1=0.320 wait=1.280 acq=0.080 obs=19115129376602 bar=2.120
[BAR_OBS] ep=126 xcd=0 drain=0.400 l1=0.240 wait=2.080 acq=0.080 obs=19115129376609 bar=2.800
[BAR_ARR] ep=126 xcd=7 l1=0.320 l2=0.400
[BAR_OBS] ep=126 xcd=1 drain=0.400 l1=0.200 wait=2.040 acq=0.080 obs=19115129376605 bar=2.720
[BAR_OBS] ep=126 xcd=3 drain=0.360 l1=0.200 wait=2.040 acq=0.080 obs=19115129376608 bar=2.680
[OPROJ_INNER] slicewait=0.44 mfma=3.92 bar=2.68 rmsnorm_router=1.76 topk=5.76 total=14.56
[BAR_OBS] ep=126 xcd=2 drain=0.400 l1=0.200 wait=2.160 acq=0.080 obs=19115129376605 bar=2.840
[BAR_ARR] ep=126 xcd=0 l1=0.240 l2=0.520
[BAR_OBS] ep=126 xcd=5 drain=0.480 l1=0.280 wait=1.400 acq=0.080 obs=19115129376612 bar=2.240
[BAR_ARR] ep=126 xcd=1 l1=0.200 l2=0.440
[OPROJ_INNER] slicewait=0.44 mfma=3.92 bar=2.32 rmsnorm_router=1.48 topk=2.60 total=10.76
[BAR_ARR] ep=126 xcd=3 l1=0.200 l2=0.640
[BAR_ARR] ep=126 xcd=2 l1=0.200 l2=0.320
[BAR_ARR] ep=126 xcd=5 l1=0.280 l2=0.440
[BAR_OBS] ep=126 xcd=4 drain=0.480 l1=0.320 wait=1.840 acq=0.040 obs=19115129376676 bar=2.680
[BAR_OBS] ep=126 xcd=6 drain=0.480 l1=0.360 wait=1.400 acq=0.080 obs=19115129376627 bar=2.320
[BAR_ARR] ep=126 xcd=4 l1=0.320 l2=0.640
[BAR_ARR] ep=126 xcd=6 l1=0.360 l2=0.480
[BAR_REL] ep=126 xcd=4 rel=19115129376604
[OPROJ_INNER] slicewait=0.40 mfma=3.96 bar=2.68 rmsnorm_router=1.52 topk=0.76 total=9.32
[OPROJ_INNER] slicewait=0.40 mfma=3.92 bar=2.92 rmsnorm_router=1.68 topk=1.84 total=10.76
[OPROJ_INNER] slicewait=0.40 mfma=3.92 bar=2.16 rmsnorm_router=1.72 topk=2.24 total=10.44
[OPROJ_INNER] slicewait=0.44 mfma=3.92 bar=2.20 rmsnorm_router=1.68 topk=3.20 total=11.44
[OPROJ_INNER] slicewait=0.40 mfma=3.96 bar=2.60 rmsnorm_router=1.48 topk=6.28 total=14.72
[OPROJ_INNER] slicewait=0.40 mfma=3.92 bar=2.40 rmsnorm_router=1.52 topk=2.68 total=10.92
[BAR_OBS] ep=127 xcd=7 drain=0.480 l1=0.320 wait=1.320 acq=0.080 obs=19115129641054 bar=2.200
[BAR_OBS] ep=127 xcd=4 drain=0.480 l1=0.320 wait=1.760 acq=0.040 obs=19115129641104 bar=2.600
[OPROJ_INNER] slicewait=0.40 mfma=3.96 bar=2.88 rmsnorm_router=1.60 topk=1.08 total=9.92
[BAR_OBS] ep=127 xcd=1 drain=0.360 l1=0.200 wait=2.040 acq=0.080 obs=19115129641045 bar=2.680
[BAR_ARR] ep=127 xcd=1 l1=0.200 l2=0.480
[BAR_OBS] ep=127 xcd=5 drain=0.480 l1=0.280 wait=1.320 acq=0.080 obs=19115129641044 bar=2.160
[BAR_ARR] ep=127 xcd=7 l1=0.320 l2=0.560
[BAR_OBS] ep=127 xcd=0 drain=0.360 l1=0.240 wait=2.240 acq=0.080 obs=19115129641049 bar=2.920
[BAR_ARR] ep=127 xcd=4 l1=0.320 l2=0.720
[BAR_ARR] ep=127 xcd=5 l1=0.280 l2=0.320
[BAR_ARR] ep=127 xcd=0 l1=0.240 l2=0.360
[OPROJ_INNER] slicewait=0.40 mfma=3.96 bar=2.56 rmsnorm_router=1.48 topk=0.40 total=8.80
[BAR_OBS] ep=127 xcd=6 drain=0.480 l1=0.360 wait=1.480 acq=0.080 obs=19115129641071 bar=2.400
[BAR_REL] ep=127 xcd=4 rel=19115129641044
[BAR_ARR] ep=127 xcd=6 l1=0.360 l2=0.600
[BAR_OBS] ep=127 xcd=2 drain=0.400 l1=0.240 wait=2.160 acq=0.080 obs=19115129641049 bar=2.880
[BAR_OBS] ep=127 xcd=3 drain=0.360 l1=0.200 wait=1.920 acq=0.080 obs=19115129641044 bar=2.560
[BAR_ARR] ep=127 xcd=2 l1=0.240 l2=0.440
[BAR_ARR] ep=127 xcd=3 l1=0.200 l2=0.560
[OPROJ_INNER] slicewait=0.40 mfma=3.96 bar=2.16 rmsnorm_router=1.68 topk=2.68 total=10.88
[OPROJ_INNER] slicewait=0.40 mfma=3.88 bar=2.04 rmsnorm_router=1.68 topk=2.20 total=10.20
[OPROJ_INNER] slicewait=0.44 mfma=3.96 bar=2.56 rmsnorm_router=1.92 topk=5.88 total=14.76
[BAR_OBS] ep=128 xcd=4 drain=0.480 l1=0.320 wait=1.160 acq=0.080 obs=19115129899068 bar=2.040
[OPROJ_INNER] slicewait=0.44 mfma=3.92 bar=2.84 rmsnorm_router=1.64 topk=1.00 total=9.84
[OPROJ_INNER] slicewait=0.40 mfma=4.00 bar=2.12 rmsnorm_router=1.64 topk=3.24 total=11.40
[OPROJ_INNER] slicewait=0.40 mfma=3.96 bar=2.76 rmsnorm_router=1.52 topk=0.36 total=9.00
[OPROJ_INNER] slicewait=0.40 mfma=3.92 bar=2.80 rmsnorm_router=1.64 topk=0.72 total=9.48
[OPROJ_INNER] slicewait=0.40 mfma=4.00 bar=2.84 rmsnorm_router=1.68 topk=2.56 total=11.48
[BAR_OBS] ep=128 xcd=5 drain=0.440 l1=0.320 wait=1.320 acq=0.080 obs=19115129899072 bar=2.160
[BAR_OBS] ep=128 xcd=6 drain=0.480 l1=0.360 wait=1.680 acq=0.040 obs=19115129899135 bar=2.560
[BAR_OBS] ep=128 xcd=2 drain=0.400 l1=0.200 wait=2.160 acq=0.080 obs=19115129899077 bar=2.840
[BAR_ARR] ep=128 xcd=4 l1=0.320 l2=0.360
[BAR_ARR] ep=128 xcd=2 l1=0.200 l2=0.640
[BAR_OBS] ep=128 xcd=0 drain=0.400 l1=0.200 wait=2.160 acq=0.080 obs=19115129899081 bar=2.840
[BAR_OBS] ep=128 xcd=1 drain=0.360 l1=0.240 wait=2.160 acq=0.040 obs=19115129899077 bar=2.800
[BAR_ARR] ep=128 xcd=0 l1=0.200 l2=0.600
[BAR_ARR] ep=128 xcd=6 l1=0.360 l2=0.600
[BAR_ARR] ep=128 xcd=1 l1=0.240 l2=0.360
[BAR_ARR] ep=128 xcd=5 l1=0.320 l2=0.320
[BAR_OBS] ep=128 xcd=3 drain=0.360 l1=0.200 wait=2.120 acq=0.080 obs=19115129899072 bar=2.760
[BAR_OBS] ep=128 xcd=7 drain=0.480 l1=0.280 wait=1.280 acq=0.080 obs=19115129899082 bar=2.120
[BAR_REL] ep=128 xcd=6 rel=19115129899075
[BAR_ARR] ep=128 xcd=3 l1=0.200 l2=0.760
[BAR_ARR] ep=128 xcd=7 l1=0.280 l2=0.520
[OPROJ_INNER] slicewait=0.40 mfma=3.96 bar=2.68 rmsnorm_router=1.48 topk=0.40 total=8.92
[OPROJ_INNER] slicewait=0.36 mfma=3.96 bar=2.96 rmsnorm_router=1.60 topk=1.08 total=9.96
[OPROJ_INNER] slicewait=0.36 mfma=3.92 bar=3.00 rmsnorm_router=1.64 topk=1.68 total=10.60
[OPROJ_INNER] slicewait=0.40 mfma=3.96 bar=2.12 rmsnorm_router=1.76 topk=2.88 total=11.12
[BAR_OBS] ep=129 xcd=3 drain=0.360 l1=0.200 wait=2.080 acq=0.040 obs=19115130171424 bar=2.680
[OPROJ_INNER] slicewait=0.40 mfma=3.92 bar=2.76 rmsnorm_router=1.56 topk=0.88 total=9.52
[BAR_ARR] ep=129 xcd=3 l1=0.200 l2=0.680
[BAR_OBS] ep=129 xcd=0 drain=0.360 l1=0.200 wait=2.360 acq=0.080 obs=19115130171429 bar=3.000
[OPROJ_INNER] slicewait=0.40 mfma=3.96 bar=2.12 rmsnorm_router=1.60 topk=2.16 total=10.24
[BAR_ARR] ep=129 xcd=0 l1=0.200 l2=0.480
[BAR_OBS] ep=129 xcd=2 drain=0.400 l1=0.200 wait=2.280 acq=0.080 obs=19115130171429 bar=2.960
[OPROJ_INNER] slicewait=0.40 mfma=3.96 bar=2.04 rmsnorm_router=1.72 topk=2.56 total=10.68
[OPROJ_INNER] slicewait=0.40 mfma=4.04 bar=2.60 rmsnorm_router=1.84 topk=5.68 total=14.56
[BAR_ARR] ep=129 xcd=2 l1=0.200 l2=0.520
[BAR_OBS] ep=129 xcd=5 drain=0.480 l1=0.320 wait=1.240 acq=0.080 obs=19115130171420 bar=2.120
[BAR_OBS] ep=129 xcd=6 drain=0.480 l1=0.320 wait=1.760 acq=0.040 obs=19115130171491 bar=2.600
[BAR_ARR] ep=129 xcd=5 l1=0.320 l2=0.320
[BAR_OBS] ep=129 xcd=7 drain=0.440 l1=0.320 wait=1.200 acq=0.080 obs=19115130171422 bar=2.040
[BAR_OBS] ep=129 xcd=1 drain=0.360 l1=0.240 wait=2.120 acq=0.040 obs=19115130171429 bar=2.760
[BAR_OBS] ep=129 xcd=4 drain=0.480 l1=0.320 wait=1.280 acq=0.040 obs=19115130171436 bar=2.120
[BAR_ARR] ep=129 xcd=7 l1=0.320 l2=0.360
[BAR_ARR] ep=129 xcd=1 l1=0.240 l2=0.480
[BAR_ARR] ep=129 xcd=6 l1=0.320 l2=0.600
[BAR_ARR] ep=129 xcd=4 l1=0.320 l2=0.400
[BAR_REL] ep=129 xcd=6 rel=19115130171423
[OPROJ_INNER] slicewait=0.40 mfma=3.96 bar=2.88 rmsnorm_router=1.60 topk=0.96 total=9.80
[OPROJ_INNER] slicewait=0.40 mfma=4.00 bar=2.20 rmsnorm_router=1.68 topk=3.36 total=11.64
[OPROJ_INNER] slicewait=0.40 mfma=4.00 bar=2.68 rmsnorm_router=1.52 topk=0.36 total=8.96
[OPROJ_INNER] slicewait=0.40 mfma=3.96 bar=2.16 rmsnorm_router=1.76 topk=2.88 total=11.16
[OPROJ_INNER] slicewait=0.40 mfma=4.00 bar=2.84 rmsnorm_router=1.68 topk=2.20 total=11.12
[OPROJ_INNER] slicewait=0.40 mfma=4.00 bar=2.64 rmsnorm_router=1.96 topk=6.08 total=15.08
[BAR_OBS] ep=130 xcd=7 drain=0.480 l1=0.280 wait=1.360 acq=0.080 obs=19115130423574 bar=2.200
[BAR_OBS] ep=130 xcd=2 drain=0.400 l1=0.200 wait=2.200 acq=0.080 obs=19115130423573 bar=2.880
[BAR_OBS] ep=130 xcd=3 drain=0.400 l1=0.200 wait=2.000 acq=0.080 obs=19115130423568 bar=2.680
[BAR_ARR] ep=130 xcd=7 l1=0.280 l2=0.440
[BAR_OBS] ep=130 xcd=0 drain=0.400 l1=0.200 wait=2.160 acq=0.080 obs=19115130423573 bar=2.840
[OPROJ_INNER] slicewait=0.40 mfma=4.00 bar=2.64 rmsnorm_router=1.52 topk=0.76 total=9.32
[BAR_ARR] ep=130 xcd=2 l1=0.200 l2=0.400
[BAR_OBS] ep=130 xcd=1 drain=0.400 l1=0.200 wait=1.960 acq=0.080 obs=19115130423569 bar=2.640
[BAR_ARR] ep=130 xcd=3 l1=0.200 l2=0.520
[BAR_ARR] ep=130 xcd=1 l1=0.200 l2=0.600
[BAR_OBS] ep=130 xcd=5 drain=0.480 l1=0.280 wait=1.360 acq=0.040 obs=19115130423568 bar=2.160
[BAR_ARR] ep=130 xcd=0 l1=0.200 l2=0.520
[BAR_OBS] ep=130 xcd=6 drain=0.480 l1=0.320 wait=1.760 acq=0.080 obs=19115130423627 bar=2.640
[OPROJ_INNER] slicewait=0.40 mfma=3.96 bar=2.32 rmsnorm_router=1.52 topk=2.04 total=10.24
[BAR_ARR] ep=130 xcd=5 l1=0.280 l2=0.360
[BAR_ARR] ep=130 xcd=6 l1=0.320 l2=0.680
[BAR_REL] ep=130 xcd=6 rel=19115130423567
[BAR_OBS] ep=130 xcd=4 drain=0.480 l1=0.320 wait=1.440 acq=0.080 obs=19115130423588 bar=2.320
[BAR_ARR] ep=130 xcd=4 l1=0.320 l2=0.560
[OPROJ_INNER] slicewait=0.40 mfma=3.96 bar=2.92 rmsnorm_router=1.64 topk=2.00 total=10.92
[OPROJ_INNER] slicewait=0.40 mfma=3.96 bar=2.88 rmsnorm_router=1.60 topk=1.04 total=9.88
[OPROJ_INNER] slicewait=0.40 mfma=3.92 bar=2.76 rmsnorm_router=1.52 topk=0.64 total=9.24
[OPROJ_INNER] slicewait=0.40 mfma=4.00 bar=2.12 rmsnorm_router=1.72 topk=3.24 total=11.48
[OPROJ_INNER] slicewait=0.40 mfma=3.88 bar=2.64 rmsnorm_router=1.48 topk=0.40 total=8.80
[BAR_OBS] ep=131 xcd=0 drain=0.360 l1=0.240 wait=2.240 acq=0.080 obs=19115130686313 bar=2.920
[OPROJ_INNER] slicewait=0.40 mfma=3.96 bar=2.16 rmsnorm_router=1.76 topk=2.88 total=11.16
[BAR_OBS] ep=131 xcd=2 drain=0.400 l1=0.200 wait=2.200 acq=0.080 obs=19115130686313 bar=2.880
[OPROJ_INNER] slicewait=0.44 mfma=3.92 bar=2.20 rmsnorm_router=1.52 topk=2.28 total=10.36
[BAR_ARR] ep=131 xcd=2 l1=0.200 l2=0.480
[OPROJ_INNER] slicewait=0.44 mfma=4.00 bar=2.56 rmsnorm_router=1.92 topk=6.04 total=14.96
[BAR_OBS] ep=131 xcd=1 drain=0.360 l1=0.240 wait=2.080 acq=0.080 obs=19115130686309 bar=2.760
[BAR_OBS] ep=131 xcd=5 drain=0.480 l1=0.320 wait=1.280 acq=0.080 obs=19115130686308 bar=2.160
[BAR_ARR] ep=131 xcd=1 l1=0.240 l2=0.520
[BAR_OBS] ep=131 xcd=3 drain=0.400 l1=0.200 wait=1.960 acq=0.080 obs=19115130686308 bar=2.640
[BAR_ARR] ep=131 xcd=5 l1=0.320 l2=0.320
[BAR_ARR] ep=131 xcd=3 l1=0.200 l2=0.600
[BAR_ARR] ep=131 xcd=0 l1=0.240 l2=0.280
[BAR_OBS] ep=131 xcd=4 drain=0.480 l1=0.320 wait=1.360 acq=0.040 obs=19115130686328 bar=2.200
[BAR_OBS] ep=131 xcd=7 drain=0.480 l1=0.320 wait=1.240 acq=0.080 obs=19115130686310 bar=2.120
[BAR_OBS] ep=131 xcd=6 drain=0.480 l1=0.320 wait=1.680 acq=0.080 obs=19115130686367 bar=2.560
[BAR_ARR] ep=131 xcd=4 l1=0.320 l2=0.520
[BAR_ARR] ep=131 xcd=7 l1=0.320 l2=0.440
[BAR_ARR] ep=131 xcd=6 l1=0.320 l2=0.640
[BAR_REL] ep=131 xcd=6 rel=19115130686307
[OPROJ_INNER] slicewait=0.40 mfma=4.00 bar=2.76 rmsnorm_router=1.68 topk=1.96 total=10.80
[OPROJ_INNER] slicewait=0.40 mfma=4.00 bar=2.20 rmsnorm_router=1.56 topk=3.28 total=11.44
[OPROJ_INNER] slicewait=0.40 mfma=3.96 bar=2.76 rmsnorm_router=1.64 topk=0.60 total=9.36
[OPROJ_INNER] slicewait=0.40 mfma=3.92 bar=2.64 rmsnorm_router=1.56 topk=0.40 total=8.92
[OPROJ_INNER] slicewait=0.40 mfma=3.96 bar=2.12 rmsnorm_router=1.68 topk=1.16 total=9.32
[OPROJ_INNER] slicewait=0.40 mfma=3.96 bar=2.64 rmsnorm_router=1.68 topk=2.28 total=10.96
[BAR_OBS] ep=132 xcd=3 drain=0.400 l1=0.200 wait=1.960 acq=0.080 obs=19115130955368 bar=2.640
[BAR_OBS] ep=132 xcd=2 drain=0.440 l1=0.200 wait=2.040 acq=0.080 obs=19115130955373 bar=2.760
[OPROJ_INNER] slicewait=0.40 mfma=4.00 bar=2.56 rmsnorm_router=1.84 topk=6.04 total=14.84
[BAR_OBS] ep=132 xcd=0 drain=0.400 l1=0.200 wait=2.080 acq=0.080 obs=19115130955373 bar=2.760
[BAR_ARR] ep=132 xcd=3 l1=0.200 l2=0.600
[BAR_OBS] ep=132 xcd=1 drain=0.360 l1=0.200 wait=2.040 acq=0.040 obs=19115130955381 bar=2.640
[BAR_OBS] ep=132 xcd=7 drain=0.440 l1=0.320 wait=1.360 acq=0.080 obs=19115130955386 bar=2.200
[BAR_ARR] ep=132 xcd=2 l1=0.200 l2=0.560
[BAR_OBS] ep=132 xcd=5 drain=0.440 l1=0.320 wait=1.280 acq=0.080 obs=19115130955368 bar=2.120
[BAR_ARR] ep=132 xcd=1 l1=0.200 l2=0.720
[OPROJ_INNER] slicewait=0.44 mfma=3.92 bar=2.32 rmsnorm_router=1.48 topk=3.36 total=11.52
[BAR_ARR] ep=132 xcd=7 l1=0.320 l2=0.440
[BAR_ARR] ep=132 xcd=0 l1=0.200 l2=0.280
[BAR_ARR] ep=132 xcd=5 l1=0.320 l2=0.400
[BAR_OBS] ep=132 xcd=4 drain=0.480 l1=0.320 wait=1.680 acq=0.080 obs=19115130955428 bar=2.560
[BAR_OBS] ep=132 xcd=6 drain=0.480 l1=0.320 wait=1.440 acq=0.080 obs=19115130955399 bar=2.320
[BAR_ARR] ep=132 xcd=4 l1=0.320 l2=0.600
[BAR_ARR] ep=132 xcd=6 l1=0.320 l2=0.560
[BAR_REL] ep=132 xcd=4 rel=19115130955368
[OPROJ_INNER] slicewait=0.40 mfma=3.96 bar=2.64 rmsnorm_router=1.48 topk=0.40 total=8.88
[OPROJ_INNER] slicewait=0.40 mfma=3.92 bar=2.96 rmsnorm_router=1.64 topk=2.00 total=10.92
[OPROJ_INNER] slicewait=0.40 mfma=3.88 bar=2.92 rmsnorm_router=1.60 topk=1.00 total=9.80
[BAR_OBS] ep=133 xcd=0 drain=0.400 l1=0.240 wait=2.240 acq=0.080 obs=19115131226445 bar=2.960
[OPROJ_INNER] slicewait=0.40 mfma=4.00 bar=2.04 rmsnorm_router=1.76 topk=3.08 total=11.28
[OPROJ_INNER] slicewait=0.40 mfma=3.92 bar=2.76 rmsnorm_router=1.52 topk=0.72 total=9.32
[OPROJ_INNER] slicewait=0.40 mfma=4.00 bar=2.56 rmsnorm_router=1.80 topk=5.92 total=14.68
[OPROJ_INNER] slicewait=0.40 mfma=4.00 bar=2.20 rmsnorm_router=1.60 topk=2.72 total=10.92
[BAR_OBS] ep=133 xcd=3 drain=0.360 l1=0.200 wait=2.000 acq=0.080 obs=19115131226436 bar=2.640
[BAR_ARR] ep=133 xcd=0 l1=0.240 l2=0.520
[OPROJ_INNER] slicewait=0.40 mfma=4.00 bar=2.32 rmsnorm_router=1.48 topk=3.16 total=11.36
[BAR_OBS] ep=133 xcd=1 drain=0.360 l1=0.200 wait=2.160 acq=0.040 obs=19115131226445 bar=2.760
[BAR_ARR] ep=133 xcd=1 l1=0.200 l2=0.600
[BAR_OBS] ep=133 xcd=5 drain=0.440 l1=0.280 wait=1.400 acq=0.080 obs=19115131226448 bar=2.200
[BAR_OBS] ep=133 xcd=6 drain=0.480 l1=0.320 wait=1.720 acq=0.040 obs=19115131226499 bar=2.560
[BAR_ARR] ep=133 xcd=3 l1=0.200 l2=0.640
[BAR_ARR] ep=133 xcd=5 l1=0.280 l2=0.560
[BAR_ARR] ep=133 xcd=6 l1=0.320 l2=0.640
[BAR_OBS] ep=133 xcd=2 drain=0.360 l1=0.240 wait=2.240 acq=0.080 obs=19115131226441 bar=2.920
[BAR_ARR] ep=133 xcd=2 l1=0.240 l2=0.560
[BAR_OBS] ep=133 xcd=4 drain=0.480 l1=0.320 wait=1.440 acq=0.080 obs=19115131226468 bar=2.320
[BAR_REL] ep=133 xcd=6 rel=19115131226439
[BAR_OBS] ep=133 xcd=7 drain=0.440 l1=0.320 wait=1.240 acq=0.040 obs=19115131226438 bar=2.040
[BAR_ARR] ep=133 xcd=4 l1=0.320 l2=0.560
[BAR_ARR] ep=133 xcd=7 l1=0.320 l2=0.440
[OPROJ_INNER] slicewait=0.44 mfma=3.96 bar=2.72 rmsnorm_router=1.64 topk=1.08 total=9.84
[OPROJ_INNER] slicewait=0.40 mfma=3.96 bar=2.60 rmsnorm_router=1.92 topk=5.92 total=14.80
[OPROJ_INNER] slicewait=0.44 mfma=3.88 bar=2.12 rmsnorm_router=1.72 topk=2.40 total=10.56
[OPROJ_INNER] slicewait=0.40 mfma=4.00 bar=2.68 rmsnorm_router=1.52 topk=0.36 total=8.96
[OPROJ_INNER] slicewait=0.44 mfma=3.96 bar=2.24 rmsnorm_router=1.44 topk=3.32 total=11.40
[BAR_OBS] ep=134 xcd=2 drain=0.360 l1=0.240 wait=2.040 acq=0.080 obs=19115131484621 bar=2.720
[OPROJ_INNER] slicewait=0.44 mfma=3.92 bar=2.60 rmsnorm_router=1.56 topk=0.92 total=9.44
[OPROJ_INNER] slicewait=0.40 mfma=4.00 bar=2.80 rmsnorm_router=1.64 topk=2.76 total=11.60
[BAR_OBS] ep=134 xcd=3 drain=0.360 l1=0.200 wait=2.040 acq=0.080 obs=19115131484616 bar=2.680
[BAR_ARR] ep=134 xcd=2 l1=0.240 l2=0.640
[BAR_OBS] ep=134 xcd=6 drain=0.520 l1=0.320 wait=1.680 acq=0.080 obs=19115131484675 bar=2.600
[BAR_ARR] ep=134 xcd=3 l1=0.200 l2=0.680
[OPROJ_INNER] slicewait=0.40 mfma=3.92 bar=2.16 rmsnorm_router=1.60 topk=3.24 total=11.32
[BAR_OBS] ep=134 xcd=0 drain=0.400 l1=0.200 wait=2.120 acq=0.080 obs=19115131484621 bar=2.800
[BAR_OBS] ep=134 xcd=1 drain=0.400 l1=0.200 wait=1.920 acq=0.080 obs=19115131484617 bar=2.600
[BAR_ARR] ep=134 xcd=6 l1=0.320 l2=0.600
[BAR_ARR] ep=134 xcd=1 l1=0.200 l2=0.680
[BAR_OBS] ep=134 xcd=4 drain=0.440 l1=0.320 wait=1.400 acq=0.080 obs=19115131484640 bar=2.240
[BAR_OBS] ep=134 xcd=7 drain=0.440 l1=0.320 wait=1.320 acq=0.080 obs=19115131484622 bar=2.160
[BAR_REL] ep=134 xcd=6 rel=19115131484615
[BAR_ARR] ep=134 xcd=7 l1=0.320 l2=0.480
[BAR_ARR] ep=134 xcd=4 l1=0.320 l2=0.520
[BAR_ARR] ep=134 xcd=0 l1=0.200 l2=0.440
[BAR_OBS] ep=134 xcd=5 drain=0.480 l1=0.320 wait=1.280 acq=0.040 obs=19115131484616 bar=2.120
[BAR_ARR] ep=134 xcd=5 l1=0.320 l2=0.360
[OPROJ_INNER] slicewait=0.40 mfma=3.92 bar=2.72 rmsnorm_router=1.64 topk=1.00 total=9.68
[OPROJ_INNER] slicewait=0.44 mfma=3.88 bar=2.44 rmsnorm_router=1.56 topk=0.36 total=8.68
[OPROJ_INNER] slicewait=0.40 mfma=4.00 bar=2.44 rmsnorm_router=1.96 topk=6.00 total=14.80
[OPROJ_INNER] slicewait=0.44 mfma=3.92 bar=2.60 rmsnorm_router=1.68 topk=2.08 total=10.72
[OPROJ_INNER] slicewait=0.40 mfma=3.92 bar=2.52 rmsnorm_router=1.52 topk=0.72 total=9.08
[OPROJ_INNER] slicewait=0.40 mfma=3.88 bar=2.00 rmsnorm_router=1.76 topk=3.12 total=11.16
[OPROJ_INNER] slicewait=0.40 mfma=3.96 bar=2.12 rmsnorm_router=1.44 topk=3.28 total=11.20
[BAR_OBS] ep=135 xcd=3 drain=0.400 l1=0.160 wait=1.800 acq=0.080 obs=19115131748348 bar=2.440
[BAR_OBS] ep=135 xcd=2 drain=0.400 l1=0.200 wait=2.040 acq=0.080 obs=19115131748353 bar=2.720
[BAR_OBS] ep=135 xcd=0 drain=0.400 l1=0.240 wait=1.920 acq=0.040 obs=19115131748357 bar=2.600
[BAR_ARR] ep=135 xcd=3 l1=0.160 l2=0.640
[BAR_OBS] ep=135 xcd=7 drain=0.480 l1=0.320 wait=1.160 acq=0.040 obs=19115131748350 bar=2.000
[BAR_OBS] ep=135 xcd=6 drain=0.480 l1=0.320 wait=1.600 acq=0.040 obs=19115131748411 bar=2.440
[BAR_OBS] ep=135 xcd=1 drain=0.400 l1=0.200 wait=1.880 acq=0.040 obs=19115131748353 bar=2.520
[BAR_ARR] ep=135 xcd=0 l1=0.240 l2=0.280
[OPROJ_INNER] slicewait=0.40 mfma=3.96 bar=2.08 rmsnorm_router=1.60 topk=2.64 total=10.68
[BAR_ARR] ep=135 xcd=1 l1=0.200 l2=0.360
[BAR_ARR] ep=135 xcd=6 l1=0.320 l2=0.520
[BAR_OBS] ep=135 xcd=5 drain=0.480 l1=0.280 wait=1.240 acq=0.080 obs=19115131748356 bar=2.080
[BAR_ARR] ep=135 xcd=7 l1=0.320 l2=0.320
[BAR_REL] ep=135 xcd=6 rel=19115131748351
[BAR_ARR] ep=135 xcd=2 l1=0.200 l2=0.280
[BAR_OBS] ep=135 xcd=4 drain=0.480 l1=0.280 wait=1.280 acq=0.080 obs=19115131748376 bar=2.120
[BAR_ARR] ep=135 xcd=5 l1=0.280 l2=0.400
[BAR_ARR] ep=135 xcd=4 l1=0.280 l2=0.680
[OPROJ_INNER] slicewait=0.40 mfma=3.92 bar=2.68 rmsnorm_router=1.56 topk=0.44 total=9.00
[OPROJ_INNER] slicewait=0.40 mfma=3.96 bar=2.88 rmsnorm_router=1.72 topk=2.16 total=11.12
[OPROJ_INNER] slicewait=0.44 mfma=3.96 bar=2.80 rmsnorm_router=1.60 topk=1.04 total=9.84
[OPROJ_INNER] slicewait=0.44 mfma=3.92 bar=2.44 rmsnorm_router=1.88 topk=3.12 total=11.80
[BAR_OBS] ep=136 xcd=1 drain=0.360 l1=0.200 wait=2.040 acq=0.080 obs=19115132019289 bar=2.680
[BAR_OBS] ep=136 xcd=0 drain=0.400 l1=0.200 wait=2.240 acq=0.040 obs=19115132019297 bar=2.880
[BAR_ARR] ep=136 xcd=0 l1=0.200 l2=0.440
[BAR_OBS] ep=136 xcd=2 drain=0.360 l1=0.240 wait=2.120 acq=0.080 obs=19115132019293 bar=2.800
[OPROJ_INNER] slicewait=0.40 mfma=3.96 bar=2.60 rmsnorm_router=1.88 topk=5.88 total=14.72
[OPROJ_INNER] slicewait=0.40 mfma=4.00 bar=2.16 rmsnorm_router=1.60 topk=2.56 total=10.72
[OPROJ_INNER] slicewait=0.40 mfma=3.92 bar=2.08 rmsnorm_router=1.76 topk=3.04 total=11.20
[BAR_ARR] ep=136 xcd=2 l1=0.240 l2=0.600
[BAR_OBS] ep=136 xcd=4 drain=0.480 l1=0.320 wait=1.560 acq=0.080 obs=19115132019328 bar=2.440
[BAR_OBS] ep=136 xcd=5 drain=0.440 l1=0.320 wait=1.320 acq=0.080 obs=19115132019300 bar=2.160
[BAR_ARR] ep=136 xcd=4 l1=0.320 l2=0.560
[BAR_ARR] ep=136 xcd=1 l1=0.200 l2=0.600
[BAR_OBS] ep=136 xcd=7 drain=0.440 l1=0.400 wait=1.200 acq=0.040 obs=19115132019290 bar=2.080
[BAR_ARR] ep=136 xcd=5 l1=0.320 l2=0.560
[BAR_ARR] ep=136 xcd=7 l1=0.400 l2=0.320
[OPROJ_INNER] slicewait=0.44 mfma=3.96 bar=2.40 rmsnorm_router=1.56 topk=0.80 total=9.16
[BAR_OBS] ep=136 xcd=6 drain=0.480 l1=0.320 wait=1.760 acq=0.040 obs=19115132019351 bar=2.600
[BAR_ARR] ep=136 xcd=6 l1=0.320 l2=0.680
[BAR_OBS] ep=136 xcd=3 drain=0.400 l1=0.200 wait=1.720 acq=0.080 obs=19115132019288 bar=2.400
[BAR_REL] ep=136 xcd=6 rel=19115132019291
[BAR_ARR] ep=136 xcd=3 l1=0.200 l2=0.440
[OPROJ_INNER] slicewait=0.36 mfma=3.92 bar=2.92 rmsnorm_router=1.56 topk=1.00 total=9.76
[OPROJ_INNER] slicewait=0.40 mfma=3.96 bar=2.40 rmsnorm_router=1.44 topk=3.00 total=11.20
[OPROJ_INNER] slicewait=0.40 mfma=3.92 bar=2.96 rmsnorm_router=1.68 topk=1.80 total=10.76
[OPROJ_INNER] slicewait=0.44 mfma=3.92 bar=2.84 rmsnorm_router=1.52 topk=0.56 total=9.28
[OPROJ_INNER] slicewait=0.40 mfma=3.92 bar=2.76 rmsnorm_router=1.44 topk=0.40 total=8.92
[OPROJ_INNER] slicewait=0.36 mfma=4.04 bar=2.60 rmsnorm_router=1.76 topk=5.84 total=14.60
[OPROJ_INNER] slicewait=0.40 mfma=3.88 bar=2.28 rmsnorm_router=1.48 topk=2.32 total=10.36
[BAR_OBS] ep=137 xcd=2 drain=0.400 l1=0.200 wait=2.240 acq=0.080 obs=19115132274873 bar=2.920
[BAR_OBS] ep=137 xcd=1 drain=0.360 l1=0.200 wait=2.240 acq=0.040 obs=19115132274873 bar=2.840
[BAR_OBS] ep=137 xcd=3 drain=0.360 l1=0.200 wait=2.120 acq=0.080 obs=19115132274872 bar=2.760
[BAR_ARR] ep=137 xcd=2 l1=0.200 l2=0.640
[BAR_OBS] ep=137 xcd=0 drain=0.360 l1=0.240 wait=2.320 acq=0.040 obs=19115132274877 bar=2.960
[BAR_ARR] ep=137 xcd=3 l1=0.200 l2=0.720
[BAR_ARR] ep=137 xcd=1 l1=0.200 l2=0.520
[BAR_OBS] ep=137 xcd=7 drain=0.480 l1=0.280 wait=1.560 acq=0.080 obs=19115132274898 bar=2.400
[OPROJ_INNER] slicewait=0.44 mfma=3.92 bar=2.08 rmsnorm_router=1.76 topk=2.56 total=10.76
[BAR_ARR] ep=137 xcd=0 l1=0.240 l2=0.440
[BAR_ARR] ep=137 xcd=7 l1=0.280 l2=0.600
[BAR_OBS] ep=137 xcd=6 drain=0.480 l1=0.320 wait=1.720 acq=0.080 obs=19115132274931 bar=2.600
[BAR_OBS] ep=137 xcd=5 drain=0.440 l1=0.320 wait=1.280 acq=0.040 obs=19115132274868 bar=2.080
[BAR_ARR] ep=137 xcd=6 l1=0.320 l2=0.640
[BAR_OBS] ep=137 xcd=4 drain=0.480 l1=0.320 wait=1.400 acq=0.080 obs=19115132274884 bar=2.280
[BAR_ARR] ep=137 xcd=5 l1=0.320 l2=0.320
[BAR_REL] ep=137 xcd=6 rel=19115132274871
[BAR_ARR] ep=137 xcd=4 l1=0.320 l2=0.520
[OPROJ_INNER] slicewait=0.40 mfma=3.92 bar=3.00 rmsnorm_router=1.68 topk=2.12 total=11.12
[OPROJ_INNER] slicewait=0.40 mfma=3.92 bar=2.92 rmsnorm_router=1.64 topk=1.08 total=9.96
[OPROJ_INNER] slicewait=0.40 mfma=3.96 bar=2.76 rmsnorm_router=1.52 topk=0.88 total=9.52
[BAR_OBS] ep=138 xcd=0 drain=0.360 l1=0.280 wait=2.280 acq=0.080 obs=19115132535117 bar=3.000
[OPROJ_INNER] slicewait=0.40 mfma=3.96 bar=2.72 rmsnorm_router=1.44 topk=6.56 total=15.08
[OPROJ_INNER] slicewait=0.40 mfma=4.00 bar=2.80 rmsnorm_router=1.48 topk=0.40 total=9.08
[BAR_OBS] ep=138 xcd=2 drain=0.360 l1=0.240 wait=2.280 acq=0.040 obs=19115132535117 bar=2.920
[OPROJ_INNER] slicewait=0.40 mfma=4.00 bar=2.16 rmsnorm_router=1.76 topk=2.60 total=10.92
[BAR_OBS] ep=138 xcd=1 drain=0.360 l1=0.200 wait=2.120 acq=0.080 obs=19115132535113 bar=2.760
[BAR_ARR] ep=138 xcd=1 l1=0.200 l2=0.600
[BAR_ARR] ep=138 xcd=0 l1=0.280 l2=0.360
[BAR_ARR] ep=138 xcd=2 l1=0.240 l2=0.480
[OPROJ_INNER] slicewait=0.40 mfma=3.92 bar=2.40 rmsnorm_router=1.40 topk=3.08 total=11.20
[OPROJ_INNER] slicewait=0.40 mfma=3.96 bar=2.20 rmsnorm_router=1.68 topk=3.24 total=11.48
[BAR_OBS] ep=138 xcd=3 drain=0.360 l1=0.200 wait=2.160 acq=0.080 obs=19115132535116 bar=2.800
[BAR_ARR] ep=138 xcd=3 l1=0.200 l2=0.600
[BAR_OBS] ep=138 xcd=5 drain=0.480 l1=0.280 wait=1.360 acq=0.040 obs=19115132535112 bar=2.160
[BAR_ARR] ep=138 xcd=5 l1=0.280 l2=0.320
[BAR_OBS] ep=138 xcd=7 drain=0.480 l1=0.320 wait=1.320 acq=0.080 obs=19115132535118 bar=2.200
[BAR_OBS] ep=138 xcd=6 drain=0.480 l1=0.360 wait=1.800 acq=0.080 obs=19115132535171 bar=2.720
[BAR_OBS] ep=138 xcd=4 drain=0.480 l1=0.320 wait=1.520 acq=0.080 obs=19115132535140 bar=2.400
[BAR_ARR] ep=138 xcd=7 l1=0.320 l2=0.320
[BAR_ARR] ep=138 xcd=6 l1=0.360 l2=0.720
[BAR_ARR] ep=138 xcd=4 l1=0.320 l2=0.680
[BAR_REL] ep=138 xcd=6 rel=19115132535111
[OPROJ_INNER] slicewait=0.40 mfma=3.88 bar=2.92 rmsnorm_router=1.60 topk=1.16 total=9.96
[OPROJ_INNER] slicewait=0.36 mfma=3.92 bar=2.68 rmsnorm_router=1.48 topk=0.36 total=8.80
[OPROJ_INNER] slicewait=0.36 mfma=3.96 bar=2.88 rmsnorm_router=1.64 topk=1.96 total=10.80
[OPROJ_INNER] slicewait=0.40 mfma=3.88 bar=2.76 rmsnorm_router=1.52 topk=0.80 total=9.36
[BAR_OBS] ep=139 xcd=2 drain=0.440 l1=0.240 wait=2.200 acq=0.040 obs=19115132791997 bar=2.920
[OPROJ_INNER] slicewait=0.44 mfma=3.92 bar=2.12 rmsnorm_router=1.76 topk=2.88 total=11.12
[OPROJ_INNER] slicewait=0.40 mfma=4.00 bar=2.20 rmsnorm_router=1.64 topk=3.36 total=11.60
[OPROJ_INNER] slicewait=0.40 mfma=4.00 bar=2.64 rmsnorm_router=1.84 topk=6.16 total=15.04
[OPROJ_INNER] slicewait=0.40 mfma=3.92 bar=2.04 rmsnorm_router=1.72 topk=2.44 total=10.52
[BAR_ARR] ep=139 xcd=2 l1=0.240 l2=0.480
[BAR_OBS] ep=139 xcd=1 drain=0.400 l1=0.200 wait=2.120 acq=0.040 obs=19115132791997 bar=2.760
[BAR_OBS] ep=139 xcd=0 drain=0.400 l1=0.200 wait=2.200 acq=0.080 obs=19115132791997 bar=2.880
[BAR_ARR] ep=139 xcd=1 l1=0.200 l2=0.600
[BAR_ARR] ep=139 xcd=0 l1=0.200 l2=0.520
[BAR_OBS] ep=139 xcd=5 drain=0.440 l1=0.320 wait=1.280 acq=0.080 obs=19115132791988 bar=2.120
[BAR_OBS] ep=139 xcd=7 drain=0.480 l1=0.320 wait=1.320 acq=0.080 obs=19115132792002 bar=2.200
[BAR_OBS] ep=139 xcd=3 drain=0.360 l1=0.200 wait=2.080 acq=0.040 obs=19115132791996 bar=2.680
[BAR_ARR] ep=139 xcd=3 l1=0.200 l2=0.720
[BAR_OBS] ep=139 xcd=6 drain=0.480 l1=0.320 wait=1.760 acq=0.080 obs=19115132792055 bar=2.640
[BAR_OBS] ep=139 xcd=4 drain=0.480 l1=0.320 wait=1.160 acq=0.080 obs=19115132791984 bar=2.040
[BAR_ARR] ep=139 xcd=7 l1=0.320 l2=0.600
[BAR_ARR] ep=139 xcd=6 l1=0.320 l2=0.640
[BAR_ARR] ep=139 xcd=4 l1=0.320 l2=0.400
[BAR_ARR] ep=139 xcd=5 l1=0.320 l2=0.320
[BAR_REL] ep=139 xcd=6 rel=19115132791991
[OPROJ_INNER] slicewait=0.40 mfma=3.96 bar=2.72 rmsnorm_router=1.56 topk=0.72 total=9.36
[OPROJ_INNER] slicewait=0.44 mfma=3.92 bar=2.80 rmsnorm_router=1.64 topk=1.04 total=9.84
[OPROJ_INNER] slicewait=0.40 mfma=3.96 bar=2.56 rmsnorm_router=1.52 topk=0.36 total=8.80
[OPROJ_INNER] slicewait=0.40 mfma=3.92 bar=2.92 rmsnorm_router=1.68 topk=2.68 total=11.60
[BAR_OBS] ep=140 xcd=1 drain=0.360 l1=0.200 wait=2.080 acq=0.080 obs=19115133051533 bar=2.720
[OPROJ_INNER] slicewait=0.40 mfma=3.92 bar=2.16 rmsnorm_router=1.72 topk=3.24 total=11.44
[OPROJ_INNER] slicewait=0.40 mfma=3.96 bar=2.72 rmsnorm_router=1.44 topk=6.40 total=14.92
[BAR_OBS] ep=140 xcd=3 drain=0.360 l1=0.200 wait=1.960 acq=0.040 obs=19115133051532 bar=2.560
[BAR_OBS] ep=140 xcd=0 drain=0.400 l1=0.280 wait=2.160 acq=0.080 obs=19115133051537 bar=2.920
[BAR_OBS] ep=140 xcd=2 drain=0.360 l1=0.240 wait=2.120 acq=0.080 obs=19115133051533 bar=2.800
[BAR_ARR] ep=140 xcd=0 l1=0.280 l2=0.360
[OPROJ_INNER] slicewait=0.44 mfma=3.92 bar=2.08 rmsnorm_router=1.68 topk=2.32 total=10.44
[BAR_ARR] ep=140 xcd=1 l1=0.200 l2=0.520
[OPROJ_INNER] slicewait=0.40 mfma=3.92 bar=2.20 rmsnorm_router=1.52 topk=2.04 total=10.08
[BAR_ARR] ep=140 xcd=2 l1=0.240 l2=0.360
[BAR_ARR] ep=140 xcd=3 l1=0.200 l2=0.560
[BAR_OBS] ep=140 xcd=7 drain=0.480 l1=0.280 wait=1.320 acq=0.080 obs=19115133051530 bar=2.160
[BAR_OBS] ep=140 xcd=5 drain=0.440 l1=0.320 wait=1.240 acq=0.080 obs=19115133051528 bar=2.080
[BAR_ARR] ep=140 xcd=7 l1=0.280 l2=0.360
[BAR_OBS] ep=140 xcd=4 drain=0.440 l1=0.320 wait=1.400 acq=0.040 obs=19115133051548 bar=2.200
[BAR_OBS] ep=140 xcd=6 drain=0.480 l1=0.320 wait=1.840 acq=0.080 obs=19115133051599 bar=2.720
[BAR_ARR] ep=140 xcd=5 l1=0.320 l2=0.440
[BAR_ARR] ep=140 xcd=4 l1=0.320 l2=0.600
[BAR_ARR] ep=140 xcd=6 l1=0.320 l2=0.680
[BAR_REL] ep=140 xcd=6 rel=19115133051531
[OPROJ_INNER] slicewait=0.40 mfma=3.96 bar=2.64 rmsnorm_router=1.96 topk=5.96 total=14.92
[OPROJ_INNER] slicewait=0.40 mfma=3.92 bar=2.88 rmsnorm_router=1.60 topk=1.16 total=9.96
[OPROJ_INNER] slicewait=0.44 mfma=3.92 bar=2.36 rmsnorm_router=1.56 topk=3.08 total=11.36
[OPROJ_INNER] slicewait=0.40 mfma=3.96 bar=2.64 rmsnorm_router=1.52 topk=0.40 total=8.92
[OPROJ_INNER] slicewait=0.40 mfma=4.04 bar=2.88 rmsnorm_router=1.72 topk=2.12 total=11.16
[OPROJ_INNER] slicewait=0.40 mfma=3.88 bar=2.28 rmsnorm_router=1.56 topk=1.96 total=10.08
[OPROJ_INNER] slicewait=0.40 mfma=3.92 bar=2.20 rmsnorm_router=1.76 topk=2.76 total=11.04
[OPROJ_INNER] slicewait=0.40 mfma=3.96 bar=2.68 rmsnorm_router=1.56 topk=0.84 total=9.44
[BAR_OBS] ep=141 xcd=2 drain=0.440 l1=0.200 wait=2.200 acq=0.040 obs=19115133310945 bar=2.880
[BAR_OBS] ep=141 xcd=6 drain=0.480 l1=0.320 wait=1.760 acq=0.080 obs=19115133310999 bar=2.640
[BAR_OBS] ep=141 xcd=4 drain=0.480 l1=0.320 wait=1.440 acq=0.040 obs=19115133310952 bar=2.280
[BAR_OBS] ep=141 xcd=7 drain=0.480 l1=0.280 wait=1.560 acq=0.040 obs=19115133310962 bar=2.360
[BAR_ARR] ep=141 xcd=4 l1=0.320 l2=0.520
[BAR_ARR] ep=141 xcd=7 l1=0.280 l2=0.680
[BAR_OBS] ep=141 xcd=0 drain=0.360 l1=0.200 wait=2.280 acq=0.040 obs=19115133310945 bar=2.880
[BAR_OBS] ep=141 xcd=3 drain=0.360 l1=0.200 wait=2.000 acq=0.080 obs=19115133310936 bar=2.640
[BAR_ARR] ep=141 xcd=6 l1=0.320 l2=0.680
[BAR_ARR] ep=141 xcd=2 l1=0.200 l2=0.480
[BAR_OBS] ep=141 xcd=1 drain=0.360 l1=0.200 wait=2.040 acq=0.080 obs=19115133310941 bar=2.680
[BAR_ARR] ep=141 xcd=0 l1=0.200 l2=0.440
[BAR_ARR] ep=141 xcd=3 l1=0.200 l2=0.720
[BAR_ARR] ep=141 xcd=1 l1=0.200 l2=0.640
[BAR_REL] ep=141 xcd=6 rel=19115133310939
[BAR_OBS] ep=141 xcd=5 drain=0.440 l1=0.280 wait=1.400 acq=0.080 obs=19115133310936 bar=2.200
[BAR_ARR] ep=141 xcd=5 l1=0.280 l2=0.440
[OPROJ_INNER] slicewait=0.44 mfma=3.92 bar=2.88 rmsnorm_router=1.68 topk=2.44 total=11.36
[OPROJ_INNER] slicewait=0.44 mfma=3.88 bar=2.28 rmsnorm_router=1.48 topk=2.96 total=11.04
[OPROJ_INNER] slicewait=0.40 mfma=3.92 bar=2.60 rmsnorm_router=1.60 topk=0.72 total=9.24
[OPROJ_INNER] slicewait=0.44 mfma=3.96 bar=2.60 rmsnorm_router=1.52 topk=0.40 total=8.92
[BAR_OBS] ep=142 xcd=0 drain=0.400 l1=0.280 wait=2.120 acq=0.080 obs=19115133591313 bar=2.880
[BAR_ARR] ep=142 xcd=0 l1=0.280 l2=0.280
[OPROJ_INNER] slicewait=0.40 mfma=4.00 bar=2.68 rmsnorm_router=1.64 topk=1.04 total=9.76
[BAR_OBS] ep=142 xcd=3 drain=0.400 l1=0.160 wait=1.960 acq=0.080 obs=19115133591308 bar=2.600
[BAR_OBS] ep=142 xcd=1 drain=0.400 l1=0.200 wait=1.920 acq=0.080 obs=19115133591309 bar=2.600
[BAR_ARR] ep=142 xcd=3 l1=0.160 l2=0.640
[BAR_ARR] ep=142 xcd=1 l1=0.200 l2=0.560
[OPROJ_INNER] slicewait=0.40 mfma=3.96 bar=2.12 rmsnorm_router=1.64 topk=3.20 total=11.32
[OPROJ_INNER] slicewait=0.40 mfma=3.96 bar=2.60 rmsnorm_router=1.84 topk=5.92 total=14.72
[OPROJ_INNER] slicewait=0.44 mfma=3.92 bar=2.08 rmsnorm_router=1.72 topk=2.64 total=10.80
[BAR_OBS] ep=142 xcd=2 drain=0.360 l1=0.200 wait=2.040 acq=0.080 obs=19115133591309 bar=2.680
[BAR_ARR] ep=142 xcd=2 l1=0.200 l2=0.280
[BAR_OBS] ep=142 xcd=5 drain=0.480 l1=0.280 wait=1.240 acq=0.080 obs=19115133591304 bar=2.080
[BAR_OBS] ep=142 xcd=4 drain=0.480 l1=0.320 wait=1.400 acq=0.080 obs=19115133591332 bar=2.280
[BAR_OBS] ep=142 xcd=6 drain=0.480 l1=0.360 wait=1.680 acq=0.080 obs=19115133591371 bar=2.600
[BAR_ARR] ep=142 xcd=5 l1=0.280 l2=0.360
[BAR_ARR] ep=142 xcd=4 l1=0.320 l2=0.520
[BAR_OBS] ep=142 xcd=7 drain=0.440 l1=0.320 wait=1.280 acq=0.080 obs=19115133591314 bar=2.120
[BAR_ARR] ep=142 xcd=6 l1=0.360 l2=0.560
[BAR_ARR] ep=142 xcd=7 l1=0.320 l2=0.400
[BAR_REL] ep=142 xcd=6 rel=19115133591307
[OPROJ_INNER] slicewait=0.40 mfma=3.96 bar=2.52 rmsnorm_router=1.56 topk=0.56 total=9.00
[OPROJ_INNER] slicewait=0.40 mfma=4.04 bar=2.56 rmsnorm_router=1.64 topk=1.96 total=10.60
[OPROJ_INNER] slicewait=0.40 mfma=3.92 bar=2.56 rmsnorm_router=1.84 topk=6.00 total=14.72
[OPROJ_INNER] slicewait=0.40 mfma=3.96 bar=2.52 rmsnorm_router=1.52 topk=0.40 total=8.80
[OPROJ_INNER] slicewait=0.44 mfma=3.92 bar=2.76 rmsnorm_router=1.56 topk=1.04 total=9.72
[OPROJ_INNER] slicewait=0.40 mfma=3.92 bar=2.28 rmsnorm_router=1.44 topk=3.28 total=11.32
[BAR_OBS] ep=143 xcd=1 drain=0.360 l1=0.200 wait=1.880 acq=0.080 obs=19115133837233 bar=2.520
[BAR_ARR] ep=143 xcd=1 l1=0.200 l2=0.520
[OPROJ_INNER] slicewait=0.40 mfma=3.92 bar=2.08 rmsnorm_router=1.76 topk=3.08 total=11.24
[BAR_OBS] ep=143 xcd=0 drain=0.360 l1=0.240 wait=1.880 acq=0.080 obs=19115133837237 bar=2.560
[BAR_ARR] ep=143 xcd=0 l1=0.240 l2=0.600
[OPROJ_INNER] slicewait=0.40 mfma=3.92 bar=2.20 rmsnorm_router=1.52 topk=2.16 total=10.20
[BAR_OBS] ep=143 xcd=3 drain=0.360 l1=0.200 wait=1.920 acq=0.040 obs=19115133837232 bar=2.520
[BAR_OBS] ep=143 xcd=6 drain=0.480 l1=0.320 wait=1.440 acq=0.040 obs=19115133837267 bar=2.280
[BAR_ARR] ep=143 xcd=3 l1=0.200 l2=0.400
[BAR_OBS] ep=143 xcd=7 drain=0.440 l1=0.320 wait=1.240 acq=0.080 obs=19115133837234 bar=2.080
[BAR_ARR] ep=143 xcd=6 l1=0.320 l2=0.480
[BAR_OBS] ep=143 xcd=4 drain=0.480 l1=0.320 wait=1.680 acq=0.080 obs=19115133837292 bar=2.560
[BAR_OBS] ep=143 xcd=2 drain=0.400 l1=0.200 wait=2.080 acq=0.080 obs=19115133837233 bar=2.760
[BAR_ARR] ep=143 xcd=7 l1=0.320 l2=0.320
[BAR_ARR] ep=143 xcd=4 l1=0.320 l2=0.600
[BAR_ARR] ep=143 xcd=2 l1=0.200 l2=0.280
[BAR_REL] ep=143 xcd=4 rel=19115133837232
[BAR_OBS] ep=143 xcd=5 drain=0.440 l1=0.320 wait=1.360 acq=0.080 obs=19115133837248 bar=2.200
[BAR_ARR] ep=143 xcd=5 l1=0.320 l2=0.400
[OPROJ_INNER] slicewait=0.44 mfma=3.96 bar=2.68 rmsnorm_router=1.64 topk=1.08 total=9.80
[OPROJ_INNER] slicewait=0.40 mfma=3.92 bar=2.64 rmsnorm_router=1.52 topk=0.68 total=9.16
[OPROJ_INNER] slicewait=0.40 mfma=3.92 bar=2.08 rmsnorm_router=1.72 topk=2.76 total=10.88
[BAR_OBS] ep=144 xcd=2 drain=0.480 l1=0.200 wait=1.960 acq=0.040 obs=19115134099645 bar=2.680
[OPROJ_INNER] slicewait=0.40 mfma=3.96 bar=2.84 rmsnorm_router=1.68 topk=1.76 total=10.64
[OPROJ_INNER] slicewait=0.44 mfma=4.00 bar=2.52 rmsnorm_router=1.48 topk=0.40 total=8.84
[OPROJ_INNER] slicewait=0.40 mfma=3.92 bar=2.16 rmsnorm_router=1.68 topk=2.96 total=11.12
[BAR_ARR] ep=144 xcd=2 l1=0.200 l2=0.480
[OPROJ_INNER] slicewait=0.44 mfma=3.88 bar=2.32 rmsnorm_router=1.48 topk=2.52 total=10.64
[BAR_OBS] ep=144 xcd=0 drain=0.360 l1=0.200 wait=2.200 acq=0.080 obs=19115134099645 bar=2.840
[BAR_OBS] ep=144 xcd=1 drain=0.360 l1=0.200 wait=2.000 acq=0.080 obs=19115134099641 bar=2.640
[BAR_OBS] ep=144 xcd=3 drain=0.360 l1=0.200 wait=1.880 acq=0.080 obs=19115134099640 bar=2.520
[OPROJ_INNER] slicewait=0.40 mfma=3.96 bar=2.60 rmsnorm_router=1.76 topk=5.88 total=14.60
[BAR_ARR] ep=144 xcd=1 l1=0.200 l2=0.440
[BAR_ARR] ep=144 xcd=0 l1=0.200 l2=0.480
[BAR_OBS] ep=144 xcd=4 drain=0.480 l1=0.320 wait=1.440 acq=0.080 obs=19115134099664 bar=2.320
[BAR_ARR] ep=144 xcd=3 l1=0.200 l2=0.600
[BAR_OBS] ep=144 xcd=7 drain=0.480 l1=0.320 wait=1.280 acq=0.080 obs=19115134099646 bar=2.160
[BAR_ARR] ep=144 xcd=4 l1=0.320 l2=0.600
[BAR_OBS] ep=144 xcd=5 drain=0.440 l1=0.320 wait=1.280 acq=0.040 obs=19115134099640 bar=2.080
[BAR_OBS] ep=144 xcd=6 drain=0.480 l1=0.320 wait=1.720 acq=0.080 obs=19115134099699 bar=2.600
[BAR_ARR] ep=144 xcd=7 l1=0.320 l2=0.400
[BAR_ARR] ep=144 xcd=5 l1=0.320 l2=0.440
[BAR_ARR] ep=144 xcd=6 l1=0.320 l2=0.640
[BAR_REL] ep=144 xcd=6 rel=19115134099639
[OPROJ_INNER] slicewait=0.44 mfma=3.92 bar=2.72 rmsnorm_router=1.60 topk=1.56 total=10.24
[OPROJ_INNER] slicewait=0.44 mfma=3.96 bar=2.28 rmsnorm_router=1.48 topk=3.44 total=11.60
[OPROJ_INNER] slicewait=0.40 mfma=3.96 bar=2.80 rmsnorm_router=1.56 topk=0.48 total=9.20
[OPROJ_INNER] slicewait=0.40 mfma=4.00 bar=2.56 rmsnorm_router=1.52 topk=0.40 total=8.88
[OPROJ_INNER] slicewait=0.40 mfma=3.88 bar=2.16 rmsnorm_router=1.72 topk=2.48 total=10.64
[OPROJ_INNER] slicewait=0.40 mfma=3.96 bar=2.76 rmsnorm_router=1.72 topk=2.88 total=11.72
[BAR_OBS] ep=145 xcd=7 drain=0.480 l1=0.320 wait=1.400 acq=0.080 obs=19115134360126 bar=2.280
[OPROJ_INNER] slicewait=0.44 mfma=3.84 bar=2.24 rmsnorm_router=1.56 topk=1.88 total=9.96
[BAR_OBS] ep=145 xcd=2 drain=0.400 l1=0.200 wait=2.120 acq=0.080 obs=19115134360105 bar=2.800
[BAR_OBS] ep=145 xcd=3 drain=0.360 l1=0.200 wait=2.080 acq=0.080 obs=19115134360108 bar=2.720
[BAR_OBS] ep=145 xcd=0 drain=0.400 l1=0.200 wait=2.120 acq=0.040 obs=19115134360109 bar=2.760
[OPROJ_INNER] slicewait=0.44 mfma=3.96 bar=2.68 rmsnorm_router=1.64 topk=6.12 total=14.84
[BAR_OBS] ep=145 xcd=5 drain=0.480 l1=0.280 wait=1.360 acq=0.040 obs=19115134360100 bar=2.160
[BAR_ARR] ep=145 xcd=0 l1=0.200 l2=0.560
[BAR_OBS] ep=145 xcd=1 drain=0.360 l1=0.200 wait=1.960 acq=0.040 obs=19115134360105 bar=2.560
[BAR_ARR] ep=145 xcd=7 l1=0.320 l2=0.480
[BAR_ARR] ep=145 xcd=1 l1=0.200 l2=0.680
[BAR_OBS] ep=145 xcd=6 drain=0.480 l1=0.320 wait=1.800 acq=0.080 obs=19115134360175 bar=2.680
[BAR_ARR] ep=145 xcd=5 l1=0.280 l2=0.400
[BAR_ARR] ep=145 xcd=3 l1=0.200 l2=0.760
[BAR_ARR] ep=145 xcd=2 l1=0.200 l2=0.440
[BAR_OBS] ep=145 xcd=4 drain=0.480 l1=0.320 wait=1.360 acq=0.080 obs=19115134360112 bar=2.240
[BAR_ARR] ep=145 xcd=6 l1=0.320 l2=0.600
[BAR_ARR] ep=145 xcd=4 l1=0.320 l2=0.440
[BAR_REL] ep=145 xcd=6 rel=19115134360099
[OPROJ_INNER] slicewait=0.44 mfma=3.88 bar=2.92 rmsnorm_router=1.52 topk=0.96 total=9.72
[OPROJ_INNER] slicewait=0.44 mfma=3.96 bar=2.20 rmsnorm_router=1.68 topk=2.96 total=11.24
[OPROJ_INNER] slicewait=0.40 mfma=4.00 bar=2.72 rmsnorm_router=1.52 topk=0.40 total=9.04
[OPROJ_INNER] slicewait=0.40 mfma=3.96 bar=2.92 rmsnorm_router=1.60 topk=1.28 total=10.16
[OPROJ_INNER] slicewait=0.40 mfma=3.96 bar=2.76 rmsnorm_router=1.68 topk=6.28 total=15.08
[BAR_OBS] ep=146 xcd=1 drain=0.400 l1=0.200 wait=2.240 acq=0.080 obs=19115134634781 bar=2.920
[OPROJ_INNER] slicewait=0.40 mfma=3.96 bar=3.00 rmsnorm_router=1.64 topk=1.88 total=10.88
[BAR_ARR] ep=146 xcd=1 l1=0.200 l2=0.520
[BAR_OBS] ep=146 xcd=7 drain=0.440 l1=0.320 wait=1.360 acq=0.080 obs=19115134634778 bar=2.200
[OPROJ_INNER] slicewait=0.40 mfma=4.00 bar=2.32 rmsnorm_router=1.72 topk=3.64 total=12.08
[OPROJ_INNER] slicewait=0.40 mfma=3.96 bar=2.32 rmsnorm_router=1.60 topk=2.60 total=10.88
[BAR_OBS] ep=146 xcd=2 drain=0.400 l1=0.240 wait=2.240 acq=0.040 obs=19115134634785 bar=2.920
[BAR_OBS] ep=146 xcd=0 drain=0.360 l1=0.240 wait=2.320 acq=0.080 obs=19115134634785 bar=3.000
[BAR_ARR] ep=146 xcd=2 l1=0.240 l2=0.720
[BAR_ARR] ep=146 xcd=0 l1=0.240 l2=0.360
[BAR_OBS] ep=146 xcd=3 drain=0.360 l1=0.200 wait=2.080 acq=0.080 obs=19115134634780 bar=2.720
[BAR_ARR] ep=146 xcd=3 l1=0.200 l2=0.720
[BAR_ARR] ep=146 xcd=7 l1=0.320 l2=0.520
[BAR_OBS] ep=146 xcd=6 drain=0.480 l1=0.320 wait=1.440 acq=0.080 obs=19115134634791 bar=2.320
[BAR_OBS] ep=146 xcd=5 drain=0.440 l1=0.320 wait=1.480 acq=0.080 obs=19115134634784 bar=2.320
[BAR_OBS] ep=146 xcd=4 drain=0.480 l1=0.320 wait=1.920 acq=0.040 obs=19115134634840 bar=2.760
[BAR_ARR] ep=146 xcd=6 l1=0.320 l2=0.680
[BAR_ARR] ep=146 xcd=5 l1=0.320 l2=0.440
[BAR_ARR] ep=146 xcd=4 l1=0.320 l2=0.840
[BAR_REL] ep=146 xcd=4 rel=19115134634780
[OPROJ_INNER] slicewait=0.44 mfma=3.96 bar=2.48 rmsnorm_router=1.56 topk=0.64 total=9.08
[OPROJ_INNER] slicewait=0.40 mfma=3.92 bar=2.48 rmsnorm_router=1.84 topk=5.96 total=14.60
[OPROJ_INNER] slicewait=0.44 mfma=3.96 bar=2.28 rmsnorm_router=1.88 topk=3.16 total=11.72
[OPROJ_INNER] slicewait=0.40 mfma=3.92 bar=2.80 rmsnorm_router=1.72 topk=2.08 total=10.92
[OPROJ_INNER] slicewait=0.40 mfma=3.88 bar=2.48 rmsnorm_router=1.52 topk=0.40 total=8.68
[OPROJ_INNER] slicewait=0.40 mfma=3.88 bar=2.72 rmsnorm_router=1.68 topk=1.12 total=9.80
[BAR_OBS] ep=147 xcd=4 drain=0.520 l1=0.320 wait=1.560 acq=0.080 obs=19115134892164 bar=2.480
[OPROJ_INNER] slicewait=0.36 mfma=4.04 bar=2.12 rmsnorm_router=1.52 topk=3.08 total=11.12
[BAR_OBS] ep=147 xcd=0 drain=0.400 l1=0.280 wait=2.040 acq=0.080 obs=19115134892109 bar=2.800
[BAR_ARR] ep=147 xcd=0 l1=0.280 l2=0.440
[BAR_OBS] ep=147 xcd=3 drain=0.360 l1=0.200 wait=1.840 acq=0.080 obs=19115134892104 bar=2.480
[BAR_OBS] ep=147 xcd=2 drain=0.400 l1=0.240 wait=2.040 acq=0.040 obs=19115134892109 bar=2.720
[OPROJ_INNER] slicewait=0.40 mfma=3.92 bar=2.00 rmsnorm_router=1.72 topk=1.76 total=9.80
[BAR_ARR] ep=147 xcd=2 l1=0.240 l2=0.560
[BAR_OBS] ep=147 xcd=7 drain=0.480 l1=0.280 wait=1.280 acq=0.080 obs=19115134892126 bar=2.120
[BAR_ARR] ep=147 xcd=4 l1=0.320 l2=0.480
[BAR_OBS] ep=147 xcd=1 drain=0.360 l1=0.200 wait=1.840 acq=0.080 obs=19115134892105 bar=2.480
[BAR_ARR] ep=147 xcd=7 l1=0.280 l2=0.440
[BAR_ARR] ep=147 xcd=1 l1=0.200 l2=0.720
[BAR_OBS] ep=147 xcd=6 drain=0.440 l1=0.360 wait=1.400 acq=0.080 obs=19115134892147 bar=2.280
[BAR_ARR] ep=147 xcd=3 l1=0.200 l2=0.640
[BAR_REL] ep=147 xcd=4 rel=19115134892104
[BAR_ARR] ep=147 xcd=6 l1=0.360 l2=0.600
[BAR_OBS] ep=147 xcd=5 drain=0.480 l1=0.280 wait=1.160 acq=0.080 obs=19115134892100 bar=2.000
[BAR_ARR] ep=147 xcd=5 l1=0.280 l2=0.440
[OPROJ_INNER] slicewait=0.40 mfma=3.96 bar=2.68 rmsnorm_router=1.80 topk=6.00 total=14.84
[OPROJ_INNER] slicewait=0.40 mfma=3.88 bar=3.04 rmsnorm_router=1.68 topk=1.48 total=10.48
[OPROJ_INNER] slicewait=0.40 mfma=3.96 bar=2.64 rmsnorm_router=1.52 topk=0.52 total=9.04
[OPROJ_INNER] slicewait=0.44 mfma=3.92 bar=2.68 rmsnorm_router=1.52 topk=0.40 total=8.96
[OPROJ_INNER] slicewait=0.44 mfma=3.92 bar=2.80 rmsnorm_router=1.72 topk=2.56 total=11.44
[OPROJ_INNER] slicewait=0.36 mfma=4.00 bar=2.32 rmsnorm_router=1.52 topk=3.08 total=11.28
[BAR_OBS] ep=148 xcd=0 drain=0.400 l1=0.200 wait=2.360 acq=0.080 obs=19115135167557 bar=3.040
[BAR_OBS] ep=148 xcd=3 drain=0.360 l1=0.200 wait=2.000 acq=0.080 obs=19115135167552 bar=2.640
[BAR_ARR] ep=148 xcd=3 l1=0.200 l2=0.640
[BAR_OBS] ep=148 xcd=1 drain=0.320 l1=0.240 wait=2.040 acq=0.080 obs=19115135167553 bar=2.680
[BAR_OBS] ep=148 xcd=2 drain=0.480 l1=0.240 wait=2.040 acq=0.040 obs=19115135167557 bar=2.800
[OPROJ_INNER] slicewait=0.40 mfma=3.84 bar=2.56 rmsnorm_router=1.76 topk=3.36 total=11.92
[BAR_ARR] ep=148 xcd=0 l1=0.200 l2=0.360
[BAR_OBS] ep=148 xcd=7 drain=0.480 l1=0.280 wait=1.520 acq=0.040 obs=19115135167570 bar=2.320
[OPROJ_INNER] slicewait=0.44 mfma=3.92 bar=2.20 rmsnorm_router=1.64 topk=2.36 total=10.56
[BAR_ARR] ep=148 xcd=2 l1=0.240 l2=0.520
[BAR_ARR] ep=148 xcd=1 l1=0.240 l2=0.400
[BAR_ARR] ep=148 xcd=7 l1=0.280 l2=0.520
[BAR_OBS] ep=148 xcd=6 drain=0.480 l1=0.320 wait=1.800 acq=0.080 obs=19115135167611 bar=2.680
[BAR_OBS] ep=148 xcd=4 drain=0.480 l1=0.320 wait=1.680 acq=0.080 obs=19115135167584 bar=2.560
[BAR_OBS] ep=148 xcd=5 drain=0.440 l1=0.320 wait=1.400 acq=0.040 obs=19115135167556 bar=2.200
[BAR_ARR] ep=148 xcd=6 l1=0.320 l2=0.720
[BAR_ARR] ep=148 xcd=4 l1=0.320 l2=0.640
[BAR_ARR] ep=148 xcd=5 l1=0.320 l2=0.520
[BAR_REL] ep=148 xcd=6 rel=19115135167551
[OPROJ_INNER] slicewait=0.40 mfma=3.96 bar=2.12 rmsnorm_router=1.76 topk=2.52 total=10.76
[OPROJ_INNER] slicewait=0.36 mfma=3.96 bar=2.76 rmsnorm_router=1.48 topk=0.40 total=8.96
[OPROJ_INNER] slicewait=0.40 mfma=4.00 bar=2.56 rmsnorm_router=1.52 topk=0.68 total=9.16
[OPROJ_INNER] slicewait=0.40 mfma=4.00 bar=2.72 rmsnorm_router=1.64 topk=2.20 total=10.96
[OPROJ_INNER] slicewait=0.40 mfma=3.96 bar=2.64 rmsnorm_router=1.44 topk=6.28 total=14.72
[OPROJ_INNER] slicewait=0.40 mfma=3.92 bar=2.84 rmsnorm_router=1.60 topk=1.12 total=9.88
[BAR_OBS] ep=149 xcd=1 drain=0.360 l1=0.200 wait=1.920 acq=0.080 obs=19115135422241 bar=2.560
[BAR_OBS] ep=149 xcd=3 drain=0.400 l1=0.160 wait=2.120 acq=0.080 obs=19115135422240 bar=2.760
[BAR_OBS] ep=149 xcd=0 drain=0.360 l1=0.240 wait=2.040 acq=0.080 obs=19115135422245 bar=2.720
[BAR_ARR] ep=149 xcd=1 l1=0.200 l2=0.600
[BAR_ARR] ep=149 xcd=3 l1=0.160 l2=0.560
[OPROJ_INNER] slicewait=0.40 mfma=3.96 bar=2.08 rmsnorm_router=1.76 topk=2.80 total=11.00
[BAR_ARR] ep=149 xcd=0 l1=0.240 l2=0.560
[BAR_OBS] ep=149 xcd=2 drain=0.360 l1=0.240 wait=2.160 acq=0.080 obs=19115135422241 bar=2.840
[BAR_ARR] ep=149 xcd=2 l1=0.240 l2=0.360
[BAR_OBS] ep=149 xcd=6 drain=0.480 l1=0.360 wait=1.720 acq=0.080 obs=19115135422299 bar=2.640
[BAR_OBS] ep=149 xcd=5 drain=0.440 l1=0.360 wait=1.240 acq=0.080 obs=19115135422236 bar=2.120
[OPROJ_INNER] slicewait=0.44 mfma=3.92 bar=2.24 rmsnorm_router=1.48 topk=2.12 total=10.20
[BAR_ARR] ep=149 xcd=5 l1=0.360 l2=0.320
[BAR_ARR] ep=149 xcd=6 l1=0.360 l2=0.640
[BAR_REL] ep=149 xcd=6 rel=19115135422239
[BAR_OBS] ep=149 xcd=4 drain=0.520 l1=0.320 wait=1.320 acq=0.080 obs=19115135422256 bar=2.240
[BAR_OBS] ep=149 xcd=7 drain=0.440 l1=0.320 wait=1.240 acq=0.080 obs=19115135422238 bar=2.080
[BAR_ARR] ep=149 xcd=4 l1=0.320 l2=0.560
[BAR_ARR] ep=149 xcd=7 l1=0.320 l2=0.520
[OPROJ_INNER] slicewait=0.40 mfma=3.84 bar=2.72 rmsnorm_router=1.56 topk=0.84 total=9.36
[OPROJ_INNER] slicewait=0.40 mfma=3.92 bar=2.08 rmsnorm_router=1.68 topk=3.00 total=11.08
[OPROJ_INNER] slicewait=0.40 mfma=3.92 bar=2.88 rmsnorm_router=1.68 topk=3.20 total=12.08
[OPROJ_INNER] slicewait=0.44 mfma=3.92 bar=2.04 rmsnorm_router=1.68 topk=3.60 total=11.68
[OPROJ_INNER] slicewait=0.40 mfma=3.96 bar=2.68 rmsnorm_router=1.56 topk=0.40 total=9.00
[OPROJ_INNER] slicewait=0.40 mfma=3.96 bar=2.76 rmsnorm_router=1.64 topk=1.20 total=9.96
[OPROJ_INNER] slicewait=0.36 mfma=3.92 bar=2.60 rmsnorm_router=1.92 topk=6.32 total=15.12
[BAR_OBS] ep=150 xcd=7 drain=0.480 l1=0.280 wait=1.200 acq=0.080 obs=19115135684410 bar=2.040
[BAR_OBS] ep=150 xcd=1 drain=0.360 l1=0.200 wait=2.080 acq=0.080 obs=19115135684409 bar=2.720
[BAR_ARR] ep=150 xcd=7 l1=0.280 l2=0.440
[BAR_OBS] ep=150 xcd=3 drain=0.400 l1=0.200 wait=2.000 acq=0.080 obs=19115135684412 bar=2.680
[BAR_OBS] ep=150 xcd=2 drain=0.400 l1=0.200 wait=2.080 acq=0.080 obs=19115135684413 bar=2.760
[BAR_OBS] ep=150 xcd=0 drain=0.360 l1=0.280 wait=2.160 acq=0.080 obs=19115135684413 bar=2.880
[BAR_ARR] ep=150 xcd=1 l1=0.200 l2=0.480
[BAR_ARR] ep=150 xcd=0 l1=0.280 l2=0.360
[BAR_OBS] ep=150 xcd=5 drain=0.440 l1=0.320 wait=1.280 acq=0.040 obs=19115135684408 bar=2.080
[OPROJ_INNER] slicewait=0.40 mfma=3.88 bar=2.36 rmsnorm_router=1.36 topk=3.48 total=11.48
[BAR_ARR] ep=150 xcd=3 l1=0.200 l2=0.640
[BAR_OBS] ep=150 xcd=6 drain=0.480 l1=0.320 wait=1.720 acq=0.080 obs=19115135684467 bar=2.600
[BAR_ARR] ep=150 xcd=5 l1=0.320 l2=0.400
[BAR_ARR] ep=150 xcd=2 l1=0.200 l2=0.600
[BAR_ARR] ep=150 xcd=6 l1=0.320 l2=0.680
[BAR_OBS] ep=150 xcd=4 drain=0.480 l1=0.320 wait=1.480 acq=0.080 obs=19115135684440 bar=2.360
[BAR_REL] ep=150 xcd=6 rel=19115135684407
[BAR_ARR] ep=150 xcd=4 l1=0.320 l2=0.560
[fix] blocks per XCD: 23 23 23 23 23 23 23 23
[fix] wall 403.23 ms / 150 layers = 2688.19 us per layer
[fix] hash attn_proj_out=8c80e2966041a783 rmsnorm_out=a1cf01ab958675cb
[fix] attn_out(in)       7680/8192 nonzero bytes  head 40004000 40004000 40004000 40004000
[fix] weight_data(in)     256/256 nonzero bytes  head 22222222 22222222 22222222 22222222
[fix] weight_scale(in)    256/256 nonzero bytes  head 77777777 77777777 77777777 77777777
[fix] norm_weight(in)     256/256 nonzero bytes  head 3c3c3c3c 3c3c3c3c 3c3c3c3c 3c3c3c3c
[fix] attn_proj_out      5888/5888 nonzero bytes  head 421c421a 4220421e 42244222 42284226
[fix] rmsnorm_out        2903/5760 nonzero bytes  head 7c7c7c7c 7d7c7c7c 7b7b7d7d 7b7b7b7b
[fix] topk_weight           8/4096 nonzero bytes  head 3e800000 3e800000 3e800000 3e800000
[fix] routing_indices       4/4096 nonzero bytes  head 00000000 00000000 00000000 00000000
[fix] logits_scratch        0/4096 nonzero bytes  head 00000000 00000000 00000000 00000000
[fix] counters             18/4096 nonzero bytes  head 00000000 00000000 00000000 00000000
