[nps2base] attn_out 0x7e5842200000  flags 0x7e5842311000 / 0x7e5842311000  weight 0x7e5841800000 (6.11 MiB)
[nps2base] aid=0 coherent=0 split=0 hier_split=0 local_split=0
[nps2base] 184 tiles (23/XCD), 256 threads, 150 layers, delay=0 skew=0, 736 polling waves
[BAR_ARR] ep=1 xcd=2 l1=0.240 l2=0.440
[OPROJ_INNER] slicewait=2.80 mfma=3.92 bar=2.80 rmsnorm_router=1.48 topk=0.48 total=11.48
[OPROJ_INNER] slicewait=13.08 mfma=4.00 bar=7.44 rmsnorm_router=1.48 topk=0.40 total=26.40
[OPROJ_INNER] slicewait=3.04 mfma=4.12 bar=3.60 rmsnorm_router=1.48 topk=3.76 total=16.00
[OPROJ_INNER] slicewait=8.04 mfma=3.92 bar=7.04 rmsnorm_router=1.80 topk=1.28 total=22.08
[BAR_ARR] ep=1 xcd=7 l1=0.320 l2=0.320
[BAR_OBS] ep=1 xcd=0 drain=0.400 l1=0.240 wait=2.120 acq=0.040 obs=19124173154319 bar=2.800
[OPROJ_INNER] slicewait=6.48 mfma=3.84 bar=6.40 rmsnorm_router=1.48 topk=3.60 total=21.80
[BAR_ARR] ep=1 xcd=3 l1=0.200 l2=0.320
[BAR_ARR] ep=1 xcd=0 l1=0.240 l2=0.640
[BAR_OBS] ep=1 xcd=2 drain=0.360 l1=0.200 wait=6.800 acq=0.080 obs=19124173154339 bar=7.440
[OPROJ_INNER] slicewait=6.52 mfma=3.88 bar=3.72 rmsnorm_router=1.60 topk=3.32 total=19.04
[BAR_ARR] ep=1 xcd=1 l1=0.240 l2=0.400
[OPROJ_INNER] slicewait=16.24 mfma=1.68 bar=6.40 rmsnorm_router=1.44 topk=1.76 total=27.52
[OPROJ_INNER] slicewait=13.04 mfma=1.64 bar=10.44 rmsnorm_router=1.48 topk=3.24 total=29.84
[BAR_OBS] ep=1 xcd=7 drain=0.480 l1=0.320 wait=6.200 acq=0.040 obs=19124173154317 bar=7.040
[BAR_OBS] ep=1 xcd=6 drain=0.480 l1=0.320 wait=5.520 acq=0.080 obs=19124173154416 bar=6.400
[BAR_OBS] ep=1 xcd=5 drain=0.440 l1=0.280 wait=2.840 acq=0.040 obs=19124173154427 bar=3.600
[BAR_ARR] ep=1 xcd=6 l1=0.320 l2=0.400
[BAR_OBS] ep=1 xcd=1 drain=0.400 l1=0.200 wait=9.760 acq=0.080 obs=19124173154418 bar=10.440
[BAR_ARR] ep=1 xcd=5 l1=0.280 l2=0.440
[BAR_OBS] ep=1 xcd=3 drain=0.400 l1=0.200 wait=5.720 acq=0.080 obs=19124173154372 bar=6.400
[BAR_REL] ep=1 xcd=5 rel=19124173154311
[BAR_OBS] ep=1 xcd=4 drain=0.520 l1=0.320 wait=2.840 acq=0.040 obs=19124173154412 bar=3.720
[BAR_ARR] ep=1 xcd=4 l1=0.320 l2=0.360
[BAR_ARR] ep=2 xcd=6 l1=0.320 l2=0.360
[OPROJ_INNER] slicewait=2.20 mfma=3.88 bar=2.56 rmsnorm_router=1.56 topk=0.40 total=10.60
[OPROJ_INNER] slicewait=1.36 mfma=4.36 bar=3.72 rmsnorm_router=1.48 topk=3.44 total=14.36
[OPROJ_INNER] slicewait=4.76 mfma=9.36 bar=8.80 rmsnorm_router=1.44 topk=3.08 total=27.44
[OPROJ_INNER] slicewait=5.76 mfma=4.20 bar=7.68 rmsnorm_router=1.44 topk=2.24 total=21.32
[OPROJ_INNER] slicewait=2.32 mfma=3.84 bar=3.76 rmsnorm_router=1.48 topk=11.04 total=22.44
[BAR_OBS] ep=2 xcd=2 drain=0.360 l1=0.200 wait=1.920 acq=0.080 obs=19124173472523 bar=2.560
[BAR_OBS] ep=2 xcd=3 drain=0.400 l1=0.160 wait=3.120 acq=0.040 obs=19124173472644 bar=3.720
[BAR_OBS] ep=2 xcd=6 drain=0.480 l1=0.320 wait=7.920 acq=0.080 obs=19124173472620 bar=8.800
[BAR_OBS] ep=2 xcd=0 drain=0.400 l1=0.240 wait=6.960 acq=0.080 obs=19124173472603 bar=7.680
[BAR_ARR] ep=2 xcd=3 l1=0.160 l2=0.480
[BAR_ARR] ep=2 xcd=2 l1=0.200 l2=0.480
[BAR_ARR] ep=2 xcd=0 l1=0.240 l2=0.520
[BAR_ARR] ep=2 xcd=1 l1=0.200 l2=0.360
[BAR_OBS] ep=2 xcd=4 drain=0.480 l1=0.320 wait=2.920 acq=0.040 obs=19124173472660 bar=3.760
[OPROJ_INNER] slicewait=5.88 mfma=8.04 bar=9.80 rmsnorm_router=1.40 topk=3.32 total=28.44
[BAR_ARR] ep=2 xcd=4 l1=0.320 l2=0.360
[BAR_ARR] ep=2 xcd=7 l1=0.280 l2=0.400
[BAR_ARR] ep=2 xcd=5 l1=0.280 l2=0.360
[OPROJ_INNER] slicewait=11.48 mfma=6.04 bar=5.24 rmsnorm_router=1.48 topk=1.08 total=25.32
[OPROJ_INNER] slicewait=6.40 mfma=6.36 bar=10.72 rmsnorm_router=1.48 topk=3.76 total=28.72
[BAR_OBS] ep=2 xcd=1 drain=0.400 l1=0.200 wait=9.120 acq=0.080 obs=19124173472642 bar=9.800
[BAR_REL] ep=2 xcd=4 rel=19124173472532
[BAR_OBS] ep=2 xcd=5 drain=0.440 l1=0.280 wait=4.480 acq=0.040 obs=19124173472571 bar=5.240
[BAR_OBS] ep=2 xcd=7 drain=0.440 l1=0.320 wait=9.880 acq=0.080 obs=19124173472653 bar=10.720
[OPROJ_INNER] slicewait=2.20 mfma=5.48 bar=5.08 rmsnorm_router=1.48 topk=0.44 total=14.68
[OPROJ_INNER] slicewait=4.80 mfma=3.88 bar=7.56 rmsnorm_router=1.48 topk=2.96 total=20.68
[BAR_ARR] ep=3 xcd=6 l1=0.320 l2=0.400
[OPROJ_INNER] slicewait=8.96 mfma=5.08 bar=6.04 rmsnorm_router=1.76 topk=1.64 total=23.48
[BAR_ARR] ep=3 xcd=5 l1=0.320 l2=0.360
[BAR_OBS] ep=3 xcd=1 drain=0.400 l1=0.200 wait=4.400 acq=0.080 obs=19124173810842 bar=5.080
[OPROJ_INNER] slicewait=2.48 mfma=3.92 bar=3.80 rmsnorm_router=1.44 topk=2.92 total=14.56
[BAR_ARR] ep=3 xcd=1 l1=0.200 l2=0.400
[BAR_OBS] ep=3 xcd=0 drain=0.400 l1=0.240 wait=6.840 acq=0.080 obs=19124173810947 bar=7.560
[OPROJ_INNER] slicewait=4.72 mfma=3.76 bar=6.36 rmsnorm_router=1.44 topk=3.24 total=19.52
[BAR_ARR] ep=3 xcd=4 l1=0.320 l2=0.360
[BAR_ARR] ep=3 xcd=3 l1=0.200 l2=0.240
[OPROJ_INNER] slicewait=7.24 mfma=3.08 bar=11.56 rmsnorm_router=1.40 topk=3.32 total=26.60
[OPROJ_INNER] slicewait=2.92 mfma=3.88 bar=3.12 rmsnorm_router=1.48 topk=0.36 total=11.76
[BAR_ARR] ep=3 xcd=0 l1=0.240 l2=0.480
[OPROJ_INNER] slicewait=2.32 mfma=5.16 bar=4.36 rmsnorm_router=1.44 topk=3.20 total=16.48
[BAR_OBS] ep=3 xcd=7 drain=0.440 l1=0.320 wait=5.560 acq=0.040 obs=19124173810953 bar=6.360
[BAR_OBS] ep=3 xcd=2 drain=0.360 l1=0.200 wait=3.160 acq=0.080 obs=19124173810943 bar=3.800
[BAR_REL] ep=3 xcd=4 rel=19124173810852
[BAR_OBS] ep=3 xcd=5 drain=0.440 l1=0.280 wait=5.240 acq=0.080 obs=19124173810867 bar=6.040
[BAR_ARR] ep=3 xcd=2 l1=0.200 l2=0.520
[BAR_OBS] ep=3 xcd=3 drain=0.400 l1=0.200 wait=2.440 acq=0.080 obs=19124173810860 bar=3.120
[BAR_ARR] ep=3 xcd=7 l1=0.320 l2=0.440
[BAR_OBS] ep=3 xcd=6 drain=0.520 l1=0.320 wait=10.640 acq=0.080 obs=19124173810956 bar=11.560
[BAR_OBS] ep=3 xcd=4 drain=0.480 l1=0.320 wait=3.520 acq=0.040 obs=19124173810944 bar=4.360
[OPROJ_INNER] slicewait=2.32 mfma=3.88 bar=2.64 rmsnorm_router=1.48 topk=0.40 total=10.72
[BAR_ARR] ep=4 xcd=2 l1=0.240 l2=0.400
[BAR_ARR] ep=4 xcd=4 l1=0.320 l2=0.400
[BAR_ARR] ep=4 xcd=7 l1=0.320 l2=0.440
[BAR_ARR] ep=4 xcd=6 l1=0.360 l2=0.520
[OPROJ_INNER] slicewait=5.88 mfma=6.40 bar=8.64 rmsnorm_router=1.44 topk=3.40 total=25.76
[OPROJ_INNER] slicewait=2.48 mfma=3.76 bar=3.36 rmsnorm_router=1.44 topk=2.60 total=13.64
[OPROJ_INNER] slicewait=2.16 mfma=7.04 bar=11.32 rmsnorm_router=1.48 topk=1.40 total=23.40
[BAR_ARR] ep=4 xcd=5 l1=0.280 l2=0.360
[OPROJ_INNER] slicewait=4.72 mfma=4.28 bar=6.96 rmsnorm_router=1.40 topk=1.76 total=19.12
[BAR_OBS] ep=4 xcd=3 drain=0.400 l1=0.200 wait=1.960 acq=0.080 obs=19124174150420 bar=2.640
[BAR_OBS] ep=4 xcd=2 drain=0.360 l1=0.240 wait=7.960 acq=0.080 obs=19124174150527 bar=8.640
[BAR_ARR] ep=4 xcd=3 l1=0.200 l2=0.400
[BAR_ARR] ep=4 xcd=0 l1=0.240 l2=0.440
[OPROJ_INNER] slicewait=4.24 mfma=5.16 bar=10.40 rmsnorm_router=1.48 topk=0.56 total=21.84
[BAR_REL] ep=4 xcd=4 rel=19124174150412
[BAR_OBS] ep=4 xcd=7 drain=0.440 l1=0.320 wait=10.480 acq=0.080 obs=19124174150457 bar=11.320
[OPROJ_INNER] slicewait=4.32 mfma=5.60 bar=3.16 rmsnorm_router=1.64 topk=0.52 total=15.24
[BAR_OBS] ep=4 xcd=0 drain=0.400 l1=0.240 wait=9.720 acq=0.040 obs=19124174150451 bar=10.400
[BAR_ARR] ep=4 xcd=1 l1=0.200 l2=0.480
[BAR_OBS] ep=4 xcd=6 drain=0.440 l1=0.360 wait=6.080 acq=0.080 obs=19124174150468 bar=6.960
[OPROJ_INNER] slicewait=2.36 mfma=7.04 bar=11.08 rmsnorm_router=1.48 topk=2.72 total=24.68
[BAR_OBS] ep=4 xcd=5 drain=0.440 l1=0.280 wait=2.360 acq=0.080 obs=19124174150419 bar=3.160
[BAR_OBS] ep=4 xcd=4 drain=0.480 l1=0.320 wait=2.480 acq=0.080 obs=19124174150496 bar=3.360
[BAR_OBS] ep=4 xcd=1 drain=0.360 l1=0.240 wait=10.440 acq=0.040 obs=19124174150514 bar=11.080
[BAR_ARR] ep=5 xcd=0 l1=0.240 l2=0.320
[OPROJ_INNER] slicewait=3.48 mfma=6.36 bar=6.08 rmsnorm_router=1.44 topk=0.52 total=17.88
[OPROJ_INNER] slicewait=3.52 mfma=8.52 bar=10.56 rmsnorm_router=1.44 topk=0.48 total=24.52
[OPROJ_INNER] slicewait=2.16 mfma=3.92 bar=3.56 rmsnorm_router=1.44 topk=3.32 total=14.40
[OPROJ_INNER] slicewait=1.88 mfma=3.92 bar=3.72 rmsnorm_router=1.44 topk=10.92 total=21.88
[OPROJ_INNER] slicewait=6.04 mfma=3.92 bar=5.40 rmsnorm_router=1.72 topk=2.32 total=19.40
[BAR_OBS] ep=5 xcd=1 drain=0.360 l1=0.200 wait=5.440 acq=0.080 obs=19124174543886 bar=6.080
[BAR_OBS] ep=5 xcd=0 drain=0.400 l1=0.240 wait=9.840 acq=0.080 obs=19124174543883 bar=10.560
[BAR_ARR] ep=5 xcd=1 l1=0.200 l2=0.360
[BAR_ARR] ep=5 xcd=2 l1=0.200 l2=0.320
[OPROJ_INNER] slicewait=6.48 mfma=11.04 bar=5.56 rmsnorm_router=1.44 topk=0.68 total=25.20
[BAR_OBS] ep=5 xcd=2 drain=0.360 l1=0.200 wait=4.960 acq=0.040 obs=19124174543891 bar=5.560
[BAR_OBS] ep=5 xcd=6 drain=0.480 l1=0.320 wait=4.520 acq=0.080 obs=19124174543888 bar=5.400
[BAR_OBS] ep=5 xcd=5 drain=0.440 l1=0.240 wait=2.960 acq=0.080 obs=19124174543987 bar=3.720
[BAR_ARR] ep=5 xcd=4 l1=0.320 l2=0.400
[BAR_OBS] ep=5 xcd=3 drain=0.400 l1=0.200 wait=2.880 acq=0.080 obs=19124174543964 bar=3.560
[OPROJ_INNER] slicewait=6.44 mfma=3.80 bar=3.28 rmsnorm_router=1.72 topk=1.72 total=16.96
[BAR_ARR] ep=5 xcd=5 l1=0.240 l2=0.360
[BAR_ARR] ep=5 xcd=7 l1=0.320 l2=0.360
[BAR_ARR] ep=5 xcd=6 l1=0.320 l2=0.480
[OPROJ_INNER] slicewait=5.04 mfma=7.68 bar=7.04 rmsnorm_router=1.44 topk=2.08 total=23.28
[BAR_ARR] ep=5 xcd=3 l1=0.200 l2=0.240
[BAR_REL] ep=5 xcd=5 rel=19124174543863
[BAR_OBS] ep=5 xcd=4 drain=0.480 l1=0.320 wait=2.400 acq=0.080 obs=19124174543876 bar=3.280
[BAR_OBS] ep=5 xcd=7 drain=0.480 l1=0.320 wait=6.160 acq=0.080 obs=19124174543913 bar=7.040
[OPROJ_INNER] slicewait=2.68 mfma=3.88 bar=3.72 rmsnorm_router=1.44 topk=1.76 total=13.48
[BAR_ARR] ep=6 xcd=4 l1=0.320 l2=0.360
[BAR_ARR] ep=6 xcd=1 l1=0.200 l2=0.440
[BAR_ARR] ep=6 xcd=6 l1=0.280 l2=0.720
[OPROJ_INNER] slicewait=3.60 mfma=3.88 bar=10.28 rmsnorm_router=1.48 topk=0.44 total=19.68
[OPROJ_INNER] slicewait=2.24 mfma=5.56 bar=5.12 rmsnorm_router=1.44 topk=0.96 total=15.32
[OPROJ_INNER] slicewait=3.80 mfma=3.88 bar=10.56 rmsnorm_router=1.44 topk=1.56 total=21.24
[BAR_OBS] ep=6 xcd=1 drain=0.400 l1=0.200 wait=9.600 acq=0.080 obs=19124174883106 bar=10.280
[BAR_ARR] ep=6 xcd=0 l1=0.240 l2=0.440
[BAR_OBS] ep=6 xcd=2 drain=0.360 l1=0.200 wait=3.080 acq=0.080 obs=19124174883163 bar=3.720
[OPROJ_INNER] slicewait=2.24 mfma=3.96 bar=3.64 rmsnorm_router=1.40 topk=2.68 total=13.92
[BAR_ARR] ep=6 xcd=5 l1=0.280 l2=0.480
[OPROJ_INNER] slicewait=2.08 mfma=4.80 bar=4.40 rmsnorm_router=1.48 topk=3.84 total=16.60
[BAR_ARR] ep=6 xcd=2 l1=0.200 l2=0.440
[OPROJ_INNER] slicewait=6.32 mfma=6.20 bar=5.72 rmsnorm_router=1.44 topk=3.16 total=22.84
[BAR_REL] ep=6 xcd=5 rel=19124174883107
[OPROJ_INNER] slicewait=4.12 mfma=3.88 bar=8.96 rmsnorm_router=1.44 topk=2.56 total=20.96
[BAR_OBS] ep=6 xcd=3 drain=0.360 l1=0.200 wait=3.000 acq=0.080 obs=19124174883192 bar=3.640
[BAR_OBS] ep=6 xcd=7 drain=0.480 l1=0.280 wait=4.320 acq=0.040 obs=19124174883141 bar=5.120
[BAR_OBS] ep=6 xcd=6 drain=0.480 l1=0.320 wait=9.680 acq=0.080 obs=19124174883148 bar=10.560
[BAR_OBS] ep=6 xcd=0 drain=0.400 l1=0.240 wait=8.240 acq=0.080 obs=19124174883187 bar=8.960
[BAR_OBS] ep=6 xcd=5 drain=0.440 l1=0.280 wait=4.920 acq=0.080 obs=19124174883195 bar=5.720
[BAR_ARR] ep=6 xcd=7 l1=0.280 l2=0.480
[BAR_ARR] ep=6 xcd=3 l1=0.200 l2=0.360
[BAR_OBS] ep=6 xcd=4 drain=0.480 l1=0.360 wait=3.520 acq=0.040 obs=19124174883224 bar=4.400
[OPROJ_INNER] slicewait=3.04 mfma=5.92 bar=5.04 rmsnorm_router=1.60 topk=0.76 total=16.36
[BAR_ARR] ep=7 xcd=2 l1=0.240 l2=0.280
[BAR_ARR] ep=7 xcd=5 l1=0.280 l2=0.360
[OPROJ_INNER] slicewait=2.24 mfma=3.88 bar=3.72 rmsnorm_router=1.44 topk=9.44 total=20.72
[OPROJ_INNER] slicewait=7.00 mfma=7.24 bar=6.36 rmsnorm_router=1.48 topk=3.68 total=25.76
[OPROJ_INNER] slicewait=3.40 mfma=7.08 bar=10.32 rmsnorm_router=1.72 topk=1.40 total=23.92
[BAR_ARR] ep=7 xcd=0 l1=0.240 l2=0.400
[BAR_ARR] ep=7 xcd=6 l1=0.360 l2=0.360
[BAR_ARR] ep=7 xcd=1 l1=0.240 l2=0.280
[BAR_ARR] ep=7 xcd=3 l1=0.200 l2=0.400
[OPROJ_INNER] slicewait=3.76 mfma=6.20 bar=11.36 rmsnorm_router=1.48 topk=2.92 total=25.72
[OPROJ_INNER] slicewait=3.52 mfma=5.96 bar=10.04 rmsnorm_router=1.64 topk=0.44 total=21.60
[BAR_OBS] ep=7 xcd=7 drain=0.480 l1=0.280 wait=4.200 acq=0.080 obs=19124175221209 bar=5.040
[OPROJ_INNER] slicewait=3.68 mfma=5.36 bar=4.48 rmsnorm_router=1.48 topk=3.52 total=18.52
[BAR_OBS] ep=7 xcd=4 drain=0.480 l1=0.320 wait=2.840 acq=0.080 obs=19124175221316 bar=3.720
[OPROJ_INNER] slicewait=3.88 mfma=8.92 bar=8.72 rmsnorm_router=1.44 topk=2.20 total=25.16
[BAR_ARR] ep=7 xcd=7 l1=0.280 l2=0.360
[BAR_OBS] ep=7 xcd=0 drain=0.400 l1=0.240 wait=9.360 acq=0.040 obs=19124175221207 bar=10.040
[BAR_OBS] ep=7 xcd=5 drain=0.440 l1=0.280 wait=5.560 acq=0.080 obs=19124175221299 bar=6.360
[BAR_OBS] ep=7 xcd=6 drain=0.480 l1=0.320 wait=9.480 acq=0.040 obs=19124175221208 bar=10.320
[BAR_OBS] ep=7 xcd=1 drain=0.360 l1=0.200 wait=10.760 acq=0.040 obs=19124175221294 bar=11.360
[BAR_ARR] ep=7 xcd=4 l1=0.320 l2=0.360
[BAR_OBS] ep=7 xcd=3 drain=0.360 l1=0.200 wait=8.120 acq=0.040 obs=19124175221272 bar=8.720
[BAR_OBS] ep=7 xcd=2 drain=0.400 l1=0.240 wait=3.800 acq=0.040 obs=19124175221299 bar=4.480
[BAR_REL] ep=7 xcd=4 rel=19124175221192
[BAR_ARR] ep=8 xcd=0 l1=0.240 l2=0.400
[OPROJ_INNER] slicewait=2.44 mfma=4.48 bar=3.76 rmsnorm_router=1.44 topk=2.32 total=14.44
[OPROJ_INNER] slicewait=4.32 mfma=8.56 bar=10.72 rmsnorm_router=1.44 topk=1.24 total=26.28
[OPROJ_INNER] slicewait=2.04 mfma=3.88 bar=3.72 rmsnorm_router=1.48 topk=3.64 total=14.76
[BAR_ARR] ep=8 xcd=7 l1=0.280 l2=0.360
[BAR_ARR] ep=8 xcd=3 l1=0.200 l2=0.440
[OPROJ_INNER] slicewait=3.40 mfma=9.96 bar=9.52 rmsnorm_router=1.64 topk=1.32 total=25.84
[BAR_ARR] ep=8 xcd=1 l1=0.200 l2=0.320
[OPROJ_INNER] slicewait=3.80 mfma=11.40 bar=10.76 rmsnorm_router=1.48 topk=2.08 total=29.52
[BAR_OBS] ep=8 xcd=2 drain=0.400 l1=0.200 wait=3.080 acq=0.080 obs=19124175584499 bar=3.760
[BAR_OBS] ep=8 xcd=0 drain=0.440 l1=0.240 wait=9.960 acq=0.080 obs=19124175584479 bar=10.720
[BAR_ARR] ep=8 xcd=2 l1=0.200 l2=0.440
[OPROJ_INNER] slicewait=7.48 mfma=11.64 bar=6.40 rmsnorm_router=1.44 topk=1.28 total=28.24
[OPROJ_INNER] slicewait=1.68 mfma=4.28 bar=3.88 rmsnorm_router=1.40 topk=9.92 total=21.16
[BAR_OBS] ep=8 xcd=1 drain=0.400 l1=0.200 wait=10.080 acq=0.080 obs=19124175584494 bar=10.760
[BAR_OBS] ep=8 xcd=7 drain=0.480 l1=0.280 wait=8.680 acq=0.080 obs=19124175584445 bar=9.520
[OPROJ_INNER] slicewait=3.40 mfma=7.40 bar=6.20 rmsnorm_router=1.52 topk=1.00 total=19.52
[BAR_OBS] ep=8 xcd=5 drain=0.480 l1=0.280 wait=2.920 acq=0.040 obs=19124175584551 bar=3.720
[BAR_OBS] ep=8 xcd=3 drain=0.360 l1=0.200 wait=5.760 acq=0.080 obs=19124175584480 bar=6.400
[BAR_ARR] ep=8 xcd=5 l1=0.280 l2=0.360
[BAR_OBS] ep=8 xcd=6 drain=0.480 l1=0.320 wait=5.320 acq=0.080 obs=19124175584460 bar=6.200
[BAR_ARR] ep=8 xcd=6 l1=0.320 l2=0.400
[BAR_REL] ep=8 xcd=5 rel=19124175584427
[BAR_OBS] ep=8 xcd=4 drain=0.480 l1=0.320 wait=3.000 acq=0.080 obs=19124175584556 bar=3.880
[BAR_ARR] ep=8 xcd=4 l1=0.320 l2=0.360
[BAR_ARR] ep=9 xcd=0 l1=0.240 l2=0.280
[BAR_ARR] ep=9 xcd=2 l1=0.240 l2=0.400
[OPROJ_INNER] slicewait=2.72 mfma=9.20 bar=9.68 rmsnorm_router=1.48 topk=1.20 total=24.28
[BAR_ARR] ep=9 xcd=1 l1=0.200 l2=0.280
[BAR_ARR] ep=9 xcd=7 l1=0.320 l2=0.320
[OPROJ_INNER] slicewait=0.84 mfma=14.64 bar=7.28 rmsnorm_router=1.44 topk=2.28 total=26.48
[OPROJ_INNER] slicewait=4.04 mfma=5.08 bar=11.52 rmsnorm_router=1.44 topk=1.24 total=23.32
[OPROJ_INNER] slicewait=2.44 mfma=7.64 bar=6.80 rmsnorm_router=1.44 topk=1.04 total=19.36
[BAR_OBS] ep=9 xcd=0 drain=0.400 l1=0.240 wait=8.960 acq=0.080 obs=19124175890903 bar=9.680
[OPROJ_INNER] slicewait=7.16 mfma=7.28 bar=6.72 rmsnorm_router=1.48 topk=0.40 total=23.04
[BAR_ARR] ep=9 xcd=3 l1=0.240 l2=0.240
[BAR_ARR] ep=9 xcd=6 l1=0.320 l2=0.440
[BAR_OBS] ep=9 xcd=2 drain=0.400 l1=0.200 wait=6.600 acq=0.080 obs=19124175890943 bar=7.280
[BAR_ARR] ep=9 xcd=4 l1=0.320 l2=0.360
[BAR_OBS] ep=9 xcd=7 drain=0.440 l1=0.320 wait=6.000 acq=0.040 obs=19124175890897 bar=6.800
[BAR_OBS] ep=9 xcd=1 drain=0.400 l1=0.200 wait=10.840 acq=0.080 obs=19124175890906 bar=11.520
[BAR_ARR] ep=9 xcd=5 l1=0.280 l2=0.360
[OPROJ_INNER] slicewait=9.08 mfma=5.44 bar=6.68 rmsnorm_router=1.48 topk=3.72 total=26.40
[BAR_OBS] ep=9 xcd=3 drain=0.400 l1=0.200 wait=6.040 acq=0.080 obs=19124175890872 bar=6.720
[OPROJ_INNER] slicewait=1.76 mfma=3.76 bar=3.48 rmsnorm_router=1.48 topk=3.16 total=13.64
[OPROJ_INNER] slicewait=3.36 mfma=6.96 bar=11.72 rmsnorm_router=1.44 topk=3.76 total=27.24
[BAR_OBS] ep=9 xcd=5 drain=0.400 l1=0.320 wait=5.880 acq=0.080 obs=19124175890975 bar=6.680
[BAR_OBS] ep=9 xcd=4 drain=0.480 l1=0.320 wait=2.640 acq=0.040 obs=19124175890952 bar=3.480
[BAR_OBS] ep=9 xcd=6 drain=0.520 l1=0.320 wait=10.840 acq=0.040 obs=19124175890968 bar=11.720
[BAR_REL] ep=9 xcd=4 rel=19124175890856
[BAR_ARR] ep=10 xcd=2 l1=0.240 l2=0.280
[BAR_ARR] ep=10 xcd=0 l1=0.240 l2=0.400
[OPROJ_INNER] slicewait=3.32 mfma=4.80 bar=9.96 rmsnorm_router=1.48 topk=0.44 total=20.00
[BAR_ARR] ep=10 xcd=4 l1=0.320 l2=0.360
[BAR_ARR] ep=10 xcd=5 l1=0.280 l2=0.360
[OPROJ_INNER] slicewait=3.84 mfma=3.76 bar=5.32 rmsnorm_router=1.48 topk=1.72 total=16.12
[OPROJ_INNER] slicewait=7.76 mfma=3.08 bar=8.88 rmsnorm_router=1.48 topk=2.68 total=23.88
[OPROJ_INNER] slicewait=9.04 mfma=3.84 bar=5.92 rmsnorm_router=1.44 topk=3.60 total=23.84
[BAR_ARR] ep=10 xcd=7 l1=0.320 l2=0.320
[BAR_OBS] ep=10 xcd=0 drain=0.400 l1=0.240 wait=9.240 acq=0.080 obs=19124176283187 bar=9.960
[BAR_OBS] ep=10 xcd=1 drain=0.480 l1=0.240 wait=4.520 acq=0.080 obs=19124176283226 bar=5.320
[BAR_ARR] ep=10 xcd=3 l1=0.200 l2=0.320
[BAR_ARR] ep=10 xcd=1 l1=0.240 l2=0.600
[OPROJ_INNER] slicewait=2.32 mfma=3.84 bar=3.24 rmsnorm_router=1.44 topk=1.28 total=12.12
[BAR_OBS] ep=10 xcd=2 drain=0.400 l1=0.200 wait=8.240 acq=0.040 obs=19124176283255 bar=8.880
[OPROJ_INNER] slicewait=3.76 mfma=3.96 bar=11.24 rmsnorm_router=1.48 topk=3.48 total=23.92
[OPROJ_INNER] slicewait=4.24 mfma=3.72 bar=5.32 rmsnorm_router=1.44 topk=2.56 total=17.28
[BAR_REL] ep=10 xcd=5 rel=19124176283171
[OPROJ_INNER] slicewait=8.64 mfma=3.80 bar=5.64 rmsnorm_router=1.80 topk=1.84 total=21.72
[BAR_OBS] ep=10 xcd=3 drain=0.400 l1=0.160 wait=2.600 acq=0.080 obs=19124176283220 bar=3.240
[BAR_OBS] ep=10 xcd=7 drain=0.440 l1=0.320 wait=10.400 acq=0.080 obs=19124176283277 bar=11.240
[BAR_OBS] ep=10 xcd=6 drain=0.480 l1=0.360 wait=4.400 acq=0.080 obs=19124176283236 bar=5.320
[BAR_OBS] ep=10 xcd=4 drain=0.480 l1=0.320 wait=4.800 acq=0.040 obs=19124176283184 bar=5.640
[BAR_OBS] ep=10 xcd=5 drain=0.440 l1=0.280 wait=5.120 acq=0.080 obs=19124176283291 bar=5.920
[BAR_ARR] ep=10 xcd=6 l1=0.360 l2=0.520
[BAR_ARR] ep=11 xcd=0 l1=0.240 l2=0.280
[OPROJ_INNER] slicewait=5.68 mfma=3.92 bar=3.72 rmsnorm_router=1.44 topk=2.80 total=17.56
[OPROJ_INNER] slicewait=2.08 mfma=18.20 bar=8.20 rmsnorm_router=1.48 topk=0.44 total=30.40
[BAR_ARR] ep=11 xcd=7 l1=0.320 l2=0.320
[BAR_ARR] ep=11 xcd=1 l1=0.240 l2=0.360
[BAR_ARR] ep=11 xcd=2 l1=0.200 l2=0.280
[OPROJ_INNER] slicewait=3.04 mfma=16.92 bar=8.28 rmsnorm_router=1.64 topk=0.92 total=30.80
[OPROJ_INNER] slicewait=2.48 mfma=13.56 bar=11.00 rmsnorm_router=1.44 topk=1.36 total=29.84
[OPROJ_INNER] slicewait=6.16 mfma=16.08 bar=6.08 rmsnorm_router=1.48 topk=1.64 total=31.44
[BAR_OBS] ep=11 xcd=3 drain=0.400 l1=0.200 wait=3.040 acq=0.080 obs=19124176631368 bar=3.720
[BAR_ARR] ep=11 xcd=5 l1=0.280 l2=0.320
[BAR_ARR] ep=11 xcd=6 l1=0.320 l2=0.360
[BAR_OBS] ep=11 xcd=0 drain=0.400 l1=0.240 wait=7.520 acq=0.040 obs=19124176631307 bar=8.200
[BAR_ARR] ep=11 xcd=4 l1=0.320 l2=0.360
[BAR_OBS] ep=11 xcd=1 drain=0.400 l1=0.200 wait=10.320 acq=0.080 obs=19124176631330 bar=11.000
[OPROJ_INNER] slicewait=3.84 mfma=7.84 bar=9.28 rmsnorm_router=1.44 topk=2.88 total=25.28
[BAR_ARR] ep=11 xcd=3 l1=0.200 l2=0.360
[BAR_OBS] ep=11 xcd=7 drain=0.480 l1=0.280 wait=7.440 acq=0.080 obs=19124176631289 bar=8.280
[BAR_REL] ep=11 xcd=4 rel=19124176631272
[BAR_OBS] ep=11 xcd=2 drain=0.360 l1=0.200 wait=5.440 acq=0.080 obs=19124176631335 bar=6.080
[OPROJ_INNER] slicewait=6.72 mfma=13.16 bar=7.84 rmsnorm_router=1.44 topk=3.48 total=32.64
[OPROJ_INNER] slicewait=1.96 mfma=3.84 bar=3.52 rmsnorm_router=1.44 topk=3.04 total=13.80
[BAR_OBS] ep=11 xcd=6 drain=0.480 l1=0.320 wait=8.400 acq=0.080 obs=19124176631360 bar=9.280
[BAR_OBS] ep=11 xcd=5 drain=0.440 l1=0.320 wait=7.000 acq=0.080 obs=19124176631387 bar=7.840
[BAR_OBS] ep=11 xcd=4 drain=0.520 l1=0.320 wait=2.600 acq=0.080 obs=19124176631364 bar=3.520
[OPROJ_INNER] slicewait=2.00 mfma=4.36 bar=3.48 rmsnorm_router=1.44 topk=2.04 total=13.32
[OPROJ_INNER] slicewait=2.56 mfma=3.76 bar=3.92 rmsnorm_router=1.40 topk=3.68 total=15.32
[OPROJ_INNER] slicewait=1.56 mfma=3.88 bar=3.80 rmsnorm_router=1.40 topk=3.68 total=14.32
[BAR_ARR] ep=12 xcd=7 l1=0.320 l2=0.360
[BAR_ARR] ep=12 xcd=6 l1=0.280 l2=0.400
[BAR_ARR] ep=12 xcd=1 l1=0.240 l2=0.280
[OPROJ_INNER] slicewait=6.04 mfma=4.20 bar=10.04 rmsnorm_router=1.44 topk=3.64 total=25.36
[BAR_ARR] ep=12 xcd=3 l1=0.240 l2=0.440
[OPROJ_INNER] slicewait=3.16 mfma=10.96 bar=10.80 rmsnorm_router=1.48 topk=3.32 total=29.72
[OPROJ_INNER] slicewait=3.92 mfma=14.24 bar=6.24 rmsnorm_router=1.44 topk=0.44 total=26.28
[OPROJ_INNER] slicewait=4.08 mfma=13.00 bar=8.20 rmsnorm_router=1.44 topk=3.12 total=29.84
[BAR_ARR] ep=12 xcd=0 l1=0.240 l2=0.320
[OPROJ_INNER] slicewait=5.48 mfma=5.84 bar=10.00 rmsnorm_router=1.44 topk=0.48 total=23.24
[BAR_OBS] ep=12 xcd=3 drain=0.360 l1=0.200 wait=5.600 acq=0.080 obs=19124177009760 bar=6.240
[BAR_OBS] ep=12 xcd=2 drain=0.360 l1=0.200 wait=2.880 acq=0.040 obs=19124177009799 bar=3.480
[BAR_OBS] ep=12 xcd=0 drain=0.400 l1=0.240 wait=9.280 acq=0.080 obs=19124177009747 bar=10.000
[BAR_OBS] ep=12 xcd=4 drain=0.480 l1=0.320 wait=3.040 acq=0.080 obs=19124177009848 bar=3.920
[BAR_OBS] ep=12 xcd=1 drain=0.360 l1=0.200 wait=7.560 acq=0.080 obs=19124177009838 bar=8.200
[BAR_ARR] ep=12 xcd=2 l1=0.200 l2=0.320
[BAR_ARR] ep=12 xcd=4 l1=0.320 l2=0.440
[BAR_OBS] ep=12 xcd=6 drain=0.480 l1=0.320 wait=9.200 acq=0.040 obs=19124177009848 bar=10.040
[BAR_OBS] ep=12 xcd=5 drain=0.440 l1=0.280 wait=3.040 acq=0.040 obs=19124177009855 bar=3.800
[BAR_OBS] ep=12 xcd=7 drain=0.440 l1=0.320 wait=9.960 acq=0.080 obs=19124177009833 bar=10.800
[BAR_ARR] ep=12 xcd=5 l1=0.280 l2=0.480
[BAR_REL] ep=12 xcd=5 rel=19124177009727
[BAR_ARR] ep=13 xcd=0 l1=0.240 l2=0.320
[OPROJ_INNER] slicewait=2.56 mfma=3.88 bar=3.52 rmsnorm_router=1.40 topk=2.64 total=14.00
[OPROJ_INNER] slicewait=7.08 mfma=4.60 bar=9.12 rmsnorm_router=1.60 topk=0.44 total=22.84
[OPROJ_INNER] slicewait=1.36 mfma=3.80 bar=3.72 rmsnorm_router=1.44 topk=3.56 total=13.88
[OPROJ_INNER] slicewait=5.16 mfma=3.92 bar=5.16 rmsnorm_router=1.48 topk=0.96 total=16.68
[BAR_ARR] ep=13 xcd=6 l1=0.360 l2=0.320
[BAR_OBS] ep=13 xcd=0 drain=0.440 l1=0.240 wait=8.360 acq=0.080 obs=19124177376695 bar=9.120
[BAR_ARR] ep=13 xcd=4 l1=0.320 l2=0.320
[OPROJ_INNER] slicewait=4.36 mfma=8.00 bar=8.28 rmsnorm_router=1.40 topk=2.00 total=24.04
[OPROJ_INNER] slicewait=7.80 mfma=3.80 bar=4.16 rmsnorm_router=1.44 topk=1.84 total=19.04
[BAR_OBS] ep=13 xcd=3 drain=0.360 l1=0.200 wait=2.920 acq=0.040 obs=19124177376796 bar=3.520
[BAR_ARR] ep=13 xcd=2 l1=0.200 l2=0.680
[BAR_ARR] ep=13 xcd=3 l1=0.200 l2=0.280
[OPROJ_INNER] slicewait=6.68 mfma=4.20 bar=10.24 rmsnorm_router=1.44 topk=1.48 total=24.04
[BAR_OBS] ep=13 xcd=1 drain=0.680 l1=0.240 wait=4.160 acq=0.080 obs=19124177376746 bar=5.160
[BAR_OBS] ep=13 xcd=6 drain=0.480 l1=0.320 wait=7.400 acq=0.080 obs=19124177376756 bar=8.280
[BAR_ARR] ep=13 xcd=1 l1=0.240 l2=0.280
[BAR_OBS] ep=13 xcd=2 drain=0.400 l1=0.200 wait=9.600 acq=0.040 obs=19124177376755 bar=10.240
[BAR_ARR] ep=13 xcd=7 l1=0.280 l2=0.360
[BAR_OBS] ep=13 xcd=5 drain=0.440 l1=0.280 wait=2.920 acq=0.080 obs=19124177376823 bar=3.720
[OPROJ_INNER] slicewait=4.68 mfma=5.44 bar=8.48 rmsnorm_router=1.44 topk=2.76 total=22.80
[BAR_ARR] ep=13 xcd=5 l1=0.280 l2=0.360
[BAR_OBS] ep=13 xcd=4 drain=0.480 l1=0.320 wait=3.280 acq=0.080 obs=19124177376752 bar=4.160
[BAR_REL] ep=13 xcd=5 rel=19124177376699
[BAR_OBS] ep=13 xcd=7 drain=0.480 l1=0.280 wait=7.640 acq=0.080 obs=19124177376781 bar=8.480
[BAR_ARR] ep=14 xcd=0 l1=0.280 l2=0.640
[OPROJ_INNER] slicewait=4.64 mfma=3.80 bar=8.72 rmsnorm_router=1.52 topk=3.20 total=21.88
[BAR_ARR] ep=14 xcd=4 l1=0.320 l2=0.360
[OPROJ_INNER] slicewait=6.24 mfma=5.92 bar=3.96 rmsnorm_router=1.80 topk=1.92 total=19.84
[BAR_ARR] ep=14 xcd=6 l1=0.320 l2=0.400
[BAR_ARR] ep=14 xcd=2 l1=0.200 l2=0.280
[OPROJ_INNER] slicewait=2.08 mfma=9.40 bar=7.00 rmsnorm_router=1.52 topk=0.44 total=20.44
[OPROJ_INNER] slicewait=2.72 mfma=6.36 bar=10.20 rmsnorm_router=1.44 topk=3.56 total=24.28
[BAR_ARR] ep=14 xcd=5 l1=0.280 l2=0.400
[BAR_ARR] ep=14 xcd=3 l1=0.240 l2=0.600
[BAR_REL] ep=14 xcd=4 rel=19124177713128
[OPROJ_INNER] slicewait=2.76 mfma=5.60 bar=4.00 rmsnorm_router=1.52 topk=0.84 total=14.72
[OPROJ_INNER] slicewait=6.12 mfma=6.40 bar=5.88 rmsnorm_router=1.40 topk=0.80 total=20.60
[BAR_OBS] ep=14 xcd=0 drain=0.400 l1=0.240 wait=8.000 acq=0.080 obs=19124177713227 bar=8.720
[BAR_OBS] ep=14 xcd=6 drain=0.480 l1=0.320 wait=9.320 acq=0.080 obs=19124177713224 bar=10.200
[BAR_ARR] ep=14 xcd=1 l1=0.200 l2=0.280
[OPROJ_INNER] slicewait=4.52 mfma=3.92 bar=9.16 rmsnorm_router=1.52 topk=2.08 total=21.20
[BAR_OBS] ep=14 xcd=3 drain=0.360 l1=0.200 wait=5.240 acq=0.080 obs=19124177713168 bar=5.880
[BAR_OBS] ep=14 xcd=2 drain=0.400 l1=0.200 wait=6.320 acq=0.080 obs=19124177713127 bar=7.000
[BAR_OBS] ep=14 xcd=4 drain=0.480 l1=0.320 wait=3.080 acq=0.080 obs=19124177713144 bar=3.960
[BAR_OBS] ep=14 xcd=7 drain=0.440 l1=0.320 wait=3.200 acq=0.040 obs=19124177713153 bar=4.000
[OPROJ_INNER] slicewait=4.80 mfma=6.92 bar=7.44 rmsnorm_router=1.48 topk=3.80 total=24.44
[BAR_ARR] ep=14 xcd=7 l1=0.320 l2=0.480
[BAR_OBS] ep=14 xcd=1 drain=0.400 l1=0.200 wait=8.520 acq=0.040 obs=19124177713194 bar=9.160
[BAR_OBS] ep=14 xcd=5 drain=0.440 l1=0.280 wait=6.680 acq=0.040 obs=19124177713235 bar=7.440
[BAR_ARR] ep=15 xcd=3 l1=0.240 l2=0.360
[OPROJ_INNER] slicewait=13.16 mfma=2.44 bar=6.48 rmsnorm_router=1.44 topk=2.72 total=26.24
[OPROJ_INNER] slicewait=2.24 mfma=3.92 bar=3.80 rmsnorm_router=1.44 topk=3.60 total=15.00
[BAR_ARR] ep=15 xcd=6 l1=0.320 l2=0.360
[BAR_ARR] ep=15 xcd=1 l1=0.200 l2=0.280
[BAR_ARR] ep=15 xcd=4 l1=0.360 l2=0.360
[OPROJ_INNER] slicewait=10.68 mfma=3.16 bar=7.72 rmsnorm_router=1.44 topk=0.40 total=23.40
[OPROJ_INNER] slicewait=12.32 mfma=2.24 bar=6.72 rmsnorm_router=1.40 topk=3.40 total=26.08
[BAR_OBS] ep=15 xcd=3 drain=0.360 l1=0.200 wait=5.880 acq=0.040 obs=19124178100960 bar=6.480
[BAR_ARR] ep=15 xcd=2 l1=0.200 l2=0.280
[OPROJ_INNER] slicewait=12.84 mfma=2.40 bar=6.52 rmsnorm_router=1.48 topk=1.80 total=25.04
[BAR_ARR] ep=15 xcd=7 l1=0.280 l2=0.480
[OPROJ_INNER] slicewait=4.20 mfma=3.88 bar=3.88 rmsnorm_router=1.40 topk=0.44 total=13.80
[OPROJ_INNER] slicewait=6.20 mfma=3.80 bar=8.12 rmsnorm_router=1.52 topk=2.12 total=21.76
[BAR_OBS] ep=15 xcd=0 drain=0.400 l1=0.240 wait=3.160 acq=0.080 obs=19124178100891 bar=3.880
[OPROJ_INNER] slicewait=9.04 mfma=2.32 bar=10.04 rmsnorm_router=1.44 topk=2.16 total=25.00
[BAR_OBS] ep=15 xcd=2 drain=0.360 l1=0.240 wait=5.840 acq=0.080 obs=19124178100935 bar=6.520
[BAR_REL] ep=15 xcd=4 rel=19124178100868
[BAR_OBS] ep=15 xcd=1 drain=0.400 l1=0.200 wait=7.040 acq=0.080 obs=19124178100902 bar=7.720
[BAR_OBS] ep=15 xcd=5 drain=0.440 l1=0.280 wait=3.000 acq=0.080 obs=19124178100995 bar=3.800
[BAR_ARR] ep=15 xcd=0 l1=0.240 l2=0.520
[BAR_ARR] ep=15 xcd=5 l1=0.280 l2=0.360
[BAR_OBS] ep=15 xcd=4 drain=0.480 l1=0.360 wait=5.800 acq=0.080 obs=19124178100972 bar=6.720
[BAR_OBS] ep=15 xcd=7 drain=0.480 l1=0.320 wait=7.280 acq=0.040 obs=19124178100937 bar=8.120
[BAR_OBS] ep=15 xcd=6 drain=0.480 l1=0.320 wait=9.200 acq=0.040 obs=19124178100936 bar=10.040
[BAR_ARR] ep=16 xcd=7 l1=0.320 l2=0.360
[BAR_ARR] ep=16 xcd=0 l1=0.280 l2=0.280
[OPROJ_INNER] slicewait=3.72 mfma=8.16 bar=10.40 rmsnorm_router=1.48 topk=1.84 total=25.60
[BAR_ARR] ep=16 xcd=5 l1=0.320 l2=0.320
[BAR_ARR] ep=16 xcd=4 l1=0.320 l2=0.360
[OPROJ_INNER] slicewait=6.36 mfma=3.72 bar=6.12 rmsnorm_router=1.68 topk=0.44 total=18.32
[BAR_ARR] ep=16 xcd=3 l1=0.200 l2=0.440
[OPROJ_INNER] slicewait=4.36 mfma=3.84 bar=3.28 rmsnorm_router=1.56 topk=1.60 total=14.64
[OPROJ_INNER] slicewait=3.76 mfma=8.64 bar=9.96 rmsnorm_router=1.44 topk=3.04 total=26.84
[OPROJ_INNER] slicewait=6.08 mfma=3.84 bar=5.16 rmsnorm_router=1.44 topk=2.36 total=18.88
[BAR_OBS] ep=16 xcd=0 drain=0.400 l1=0.240 wait=9.680 acq=0.080 obs=19124178472567 bar=10.400
[OPROJ_INNER] slicewait=2.60 mfma=3.76 bar=3.32 rmsnorm_router=1.44 topk=1.68 total=12.80
[BAR_OBS] ep=16 xcd=1 drain=0.400 l1=0.200 wait=5.440 acq=0.080 obs=19124178472490 bar=6.120
[OPROJ_INNER] slicewait=10.56 mfma=4.76 bar=7.64 rmsnorm_router=1.48 topk=1.96 total=26.40
[BAR_OBS] ep=16 xcd=3 drain=0.400 l1=0.160 wait=2.680 acq=0.080 obs=19124178472556 bar=3.320
[BAR_ARR] ep=16 xcd=2 l1=0.240 l2=0.320
[BAR_ARR] ep=16 xcd=1 l1=0.200 l2=0.440
[BAR_REL] ep=16 xcd=4 rel=19124178472496
[BAR_OBS] ep=16 xcd=7 drain=0.440 l1=0.320 wait=9.120 acq=0.080 obs=19124178472589 bar=9.960
[OPROJ_INNER] slicewait=6.04 mfma=10.28 bar=6.24 rmsnorm_router=1.60 topk=0.40 total=24.56
[BAR_OBS] ep=16 xcd=6 drain=0.480 l1=0.360 wait=4.240 acq=0.080 obs=19124178472568 bar=5.160
[BAR_ARR] ep=16 xcd=6 l1=0.360 l2=0.360
[BAR_OBS] ep=16 xcd=5 drain=0.440 l1=0.280 wait=6.880 acq=0.040 obs=19124178472563 bar=7.640
[BAR_OBS] ep=16 xcd=2 drain=0.400 l1=0.200 wait=5.600 acq=0.040 obs=19124178472495 bar=6.240
[BAR_OBS] ep=16 xcd=4 drain=0.480 l1=0.320 wait=2.400 acq=0.080 obs=19124178472532 bar=3.280
[BAR_ARR] ep=17 xcd=2 l1=0.280 l2=0.280
[OPROJ_INNER] slicewait=3.64 mfma=6.88 bar=6.28 rmsnorm_router=1.48 topk=2.72 total=21.00
[BAR_ARR] ep=17 xcd=5 l1=0.320 l2=0.360
[OPROJ_INNER] slicewait=6.00 mfma=7.48 bar=8.80 rmsnorm_router=1.44 topk=1.16 total=24.88
[BAR_ARR] ep=17 xcd=0 l1=0.280 l2=0.360
[OPROJ_INNER] slicewait=3.12 mfma=11.40 bar=8.08 rmsnorm_router=1.48 topk=1.40 total=25.48
[BAR_OBS] ep=17 xcd=1 drain=0.560 l1=0.200 wait=5.440 acq=0.080 obs=19124178823962 bar=6.280
[OPROJ_INNER] slicewait=1.92 mfma=3.76 bar=3.68 rmsnorm_router=1.44 topk=3.84 total=14.64
[BAR_OBS] ep=17 xcd=2 drain=0.360 l1=0.240 wait=8.160 acq=0.040 obs=19124178823911 bar=8.800
[BAR_ARR] ep=17 xcd=1 l1=0.200 l2=0.400
[OPROJ_INNER] slicewait=9.12 mfma=3.88 bar=4.16 rmsnorm_router=1.44 topk=2.04 total=20.64
[BAR_ARR] ep=17 xcd=6 l1=0.320 l2=0.360
[BAR_OBS] ep=17 xcd=0 drain=0.400 l1=0.240 wait=7.400 acq=0.040 obs=19124178823923 bar=8.080
[OPROJ_INNER] slicewait=4.00 mfma=7.80 bar=10.64 rmsnorm_router=1.40 topk=2.60 total=26.44
[BAR_ARR] ep=17 xcd=7 l1=0.280 l2=0.400
[OPROJ_INNER] slicewait=3.44 mfma=11.12 bar=7.88 rmsnorm_router=1.52 topk=1.04 total=25.00
[BAR_OBS] ep=17 xcd=5 drain=0.440 l1=0.280 wait=3.360 acq=0.080 obs=19124178823935 bar=4.160
[BAR_ARR] ep=17 xcd=3 l1=0.200 l2=0.320
[OPROJ_INNER] slicewait=9.88 mfma=6.12 bar=5.68 rmsnorm_router=1.44 topk=2.04 total=25.16
[BAR_OBS] ep=17 xcd=4 drain=0.480 l1=0.320 wait=2.800 acq=0.080 obs=19124178823988 bar=3.680
[BAR_OBS] ep=17 xcd=6 drain=0.480 l1=0.320 wait=9.760 acq=0.080 obs=19124178823944 bar=10.640
[BAR_OBS] ep=17 xcd=7 drain=0.440 l1=0.320 wait=7.040 acq=0.080 obs=19124178823901 bar=7.880
[BAR_ARR] ep=17 xcd=4 l1=0.320 l2=0.320
[BAR_OBS] ep=17 xcd=3 drain=0.360 l1=0.200 wait=5.040 acq=0.080 obs=19124178823940 bar=5.680
[BAR_REL] ep=17 xcd=4 rel=19124178823868
[BAR_ARR] ep=18 xcd=0 l1=0.240 l2=0.520
[OPROJ_INNER] slicewait=2.60 mfma=13.56 bar=10.16 rmsnorm_router=1.48 topk=1.44 total=29.24
[BAR_ARR] ep=18 xcd=5 l1=0.280 l2=0.520
[BAR_ARR] ep=18 xcd=7 l1=0.320 l2=0.360
[BAR_ARR] ep=18 xcd=3 l1=0.200 l2=0.320
[OPROJ_INNER] slicewait=3.24 mfma=8.40 bar=9.96 rmsnorm_router=1.48 topk=2.28 total=25.36
[BAR_ARR] ep=18 xcd=2 l1=0.240 l2=0.240
[OPROJ_INNER] slicewait=4.40 mfma=4.72 bar=3.20 rmsnorm_router=1.44 topk=1.60 total=15.36
[OPROJ_INNER] slicewait=5.48 mfma=12.20 bar=6.88 rmsnorm_router=1.44 topk=1.24 total=27.24
[BAR_OBS] ep=18 xcd=0 drain=0.400 l1=0.240 wait=9.440 acq=0.080 obs=19124179178867 bar=10.160
[OPROJ_INNER] slicewait=5.68 mfma=5.16 bar=3.32 rmsnorm_router=1.44 topk=1.28 total=16.88
[BAR_ARR] ep=18 xcd=6 l1=0.320 l2=0.400
[BAR_OBS] ep=18 xcd=7 drain=0.440 l1=0.320 wait=9.120 acq=0.080 obs=19124179178885 bar=9.960
[BAR_OBS] ep=18 xcd=2 drain=0.440 l1=0.200 wait=6.160 acq=0.080 obs=19124179178863 bar=6.880
[OPROJ_INNER] slicewait=3.36 mfma=8.40 bar=10.92 rmsnorm_router=1.44 topk=2.56 total=26.68
[BAR_OBS] ep=18 xcd=5 drain=0.440 l1=0.280 wait=2.520 acq=0.080 obs=19124179178863 bar=3.320
[OPROJ_INNER] slicewait=3.88 mfma=11.84 bar=9.20 rmsnorm_router=1.68 topk=0.72 total=27.32
[BAR_ARR] ep=18 xcd=1 l1=0.240 l2=0.400
[BAR_OBS] ep=18 xcd=3 drain=0.360 l1=0.200 wait=2.560 acq=0.080 obs=19124179178872 bar=3.200
[OPROJ_INNER] slicewait=2.60 mfma=3.76 bar=3.68 rmsnorm_router=1.40 topk=3.72 total=15.16
[BAR_OBS] ep=18 xcd=1 drain=0.360 l1=0.240 wait=10.240 acq=0.080 obs=19124179178910 bar=10.920
[BAR_OBS] ep=18 xcd=6 drain=0.480 l1=0.320 wait=8.320 acq=0.080 obs=19124179178824 bar=9.200
[BAR_OBS] ep=18 xcd=4 drain=0.480 l1=0.320 wait=2.800 acq=0.080 obs=19124179178940 bar=3.680
[BAR_ARR] ep=18 xcd=4 l1=0.320 l2=0.320
[BAR_REL] ep=18 xcd=4 rel=19124179178816
[OPROJ_INNER] slicewait=3.84 mfma=5.96 bar=5.04 rmsnorm_router=1.48 topk=3.00 total=19.32
[BAR_ARR] ep=19 xcd=1 l1=0.200 l2=0.280
[OPROJ_INNER] slicewait=1.88 mfma=4.44 bar=3.52 rmsnorm_router=1.44 topk=2.92 total=14.20
[OPROJ_INNER] slicewait=9.16 mfma=5.60 bar=5.80 rmsnorm_router=1.36 topk=2.28 total=24.20
[OPROJ_INNER] slicewait=2.84 mfma=3.80 bar=2.68 rmsnorm_router=1.68 topk=1.52 total=12.52
[BAR_ARR] ep=19 xcd=5 l1=0.320 l2=0.320
[BAR_OBS] ep=19 xcd=0 drain=0.440 l1=0.240 wait=4.280 acq=0.080 obs=19124179552355 bar=5.040
[BAR_OBS] ep=19 xcd=2 drain=0.400 l1=0.200 wait=2.840 acq=0.080 obs=19124179552347 bar=3.520
[OPROJ_INNER] slicewait=4.96 mfma=5.08 bar=10.64 rmsnorm_router=1.48 topk=3.08 total=25.24
[BAR_ARR] ep=19 xcd=6 l1=0.320 l2=0.400
[BAR_ARR] ep=19 xcd=7 l1=0.320 l2=0.400
[BAR_ARR] ep=19 xcd=0 l1=0.240 l2=0.360
[BAR_OBS] ep=19 xcd=4 drain=0.480 l1=0.320 wait=1.800 acq=0.080 obs=19124179552276 bar=2.680
[OPROJ_INNER] slicewait=5.80 mfma=5.48 bar=9.76 rmsnorm_router=1.48 topk=1.92 total=24.44
[BAR_ARR] ep=19 xcd=3 l1=0.200 l2=0.280
[BAR_ARR] ep=19 xcd=2 l1=0.200 l2=0.240
[BAR_ARR] ep=19 xcd=4 l1=0.320 l2=0.360
[BAR_OBS] ep=19 xcd=1 drain=0.400 l1=0.200 wait=10.000 acq=0.040 obs=19124179552358 bar=10.640
[OPROJ_INNER] slicewait=4.44 mfma=5.16 bar=9.92 rmsnorm_router=1.44 topk=3.04 total=24.00
[OPROJ_INNER] slicewait=11.20 mfma=4.52 bar=5.60 rmsnorm_router=1.60 topk=0.44 total=23.36
[BAR_REL] ep=19 xcd=5 rel=19124179552251
[BAR_OBS] ep=19 xcd=5 drain=0.440 l1=0.280 wait=5.000 acq=0.080 obs=19124179552323 bar=5.800
[BAR_OBS] ep=19 xcd=7 drain=0.480 l1=0.320 wait=9.080 acq=0.040 obs=19124179552345 bar=9.920
[BAR_OBS] ep=19 xcd=3 drain=0.360 l1=0.160 wait=5.000 acq=0.080 obs=19124179552248 bar=5.600
[BAR_OBS] ep=19 xcd=6 drain=0.480 l1=0.320 wait=8.880 acq=0.080 obs=19124179552304 bar=9.760
[BAR_ARR] ep=20 xcd=6 l1=0.320 l2=0.360
[BAR_ARR] ep=20 xcd=3 l1=0.240 l2=0.280
[BAR_ARR] ep=20 xcd=1 l1=0.240 l2=0.280
[OPROJ_INNER] slicewait=1.92 mfma=20.60 bar=6.96 rmsnorm_router=1.48 topk=0.40 total=31.36
[OPROJ_INNER] slicewait=3.56 mfma=9.20 bar=9.84 rmsnorm_router=1.44 topk=3.16 total=27.20
[BAR_ARR] ep=20 xcd=7 l1=0.320 l2=0.360
[OPROJ_INNER] slicewait=0.72 mfma=20.16 bar=10.36 rmsnorm_router=1.48 topk=2.08 total=34.80
[OPROJ_INNER] slicewait=1.92 mfma=3.92 bar=3.92 rmsnorm_router=1.48 topk=3.56 total=14.80
[OPROJ_INNER] slicewait=5.00 mfma=7.92 bar=10.12 rmsnorm_router=1.48 topk=1.20 total=25.72
[BAR_ARR] ep=20 xcd=0 l1=0.200 l2=0.360
[BAR_ARR] ep=20 xcd=5 l1=0.280 l2=0.360
[OPROJ_INNER] slicewait=3.12 mfma=16.88 bar=10.08 rmsnorm_router=1.44 topk=2.60 total=34.12
[BAR_ARR] ep=20 xcd=2 l1=0.240 l2=0.400
[BAR_OBS] ep=20 xcd=3 drain=0.360 l1=0.200 wait=6.320 acq=0.080 obs=19124179926072 bar=6.960
[BAR_OBS] ep=20 xcd=1 drain=0.400 l1=0.240 wait=9.680 acq=0.040 obs=19124179926130 bar=10.360
[OPROJ_INNER] slicewait=5.64 mfma=13.24 bar=6.92 rmsnorm_router=1.40 topk=1.28 total=28.48
[BAR_OBS] ep=20 xcd=6 drain=0.480 l1=0.320 wait=9.000 acq=0.040 obs=19124179926152 bar=9.840
[OPROJ_INNER] slicewait=6.16 mfma=15.88 bar=7.32 rmsnorm_router=1.48 topk=2.96 total=33.80
[BAR_OBS] ep=20 xcd=0 drain=0.400 l1=0.240 wait=9.360 acq=0.080 obs=19124179926143 bar=10.080
[BAR_OBS] ep=20 xcd=2 drain=0.400 l1=0.240 wait=6.200 acq=0.080 obs=19124179926107 bar=6.920
[BAR_OBS] ep=20 xcd=4 drain=0.520 l1=0.320 wait=3.000 acq=0.080 obs=19124179926184 bar=3.920
[BAR_OBS] ep=20 xcd=7 drain=0.600 l1=0.280 wait=9.200 acq=0.040 obs=19124179926089 bar=10.120
[BAR_ARR] ep=20 xcd=4 l1=0.320 l2=0.400
[BAR_OBS] ep=20 xcd=5 drain=0.440 l1=0.280 wait=6.520 acq=0.080 obs=19124179926147 bar=7.320
[BAR_REL] ep=20 xcd=4 rel=19124179926064
[OPROJ_INNER] slicewait=4.32 mfma=3.92 bar=5.08 rmsnorm_router=1.56 topk=0.44 total=15.32
[BAR_ARR] ep=21 xcd=3 l1=0.200 l2=0.360
[BAR_ARR] ep=21 xcd=1 l1=0.200 l2=0.440
[BAR_ARR] ep=21 xcd=7 l1=0.320 l2=0.320
[BAR_ARR] ep=21 xcd=5 l1=0.240 l2=0.400
[OPROJ_INNER] slicewait=2.76 mfma=4.48 bar=3.16 rmsnorm_router=1.44 topk=0.48 total=12.32
[OPROJ_INNER] slicewait=6.64 mfma=3.76 bar=11.68 rmsnorm_router=1.44 topk=3.20 total=26.72
[BAR_ARR] ep=21 xcd=2 l1=0.240 l2=0.240
[OPROJ_INNER] slicewait=5.48 mfma=3.72 bar=5.84 rmsnorm_router=1.84 topk=1.36 total=18.24
[OPROJ_INNER] slicewait=8.96 mfma=4.24 bar=6.08 rmsnorm_router=1.68 topk=0.88 total=21.84
[BAR_ARR] ep=21 xcd=6 l1=0.320 l2=0.440
[OPROJ_INNER] slicewait=11.28 mfma=3.56 bar=6.76 rmsnorm_router=1.52 topk=3.16 total=26.28
[OPROJ_INNER] slicewait=4.52 mfma=3.84 bar=9.00 rmsnorm_router=1.52 topk=1.32 total=20.20
[OPROJ_INNER] slicewait=3.08 mfma=3.92 bar=3.80 rmsnorm_router=1.44 topk=3.76 total=16.00
[BAR_OBS] ep=21 xcd=1 drain=0.400 l1=0.200 wait=11.000 acq=0.080 obs=19124180292414 bar=11.680
[BAR_OBS] ep=21 xcd=0 drain=0.400 l1=0.240 wait=4.360 acq=0.080 obs=19124180292303 bar=5.080
[BAR_OBS] ep=21 xcd=3 drain=0.360 l1=0.200 wait=2.520 acq=0.080 obs=19124180292332 bar=3.160
[BAR_OBS] ep=21 xcd=7 drain=0.480 l1=0.280 wait=5.000 acq=0.080 obs=19124180292313 bar=5.840
[BAR_ARR] ep=21 xcd=0 l1=0.240 l2=0.440
[BAR_OBS] ep=21 xcd=2 drain=0.360 l1=0.200 wait=6.120 acq=0.080 obs=19124180292403 bar=6.760
[BAR_OBS] ep=21 xcd=5 drain=0.440 l1=0.280 wait=5.280 acq=0.080 obs=19124180292319 bar=6.080
[BAR_OBS] ep=21 xcd=6 drain=0.480 l1=0.320 wait=8.160 acq=0.040 obs=19124180292340 bar=9.000
[BAR_OBS] ep=21 xcd=4 drain=0.480 l1=0.320 wait=2.920 acq=0.080 obs=19124180292436 bar=3.800
[BAR_ARR] ep=21 xcd=4 l1=0.320 l2=0.320
[BAR_REL] ep=21 xcd=4 rel=19124180292308
[OPROJ_INNER] slicewait=1.88 mfma=4.20 bar=3.80 rmsnorm_router=1.44 topk=2.96 total=14.28
[BAR_ARR] ep=22 xcd=5 l1=0.280 l2=0.360
[BAR_ARR] ep=22 xcd=1 l1=0.200 l2=0.240
[BAR_ARR] ep=22 xcd=3 l1=0.200 l2=0.400
[OPROJ_INNER] slicewait=1.92 mfma=3.84 bar=3.76 rmsnorm_router=1.44 topk=3.84 total=14.80
[OPROJ_INNER] slicewait=4.36 mfma=14.52 bar=6.12 rmsnorm_router=1.56 topk=0.40 total=26.96
[BAR_OBS] ep=22 xcd=2 drain=0.400 l1=0.200 wait=3.120 acq=0.080 obs=19124180653303 bar=3.800
[BAR_ARR] ep=22 xcd=6 l1=0.320 l2=0.360
[BAR_ARR] ep=22 xcd=7 l1=0.320 l2=0.360
[BAR_ARR] ep=22 xcd=0 l1=0.200 l2=0.480
[BAR_ARR] ep=22 xcd=2 l1=0.200 l2=0.480
[OPROJ_INNER] slicewait=4.20 mfma=11.08 bar=9.12 rmsnorm_router=1.44 topk=1.92 total=27.76
[BAR_OBS] ep=22 xcd=3 drain=0.360 l1=0.160 wait=5.520 acq=0.080 obs=19124180653204 bar=6.120
[OPROJ_INNER] slicewait=3.24 mfma=15.96 bar=6.80 rmsnorm_router=1.44 topk=2.80 total=30.24
[BAR_OBS] ep=22 xcd=4 drain=0.480 l1=0.320 wait=2.880 acq=0.080 obs=19124180653332 bar=3.760
[OPROJ_INNER] slicewait=5.68 mfma=7.08 bar=7.16 rmsnorm_router=1.44 topk=3.68 total=25.04
[OPROJ_INNER] slicewait=3.36 mfma=11.68 bar=10.56 rmsnorm_router=1.40 topk=3.84 total=30.84
[BAR_ARR] ep=22 xcd=4 l1=0.320 l2=0.400
[OPROJ_INNER] slicewait=3.16 mfma=11.32 bar=10.64 rmsnorm_router=1.48 topk=2.80 total=29.40
[BAR_OBS] ep=22 xcd=1 drain=0.360 l1=0.240 wait=8.440 acq=0.080 obs=19124180653278 bar=9.120
[BAR_OBS] ep=22 xcd=5 drain=0.440 l1=0.320 wait=5.960 acq=0.080 obs=19124180653295 bar=6.800
[BAR_OBS] ep=22 xcd=6 drain=0.480 l1=0.320 wait=9.680 acq=0.080 obs=19124180653332 bar=10.560
[BAR_REL] ep=22 xcd=4 rel=19124180653212
[BAR_OBS] ep=22 xcd=7 drain=0.480 l1=0.320 wait=6.280 acq=0.080 obs=19124180653321 bar=7.160
[BAR_OBS] ep=22 xcd=0 drain=0.400 l1=0.240 wait=9.960 acq=0.040 obs=19124180653303 bar=10.640
[OPROJ_INNER] slicewait=2.52 mfma=3.80 bar=3.56 rmsnorm_router=1.44 topk=1.56 total=12.88
[OPROJ_INNER] slicewait=3.04 mfma=3.96 bar=3.68 rmsnorm_router=1.44 topk=2.56 total=14.68
[BAR_ARR] ep=23 xcd=5 l1=0.320 l2=0.360
[BAR_ARR] ep=23 xcd=1 l1=0.200 l2=0.440
[OPROJ_INNER] slicewait=6.04 mfma=2.68 bar=11.08 rmsnorm_router=1.48 topk=0.44 total=21.72
[OPROJ_INNER] slicewait=4.56 mfma=3.80 bar=5.04 rmsnorm_router=1.44 topk=0.48 total=15.32
[OPROJ_INNER] slicewait=6.08 mfma=3.92 bar=5.16 rmsnorm_router=1.44 topk=2.80 total=19.40
[BAR_REL] ep=23 xcd=5 rel=19124181009071
[BAR_ARR] ep=23 xcd=4 l1=0.320 l2=0.360
[OPROJ_INNER] slicewait=2.84 mfma=3.80 bar=3.24 rmsnorm_router=1.48 topk=1.12 total=12.48
[BAR_ARR] ep=23 xcd=6 l1=0.320 l2=0.360
[BAR_OBS] ep=23 xcd=0 drain=0.400 l1=0.240 wait=4.320 acq=0.080 obs=19124181009087 bar=5.040
[OPROJ_INNER] slicewait=4.36 mfma=3.84 bar=11.40 rmsnorm_router=1.44 topk=3.48 total=24.52
[BAR_OBS] ep=23 xcd=2 drain=0.360 l1=0.240 wait=2.880 acq=0.080 obs=19124181009123 bar=3.560
[BAR_ARR] ep=23 xcd=0 l1=0.240 l2=0.360
[BAR_OBS] ep=23 xcd=1 drain=0.400 l1=0.200 wait=10.400 acq=0.080 obs=19124181009062 bar=11.080
[BAR_OBS] ep=23 xcd=3 drain=0.360 l1=0.200 wait=3.040 acq=0.080 obs=19124181009152 bar=3.680
[BAR_OBS] ep=23 xcd=7 drain=0.480 l1=0.280 wait=4.320 acq=0.080 obs=19124181009149 bar=5.160
[BAR_ARR] ep=23 xcd=3 l1=0.200 l2=0.400
[OPROJ_INNER] slicewait=10.16 mfma=3.80 bar=6.04 rmsnorm_router=1.44 topk=2.64 total=24.08
[BAR_OBS] ep=23 xcd=5 drain=0.400 l1=0.280 wait=2.520 acq=0.040 obs=19124181009111 bar=3.240
[BAR_ARR] ep=23 xcd=2 l1=0.240 l2=0.280
[BAR_OBS] ep=23 xcd=6 drain=0.480 l1=0.320 wait=10.520 acq=0.080 obs=19124181009184 bar=11.400
[BAR_ARR] ep=23 xcd=7 l1=0.280 l2=0.400
[BAR_OBS] ep=23 xcd=4 drain=0.480 l1=0.360 wait=5.120 acq=0.080 obs=19124181009140 bar=6.040
[OPROJ_INNER] slicewait=2.24 mfma=3.72 bar=2.44 rmsnorm_router=1.64 topk=0.40 total=10.44
[OPROJ_INNER] slicewait=5.32 mfma=3.80 bar=6.12 rmsnorm_router=1.48 topk=0.44 total=17.16
[OPROJ_INNER] slicewait=2.44 mfma=3.72 bar=3.72 rmsnorm_router=1.44 topk=3.32 total=14.64
[OPROJ_INNER] slicewait=5.52 mfma=3.76 bar=5.16 rmsnorm_router=1.48 topk=3.48 total=19.40
[BAR_ARR] ep=24 xcd=3 l1=0.200 l2=0.280
[BAR_OBS] ep=24 xcd=0 drain=0.400 l1=0.240 wait=5.400 acq=0.080 obs=19124181358115 bar=6.120
[BAR_OBS] ep=24 xcd=2 drain=0.400 l1=0.200 wait=1.800 acq=0.040 obs=19124181358083 bar=2.440
[BAR_ARR] ep=24 xcd=0 l1=0.240 l2=0.320
[OPROJ_INNER] slicewait=12.52 mfma=5.60 bar=4.52 rmsnorm_router=1.56 topk=0.36 total=24.56
[BAR_ARR] ep=24 xcd=2 l1=0.200 l2=0.400
[BAR_OBS] ep=24 xcd=6 drain=0.480 l1=0.320 wait=4.280 acq=0.080 obs=19124181358192 bar=5.160
[BAR_OBS] ep=24 xcd=5 drain=0.440 l1=0.280 wait=2.920 acq=0.080 obs=19124181358195 bar=3.720
[BAR_ARR] ep=24 xcd=6 l1=0.320 l2=0.400
[BAR_ARR] ep=24 xcd=4 l1=0.360 l2=0.360
[BAR_OBS] ep=24 xcd=3 drain=0.360 l1=0.200 wait=3.880 acq=0.080 obs=19124181358084 bar=4.520
[BAR_ARR] ep=24 xcd=5 l1=0.280 l2=0.360
[BAR_ARR] ep=24 xcd=7 l1=0.320 l2=0.400
[BAR_ARR] ep=24 xcd=1 l1=0.240 l2=0.520
[OPROJ_INNER] slicewait=5.20 mfma=3.80 bar=5.72 rmsnorm_router=1.44 topk=0.76 total=16.92
[OPROJ_INNER] slicewait=4.40 mfma=8.76 bar=9.12 rmsnorm_router=1.44 topk=2.84 total=26.56
[OPROJ_INNER] slicewait=2.40 mfma=3.72 bar=3.48 rmsnorm_router=1.44 topk=3.00 total=14.04
[BAR_REL] ep=24 xcd=4 rel=19124181358096
[BAR_OBS] ep=24 xcd=1 drain=0.440 l1=0.200 wait=5.000 acq=0.080 obs=19124181358142 bar=5.720
[BAR_OBS] ep=24 xcd=7 drain=0.440 l1=0.320 wait=8.280 acq=0.080 obs=19124181358181 bar=9.120
[BAR_OBS] ep=24 xcd=4 drain=0.520 l1=0.320 wait=2.560 acq=0.080 obs=19124181358184 bar=3.480
[BAR_ARR] ep=25 xcd=0 l1=0.240 l2=0.320
[OPROJ_INNER] slicewait=5.32 mfma=7.28 bar=8.04 rmsnorm_router=1.44 topk=2.32 total=24.40
[BAR_ARR] ep=25 xcd=1 l1=0.200 l2=0.240
[BAR_ARR] ep=25 xcd=3 l1=0.200 l2=0.360
[OPROJ_INNER] slicewait=1.84 mfma=4.28 bar=3.32 rmsnorm_router=1.44 topk=1.96 total=12.84
[BAR_ARR] ep=25 xcd=4 l1=0.280 l2=0.400
[OPROJ_INNER] slicewait=4.32 mfma=8.00 bar=9.56 rmsnorm_router=1.44 topk=3.08 total=26.40
[BAR_ARR] ep=25 xcd=7 l1=0.320 l2=0.520
[BAR_OBS] ep=25 xcd=0 drain=0.360 l1=0.280 wait=7.320 acq=0.080 obs=19124181715771 bar=8.040
[OPROJ_INNER] slicewait=5.88 mfma=10.16 bar=8.88 rmsnorm_router=1.48 topk=2.32 total=28.72
[BAR_OBS] ep=25 xcd=3 drain=0.360 l1=0.200 wait=2.680 acq=0.080 obs=19124181715764 bar=3.320
[OPROJ_INNER] slicewait=4.68 mfma=3.76 bar=3.48 rmsnorm_router=1.48 topk=2.44 total=15.84
[BAR_ARR] ep=25 xcd=5 l1=0.320 l2=0.440
[BAR_ARR] ep=25 xcd=2 l1=0.240 l2=0.280
[OPROJ_INNER] slicewait=7.00 mfma=6.36 bar=10.04 rmsnorm_router=1.44 topk=3.16 total=28.00
[OPROJ_INNER] slicewait=8.56 mfma=9.00 bar=6.68 rmsnorm_router=1.44 topk=3.76 total=29.44
[BAR_ARR] ep=25 xcd=6 l1=0.320 l2=0.440
[BAR_OBS] ep=25 xcd=7 drain=0.480 l1=0.280 wait=8.720 acq=0.080 obs=19124181715781 bar=9.560
[BAR_OBS] ep=25 xcd=1 drain=0.400 l1=0.200 wait=8.200 acq=0.080 obs=19124181715774 bar=8.880
[BAR_OBS] ep=25 xcd=2 drain=0.400 l1=0.200 wait=9.400 acq=0.040 obs=19124181715795 bar=10.040
[OPROJ_INNER] slicewait=3.76 mfma=12.96 bar=7.24 rmsnorm_router=1.44 topk=3.88 total=29.28
[BAR_OBS] ep=25 xcd=4 drain=0.480 l1=0.320 wait=2.640 acq=0.040 obs=19124181715764 bar=3.480
[BAR_REL] ep=25 xcd=5 rel=19124181715707
[BAR_OBS] ep=25 xcd=5 drain=0.440 l1=0.280 wait=5.880 acq=0.080 obs=19124181715803 bar=6.680
[BAR_OBS] ep=25 xcd=6 drain=0.480 l1=0.320 wait=6.400 acq=0.040 obs=19124181715804 bar=7.240
[BAR_ARR] ep=26 xcd=0 l1=0.240 l2=0.280
[BAR_ARR] ep=26 xcd=1 l1=0.240 l2=0.320
[OPROJ_INNER] slicewait=2.04 mfma=18.28 bar=8.08 rmsnorm_router=1.48 topk=0.44 total=30.32
[BAR_ARR] ep=26 xcd=5 l1=0.280 l2=0.480
[BAR_ARR] ep=26 xcd=3 l1=0.240 l2=0.440
[BAR_ARR] ep=26 xcd=7 l1=0.320 l2=0.520
[OPROJ_INNER] slicewait=1.56 mfma=4.20 bar=2.72 rmsnorm_router=1.52 topk=0.48 total=10.48
[OPROJ_INNER] slicewait=1.88 mfma=3.76 bar=3.76 rmsnorm_router=1.40 topk=11.04 total=21.84
[BAR_OBS] ep=26 xcd=0 drain=0.400 l1=0.240 wait=7.360 acq=0.080 obs=19124182110647 bar=8.080
[OPROJ_INNER] slicewait=4.56 mfma=11.60 bar=11.40 rmsnorm_router=1.44 topk=2.40 total=31.40
[OPROJ_INNER] slicewait=2.76 mfma=17.28 bar=8.40 rmsnorm_router=1.44 topk=2.80 total=32.68
[OPROJ_INNER] slicewait=1.96 mfma=4.36 bar=3.24 rmsnorm_router=1.44 topk=1.60 total=12.60
[OPROJ_INNER] slicewait=10.36 mfma=10.12 bar=5.84 rmsnorm_router=1.68 topk=0.72 total=28.72
[BAR_ARR] ep=26 xcd=6 l1=0.320 l2=0.360
[BAR_OBS] ep=26 xcd=2 drain=0.400 l1=0.200 wait=2.040 acq=0.080 obs=19124182110639 bar=2.720
[BAR_OBS] ep=26 xcd=1 drain=0.360 l1=0.240 wait=10.720 acq=0.080 obs=19124182110702 bar=11.400
[BAR_ARR] ep=26 xcd=2 l1=0.200 l2=0.600
[OPROJ_INNER] slicewait=3.56 mfma=8.64 bar=8.08 rmsnorm_router=1.52 topk=1.88 total=23.68
[BAR_OBS] ep=26 xcd=7 drain=0.440 l1=0.320 wait=7.560 acq=0.080 obs=19124182110701 bar=8.400
[BAR_OBS] ep=26 xcd=4 drain=0.480 l1=0.320 wait=2.880 acq=0.080 obs=19124182110744 bar=3.760
[BAR_OBS] ep=26 xcd=5 drain=0.440 l1=0.280 wait=5.040 acq=0.080 obs=19124182110623 bar=5.840
[BAR_ARR] ep=26 xcd=4 l1=0.320 l2=0.400
[BAR_OBS] ep=26 xcd=3 drain=0.360 l1=0.200 wait=2.640 acq=0.040 obs=19124182110676 bar=3.240
[BAR_OBS] ep=26 xcd=6 drain=0.480 l1=0.320 wait=7.240 acq=0.040 obs=19124182110672 bar=8.080
[BAR_REL] ep=26 xcd=4 rel=19124182110616
[BAR_ARR] ep=27 xcd=7 l1=0.320 l2=0.360
[BAR_ARR] ep=27 xcd=0 l1=0.200 l2=0.480
[BAR_ARR] ep=27 xcd=1 l1=0.200 l2=0.280
[OPROJ_INNER] slicewait=3.48 mfma=7.36 bar=6.48 rmsnorm_router=1.68 topk=1.16 total=20.16
[OPROJ_INNER] slicewait=5.52 mfma=12.60 bar=9.84 rmsnorm_router=1.52 topk=1.48 total=30.96
[BAR_ARR] ep=27 xcd=2 l1=0.200 l2=0.360
[OPROJ_INNER] slicewait=6.20 mfma=7.28 bar=9.64 rmsnorm_router=1.44 topk=3.08 total=27.64
[BAR_ARR] ep=27 xcd=3 l1=0.200 l2=0.240
[OPROJ_INNER] slicewait=10.76 mfma=4.72 bar=6.04 rmsnorm_router=1.44 topk=3.36 total=26.32
[OPROJ_INNER] slicewait=1.60 mfma=4.12 bar=3.28 rmsnorm_router=1.40 topk=1.44 total=11.84
[BAR_ARR] ep=27 xcd=5 l1=0.320 l2=0.320
[OPROJ_INNER] slicewait=2.08 mfma=3.84 bar=3.68 rmsnorm_router=1.44 topk=3.72 total=14.76
[BAR_OBS] ep=27 xcd=6 drain=0.440 l1=0.360 wait=5.600 acq=0.080 obs=19124182451624 bar=6.480
[OPROJ_INNER] slicewait=6.44 mfma=6.24 bar=9.60 rmsnorm_router=1.44 topk=0.48 total=24.20
[OPROJ_INNER] slicewait=1.72 mfma=4.24 bar=3.40 rmsnorm_router=1.44 topk=2.40 total=13.20
[BAR_ARR] ep=27 xcd=6 l1=0.360 l2=0.480
[BAR_OBS] ep=27 xcd=3 drain=0.360 l1=0.160 wait=2.680 acq=0.080 obs=19124182451672 bar=3.280
[BAR_OBS] ep=27 xcd=2 drain=0.360 l1=0.240 wait=5.360 acq=0.080 obs=19124182451723 bar=6.040
[BAR_OBS] ep=27 xcd=7 drain=0.440 l1=0.320 wait=9.040 acq=0.040 obs=19124182451665 bar=9.840
[BAR_OBS] ep=27 xcd=4 drain=0.480 l1=0.320 wait=2.840 acq=0.040 obs=19124182451736 bar=3.680
[BAR_OBS] ep=27 xcd=5 drain=0.480 l1=0.240 wait=2.600 acq=0.080 obs=19124182451691 bar=3.400
[BAR_OBS] ep=27 xcd=0 drain=0.400 l1=0.240 wait=8.920 acq=0.080 obs=19124182451715 bar=9.640
[BAR_OBS] ep=27 xcd=1 drain=0.400 l1=0.200 wait=8.920 acq=0.080 obs=19124182451650 bar=9.600
[BAR_ARR] ep=27 xcd=4 l1=0.320 l2=0.400
[BAR_REL] ep=27 xcd=4 rel=19124182451612
[BAR_ARR] ep=28 xcd=4 l1=0.320 l2=0.400
[BAR_ARR] ep=28 xcd=1 l1=0.200 l2=0.280
[OPROJ_INNER] slicewait=1.88 mfma=4.52 bar=3.76 rmsnorm_router=1.44 topk=3.08 total=14.68
[OPROJ_INNER] slicewait=4.24 mfma=9.88 bar=8.96 rmsnorm_router=1.48 topk=0.44 total=25.00
[OPROJ_INNER] slicewait=1.52 mfma=4.40 bar=2.72 rmsnorm_router=1.56 topk=0.72 total=10.92
[BAR_ARR] ep=28 xcd=3 l1=0.160 l2=0.320
[OPROJ_INNER] slicewait=3.04 mfma=3.80 bar=3.48 rmsnorm_router=1.44 topk=2.92 total=14.68
[OPROJ_INNER] slicewait=3.80 mfma=6.24 bar=5.08 rmsnorm_router=1.48 topk=1.48 total=18.08
[BAR_OBS] ep=28 xcd=2 drain=0.400 l1=0.200 wait=3.080 acq=0.080 obs=19124182816263 bar=3.760
[BAR_OBS] ep=28 xcd=1 drain=0.360 l1=0.240 wait=8.320 acq=0.040 obs=19124182816174 bar=8.960
[OPROJ_INNER] slicewait=11.20 mfma=6.92 bar=6.16 rmsnorm_router=1.48 topk=2.60 total=28.36
[BAR_ARR] ep=28 xcd=7 l1=0.280 l2=0.440
[BAR_REL] ep=28 xcd=4 rel=19124182816164
[OPROJ_INNER] slicewait=4.00 mfma=10.56 bar=8.08 rmsnorm_router=1.44 topk=1.80 total=25.88
[BAR_ARR] ep=28 xcd=2 l1=0.200 l2=0.440
[BAR_OBS] ep=28 xcd=4 drain=0.480 l1=0.320 wait=2.640 acq=0.040 obs=19124182816256 bar=3.480
[BAR_ARR] ep=28 xcd=0 l1=0.240 l2=0.280
[BAR_OBS] ep=28 xcd=5 drain=0.440 l1=0.280 wait=1.920 acq=0.080 obs=19124182816187 bar=2.720
[BAR_OBS] ep=28 xcd=6 drain=0.480 l1=0.320 wait=4.200 acq=0.080 obs=19124182816208 bar=5.080
[OPROJ_INNER] slicewait=4.84 mfma=4.72 bar=7.04 rmsnorm_router=1.72 topk=0.44 total=18.76
[BAR_OBS] ep=28 xcd=3 drain=0.360 l1=0.160 wait=5.560 acq=0.080 obs=19124182816256 bar=6.160
[BAR_OBS] ep=28 xcd=7 drain=0.440 l1=0.320 wait=7.240 acq=0.080 obs=19124182816221 bar=8.080
[BAR_ARR] ep=28 xcd=6 l1=0.320 l2=0.360
[BAR_ARR] ep=28 xcd=5 l1=0.280 l2=0.480
[BAR_OBS] ep=28 xcd=0 drain=0.400 l1=0.240 wait=6.320 acq=0.080 obs=19124182816155 bar=7.040
[BAR_ARR] ep=29 xcd=1 l1=0.200 l2=0.280
[BAR_ARR] ep=29 xcd=7 l1=0.280 l2=0.360
[OPROJ_INNER] slicewait=11.16 mfma=1.68 bar=8.68 rmsnorm_router=1.44 topk=0.48 total=23.44
[BAR_ARR] ep=29 xcd=3 l1=0.200 l2=0.440
[OPROJ_INNER] slicewait=9.48 mfma=1.68 bar=10.32 rmsnorm_router=1.48 topk=3.08 total=26.04
[OPROJ_INNER] slicewait=4.44 mfma=3.76 bar=3.84 rmsnorm_router=1.60 topk=0.44 total=14.08
[OPROJ_INNER] slicewait=13.28 mfma=2.32 bar=6.72 rmsnorm_router=1.40 topk=3.08 total=26.80
[OPROJ_INNER] slicewait=5.68 mfma=3.92 bar=4.16 rmsnorm_router=1.56 topk=0.84 total=16.16
[BAR_ARR] ep=29 xcd=4 l1=0.320 l2=0.360
[BAR_OBS] ep=29 xcd=1 drain=0.400 l1=0.200 wait=8.000 acq=0.080 obs=19124183165478 bar=8.680
[BAR_OBS] ep=29 xcd=0 drain=0.400 l1=0.240 wait=3.120 acq=0.080 obs=19124183165451 bar=3.840
[BAR_ARR] ep=29 xcd=2 l1=0.200 l2=0.360
[OPROJ_INNER] slicewait=12.08 mfma=3.80 bar=5.28 rmsnorm_router=1.44 topk=2.80 total=25.40
[BAR_OBS] ep=29 xcd=3 drain=0.360 l1=0.200 wait=6.080 acq=0.080 obs=19124183165556 bar=6.720
[OPROJ_INNER] slicewait=6.80 mfma=3.72 bar=4.24 rmsnorm_router=1.44 topk=3.08 total=19.28
[BAR_ARR] ep=29 xcd=5 l1=0.280 l2=0.360
[OPROJ_INNER] slicewait=6.96 mfma=3.80 bar=4.12 rmsnorm_router=1.48 topk=2.52 total=18.88
[BAR_REL] ep=29 xcd=4 rel=19124183165452
[BAR_OBS] ep=29 xcd=7 drain=0.480 l1=0.320 wait=9.440 acq=0.080 obs=19124183165545 bar=10.320
[BAR_OBS] ep=29 xcd=6 drain=0.480 l1=0.320 wait=3.280 acq=0.080 obs=19124183165472 bar=4.160
[BAR_ARR] ep=29 xcd=0 l1=0.240 l2=0.440
[BAR_OBS] ep=29 xcd=2 drain=0.360 l1=0.240 wait=4.600 acq=0.080 obs=19124183165543 bar=5.280
[BAR_ARR] ep=29 xcd=6 l1=0.320 l2=0.560
[BAR_OBS] ep=29 xcd=4 drain=0.480 l1=0.320 wait=3.360 acq=0.080 obs=19124183165540 bar=4.240
[BAR_OBS] ep=29 xcd=5 drain=0.440 l1=0.280 wait=3.320 acq=0.080 obs=19124183165527 bar=4.120
[OPROJ_INNER] slicewait=6.04 mfma=3.80 bar=6.32 rmsnorm_router=1.44 topk=0.76 total=18.36
[OPROJ_INNER] slicewait=2.20 mfma=3.76 bar=3.80 rmsnorm_router=1.44 topk=3.28 total=14.48
[OPROJ_INNER] slicewait=2.12 mfma=4.56 bar=3.72 rmsnorm_router=1.44 topk=2.76 total=14.60
[OPROJ_INNER] slicewait=2.08 mfma=3.96 bar=3.68 rmsnorm_router=1.48 topk=9.52 total=20.72
[BAR_ARR] ep=30 xcd=7 l1=0.280 l2=0.360
[OPROJ_INNER] slicewait=3.44 mfma=9.60 bar=7.32 rmsnorm_router=1.48 topk=1.72 total=23.56
[BAR_OBS] ep=30 xcd=2 drain=0.360 l1=0.240 wait=3.040 acq=0.080 obs=19124183529375 bar=3.720
[BAR_OBS] ep=30 xcd=1 drain=0.360 l1=0.240 wait=5.640 acq=0.080 obs=19124183529330 bar=6.320
[BAR_OBS] ep=30 xcd=0 drain=0.400 l1=0.240 wait=6.640 acq=0.040 obs=19124183529351 bar=7.320
[BAR_OBS] ep=30 xcd=3 drain=0.400 l1=0.160 wait=3.160 acq=0.080 obs=19124183529392 bar=3.800
[BAR_OBS] ep=30 xcd=5 drain=0.440 l1=0.280 wait=2.880 acq=0.080 obs=19124183529407 bar=3.680
[OPROJ_INNER] slicewait=3.80 mfma=6.36 bar=7.52 rmsnorm_router=1.44 topk=3.96 total=23.08
[BAR_ARR] ep=30 xcd=3 l1=0.160 l2=0.480
[OPROJ_INNER] slicewait=4.88 mfma=8.24 bar=11.64 rmsnorm_router=1.64 topk=2.84 total=29.24
[BAR_ARR] ep=30 xcd=1 l1=0.240 l2=0.480
[BAR_ARR] ep=30 xcd=4 l1=0.320 l2=0.400
[BAR_ARR] ep=30 xcd=0 l1=0.240 l2=0.280
[BAR_ARR] ep=30 xcd=2 l1=0.240 l2=0.440
[BAR_ARR] ep=30 xcd=5 l1=0.280 l2=0.440
[OPROJ_INNER] slicewait=12.16 mfma=3.80 bar=8.08 rmsnorm_router=1.44 topk=3.48 total=28.96
[BAR_REL] ep=30 xcd=5 rel=19124183529283
[BAR_OBS] ep=30 xcd=7 drain=0.480 l1=0.280 wait=10.840 acq=0.040 obs=19124183529353 bar=11.640
[BAR_OBS] ep=30 xcd=6 drain=0.480 l1=0.320 wait=6.640 acq=0.080 obs=19124183529404 bar=7.520
[BAR_ARR] ep=30 xcd=6 l1=0.320 l2=0.360
[BAR_OBS] ep=30 xcd=4 drain=0.480 l1=0.320 wait=7.200 acq=0.080 obs=19124183529388 bar=8.080
[BAR_ARR] ep=31 xcd=0 l1=0.240 l2=0.440
[BAR_ARR] ep=31 xcd=5 l1=0.280 l2=0.360
[BAR_ARR] ep=31 xcd=6 l1=0.320 l2=0.400
[BAR_ARR] ep=31 xcd=4 l1=0.320 l2=0.400
[OPROJ_INNER] slicewait=2.68 mfma=3.80 bar=2.80 rmsnorm_router=1.44 topk=0.40 total=11.12
[BAR_ARR] ep=31 xcd=7 l1=0.320 l2=0.320
[OPROJ_INNER] slicewait=2.16 mfma=3.80 bar=2.84 rmsnorm_router=1.44 topk=0.36 total=10.60
[BAR_ARR] ep=31 xcd=1 l1=0.240 l2=0.280
[OPROJ_INNER] slicewait=6.12 mfma=3.84 bar=7.52 rmsnorm_router=1.44 topk=2.28 total=21.20
[OPROJ_INNER] slicewait=1.84 mfma=4.52 bar=3.40 rmsnorm_router=1.48 topk=2.68 total=13.92
[OPROJ_INNER] slicewait=1.08 mfma=11.68 bar=9.28 rmsnorm_router=1.44 topk=1.96 total=25.44
[BAR_OBS] ep=31 xcd=2 drain=0.400 l1=0.200 wait=2.120 acq=0.080 obs=19124183837499 bar=2.800
[OPROJ_INNER] slicewait=2.32 mfma=6.56 bar=9.48 rmsnorm_router=1.68 topk=1.36 total=21.40
[BAR_REL] ep=31 xcd=5 rel=19124183837479
[OPROJ_INNER] slicewait=3.48 mfma=4.64 bar=3.44 rmsnorm_router=1.44 topk=2.16 total=15.16
[BAR_ARR] ep=31 xcd=2 l1=0.200 l2=0.680
[BAR_OBS] ep=31 xcd=3 drain=0.360 l1=0.200 wait=2.200 acq=0.080 obs=19124183837508 bar=2.840
[OPROJ_INNER] slicewait=3.92 mfma=7.48 bar=9.92 rmsnorm_router=1.44 topk=2.76 total=25.52
[BAR_OBS] ep=31 xcd=0 drain=0.400 l1=0.240 wait=8.560 acq=0.080 obs=19124183837547 bar=9.280
[BAR_ARR] ep=31 xcd=3 l1=0.200 l2=0.760
[BAR_OBS] ep=31 xcd=6 drain=0.480 l1=0.320 wait=8.600 acq=0.080 obs=19124183837492 bar=9.480
[BAR_OBS] ep=31 xcd=1 drain=0.400 l1=0.200 wait=9.240 acq=0.080 obs=19124183837574 bar=9.920
[BAR_OBS] ep=31 xcd=5 drain=0.440 l1=0.280 wait=2.600 acq=0.080 obs=19124183837563 bar=3.400
[BAR_OBS] ep=31 xcd=4 drain=0.480 l1=0.320 wait=2.600 acq=0.040 obs=19124183837544 bar=3.440
[BAR_OBS] ep=31 xcd=7 drain=0.440 l1=0.320 wait=6.680 acq=0.080 obs=19124183837545 bar=7.520
[BAR_ARR] ep=32 xcd=1 l1=0.200 l2=0.320
[OPROJ_INNER] slicewait=6.76 mfma=3.88 bar=6.20 rmsnorm_router=1.48 topk=0.44 total=18.76
[BAR_ARR] ep=32 xcd=2 l1=0.200 l2=0.400
[OPROJ_INNER] slicewait=3.72 mfma=3.88 bar=3.32 rmsnorm_router=1.44 topk=2.16 total=14.52
[BAR_ARR] ep=32 xcd=4 l1=0.320 l2=0.360
[OPROJ_INNER] slicewait=7.60 mfma=7.92 bar=8.48 rmsnorm_router=1.44 topk=0.64 total=26.08
[OPROJ_INNER] slicewait=1.56 mfma=4.40 bar=3.72 rmsnorm_router=1.44 topk=3.76 total=14.88
[OPROJ_INNER] slicewait=11.32 mfma=3.84 bar=8.40 rmsnorm_router=1.48 topk=3.68 total=28.72
[BAR_OBS] ep=32 xcd=0 drain=0.440 l1=0.200 wait=5.480 acq=0.080 obs=19124184187647 bar=6.200
[BAR_OBS] ep=32 xcd=1 drain=0.400 l1=0.200 wait=7.840 acq=0.040 obs=19124184187686 bar=8.480
[BAR_OBS] ep=32 xcd=2 drain=0.400 l1=0.200 wait=2.640 acq=0.080 obs=19124184187719 bar=3.320
[BAR_ARR] ep=32 xcd=0 l1=0.200 l2=0.400
[BAR_ARR] ep=32 xcd=6 l1=0.280 l2=0.400
[BAR_ARR] ep=32 xcd=3 l1=0.200 l2=0.400
[OPROJ_INNER] slicewait=10.08 mfma=5.92 bar=7.16 rmsnorm_router=1.44 topk=0.60 total=25.20
[OPROJ_INNER] slicewait=6.44 mfma=5.64 bar=11.56 rmsnorm_router=1.48 topk=1.80 total=26.92
[BAR_ARR] ep=32 xcd=7 l1=0.280 l2=0.360
[BAR_OBS] ep=32 xcd=4 drain=0.480 l1=0.320 wait=7.560 acq=0.040 obs=19124184187760 bar=8.400
[OPROJ_INNER] slicewait=6.24 mfma=3.96 bar=9.04 rmsnorm_router=1.64 topk=3.72 total=24.60
[BAR_OBS] ep=32 xcd=5 drain=0.440 l1=0.280 wait=2.920 acq=0.080 obs=19124184187775 bar=3.720
[BAR_OBS] ep=32 xcd=3 drain=0.360 l1=0.200 wait=6.520 acq=0.080 obs=19124184187684 bar=7.160
[BAR_ARR] ep=32 xcd=5 l1=0.280 l2=0.360
[BAR_OBS] ep=32 xcd=6 drain=0.480 l1=0.320 wait=10.680 acq=0.080 obs=19124184187696 bar=11.560
[BAR_OBS] ep=32 xcd=7 drain=0.440 l1=0.320 wait=8.240 acq=0.040 obs=19124184187745 bar=9.040
[BAR_REL] ep=32 xcd=5 rel=19124184187651
[BAR_ARR] ep=33 xcd=0 l1=0.240 l2=0.600
[BAR_ARR] ep=33 xcd=1 l1=0.200 l2=0.760
[OPROJ_INNER] slicewait=1.28 mfma=4.24 bar=2.68 rmsnorm_router=1.52 topk=0.60 total=10.32
[OPROJ_INNER] slicewait=1.92 mfma=13.00 bar=7.76 rmsnorm_router=1.40 topk=0.44 total=24.52
[OPROJ_INNER] slicewait=4.96 mfma=3.80 bar=5.12 rmsnorm_router=1.64 topk=1.16 total=16.68
[OPROJ_INNER] slicewait=3.48 mfma=9.44 bar=9.04 rmsnorm_router=1.40 topk=1.20 total=24.56
[BAR_ARR] ep=33 xcd=3 l1=0.200 l2=0.480
[BAR_OBS] ep=33 xcd=5 drain=0.480 l1=0.280 wait=1.880 acq=0.040 obs=19124184547183 bar=2.680
[OPROJ_INNER] slicewait=2.88 mfma=5.68 bar=5.04 rmsnorm_router=1.48 topk=3.36 total=18.44
[BAR_ARR] ep=33 xcd=5 l1=0.280 l2=0.480
[BAR_ARR] ep=33 xcd=4 l1=0.280 l2=0.400
[OPROJ_INNER] slicewait=3.16 mfma=3.92 bar=3.36 rmsnorm_router=1.48 topk=2.40 total=14.32
[BAR_ARR] ep=33 xcd=2 l1=0.200 l2=0.400
[OPROJ_INNER] slicewait=2.08 mfma=4.36 bar=3.16 rmsnorm_router=1.44 topk=1.60 total=12.64
[BAR_OBS] ep=33 xcd=1 drain=0.400 l1=0.200 wait=7.080 acq=0.080 obs=19124184547178 bar=7.760
[OPROJ_INNER] slicewait=1.20 mfma=14.80 bar=7.76 rmsnorm_router=1.40 topk=2.72 total=27.88
[BAR_OBS] ep=33 xcd=0 drain=0.400 l1=0.240 wait=8.360 acq=0.040 obs=19124184547219 bar=9.040
[BAR_REL] ep=33 xcd=4 rel=19124184547160
[BAR_OBS] ep=33 xcd=6 drain=0.480 l1=0.320 wait=4.200 acq=0.040 obs=19124184547264 bar=5.040
[BAR_OBS] ep=33 xcd=2 drain=0.360 l1=0.200 wait=7.120 acq=0.080 obs=19124184547255 bar=7.760
[BAR_OBS] ep=33 xcd=7 drain=0.440 l1=0.320 wait=4.280 acq=0.080 obs=19124184547185 bar=5.120
[BAR_OBS] ep=33 xcd=3 drain=0.360 l1=0.200 wait=2.520 acq=0.080 obs=19124184547224 bar=3.160
[BAR_ARR] ep=33 xcd=6 l1=0.320 l2=0.400
[BAR_ARR] ep=33 xcd=7 l1=0.320 l2=0.360
[BAR_OBS] ep=33 xcd=4 drain=0.480 l1=0.320 wait=2.520 acq=0.040 obs=19124184547240 bar=3.360
[BAR_ARR] ep=34 xcd=1 l1=0.200 l2=0.480
[BAR_ARR] ep=34 xcd=7 l1=0.280 l2=0.360
[BAR_ARR] ep=34 xcd=0 l1=0.200 l2=0.520
[OPROJ_INNER] slicewait=2.96 mfma=7.48 bar=11.28 rmsnorm_router=1.48 topk=2.24 total=25.44
[OPROJ_INNER] slicewait=3.24 mfma=6.72 bar=9.64 rmsnorm_router=1.48 topk=1.32 total=22.40
[BAR_ARR] ep=34 xcd=3 l1=0.160 l2=0.440
[OPROJ_INNER] slicewait=1.40 mfma=4.28 bar=2.76 rmsnorm_router=1.60 topk=0.96 total=11.00
[BAR_ARR] ep=34 xcd=2 l1=0.240 l2=0.320
[OPROJ_INNER] slicewait=1.84 mfma=10.96 bar=9.36 rmsnorm_router=1.44 topk=2.36 total=25.96
[BAR_ARR] ep=34 xcd=6 l1=0.320 l2=0.400
[OPROJ_INNER] slicewait=3.52 mfma=5.64 bar=10.68 rmsnorm_router=1.52 topk=0.80 total=22.16
[BAR_OBS] ep=34 xcd=0 drain=0.400 l1=0.240 wait=8.960 acq=0.040 obs=19124184890599 bar=9.640
[OPROJ_INNER] slicewait=3.64 mfma=11.52 bar=6.52 rmsnorm_router=1.44 topk=0.84 total=23.96
[BAR_OBS] ep=34 xcd=1 drain=0.400 l1=0.200 wait=10.600 acq=0.080 obs=19124184890622 bar=11.280
[BAR_OBS] ep=34 xcd=2 drain=0.400 l1=0.200 wait=8.680 acq=0.080 obs=19124184890623 bar=9.360
[BAR_OBS] ep=34 xcd=3 drain=0.360 l1=0.200 wait=5.880 acq=0.080 obs=19124184890584 bar=6.520
[BAR_ARR] ep=34 xcd=4 l1=0.320 l2=0.360
[OPROJ_INNER] slicewait=3.80 mfma=5.88 bar=10.44 rmsnorm_router=1.88 topk=1.60 total=23.60
[BAR_OBS] ep=34 xcd=5 drain=0.440 l1=0.280 wait=1.960 acq=0.080 obs=19124184890567 bar=2.760
[OPROJ_INNER] slicewait=1.40 mfma=4.20 bar=3.44 rmsnorm_router=1.40 topk=2.92 total=13.36
[BAR_ARR] ep=34 xcd=5 l1=0.280 l2=0.560
[BAR_OBS] ep=34 xcd=7 drain=0.480 l1=0.320 wait=9.840 acq=0.040 obs=19124184890577 bar=10.680
[BAR_OBS] ep=34 xcd=6 drain=0.480 l1=0.360 wait=9.560 acq=0.040 obs=19124184890556 bar=10.440
[BAR_REL] ep=34 xcd=4 rel=19124184890548
[BAR_OBS] ep=34 xcd=4 drain=0.480 l1=0.320 wait=2.560 acq=0.080 obs=19124184890632 bar=3.440
[OPROJ_INNER] slicewait=2.12 mfma=3.92 bar=2.56 rmsnorm_router=1.52 topk=0.36 total=10.48
[BAR_ARR] ep=35 xcd=2 l1=0.240 l2=0.560
[BAR_ARR] ep=35 xcd=4 l1=0.320 l2=0.360
[BAR_ARR] ep=35 xcd=1 l1=0.200 l2=0.480
[OPROJ_INNER] slicewait=6.00 mfma=11.88 bar=6.24 rmsnorm_router=1.48 topk=2.68 total=28.28
[OPROJ_INNER] slicewait=3.80 mfma=9.00 bar=10.96 rmsnorm_router=1.48 topk=2.64 total=27.88
[BAR_OBS] ep=35 xcd=3 drain=0.360 l1=0.200 wait=1.920 acq=0.080 obs=19124185259132 bar=2.560
[OPROJ_INNER] slicewait=5.16 mfma=8.72 bar=8.24 rmsnorm_router=1.48 topk=0.44 total=24.04
[BAR_ARR] ep=35 xcd=0 l1=0.240 l2=0.400
[BAR_ARR] ep=35 xcd=5 l1=0.280 l2=0.360
[BAR_ARR] ep=35 xcd=3 l1=0.200 l2=0.440
[BAR_ARR] ep=35 xcd=6 l1=0.360 l2=0.360
[OPROJ_INNER] slicewait=4.04 mfma=14.00 bar=6.12 rmsnorm_router=1.76 topk=1.48 total=27.40
[BAR_OBS] ep=35 xcd=0 drain=0.400 l1=0.280 wait=7.480 acq=0.080 obs=19124185259155 bar=8.240
[OPROJ_INNER] slicewait=2.84 mfma=4.72 bar=3.44 rmsnorm_router=1.44 topk=3.00 total=15.44
[BAR_ARR] ep=35 xcd=7 l1=0.320 l2=0.360
[OPROJ_INNER] slicewait=3.96 mfma=8.76 bar=11.28 rmsnorm_router=1.40 topk=3.76 total=29.16
[BAR_OBS] ep=35 xcd=1 drain=0.400 l1=0.240 wait=10.240 acq=0.080 obs=19124185259202 bar=10.960
[OPROJ_INNER] slicewait=3.76 mfma=11.56 bar=8.96 rmsnorm_router=1.52 topk=3.28 total=29.08
[BAR_OBS] ep=35 xcd=2 drain=0.360 l1=0.240 wait=5.600 acq=0.040 obs=19124185259199 bar=6.240
[BAR_OBS] ep=35 xcd=5 drain=0.440 l1=0.280 wait=5.320 acq=0.080 obs=19124185259131 bar=6.120
[BAR_REL] ep=35 xcd=4 rel=19124185259116
[BAR_OBS] ep=35 xcd=7 drain=0.480 l1=0.280 wait=8.160 acq=0.040 obs=19124185259213 bar=8.960
[BAR_OBS] ep=35 xcd=6 drain=0.480 l1=0.320 wait=10.400 acq=0.080 obs=19124185259224 bar=11.280
[BAR_OBS] ep=35 xcd=4 drain=0.480 l1=0.320 wait=2.560 acq=0.080 obs=19124185259196 bar=3.440
[BAR_ARR] ep=36 xcd=7 l1=0.280 l2=0.360
[OPROJ_INNER] slicewait=3.44 mfma=7.64 bar=6.64 rmsnorm_router=1.48 topk=2.36 total=21.56
[OPROJ_INNER] slicewait=1.88 mfma=3.96 bar=2.60 rmsnorm_router=1.44 topk=0.40 total=10.28
[BAR_ARR] ep=36 xcd=5 l1=0.320 l2=0.360
[OPROJ_INNER] slicewait=2.20 mfma=4.48 bar=2.92 rmsnorm_router=1.68 topk=1.64 total=12.92
[OPROJ_INNER] slicewait=3.44 mfma=11.96 bar=9.96 rmsnorm_router=1.44 topk=3.36 total=30.16
[BAR_ARR] ep=36 xcd=0 l1=0.200 l2=0.640
[BAR_OBS] ep=36 xcd=1 drain=0.640 l1=0.200 wait=5.760 acq=0.040 obs=19124185665366 bar=6.640
[OPROJ_INNER] slicewait=5.20 mfma=12.36 bar=7.36 rmsnorm_router=1.76 topk=1.44 total=28.12
[BAR_REL] ep=36 xcd=5 rel=19124185665283
[OPROJ_INNER] slicewait=3.72 mfma=9.60 bar=10.40 rmsnorm_router=1.48 topk=0.44 total=25.64
[BAR_ARR] ep=36 xcd=1 l1=0.200 l2=0.480
[BAR_OBS] ep=36 xcd=7 drain=0.480 l1=0.320 wait=9.080 acq=0.080 obs=19124185665401 bar=9.960
[BAR_ARR] ep=36 xcd=6 l1=0.280 l2=0.480
[BAR_OBS] ep=36 xcd=0 drain=0.440 l1=0.240 wait=9.640 acq=0.080 obs=19124185665295 bar=10.400
[OPROJ_INNER] slicewait=4.00 mfma=9.76 bar=8.84 rmsnorm_router=1.44 topk=0.92 total=24.96
[BAR_OBS] ep=36 xcd=2 drain=0.400 l1=0.200 wait=1.920 acq=0.080 obs=19124185665291 bar=2.600
[BAR_OBS] ep=36 xcd=5 drain=0.440 l1=0.280 wait=6.560 acq=0.080 obs=19124185665307 bar=7.360
[BAR_ARR] ep=36 xcd=2 l1=0.200 l2=0.560
[BAR_ARR] ep=36 xcd=3 l1=0.240 l2=0.640
[OPROJ_INNER] slicewait=4.92 mfma=4.32 bar=3.28 rmsnorm_router=1.44 topk=1.56 total=15.52
[BAR_OBS] ep=36 xcd=4 drain=0.480 l1=0.320 wait=2.080 acq=0.040 obs=19124185665312 bar=2.920
[BAR_OBS] ep=36 xcd=6 drain=0.520 l1=0.320 wait=7.960 acq=0.040 obs=19124185665312 bar=8.840
[BAR_OBS] ep=36 xcd=3 drain=0.360 l1=0.200 wait=2.680 acq=0.040 obs=19124185665340 bar=3.280
[BAR_ARR] ep=36 xcd=4 l1=0.320 l2=0.720
[BAR_ARR] ep=37 xcd=7 l1=0.320 l2=0.360
[BAR_ARR] ep=37 xcd=6 l1=0.320 l2=0.360
[BAR_ARR] ep=37 xcd=5 l1=0.280 l2=0.440
[OPROJ_INNER] slicewait=4.64 mfma=4.88 bar=6.92 rmsnorm_router=1.44 topk=2.72 total=20.60
[OPROJ_INNER] slicewait=7.36 mfma=6.20 bar=5.64 rmsnorm_router=1.52 topk=3.28 total=24.00
[BAR_ARR] ep=37 xcd=0 l1=0.200 l2=0.360
[OPROJ_INNER] slicewait=4.44 mfma=4.56 bar=9.00 rmsnorm_router=1.44 topk=2.04 total=21.48
[OPROJ_INNER] slicewait=4.16 mfma=5.24 bar=7.04 rmsnorm_router=1.44 topk=0.44 total=18.32
[BAR_ARR] ep=37 xcd=2 l1=0.200 l2=0.400
[BAR_ARR] ep=37 xcd=3 l1=0.200 l2=0.360
[BAR_ARR] ep=37 xcd=1 l1=0.200 l2=0.320
[BAR_OBS] ep=37 xcd=6 drain=0.480 l1=0.320 wait=6.040 acq=0.080 obs=19124186015048 bar=6.920
[OPROJ_INNER] slicewait=1.68 mfma=4.40 bar=3.68 rmsnorm_router=1.44 topk=3.72 total=14.92
[OPROJ_INNER] slicewait=4.04 mfma=4.68 bar=11.96 rmsnorm_router=1.44 topk=0.44 total=22.56
[OPROJ_INNER] slicewait=3.44 mfma=3.92 bar=2.96 rmsnorm_router=1.60 topk=0.40 total=12.32
[BAR_OBS] ep=37 xcd=1 drain=0.400 l1=0.200 wait=11.280 acq=0.080 obs=19124186015006 bar=11.960
[BAR_OBS] ep=37 xcd=0 drain=0.400 l1=0.240 wait=6.320 acq=0.080 obs=19124186014991 bar=7.040
[BAR_OBS] ep=37 xcd=5 drain=0.440 l1=0.280 wait=4.880 acq=0.040 obs=19124186015075 bar=5.640
[OPROJ_INNER] slicewait=5.64 mfma=6.20 bar=5.00 rmsnorm_router=1.40 topk=1.60 total=19.84
[BAR_OBS] ep=37 xcd=3 drain=0.360 l1=0.200 wait=2.320 acq=0.080 obs=19124186014960 bar=2.960
[BAR_OBS] ep=37 xcd=7 drain=0.480 l1=0.320 wait=8.120 acq=0.080 obs=19124186015033 bar=9.000
[BAR_OBS] ep=37 xcd=4 drain=0.480 l1=0.320 wait=2.800 acq=0.080 obs=19124186015080 bar=3.680
[BAR_OBS] ep=37 xcd=2 drain=0.360 l1=0.240 wait=4.320 acq=0.080 obs=19124186015027 bar=5.000
[BAR_ARR] ep=37 xcd=4 l1=0.320 l2=0.440
[BAR_REL] ep=37 xcd=4 rel=19124186014964
[BAR_ARR] ep=38 xcd=6 l1=0.360 l2=0.360
[OPROJ_INNER] slicewait=5.36 mfma=3.92 bar=3.88 rmsnorm_router=1.44 topk=0.48 total=15.08
[OPROJ_INNER] slicewait=4.12 mfma=4.68 bar=5.20 rmsnorm_router=1.48 topk=3.36 total=18.84
[BAR_ARR] ep=38 xcd=3 l1=0.200 l2=0.360
[BAR_OBS] ep=38 xcd=0 drain=0.400 l1=0.240 wait=3.160 acq=0.080 obs=19124186380299 bar=3.880
[BAR_ARR] ep=38 xcd=2 l1=0.200 l2=0.520
[OPROJ_INNER] slicewait=10.12 mfma=3.36 bar=7.76 rmsnorm_router=1.44 topk=2.28 total=24.96
[OPROJ_INNER] slicewait=1.76 mfma=3.84 bar=3.76 rmsnorm_router=1.40 topk=3.84 total=14.60
[OPROJ_INNER] slicewait=11.24 mfma=2.40 bar=7.16 rmsnorm_router=1.44 topk=1.88 total=24.12
[OPROJ_INNER] slicewait=7.68 mfma=2.36 bar=10.68 rmsnorm_router=1.44 topk=3.68 total=25.84
[BAR_ARR] ep=38 xcd=5 l1=0.280 l2=0.360
[BAR_ARR] ep=38 xcd=7 l1=0.320 l2=0.400
[BAR_OBS] ep=38 xcd=1 drain=0.520 l1=0.200 wait=4.440 acq=0.040 obs=19124186380394 bar=5.200
[OPROJ_INNER] slicewait=2.36 mfma=3.92 bar=3.48 rmsnorm_router=1.44 topk=2.96 total=14.16
[BAR_ARR] ep=38 xcd=0 l1=0.240 l2=0.480
[OPROJ_INNER] slicewait=8.00 mfma=2.48 bar=10.00 rmsnorm_router=1.44 topk=2.04 total=23.96
[BAR_ARR] ep=38 xcd=1 l1=0.200 l2=0.520
[BAR_OBS] ep=38 xcd=2 drain=0.360 l1=0.240 wait=6.520 acq=0.040 obs=19124186380351 bar=7.160
[BAR_OBS] ep=38 xcd=3 drain=0.400 l1=0.200 wait=7.080 acq=0.080 obs=19124186380368 bar=7.760
[BAR_OBS] ep=38 xcd=7 drain=0.480 l1=0.280 wait=9.160 acq=0.080 obs=19124186380345 bar=10.000
[BAR_OBS] ep=38 xcd=4 drain=0.480 l1=0.320 wait=2.880 acq=0.080 obs=19124186380408 bar=3.760
[BAR_OBS] ep=38 xcd=5 drain=0.440 l1=0.280 wait=2.680 acq=0.080 obs=19124186380375 bar=3.480
[BAR_OBS] ep=38 xcd=6 drain=0.480 l1=0.360 wait=9.760 acq=0.080 obs=19124186380388 bar=10.680
[BAR_ARR] ep=38 xcd=4 l1=0.320 l2=0.400
[BAR_REL] ep=38 xcd=4 rel=19124186380284
[BAR_ARR] ep=39 xcd=2 l1=0.240 l2=0.400
[BAR_ARR] ep=39 xcd=7 l1=0.280 l2=0.400
[OPROJ_INNER] slicewait=6.88 mfma=11.80 bar=5.88 rmsnorm_router=1.44 topk=1.76 total=27.76
[OPROJ_INNER] slicewait=1.48 mfma=4.28 bar=2.76 rmsnorm_router=1.52 topk=0.88 total=10.92
[OPROJ_INNER] slicewait=6.20 mfma=11.60 bar=7.48 rmsnorm_router=1.48 topk=0.44 total=27.20
[BAR_ARR] ep=39 xcd=3 l1=0.200 l2=0.320
[OPROJ_INNER] slicewait=4.36 mfma=4.76 bar=3.20 rmsnorm_router=1.48 topk=0.40 total=14.20
[BAR_OBS] ep=39 xcd=1 drain=0.360 l1=0.200 wait=6.840 acq=0.080 obs=19124186722430 bar=7.480
[BAR_ARR] ep=39 xcd=6 l1=0.320 l2=0.360
[OPROJ_INNER] slicewait=4.48 mfma=6.68 bar=9.96 rmsnorm_router=1.44 topk=1.84 total=24.40
[OPROJ_INNER] slicewait=6.24 mfma=8.80 bar=10.24 rmsnorm_router=1.48 topk=3.08 total=29.84
[BAR_OBS] ep=39 xcd=2 drain=0.360 l1=0.200 wait=5.240 acq=0.080 obs=19124186722495 bar=5.880
[BAR_ARR] ep=39 xcd=1 l1=0.200 l2=0.400
[BAR_ARR] ep=39 xcd=0 l1=0.240 l2=0.360
[BAR_OBS] ep=39 xcd=5 drain=0.400 l1=0.280 wait=2.000 acq=0.080 obs=19124186722459 bar=2.760
[OPROJ_INNER] slicewait=4.00 mfma=7.48 bar=9.16 rmsnorm_router=1.44 topk=1.80 total=23.88
[BAR_OBS] ep=39 xcd=3 drain=0.400 l1=0.160 wait=2.600 acq=0.040 obs=19124186722464 bar=3.200
[BAR_OBS] ep=39 xcd=7 drain=0.440 l1=0.320 wait=9.440 acq=0.040 obs=19124186722533 bar=10.240
[OPROJ_INNER] slicewait=2.04 mfma=3.84 bar=3.80 rmsnorm_router=1.40 topk=9.72 total=20.80
[BAR_OBS] ep=39 xcd=0 drain=0.400 l1=0.240 wait=8.440 acq=0.080 obs=19124186722499 bar=9.160
[BAR_ARR] ep=39 xcd=5 l1=0.280 l2=0.560
[BAR_OBS] ep=39 xcd=6 drain=0.520 l1=0.320 wait=9.040 acq=0.080 obs=19124186722488 bar=9.960
[BAR_OBS] ep=39 xcd=4 drain=0.440 l1=0.320 wait=2.960 acq=0.080 obs=19124186722560 bar=3.800
[BAR_ARR] ep=39 xcd=4 l1=0.320 l2=0.400
[BAR_REL] ep=39 xcd=4 rel=19124186722432
[BAR_ARR] ep=40 xcd=2 l1=0.240 l2=0.280
[BAR_ARR] ep=40 xcd=1 l1=0.200 l2=0.600
[OPROJ_INNER] slicewait=3.48 mfma=12.04 bar=10.04 rmsnorm_router=1.44 topk=3.24 total=30.24
[BAR_ARR] ep=40 xcd=7 l1=0.280 l2=0.360
[BAR_ARR] ep=40 xcd=0 l1=0.240 l2=0.280
[OPROJ_INNER] slicewait=9.68 mfma=9.28 bar=6.16 rmsnorm_router=1.64 topk=0.40 total=27.16
[OPROJ_INNER] slicewait=3.20 mfma=11.52 bar=9.88 rmsnorm_router=1.48 topk=1.68 total=27.76
[BAR_OBS] ep=40 xcd=1 drain=0.360 l1=0.240 wait=9.360 acq=0.080 obs=19124187074530 bar=10.040
[OPROJ_INNER] slicewait=4.20 mfma=6.88 bar=6.40 rmsnorm_router=1.44 topk=3.44 total=22.36
[BAR_ARR] ep=40 xcd=5 l1=0.280 l2=0.360
[BAR_OBS] ep=40 xcd=0 drain=0.400 l1=0.240 wait=9.160 acq=0.080 obs=19124187074479 bar=9.880
[BAR_ARR] ep=40 xcd=3 l1=0.240 l2=0.280
[OPROJ_INNER] slicewait=13.40 mfma=7.36 bar=5.12 rmsnorm_router=1.44 topk=2.56 total=29.88
[BAR_OBS] ep=40 xcd=2 drain=0.360 l1=0.200 wait=5.560 acq=0.040 obs=19124187074415 bar=6.160
[OPROJ_INNER] slicewait=3.60 mfma=11.80 bar=9.04 rmsnorm_router=1.48 topk=1.04 total=26.96
[OPROJ_INNER] slicewait=5.76 mfma=13.28 bar=6.64 rmsnorm_router=1.64 topk=1.28 total=28.60
[OPROJ_INNER] slicewait=1.44 mfma=4.24 bar=3.80 rmsnorm_router=1.44 topk=3.60 total=14.52
[BAR_OBS] ep=40 xcd=3 drain=0.400 l1=0.200 wait=4.440 acq=0.080 obs=19124187074508 bar=5.120
[BAR_OBS] ep=40 xcd=5 drain=0.400 l1=0.320 wait=5.840 acq=0.080 obs=19124187074447 bar=6.640
[BAR_OBS] ep=40 xcd=7 drain=0.440 l1=0.320 wait=8.200 acq=0.080 obs=19124187074461 bar=9.040
[BAR_OBS] ep=40 xcd=4 drain=0.480 l1=0.320 wait=2.920 acq=0.080 obs=19124187074548 bar=3.800
[BAR_OBS] ep=40 xcd=6 drain=0.480 l1=0.320 wait=5.520 acq=0.080 obs=19124187074520 bar=6.400
[BAR_ARR] ep=40 xcd=4 l1=0.320 l2=0.360
[BAR_ARR] ep=40 xcd=6 l1=0.320 l2=0.440
[BAR_REL] ep=40 xcd=4 rel=19124187074424
[BAR_ARR] ep=41 xcd=1 l1=0.200 l2=0.360
[OPROJ_INNER] slicewait=4.72 mfma=9.60 bar=9.08 rmsnorm_router=1.48 topk=0.92 total=25.80
[OPROJ_INNER] slicewait=1.84 mfma=3.80 bar=3.92 rmsnorm_router=1.44 topk=3.68 total=14.68
[BAR_ARR] ep=41 xcd=2 l1=0.240 l2=0.400
[OPROJ_INNER] slicewait=2.28 mfma=3.84 bar=3.84 rmsnorm_router=1.44 topk=3.56 total=14.96
[OPROJ_INNER] slicewait=9.60 mfma=12.32 bar=6.08 rmsnorm_router=1.40 topk=0.60 total=30.00
[OPROJ_INNER] slicewait=3.32 mfma=7.68 bar=7.48 rmsnorm_router=1.52 topk=1.12 total=21.12
[OPROJ_INNER] slicewait=8.12 mfma=13.84 bar=7.80 rmsnorm_router=1.44 topk=3.20 total=34.40
[BAR_ARR] ep=41 xcd=3 l1=0.160 l2=0.280
[BAR_ARR] ep=41 xcd=0 l1=0.240 l2=0.280
[BAR_OBS] ep=41 xcd=2 drain=0.400 l1=0.200 wait=5.400 acq=0.080 obs=19124187406063 bar=6.080
[OPROJ_INNER] slicewait=4.96 mfma=8.84 bar=10.80 rmsnorm_router=1.48 topk=2.36 total=28.44
[BAR_OBS] ep=41 xcd=4 drain=0.520 l1=0.320 wait=3.000 acq=0.080 obs=19124187406160 bar=3.920
[BAR_OBS] ep=41 xcd=1 drain=0.400 l1=0.200 wait=8.400 acq=0.080 obs=19124187406074 bar=9.080
[BAR_OBS] ep=41 xcd=5 drain=0.480 l1=0.240 wait=3.040 acq=0.080 obs=19124187406155 bar=3.840
[BAR_ARR] ep=41 xcd=4 l1=0.320 l2=0.480
[OPROJ_INNER] slicewait=4.00 mfma=7.40 bar=10.68 rmsnorm_router=1.40 topk=2.60 total=26.08
[BAR_ARR] ep=41 xcd=7 l1=0.280 l2=0.360
[BAR_OBS] ep=41 xcd=3 drain=0.400 l1=0.200 wait=7.120 acq=0.080 obs=19124187406144 bar=7.800
[BAR_OBS] ep=41 xcd=6 drain=0.480 l1=0.320 wait=6.600 acq=0.080 obs=19124187406060 bar=7.480
[BAR_OBS] ep=41 xcd=0 drain=0.440 l1=0.200 wait=10.120 acq=0.040 obs=19124187406119 bar=10.800
[BAR_REL] ep=41 xcd=4 rel=19124187406040
[BAR_OBS] ep=41 xcd=7 drain=0.440 l1=0.320 wait=9.840 acq=0.080 obs=19124187406113 bar=10.680
[BAR_ARR] ep=41 xcd=6 l1=0.320 l2=0.360
[BAR_ARR] ep=41 xcd=5 l1=0.240 l2=0.360
[BAR_ARR] ep=42 xcd=5 l1=0.280 l2=0.360
[OPROJ_INNER] slicewait=4.00 mfma=6.84 bar=5.16 rmsnorm_router=1.60 topk=0.48 total=18.08
[BAR_ARR] ep=42 xcd=7 l1=0.280 l2=0.520
[OPROJ_INNER] slicewait=7.36 mfma=6.76 bar=9.64 rmsnorm_router=1.44 topk=1.28 total=26.48
[BAR_ARR] ep=42 xcd=6 l1=0.360 l2=0.360
[BAR_OBS] ep=42 xcd=0 drain=0.400 l1=0.240 wait=4.440 acq=0.080 obs=19124187764403 bar=5.160
[BAR_ARR] ep=42 xcd=3 l1=0.200 l2=0.560
[OPROJ_INNER] slicewait=1.68 mfma=4.16 bar=2.80 rmsnorm_router=1.44 topk=0.40 total=10.48
[BAR_ARR] ep=42 xcd=1 l1=0.200 l2=0.520
[BAR_ARR] ep=42 xcd=0 l1=0.240 l2=0.440
[OPROJ_INNER] slicewait=8.52 mfma=5.92 bar=10.08 rmsnorm_router=1.60 topk=0.44 total=26.56
[OPROJ_INNER] slicewait=2.52 mfma=4.52 bar=3.36 rmsnorm_router=1.44 topk=2.04 total=13.88
[BAR_OBS] ep=42 xcd=2 drain=0.360 l1=0.200 wait=2.160 acq=0.080 obs=19124187764431 bar=2.800
[BAR_OBS] ep=42 xcd=1 drain=0.400 l1=0.240 wait=9.360 acq=0.080 obs=19124187764410 bar=10.080
[OPROJ_INNER] slicewait=3.08 mfma=3.84 bar=3.56 rmsnorm_router=1.48 topk=3.60 total=15.56
[BAR_ARR] ep=42 xcd=4 l1=0.320 l2=0.360
[OPROJ_INNER] slicewait=2.04 mfma=4.24 bar=3.48 rmsnorm_router=1.48 topk=3.20 total=14.44
[OPROJ_INNER] slicewait=6.16 mfma=9.20 bar=9.36 rmsnorm_router=1.40 topk=2.12 total=28.24
[BAR_ARR] ep=42 xcd=2 l1=0.200 l2=0.720
[BAR_OBS] ep=42 xcd=3 drain=0.360 l1=0.200 wait=2.720 acq=0.080 obs=19124187764472 bar=3.360
[BAR_OBS] ep=42 xcd=7 drain=0.520 l1=0.320 wait=8.720 acq=0.080 obs=19124187764441 bar=9.640
[BAR_REL] ep=42 xcd=4 rel=19124187764396
[BAR_OBS] ep=42 xcd=5 drain=0.480 l1=0.280 wait=2.640 acq=0.080 obs=19124187764499 bar=3.480
[BAR_OBS] ep=42 xcd=6 drain=0.480 l1=0.360 wait=8.440 acq=0.080 obs=19124187764464 bar=9.360
[BAR_OBS] ep=42 xcd=4 drain=0.480 l1=0.320 wait=2.680 acq=0.080 obs=19124187764508 bar=3.560
[BAR_ARR] ep=43 xcd=0 l1=0.240 l2=0.400
[BAR_ARR] ep=43 xcd=6 l1=0.320 l2=0.440
[OPROJ_INNER] slicewait=3.52 mfma=5.60 bar=7.92 rmsnorm_router=1.48 topk=3.56 total=22.08
[OPROJ_INNER] slicewait=3.80 mfma=7.24 bar=7.92 rmsnorm_router=1.52 topk=0.44 total=20.92
[BAR_ARR] ep=43 xcd=1 l1=0.200 l2=0.440
[BAR_ARR] ep=43 xcd=3 l1=0.200 l2=0.560
[OPROJ_INNER] slicewait=2.40 mfma=4.64 bar=2.68 rmsnorm_router=1.80 topk=1.92 total=13.44
[OPROJ_INNER] slicewait=3.84 mfma=5.84 bar=4.64 rmsnorm_router=1.64 topk=0.40 total=16.36
[OPROJ_INNER] slicewait=2.92 mfma=3.92 bar=3.64 rmsnorm_router=1.44 topk=2.68 total=14.60
[BAR_ARR] ep=43 xcd=5 l1=0.320 l2=0.320
[BAR_ARR] ep=43 xcd=7 l1=0.320 l2=0.320
[BAR_OBS] ep=43 xcd=0 drain=0.400 l1=0.240 wait=7.240 acq=0.040 obs=19124188121123 bar=7.920
[OPROJ_INNER] slicewait=3.56 mfma=6.04 bar=6.80 rmsnorm_router=1.64 topk=1.28 total=19.32
[BAR_OBS] ep=43 xcd=6 drain=0.480 l1=0.320 wait=7.080 acq=0.040 obs=19124188121220 bar=7.920
[OPROJ_INNER] slicewait=10.28 mfma=5.20 bar=7.04 rmsnorm_router=1.44 topk=2.92 total=26.88
[BAR_OBS] ep=43 xcd=2 drain=0.400 l1=0.200 wait=2.960 acq=0.080 obs=19124188121203 bar=3.640
[OPROJ_INNER] slicewait=7.64 mfma=7.84 bar=5.56 rmsnorm_router=1.48 topk=1.12 total=23.64
[BAR_REL] ep=43 xcd=5 rel=19124188121119
[BAR_ARR] ep=43 xcd=2 l1=0.200 l2=0.320
[BAR_OBS] ep=43 xcd=1 drain=0.480 l1=0.240 wait=3.840 acq=0.080 obs=19124188121106 bar=4.640
[BAR_OBS] ep=43 xcd=3 drain=0.400 l1=0.200 wait=6.360 acq=0.080 obs=19124188121208 bar=7.040
[BAR_OBS] ep=43 xcd=7 drain=0.440 l1=0.320 wait=5.960 acq=0.080 obs=19124188121133 bar=6.800
[BAR_OBS] ep=43 xcd=5 drain=0.440 l1=0.280 wait=4.760 acq=0.080 obs=19124188121155 bar=5.560
[BAR_OBS] ep=43 xcd=4 drain=0.480 l1=0.320 wait=1.800 acq=0.080 obs=19124188121132 bar=2.680
[BAR_ARR] ep=43 xcd=4 l1=0.320 l2=0.360
[BAR_ARR] ep=44 xcd=1 l1=0.240 l2=0.440
[OPROJ_INNER] slicewait=4.32 mfma=9.84 bar=10.32 rmsnorm_router=1.44 topk=0.64 total=26.56
[BAR_ARR] ep=44 xcd=7 l1=0.280 l2=0.440
[BAR_ARR] ep=44 xcd=4 l1=0.320 l2=0.400
[OPROJ_INNER] slicewait=4.56 mfma=5.00 bar=3.72 rmsnorm_router=1.44 topk=3.16 total=17.88
[BAR_ARR] ep=44 xcd=6 l1=0.360 l2=0.600
[OPROJ_INNER] slicewait=4.68 mfma=10.12 bar=9.00 rmsnorm_router=1.52 topk=3.60 total=28.92
[BAR_OBS] ep=44 xcd=1 drain=0.360 l1=0.240 wait=9.640 acq=0.080 obs=19124188470222 bar=10.320
[BAR_REL] ep=44 xcd=4 rel=19124188470184
[OPROJ_INNER] slicewait=4.32 mfma=8.72 bar=11.44 rmsnorm_router=1.48 topk=3.16 total=29.12
[OPROJ_INNER] slicewait=1.92 mfma=3.92 bar=2.84 rmsnorm_router=1.44 topk=0.76 total=10.88
[BAR_OBS] ep=44 xcd=2 drain=0.360 l1=0.200 wait=3.080 acq=0.080 obs=19124188470283 bar=3.720
[OPROJ_INNER] slicewait=2.96 mfma=4.80 bar=3.40 rmsnorm_router=1.44 topk=2.76 total=15.36
[OPROJ_INNER] slicewait=2.76 mfma=3.80 bar=2.72 rmsnorm_router=1.60 topk=0.72 total=11.60
[BAR_ARR] ep=44 xcd=2 l1=0.200 l2=0.440
[BAR_OBS] ep=44 xcd=3 drain=0.360 l1=0.200 wait=2.200 acq=0.080 obs=19124188470224 bar=2.840
[BAR_ARR] ep=44 xcd=0 l1=0.240 l2=0.440
[BAR_OBS] ep=44 xcd=7 drain=0.440 l1=0.320 wait=10.600 acq=0.080 obs=19124188470273 bar=11.440
[OPROJ_INNER] slicewait=4.76 mfma=10.24 bar=8.52 rmsnorm_router=1.48 topk=1.92 total=26.92
[BAR_ARR] ep=44 xcd=3 l1=0.200 l2=0.760
[BAR_OBS] ep=44 xcd=5 drain=0.440 l1=0.280 wait=1.960 acq=0.040 obs=19124188470203 bar=2.720
[BAR_OBS] ep=44 xcd=0 drain=0.400 l1=0.240 wait=7.800 acq=0.080 obs=19124188470247 bar=8.520
[BAR_OBS] ep=44 xcd=6 drain=0.480 l1=0.320 wait=8.160 acq=0.040 obs=19124188470288 bar=9.000
[BAR_ARR] ep=44 xcd=5 l1=0.280 l2=0.560
[BAR_OBS] ep=44 xcd=4 drain=0.480 l1=0.320 wait=2.560 acq=0.040 obs=19124188470268 bar=3.400
[BAR_ARR] ep=45 xcd=7 l1=0.280 l2=0.360
[BAR_ARR] ep=45 xcd=0 l1=0.240 l2=0.560
[BAR_ARR] ep=45 xcd=1 l1=0.200 l2=0.480
[OPROJ_INNER] slicewait=3.68 mfma=9.28 bar=8.92 rmsnorm_router=1.44 topk=1.92 total=25.24
[OPROJ_INNER] slicewait=3.56 mfma=9.96 bar=8.00 rmsnorm_router=1.44 topk=2.80 total=25.76
[OPROJ_INNER] slicewait=2.32 mfma=12.84 bar=8.40 rmsnorm_router=1.48 topk=2.72 total=27.76
[BAR_ARR] ep=45 xcd=5 l1=0.320 l2=0.400
[OPROJ_INNER] slicewait=2.40 mfma=3.72 bar=3.68 rmsnorm_router=1.44 topk=3.72 total=14.96
[BAR_ARR] ep=45 xcd=3 l1=0.200 l2=0.280
[OPROJ_INNER] slicewait=7.00 mfma=8.16 bar=7.36 rmsnorm_router=1.44 topk=1.28 total=25.24
[BAR_OBS] ep=45 xcd=1 drain=0.400 l1=0.200 wait=8.240 acq=0.080 obs=19124188802618 bar=8.920
[OPROJ_INNER] slicewait=5.88 mfma=9.92 bar=7.04 rmsnorm_router=1.44 topk=1.24 total=25.52
[BAR_ARR] ep=45 xcd=6 l1=0.320 l2=0.440
[BAR_OBS] ep=45 xcd=0 drain=0.400 l1=0.240 wait=7.720 acq=0.040 obs=19124188802639 bar=8.400
[OPROJ_INNER] slicewait=3.16 mfma=6.40 bar=11.20 rmsnorm_router=1.44 topk=3.12 total=25.32
[BAR_OBS] ep=45 xcd=4 drain=0.520 l1=0.280 wait=2.800 acq=0.080 obs=19124188802664 bar=3.680
[BAR_ARR] ep=45 xcd=2 l1=0.200 l2=0.280
[OPROJ_INNER] slicewait=7.28 mfma=7.04 bar=4.12 rmsnorm_router=1.48 topk=0.40 total=20.32
[BAR_OBS] ep=45 xcd=3 drain=0.360 l1=0.200 wait=6.440 acq=0.040 obs=19124188802596 bar=7.040
[BAR_OBS] ep=45 xcd=7 drain=0.440 l1=0.320 wait=7.160 acq=0.080 obs=19124188802629 bar=8.000
[BAR_OBS] ep=45 xcd=5 drain=0.440 l1=0.280 wait=6.600 acq=0.040 obs=19124188802591 bar=7.360
[BAR_OBS] ep=45 xcd=2 drain=0.360 l1=0.240 wait=3.440 acq=0.080 obs=19124188802555 bar=4.120
[BAR_OBS] ep=45 xcd=6 drain=0.480 l1=0.320 wait=10.320 acq=0.080 obs=19124188802636 bar=11.200
[BAR_ARR] ep=45 xcd=4 l1=0.280 l2=0.360
[BAR_REL] ep=45 xcd=4 rel=19124188802548
[BAR_ARR] ep=46 xcd=3 l1=0.200 l2=0.320
[BAR_ARR] ep=46 xcd=6 l1=0.320 l2=0.440
[BAR_ARR] ep=46 xcd=1 l1=0.200 l2=0.280
[OPROJ_INNER] slicewait=0.84 mfma=14.24 bar=9.28 rmsnorm_router=1.52 topk=1.16 total=27.04
[BAR_ARR] ep=46 xcd=5 l1=0.280 l2=0.360
[OPROJ_INNER] slicewait=1.56 mfma=4.08 bar=3.28 rmsnorm_router=1.44 topk=1.36 total=11.72
[BAR_ARR] ep=46 xcd=2 l1=0.200 l2=0.360
[BAR_ARR] ep=46 xcd=7 l1=0.280 l2=0.360
[OPROJ_INNER] slicewait=4.40 mfma=8.88 bar=9.24 rmsnorm_router=1.68 topk=0.96 total=25.16
[BAR_OBS] ep=46 xcd=1 drain=0.360 l1=0.240 wait=8.640 acq=0.040 obs=19124189187602 bar=9.280
[OPROJ_INNER] slicewait=3.96 mfma=12.04 bar=8.20 rmsnorm_router=1.44 topk=3.80 total=29.44
[BAR_OBS] ep=46 xcd=3 drain=0.360 l1=0.200 wait=2.640 acq=0.080 obs=19124189187600 bar=3.280
[OPROJ_INNER] slicewait=7.80 mfma=8.56 bar=6.96 rmsnorm_router=1.44 topk=1.48 total=26.24
[OPROJ_INNER] slicewait=4.12 mfma=12.60 bar=7.16 rmsnorm_router=1.44 topk=1.68 total=27.00
[OPROJ_INNER] slicewait=1.28 mfma=3.84 bar=3.72 rmsnorm_router=1.44 topk=3.80 total=14.08
[BAR_ARR] ep=46 xcd=0 l1=0.240 l2=0.400
[BAR_OBS] ep=46 xcd=2 drain=0.360 l1=0.240 wait=6.480 acq=0.080 obs=19124189187607 bar=7.160
[OPROJ_INNER] slicewait=0.60 mfma=14.48 bar=10.16 rmsnorm_router=1.48 topk=2.88 total=29.60
[BAR_OBS] ep=46 xcd=6 drain=0.480 l1=0.360 wait=8.360 acq=0.040 obs=19124189187556 bar=9.240
[BAR_OBS] ep=46 xcd=0 drain=0.400 l1=0.240 wait=9.480 acq=0.040 obs=19124189187651 bar=10.160
[BAR_OBS] ep=46 xcd=7 drain=0.440 l1=0.320 wait=7.360 acq=0.080 obs=19124189187661 bar=8.200
[BAR_OBS] ep=46 xcd=5 drain=0.440 l1=0.280 wait=6.160 acq=0.080 obs=19124189187595 bar=6.960
[BAR_OBS] ep=46 xcd=4 drain=0.520 l1=0.320 wait=2.800 acq=0.080 obs=19124189187672 bar=3.720
[BAR_ARR] ep=46 xcd=4 l1=0.320 l2=0.360
[BAR_REL] ep=46 xcd=4 rel=19124189187548
[BAR_ARR] ep=47 xcd=5 l1=0.280 l2=0.360
[BAR_ARR] ep=47 xcd=7 l1=0.320 l2=0.320
[OPROJ_INNER] slicewait=4.80 mfma=3.88 bar=5.28 rmsnorm_router=1.48 topk=2.48 total=17.92
[OPROJ_INNER] slicewait=5.20 mfma=9.28 bar=6.40 rmsnorm_router=1.48 topk=1.08 total=23.44
[OPROJ_INNER] slicewait=4.08 mfma=4.44 bar=9.52 rmsnorm_router=1.44 topk=1.44 total=20.92
[BAR_ARR] ep=47 xcd=0 l1=0.240 l2=0.400
[OPROJ_INNER] slicewait=2.80 mfma=7.08 bar=10.92 rmsnorm_router=1.52 topk=1.16 total=23.48
[BAR_ARR] ep=47 xcd=2 l1=0.200 l2=0.400
[BAR_ARR] ep=47 xcd=1 l1=0.200 l2=0.520
[OPROJ_INNER] slicewait=4.88 mfma=8.76 bar=7.24 rmsnorm_router=1.40 topk=0.84 total=23.12
[BAR_OBS] ep=47 xcd=6 drain=0.480 l1=0.360 wait=4.360 acq=0.080 obs=19124189543952 bar=5.280
[OPROJ_INNER] slicewait=3.48 mfma=6.80 bar=9.44 rmsnorm_router=1.48 topk=0.44 total=21.64
[OPROJ_INNER] slicewait=2.08 mfma=3.92 bar=3.84 rmsnorm_router=1.44 topk=9.48 total=20.76
[BAR_OBS] ep=47 xcd=5 drain=0.400 l1=0.280 wait=5.640 acq=0.080 obs=19124189543911 bar=6.400
[BAR_OBS] ep=47 xcd=0 drain=0.400 l1=0.240 wait=10.200 acq=0.080 obs=19124189543923 bar=10.920
[BAR_ARR] ep=47 xcd=6 l1=0.360 l2=0.480
[BAR_OBS] ep=47 xcd=2 drain=0.400 l1=0.200 wait=6.560 acq=0.080 obs=19124189543919 bar=7.240
[BAR_OBS] ep=47 xcd=7 drain=0.440 l1=0.320 wait=8.680 acq=0.080 obs=19124189543921 bar=9.520
[BAR_ARR] ep=47 xcd=3 l1=0.200 l2=0.280
[OPROJ_INNER] slicewait=0.64 mfma=14.44 bar=6.84 rmsnorm_router=1.44 topk=0.40 total=23.76
[BAR_OBS] ep=47 xcd=1 drain=0.400 l1=0.200 wait=8.760 acq=0.080 obs=19124189543878 bar=9.440
[BAR_OBS] ep=47 xcd=4 drain=0.480 l1=0.320 wait=2.960 acq=0.080 obs=19124189544008 bar=3.840
[BAR_OBS] ep=47 xcd=3 drain=0.400 l1=0.200 wait=6.160 acq=0.080 obs=19124189543908 bar=6.840
[BAR_ARR] ep=47 xcd=4 l1=0.320 l2=0.440
[BAR_REL] ep=47 xcd=4 rel=19124189543884
[BAR_ARR] ep=48 xcd=3 l1=0.200 l2=0.320
[OPROJ_INNER] slicewait=9.68 mfma=3.88 bar=4.16 rmsnorm_router=1.60 topk=0.40 total=19.72
[OPROJ_INNER] slicewait=3.68 mfma=14.16 bar=7.64 rmsnorm_router=1.44 topk=0.92 total=27.84
[OPROJ_INNER] slicewait=2.28 mfma=3.88 bar=3.72 rmsnorm_router=1.44 topk=3.68 total=15.00
[BAR_ARR] ep=48 xcd=5 l1=0.280 l2=0.360
[OPROJ_INNER] slicewait=5.28 mfma=13.48 bar=6.64 rmsnorm_router=1.48 topk=0.36 total=27.24
[OPROJ_INNER] slicewait=3.60 mfma=7.12 bar=7.72 rmsnorm_router=1.40 topk=1.24 total=21.08
[BAR_ARR] ep=48 xcd=2 l1=0.200 l2=0.360
[BAR_ARR] ep=48 xcd=0 l1=0.200 l2=0.440
[OPROJ_INNER] slicewait=1.08 mfma=17.28 bar=8.08 rmsnorm_router=1.48 topk=0.44 total=28.36
[OPROJ_INNER] slicewait=2.48 mfma=4.40 bar=3.44 rmsnorm_router=1.44 topk=2.16 total=13.92
[BAR_OBS] ep=48 xcd=3 drain=0.400 l1=0.160 wait=6.000 acq=0.080 obs=19124189916368 bar=6.640
[BAR_OBS] ep=48 xcd=2 drain=0.400 l1=0.240 wait=3.440 acq=0.080 obs=19124189916351 bar=4.160
[OPROJ_INNER] slicewait=1.64 mfma=15.20 bar=9.56 rmsnorm_router=1.48 topk=0.52 total=28.40
[BAR_ARR] ep=48 xcd=1 l1=0.200 l2=0.440
[BAR_OBS] ep=48 xcd=0 drain=0.360 l1=0.240 wait=7.400 acq=0.080 obs=19124189916395 bar=8.080
[BAR_OBS] ep=48 xcd=7 drain=0.440 l1=0.320 wait=6.880 acq=0.080 obs=19124189916405 bar=7.720
[BAR_OBS] ep=48 xcd=4 drain=0.520 l1=0.320 wait=2.840 acq=0.040 obs=19124189916484 bar=3.720
[BAR_OBS] ep=48 xcd=1 drain=0.400 l1=0.200 wait=8.920 acq=0.040 obs=19124189916402 bar=9.560
[BAR_ARR] ep=48 xcd=7 l1=0.320 l2=0.520
[BAR_ARR] ep=48 xcd=4 l1=0.320 l2=0.320
[BAR_OBS] ep=48 xcd=6 drain=0.520 l1=0.320 wait=6.720 acq=0.080 obs=19124189916392 bar=7.640
[BAR_OBS] ep=48 xcd=5 drain=0.400 l1=0.320 wait=2.640 acq=0.080 obs=19124189916431 bar=3.440
[BAR_REL] ep=48 xcd=4 rel=19124189916360
[BAR_ARR] ep=48 xcd=6 l1=0.320 l2=0.400
[BAR_ARR] ep=49 xcd=2 l1=0.200 l2=0.280
[OPROJ_INNER] slicewait=8.36 mfma=3.64 bar=7.92 rmsnorm_router=1.68 topk=0.44 total=22.04
[BAR_ARR] ep=49 xcd=0 l1=0.240 l2=0.280
[OPROJ_INNER] slicewait=3.60 mfma=6.72 bar=7.04 rmsnorm_router=1.48 topk=2.80 total=21.64
[BAR_ARR] ep=49 xcd=4 l1=0.320 l2=0.360
[BAR_ARR] ep=49 xcd=1 l1=0.200 l2=0.240
[BAR_ARR] ep=49 xcd=3 l1=0.200 l2=0.280
[OPROJ_INNER] slicewait=2.36 mfma=5.96 bar=3.84 rmsnorm_router=1.60 topk=1.28 total=15.04
[BAR_OBS] ep=49 xcd=2 drain=0.400 l1=0.200 wait=7.240 acq=0.080 obs=19124190261515 bar=7.920
[BAR_OBS] ep=49 xcd=0 drain=0.400 l1=0.240 wait=6.320 acq=0.080 obs=19124190261623 bar=7.040
[OPROJ_INNER] slicewait=5.64 mfma=4.64 bar=10.08 rmsnorm_router=1.48 topk=0.68 total=22.52
[OPROJ_INNER] slicewait=2.68 mfma=4.36 bar=3.28 rmsnorm_router=1.40 topk=0.52 total=12.24
[OPROJ_INNER] slicewait=5.00 mfma=3.80 bar=5.08 rmsnorm_router=1.48 topk=3.04 total=18.40
[BAR_REL] ep=49 xcd=4 rel=19124190261524
[OPROJ_INNER] slicewait=7.80 mfma=5.32 bar=5.32 rmsnorm_router=1.88 topk=1.48 total=21.80
[BAR_OBS] ep=49 xcd=1 drain=0.360 l1=0.240 wait=9.400 acq=0.080 obs=19124190261566 bar=10.080
[BAR_OBS] ep=49 xcd=6 drain=0.480 l1=0.320 wait=2.960 acq=0.080 obs=19124190261552 bar=3.840
[BAR_OBS] ep=49 xcd=3 drain=0.400 l1=0.200 wait=2.600 acq=0.080 obs=19124190261560 bar=3.280
[BAR_ARR] ep=49 xcd=5 l1=0.320 l2=0.320
[BAR_ARR] ep=49 xcd=6 l1=0.320 l2=0.360
[BAR_OBS] ep=49 xcd=4 drain=0.480 l1=0.320 wait=4.480 acq=0.040 obs=19124190261536 bar=5.320
[OPROJ_INNER] slicewait=9.00 mfma=4.28 bar=7.36 rmsnorm_router=1.60 topk=0.96 total=23.20
[BAR_OBS] ep=49 xcd=7 drain=0.480 l1=0.280 wait=4.280 acq=0.040 obs=19124190261621 bar=5.080
[BAR_ARR] ep=49 xcd=7 l1=0.280 l2=0.360
[BAR_OBS] ep=49 xcd=5 drain=0.440 l1=0.280 wait=6.600 acq=0.040 obs=19124190261551 bar=7.360
[BAR_ARR] ep=50 xcd=0 l1=0.240 l2=0.360
[OPROJ_INNER] slicewait=3.28 mfma=3.88 bar=2.84 rmsnorm_router=1.60 topk=0.40 total=12.00
[OPROJ_INNER] slicewait=3.72 mfma=7.00 bar=9.56 rmsnorm_router=1.52 topk=0.44 total=22.24
[BAR_ARR] ep=50 xcd=3 l1=0.200 l2=0.280
[BAR_ARR] ep=50 xcd=4 l1=0.320 l2=0.360
[BAR_OBS] ep=50 xcd=0 drain=0.400 l1=0.240 wait=8.840 acq=0.080 obs=19124190614635 bar=9.560
[OPROJ_INNER] slicewait=10.64 mfma=3.96 bar=5.92 rmsnorm_router=1.48 topk=1.92 total=23.92
[BAR_ARR] ep=50 xcd=1 l1=0.200 l2=0.640
[OPROJ_INNER] slicewait=2.76 mfma=6.00 bar=6.00 rmsnorm_router=1.44 topk=2.40 total=18.60
[OPROJ_INNER] slicewait=2.24 mfma=8.48 bar=10.48 rmsnorm_router=1.48 topk=0.64 total=23.32
[BAR_ARR] ep=50 xcd=6 l1=0.320 l2=0.600
[OPROJ_INNER] slicewait=2.12 mfma=3.92 bar=3.68 rmsnorm_router=1.48 topk=3.68 total=14.88
[BAR_OBS] ep=50 xcd=2 drain=0.400 l1=0.200 wait=2.160 acq=0.080 obs=19124190614631 bar=2.840
[BAR_ARR] ep=50 xcd=2 l1=0.200 l2=0.600
[BAR_OBS] ep=50 xcd=1 drain=0.400 l1=0.200 wait=9.800 acq=0.080 obs=19124190614682 bar=10.480
[OPROJ_INNER] slicewait=2.64 mfma=5.92 bar=5.96 rmsnorm_router=1.48 topk=3.16 total=19.16
[OPROJ_INNER] slicewait=2.16 mfma=4.48 bar=3.24 rmsnorm_router=1.44 topk=1.72 total=13.04
[BAR_ARR] ep=50 xcd=7 l1=0.280 l2=0.360
[BAR_OBS] ep=50 xcd=3 drain=0.360 l1=0.200 wait=2.600 acq=0.080 obs=19124190614696 bar=3.240
[BAR_OBS] ep=50 xcd=6 drain=0.480 l1=0.320 wait=5.120 acq=0.080 obs=19124190614704 bar=6.000
[BAR_OBS] ep=50 xcd=4 drain=0.520 l1=0.320 wait=5.000 acq=0.080 obs=19124190614692 bar=5.920
[BAR_OBS] ep=50 xcd=5 drain=0.440 l1=0.280 wait=2.920 acq=0.040 obs=19124190614767 bar=3.680
[BAR_ARR] ep=50 xcd=5 l1=0.280 l2=0.360
[BAR_OBS] ep=50 xcd=7 drain=0.480 l1=0.280 wait=5.120 acq=0.080 obs=19124190614733 bar=5.960
[BAR_REL] ep=50 xcd=5 rel=19124190614639
[BAR_ARR] ep=51 xcd=3 l1=0.200 l2=0.560
[BAR_ARR] ep=51 xcd=2 l1=0.200 l2=0.320
[BAR_ARR] ep=51 xcd=0 l1=0.240 l2=0.440
[BAR_ARR] ep=51 xcd=4 l1=0.320 l2=0.360
[OPROJ_INNER] slicewait=7.92 mfma=3.96 bar=8.76 rmsnorm_router=1.48 topk=1.92 total=24.04
[OPROJ_INNER] slicewait=1.04 mfma=14.28 bar=6.04 rmsnorm_router=1.44 topk=0.40 total=23.20
[OPROJ_INNER] slicewait=3.40 mfma=6.56 bar=10.96 rmsnorm_router=1.48 topk=3.24 total=25.64
[OPROJ_INNER] slicewait=1.68 mfma=4.52 bar=2.68 rmsnorm_router=1.44 topk=0.88 total=11.20
[BAR_ARR] ep=51 xcd=1 l1=0.200 l2=0.520
[OPROJ_INNER] slicewait=4.44 mfma=3.76 bar=4.24 rmsnorm_router=1.48 topk=3.84 total=17.76
[BAR_OBS] ep=51 xcd=3 drain=0.400 l1=0.200 wait=5.360 acq=0.080 obs=19124190966004 bar=6.040
[BAR_OBS] ep=51 xcd=0 drain=0.400 l1=0.240 wait=10.240 acq=0.080 obs=19124190966087 bar=10.960
[BAR_REL] ep=51 xcd=4 rel=19124190965976
[BAR_ARR] ep=51 xcd=7 l1=0.280 l2=0.360
[BAR_ARR] ep=51 xcd=6 l1=0.360 l2=0.400
[BAR_OBS] ep=51 xcd=2 drain=0.360 l1=0.200 wait=8.160 acq=0.040 obs=19124190966043 bar=8.760
[OPROJ_INNER] slicewait=4.56 mfma=6.96 bar=7.92 rmsnorm_router=1.44 topk=0.96 total=21.84
[BAR_OBS] ep=51 xcd=4 drain=0.480 l1=0.320 wait=3.400 acq=0.040 obs=19124190966100 bar=4.240
[BAR_OBS] ep=51 xcd=5 drain=0.440 l1=0.280 wait=1.880 acq=0.080 obs=19124190966007 bar=2.680
[OPROJ_INNER] slicewait=5.48 mfma=3.88 bar=5.76 rmsnorm_router=1.56 topk=2.64 total=19.32
[BAR_OBS] ep=51 xcd=1 drain=0.400 l1=0.200 wait=7.240 acq=0.080 obs=19124190966022 bar=7.920
[OPROJ_INNER] slicewait=3.60 mfma=7.76 bar=8.76 rmsnorm_router=1.72 topk=1.48 total=23.32
[BAR_ARR] ep=51 xcd=5 l1=0.280 l2=0.360
[BAR_OBS] ep=51 xcd=7 drain=0.480 l1=0.280 wait=4.920 acq=0.080 obs=19124190966049 bar=5.760
[BAR_OBS] ep=51 xcd=6 drain=0.480 l1=0.360 wait=7.880 acq=0.040 obs=19124190965992 bar=8.760
[BAR_ARR] ep=52 xcd=0 l1=0.240 l2=0.280
[BAR_ARR] ep=52 xcd=7 l1=0.280 l2=0.360
[OPROJ_INNER] slicewait=2.96 mfma=3.76 bar=2.84 rmsnorm_router=1.44 topk=0.72 total=11.72
[OPROJ_INNER] slicewait=3.56 mfma=10.20 bar=11.20 rmsnorm_router=1.44 topk=2.64 total=29.04
[OPROJ_INNER] slicewait=3.72 mfma=3.80 bar=3.84 rmsnorm_router=1.44 topk=3.56 total=16.36
[OPROJ_INNER] slicewait=3.20 mfma=10.24 bar=10.44 rmsnorm_router=1.80 topk=1.00 total=26.68
[OPROJ_INNER] slicewait=3.68 mfma=14.56 bar=7.00 rmsnorm_router=1.52 topk=2.80 total=29.56
[OPROJ_INNER] slicewait=2.72 mfma=3.72 bar=3.56 rmsnorm_router=1.44 topk=2.88 total=14.32
[BAR_ARR] ep=52 xcd=1 l1=0.200 l2=0.480
[BAR_ARR] ep=52 xcd=6 l1=0.320 l2=0.360
[BAR_OBS] ep=52 xcd=0 drain=0.400 l1=0.240 wait=6.280 acq=0.080 obs=19124191348803 bar=7.000
[OPROJ_INNER] slicewait=4.64 mfma=6.28 bar=7.08 rmsnorm_router=1.44 topk=2.20 total=21.64
[BAR_OBS] ep=52 xcd=2 drain=0.400 l1=0.200 wait=2.160 acq=0.080 obs=19124191348743 bar=2.840
[BAR_OBS] ep=52 xcd=1 drain=0.360 l1=0.240 wait=10.520 acq=0.080 obs=19124191348798 bar=11.200
[BAR_OBS] ep=52 xcd=5 drain=0.440 l1=0.280 wait=3.040 acq=0.080 obs=19124191348843 bar=3.840
[BAR_ARR] ep=52 xcd=2 l1=0.200 l2=0.640
[BAR_ARR] ep=52 xcd=4 l1=0.320 l2=0.400
[BAR_ARR] ep=52 xcd=5 l1=0.280 l2=0.440
[OPROJ_INNER] slicewait=7.28 mfma=3.88 bar=4.24 rmsnorm_router=1.44 topk=2.48 total=19.32
[BAR_OBS] ep=52 xcd=7 drain=0.440 l1=0.320 wait=9.600 acq=0.080 obs=19124191348705 bar=10.440
[BAR_OBS] ep=52 xcd=3 drain=0.400 l1=0.160 wait=2.920 acq=0.080 obs=19124191348808 bar=3.560
[BAR_OBS] ep=52 xcd=6 drain=0.480 l1=0.360 wait=6.200 acq=0.040 obs=19124191348768 bar=7.080
[BAR_REL] ep=52 xcd=4 rel=19124191348720
[BAR_ARR] ep=52 xcd=3 l1=0.160 l2=0.280
[BAR_OBS] ep=52 xcd=4 drain=0.480 l1=0.320 wait=3.360 acq=0.080 obs=19124191348784 bar=4.240
[OPROJ_INNER] slicewait=4.20 mfma=3.76 bar=3.88 rmsnorm_router=1.56 topk=0.44 total=13.84
[BAR_ARR] ep=53 xcd=1 l1=0.200 l2=0.440
[BAR_ARR] ep=53 xcd=5 l1=0.320 l2=0.560
[OPROJ_INNER] slicewait=6.36 mfma=3.80 bar=7.08 rmsnorm_router=1.48 topk=2.32 total=21.04
[BAR_ARR] ep=53 xcd=3 l1=0.200 l2=0.240
[OPROJ_INNER] slicewait=11.64 mfma=2.28 bar=5.84 rmsnorm_router=1.44 topk=2.72 total=23.92
[BAR_ARR] ep=53 xcd=7 l1=0.280 l2=0.400
[OPROJ_INNER] slicewait=10.64 mfma=2.32 bar=6.76 rmsnorm_router=1.60 topk=0.80 total=22.12
[BAR_OBS] ep=53 xcd=0 drain=0.400 l1=0.240 wait=3.160 acq=0.080 obs=19124191693535 bar=3.880
[BAR_ARR] ep=53 xcd=6 l1=0.360 l2=0.560
[BAR_ARR] ep=53 xcd=0 l1=0.240 l2=0.480
[BAR_ARR] ep=53 xcd=4 l1=0.320 l2=0.360
[OPROJ_INNER] slicewait=4.52 mfma=4.08 bar=10.84 rmsnorm_router=1.48 topk=3.72 total=24.64
[OPROJ_INNER] slicewait=7.52 mfma=2.36 bar=10.04 rmsnorm_router=1.44 topk=3.76 total=25.12
[BAR_OBS] ep=53 xcd=5 drain=0.440 l1=0.280 wait=5.960 acq=0.080 obs=19124191693543 bar=6.760
[BAR_OBS] ep=53 xcd=1 drain=0.440 l1=0.200 wait=6.400 acq=0.040 obs=19124191693610 bar=7.080
[BAR_OBS] ep=53 xcd=7 drain=0.480 l1=0.320 wait=10.000 acq=0.040 obs=19124191693645 bar=10.840
[OPROJ_INNER] slicewait=3.00 mfma=3.76 bar=3.40 rmsnorm_router=1.48 topk=3.16 total=14.80
[BAR_ARR] ep=53 xcd=2 l1=0.200 l2=0.280
[OPROJ_INNER] slicewait=10.40 mfma=2.28 bar=6.64 rmsnorm_router=1.48 topk=0.40 total=21.20
[BAR_REL] ep=53 xcd=4 rel=19124191693524
[BAR_OBS] ep=53 xcd=3 drain=0.400 l1=0.160 wait=5.200 acq=0.080 obs=19124191693612 bar=5.840
[BAR_OBS] ep=53 xcd=6 drain=0.480 l1=0.320 wait=9.160 acq=0.080 obs=19124191693640 bar=10.040
[BAR_OBS] ep=53 xcd=4 drain=0.480 l1=0.320 wait=2.520 acq=0.080 obs=19124191693616 bar=3.400
[BAR_OBS] ep=53 xcd=2 drain=0.360 l1=0.200 wait=6.000 acq=0.080 obs=19124191693539 bar=6.640
[BAR_ARR] ep=54 xcd=3 l1=0.240 l2=0.280
[OPROJ_INNER] slicewait=3.56 mfma=3.76 bar=6.36 rmsnorm_router=1.48 topk=1.12 total=16.28
[OPROJ_INNER] slicewait=2.00 mfma=3.88 bar=2.60 rmsnorm_router=1.44 topk=0.36 total=10.28
[OPROJ_INNER] slicewait=2.24 mfma=4.84 bar=3.00 rmsnorm_router=1.60 topk=0.40 total=12.08
[BAR_ARR] ep=54 xcd=5 l1=0.280 l2=0.360
[BAR_ARR] ep=54 xcd=6 l1=0.320 l2=0.360
[BAR_ARR] ep=54 xcd=1 l1=0.200 l2=0.280
[BAR_OBS] ep=54 xcd=0 drain=0.400 l1=0.240 wait=5.680 acq=0.040 obs=19124192076483 bar=6.360
[OPROJ_INNER] slicewait=11.16 mfma=2.44 bar=6.84 rmsnorm_router=1.48 topk=3.24 total=25.16
[BAR_REL] ep=54 xcd=5 rel=19124192076431
[BAR_ARR] ep=54 xcd=7 l1=0.280 l2=0.360
[OPROJ_INNER] slicewait=6.12 mfma=3.04 bar=11.20 rmsnorm_router=1.44 topk=1.68 total=23.48
[OPROJ_INNER] slicewait=4.36 mfma=4.60 bar=9.52 rmsnorm_router=1.48 topk=2.24 total=22.20
[BAR_ARR] ep=54 xcd=0 l1=0.240 l2=0.560
[BAR_OBS] ep=54 xcd=3 drain=0.360 l1=0.200 wait=2.360 acq=0.080 obs=19124192076408 bar=3.000
[BAR_ARR] ep=54 xcd=4 l1=0.320 l2=0.360
[OPROJ_INNER] slicewait=5.84 mfma=2.60 bar=11.20 rmsnorm_router=1.44 topk=1.76 total=22.84
[BAR_OBS] ep=54 xcd=2 drain=0.360 l1=0.200 wait=1.960 acq=0.080 obs=19124192076427 bar=2.600
[BAR_OBS] ep=54 xcd=1 drain=0.400 l1=0.200 wait=10.520 acq=0.080 obs=19124192076494 bar=11.200
[BAR_ARR] ep=54 xcd=2 l1=0.200 l2=0.480
[OPROJ_INNER] slicewait=9.32 mfma=4.92 bar=6.36 rmsnorm_router=1.48 topk=3.40 total=25.48
[BAR_OBS] ep=54 xcd=7 drain=0.440 l1=0.320 wait=8.720 acq=0.040 obs=19124192076497 bar=9.520
[BAR_OBS] ep=54 xcd=5 drain=0.440 l1=0.320 wait=6.040 acq=0.040 obs=19124192076535 bar=6.840
[BAR_OBS] ep=54 xcd=6 drain=0.520 l1=0.320 wait=10.280 acq=0.080 obs=19124192076484 bar=11.200
[BAR_OBS] ep=54 xcd=4 drain=0.480 l1=0.320 wait=5.520 acq=0.040 obs=19124192076560 bar=6.360
[BAR_ARR] ep=55 xcd=0 l1=0.240 l2=0.280
[BAR_ARR] ep=55 xcd=2 l1=0.200 l2=0.280
[BAR_ARR] ep=55 xcd=5 l1=0.280 l2=0.320
[OPROJ_INNER] slicewait=4.84 mfma=16.32 bar=7.16 rmsnorm_router=1.44 topk=3.04 total=32.80
[BAR_ARR] ep=55 xcd=3 l1=0.200 l2=0.400
[OPROJ_INNER] slicewait=6.48 mfma=5.36 bar=3.24 rmsnorm_router=1.72 topk=0.40 total=17.20
[OPROJ_INNER] slicewait=6.12 mfma=13.76 bar=7.84 rmsnorm_router=1.44 topk=0.68 total=29.84
[BAR_ARR] ep=55 xcd=1 l1=0.200 l2=0.600
[OPROJ_INNER] slicewait=2.76 mfma=15.64 bar=10.80 rmsnorm_router=1.48 topk=3.04 total=33.72
[BAR_OBS] ep=55 xcd=3 drain=0.360 l1=0.200 wait=7.200 acq=0.080 obs=19124192456644 bar=7.840
[OPROJ_INNER] slicewait=1.92 mfma=3.76 bar=4.04 rmsnorm_router=1.40 topk=3.52 total=14.64
[BAR_OBS] ep=55 xcd=2 drain=0.360 l1=0.240 wait=2.560 acq=0.080 obs=19124192456583 bar=3.240
[BAR_OBS] ep=55 xcd=0 drain=0.400 l1=0.240 wait=10.080 acq=0.080 obs=19124192456707 bar=10.800
[OPROJ_INNER] slicewait=1.04 mfma=17.52 bar=10.04 rmsnorm_router=1.52 topk=0.44 total=30.56
[OPROJ_INNER] slicewait=3.64 mfma=7.88 bar=11.20 rmsnorm_router=1.48 topk=3.48 total=27.68
[BAR_ARR] ep=55 xcd=7 l1=0.320 l2=0.320
[OPROJ_INNER] slicewait=3.44 mfma=7.64 bar=7.64 rmsnorm_router=1.48 topk=1.60 total=21.80
[BAR_OBS] ep=55 xcd=5 drain=0.440 l1=0.280 wait=6.360 acq=0.080 obs=19124192456699 bar=7.160
[BAR_OBS] ep=55 xcd=1 drain=0.360 l1=0.240 wait=9.360 acq=0.080 obs=19124192456602 bar=10.040
[BAR_OBS] ep=55 xcd=4 drain=0.480 l1=0.320 wait=3.160 acq=0.080 obs=19124192456716 bar=4.040
[BAR_ARR] ep=55 xcd=4 l1=0.320 l2=0.680
[BAR_OBS] ep=55 xcd=7 drain=0.480 l1=0.280 wait=10.400 acq=0.040 obs=19124192456721 bar=11.200
[BAR_OBS] ep=55 xcd=6 drain=0.480 l1=0.320 wait=6.760 acq=0.080 obs=19124192456644 bar=7.640
[BAR_REL] ep=55 xcd=4 rel=19124192456604
[BAR_ARR] ep=55 xcd=6 l1=0.320 l2=0.440
[BAR_ARR] ep=56 xcd=1 l1=0.240 l2=0.280
[BAR_ARR] ep=56 xcd=5 l1=0.320 l2=0.320
[OPROJ_INNER] slicewait=3.20 mfma=6.36 bar=8.68 rmsnorm_router=1.44 topk=2.20 total=21.88
[OPROJ_INNER] slicewait=9.08 mfma=4.88 bar=5.72 rmsnorm_router=1.48 topk=2.12 total=23.28
[BAR_ARR] ep=56 xcd=7 l1=0.320 l2=0.360
[BAR_OBS] ep=56 xcd=1 drain=0.400 l1=0.240 wait=8.000 acq=0.040 obs=19124192779842 bar=8.680
[OPROJ_INNER] slicewait=3.20 mfma=6.68 bar=10.84 rmsnorm_router=1.64 topk=1.24 total=23.60
[BAR_ARR] ep=56 xcd=0 l1=0.240 l2=0.280
[OPROJ_INNER] slicewait=3.24 mfma=6.64 bar=10.88 rmsnorm_router=1.48 topk=1.76 total=24.00
[BAR_ARR] ep=56 xcd=2 l1=0.200 l2=0.320
[BAR_ARR] ep=56 xcd=3 l1=0.200 l2=0.440
[BAR_ARR] ep=56 xcd=4 l1=0.320 l2=0.400
[BAR_OBS] ep=56 xcd=5 drain=0.440 l1=0.280 wait=4.920 acq=0.080 obs=19124192779827 bar=5.720
[OPROJ_INNER] slicewait=3.76 mfma=3.88 bar=5.20 rmsnorm_router=1.60 topk=1.24 total=15.68
[OPROJ_INNER] slicewait=1.16 mfma=12.64 bar=7.68 rmsnorm_router=1.44 topk=0.68 total=23.60
[BAR_OBS] ep=56 xcd=0 drain=0.400 l1=0.280 wait=10.120 acq=0.080 obs=19124192779819 bar=10.880
[OPROJ_INNER] slicewait=2.52 mfma=13.16 bar=5.68 rmsnorm_router=1.44 topk=0.40 total=23.20
[BAR_OBS] ep=56 xcd=7 drain=0.440 l1=0.320 wait=10.000 acq=0.080 obs=19124192779785 bar=10.840
[BAR_OBS] ep=56 xcd=2 drain=0.360 l1=0.200 wait=7.040 acq=0.080 obs=19124192779795 bar=7.680
[BAR_OBS] ep=56 xcd=3 drain=0.400 l1=0.200 wait=5.000 acq=0.080 obs=19124192779764 bar=5.680
[OPROJ_INNER] slicewait=2.32 mfma=3.84 bar=3.48 rmsnorm_router=1.48 topk=2.56 total=13.68
[BAR_OBS] ep=56 xcd=6 drain=0.480 l1=0.320 wait=4.360 acq=0.040 obs=19124192779792 bar=5.200
[BAR_REL] ep=56 xcd=4 rel=19124192779760
[BAR_ARR] ep=56 xcd=6 l1=0.320 l2=0.440
[BAR_OBS] ep=56 xcd=4 drain=0.480 l1=0.320 wait=2.600 acq=0.080 obs=19124192779836 bar=3.480
[BAR_ARR] ep=57 xcd=5 l1=0.280 l2=0.360
[OPROJ_INNER] slicewait=2.04 mfma=3.80 bar=2.48 rmsnorm_router=1.72 topk=0.40 total=10.44
[OPROJ_INNER] slicewait=2.72 mfma=3.76 bar=3.32 rmsnorm_router=1.44 topk=2.20 total=13.44
[BAR_OBS] ep=57 xcd=2 drain=0.400 l1=0.200 wait=1.800 acq=0.080 obs=19124193143563 bar=2.480
[BAR_ARR] ep=57 xcd=1 l1=0.200 l2=0.480
[BAR_ARR] ep=57 xcd=7 l1=0.280 l2=0.400
[OPROJ_INNER] slicewait=1.40 mfma=12.04 bar=10.36 rmsnorm_router=1.40 topk=2.40 total=27.60
[BAR_REL] ep=57 xcd=5 rel=19124193143575
[BAR_ARR] ep=57 xcd=2 l1=0.200 l2=0.400
[BAR_ARR] ep=57 xcd=0 l1=0.240 l2=0.280
[OPROJ_INNER] slicewait=3.84 mfma=8.72 bar=9.32 rmsnorm_router=1.64 topk=0.84 total=24.36
[OPROJ_INNER] slicewait=3.12 mfma=8.92 bar=10.88 rmsnorm_router=1.48 topk=2.24 total=26.64
[OPROJ_INNER] slicewait=4.04 mfma=6.00 bar=4.04 rmsnorm_router=1.76 topk=1.76 total=17.60
[BAR_OBS] ep=57 xcd=0 drain=0.400 l1=0.240 wait=10.160 acq=0.080 obs=19124193143651 bar=10.880
[BAR_ARR] ep=57 xcd=4 l1=0.320 l2=0.360
[BAR_ARR] ep=57 xcd=3 l1=0.240 l2=0.400
[OPROJ_INNER] slicewait=1.64 mfma=16.72 bar=4.84 rmsnorm_router=1.44 topk=0.36 total=25.00
[BAR_OBS] ep=57 xcd=1 drain=0.360 l1=0.240 wait=9.680 acq=0.080 obs=19124193143662 bar=10.360
[BAR_OBS] ep=57 xcd=5 drain=0.440 l1=0.280 wait=2.520 acq=0.080 obs=19124193143643 bar=3.320
[OPROJ_INNER] slicewait=3.68 mfma=4.68 bar=3.44 rmsnorm_router=1.44 topk=1.56 total=14.80
[BAR_OBS] ep=57 xcd=7 drain=0.480 l1=0.280 wait=8.480 acq=0.080 obs=19124193143577 bar=9.320
[BAR_OBS] ep=57 xcd=3 drain=0.360 l1=0.200 wait=4.200 acq=0.080 obs=19124193143596 bar=4.840
[BAR_OBS] ep=57 xcd=6 drain=0.480 l1=0.320 wait=3.160 acq=0.080 obs=19124193143588 bar=4.040
[BAR_OBS] ep=57 xcd=4 drain=0.480 l1=0.320 wait=2.560 acq=0.080 obs=19124193143624 bar=3.440
[BAR_ARR] ep=57 xcd=6 l1=0.320 l2=0.480
[BAR_ARR] ep=58 xcd=0 l1=0.240 l2=0.320
[BAR_ARR] ep=58 xcd=2 l1=0.200 l2=0.280
[BAR_ARR] ep=58 xcd=3 l1=0.240 l2=0.400
[OPROJ_INNER] slicewait=5.24 mfma=3.96 bar=4.28 rmsnorm_router=1.44 topk=2.36 total=17.28
[BAR_ARR] ep=58 xcd=7 l1=0.280 l2=0.360
[BAR_ARR] ep=58 xcd=5 l1=0.280 l2=0.360
[BAR_ARR] ep=58 xcd=4 l1=0.320 l2=0.360
[OPROJ_INNER] slicewait=4.20 mfma=4.20 bar=4.60 rmsnorm_router=1.60 topk=0.40 total=15.00
[OPROJ_INNER] slicewait=4.72 mfma=3.80 bar=5.16 rmsnorm_router=1.48 topk=3.60 total=18.76
[BAR_OBS] ep=58 xcd=2 drain=0.400 l1=0.200 wait=3.600 acq=0.080 obs=19124193521219 bar=4.280
[OPROJ_INNER] slicewait=9.04 mfma=3.80 bar=4.92 rmsnorm_router=1.64 topk=1.16 total=20.56
[OPROJ_INNER] slicewait=11.60 mfma=2.44 bar=6.44 rmsnorm_router=1.44 topk=2.36 total=24.28
[BAR_REL] ep=58 xcd=5 rel=19124193521139
[BAR_ARR] ep=58 xcd=1 l1=0.240 l2=0.400
[OPROJ_INNER] slicewait=5.76 mfma=2.28 bar=10.96 rmsnorm_router=1.40 topk=0.40 total=20.80
[BAR_OBS] ep=58 xcd=3 drain=0.400 l1=0.160 wait=5.800 acq=0.080 obs=19124193521224 bar=6.440
[BAR_OBS] ep=58 xcd=0 drain=0.400 l1=0.240 wait=3.880 acq=0.080 obs=19124193521127 bar=4.600
[OPROJ_INNER] slicewait=6.84 mfma=2.24 bar=9.76 rmsnorm_router=1.44 topk=1.96 total=22.24
[BAR_OBS] ep=58 xcd=5 drain=0.440 l1=0.280 wait=4.120 acq=0.080 obs=19124193521159 bar=4.920
[BAR_OBS] ep=58 xcd=1 drain=0.400 l1=0.200 wait=10.280 acq=0.080 obs=19124193521166 bar=10.960
[OPROJ_INNER] slicewait=8.88 mfma=3.72 bar=6.04 rmsnorm_router=1.44 topk=2.72 total=22.80
[BAR_OBS] ep=58 xcd=6 drain=0.480 l1=0.320 wait=4.320 acq=0.040 obs=19124193521248 bar=5.160
[BAR_OBS] ep=58 xcd=7 drain=0.480 l1=0.320 wait=8.880 acq=0.080 obs=19124193521205 bar=9.760
[BAR_ARR] ep=58 xcd=6 l1=0.320 l2=0.400
[BAR_OBS] ep=58 xcd=4 drain=0.480 l1=0.320 wait=5.160 acq=0.080 obs=19124193521224 bar=6.040
[BAR_ARR] ep=59 xcd=3 l1=0.200 l2=0.480
[OPROJ_INNER] slicewait=2.12 mfma=3.88 bar=2.76 rmsnorm_router=1.52 topk=0.44 total=10.72
[BAR_ARR] ep=59 xcd=6 l1=0.320 l2=0.440
[BAR_ARR] ep=59 xcd=7 l1=0.320 l2=0.360
[OPROJ_INNER] slicewait=5.68 mfma=6.36 bar=9.44 rmsnorm_router=1.72 topk=0.92 total=24.12
[BAR_ARR] ep=59 xcd=0 l1=0.240 l2=0.320
[OPROJ_INNER] slicewait=3.00 mfma=12.80 bar=9.84 rmsnorm_router=1.44 topk=2.08 total=29.16
[OPROJ_INNER] slicewait=2.24 mfma=13.52 bar=10.40 rmsnorm_router=1.44 topk=2.32 total=29.92
[BAR_ARR] ep=59 xcd=1 l1=0.200 l2=0.280
[OPROJ_INNER] slicewait=1.88 mfma=4.32 bar=4.04 rmsnorm_router=1.48 topk=3.64 total=15.36
[OPROJ_INNER] slicewait=8.56 mfma=9.32 bar=6.96 rmsnorm_router=1.48 topk=1.64 total=27.96
[OPROJ_INNER] slicewait=2.24 mfma=13.48 bar=10.52 rmsnorm_router=1.44 topk=2.56 total=30.24
[BAR_OBS] ep=59 xcd=0 drain=0.400 l1=0.240 wait=9.160 acq=0.040 obs=19124193881503 bar=9.840
[BAR_OBS] ep=59 xcd=2 drain=0.400 l1=0.200 wait=2.080 acq=0.080 obs=19124193881435 bar=2.760
[BAR_OBS] ep=59 xcd=3 drain=0.400 l1=0.160 wait=6.320 acq=0.080 obs=19124193881492 bar=6.960
[BAR_ARR] ep=59 xcd=2 l1=0.200 l2=0.600
[BAR_OBS] ep=59 xcd=1 drain=0.360 l1=0.240 wait=9.840 acq=0.080 obs=19124193881518 bar=10.520
[BAR_OBS] ep=59 xcd=6 drain=0.480 l1=0.360 wait=8.520 acq=0.080 obs=19124193881440 bar=9.440
[BAR_OBS] ep=59 xcd=5 drain=0.440 l1=0.320 wait=3.200 acq=0.080 obs=19124193881555 bar=4.040
[OPROJ_INNER] slicewait=2.48 mfma=3.80 bar=4.04 rmsnorm_router=1.44 topk=3.76 total=15.52
[BAR_OBS] ep=59 xcd=7 drain=0.440 l1=0.320 wait=9.600 acq=0.040 obs=19124193881497 bar=10.400
[BAR_ARR] ep=59 xcd=5 l1=0.320 l2=0.480
[BAR_OBS] ep=59 xcd=4 drain=0.480 l1=0.360 wait=3.160 acq=0.040 obs=19124193881556 bar=4.040
[BAR_ARR] ep=59 xcd=4 l1=0.360 l2=0.680
[BAR_REL] ep=59 xcd=4 rel=19124193881436
[BAR_ARR] ep=60 xcd=1 l1=0.240 l2=0.480
[BAR_ARR] ep=60 xcd=4 l1=0.360 l2=0.400
[OPROJ_INNER] slicewait=4.08 mfma=4.04 bar=6.92 rmsnorm_router=1.44 topk=0.44 total=16.92
[BAR_ARR] ep=60 xcd=3 l1=0.200 l2=0.240
[OPROJ_INNER] slicewait=1.72 mfma=4.44 bar=3.16 rmsnorm_router=1.44 topk=0.48 total=11.24
[OPROJ_INNER] slicewait=2.56 mfma=3.80 bar=3.52 rmsnorm_router=1.44 topk=2.68 total=14.00
[BAR_REL] ep=60 xcd=4 rel=19124194213780
[BAR_ARR] ep=60 xcd=0 l1=0.240 l2=0.320
[BAR_OBS] ep=60 xcd=1 drain=0.360 l1=0.200 wait=6.320 acq=0.040 obs=19124194213810 bar=6.920
[OPROJ_INNER] slicewait=3.20 mfma=7.84 bar=9.80 rmsnorm_router=1.44 topk=0.60 total=22.88
[BAR_ARR] ep=60 xcd=7 l1=0.280 l2=0.400
[BAR_OBS] ep=60 xcd=3 drain=0.400 l1=0.200 wait=2.520 acq=0.040 obs=19124194213812 bar=3.160
[OPROJ_INNER] slicewait=2.88 mfma=10.48 bar=8.16 rmsnorm_router=1.44 topk=1.72 total=24.68
[OPROJ_INNER] slicewait=3.68 mfma=3.88 bar=5.32 rmsnorm_router=1.68 topk=1.44 total=16.00
[BAR_OBS] ep=60 xcd=0 drain=0.400 l1=0.240 wait=9.080 acq=0.080 obs=19124194213823 bar=9.800
[BAR_ARR] ep=60 xcd=5 l1=0.320 l2=0.320
[BAR_OBS] ep=60 xcd=4 drain=0.480 l1=0.320 wait=2.640 acq=0.080 obs=19124194213860 bar=3.520
[OPROJ_INNER] slicewait=7.28 mfma=3.92 bar=4.96 rmsnorm_router=1.48 topk=3.36 total=21.00
[OPROJ_INNER] slicewait=6.00 mfma=7.12 bar=7.00 rmsnorm_router=1.40 topk=1.08 total=22.60
[BAR_OBS] ep=60 xcd=7 drain=0.440 l1=0.320 wait=7.360 acq=0.040 obs=19124194213833 bar=8.160
[BAR_ARR] ep=60 xcd=2 l1=0.240 l2=0.360
[BAR_OBS] ep=60 xcd=2 drain=0.400 l1=0.200 wait=6.320 acq=0.080 obs=19124194213831 bar=7.000
[BAR_OBS] ep=60 xcd=5 drain=0.440 l1=0.280 wait=4.200 acq=0.040 obs=19124194213895 bar=4.960
[BAR_OBS] ep=60 xcd=6 drain=0.480 l1=0.360 wait=4.400 acq=0.080 obs=19124194213800 bar=5.320
[BAR_ARR] ep=60 xcd=6 l1=0.360 l2=0.480
[BAR_ARR] ep=61 xcd=1 l1=0.200 l2=0.280
[BAR_ARR] ep=61 xcd=5 l1=0.240 l2=0.520
[BAR_ARR] ep=61 xcd=7 l1=0.280 l2=0.360
[BAR_ARR] ep=61 xcd=2 l1=0.240 l2=0.680
[OPROJ_INNER] slicewait=6.64 mfma=10.40 bar=7.88 rmsnorm_router=1.44 topk=0.40 total=26.76
[BAR_ARR] ep=61 xcd=6 l1=0.320 l2=0.440
[OPROJ_INNER] slicewait=6.84 mfma=3.88 bar=8.12 rmsnorm_router=1.44 topk=3.12 total=23.40
[BAR_ARR] ep=61 xcd=3 l1=0.200 l2=0.240
[OPROJ_INNER] slicewait=9.20 mfma=3.76 bar=4.28 rmsnorm_router=1.40 topk=0.56 total=19.20
[OPROJ_INNER] slicewait=2.24 mfma=3.76 bar=3.16 rmsnorm_router=1.48 topk=2.00 total=12.64
[BAR_ARR] ep=61 xcd=0 l1=0.240 l2=0.440
[OPROJ_INNER] slicewait=6.32 mfma=3.96 bar=7.04 rmsnorm_router=1.44 topk=0.64 total=19.40
[OPROJ_INNER] slicewait=7.36 mfma=3.80 bar=4.24 rmsnorm_router=1.48 topk=3.24 total=20.12
[BAR_ARR] ep=61 xcd=4 l1=0.320 l2=0.320
[BAR_OBS] ep=61 xcd=0 drain=0.360 l1=0.240 wait=6.360 acq=0.080 obs=19124194594827 bar=7.040
[BAR_OBS] ep=61 xcd=2 drain=0.400 l1=0.200 wait=3.600 acq=0.080 obs=19124194594827 bar=4.280
[OPROJ_INNER] slicewait=6.56 mfma=10.80 bar=7.16 rmsnorm_router=1.44 topk=2.28 total=28.24
[BAR_OBS] ep=61 xcd=1 drain=0.360 l1=0.240 wait=7.240 acq=0.040 obs=19124194594814 bar=7.880
[BAR_OBS] ep=61 xcd=5 drain=0.440 l1=0.280 wait=3.480 acq=0.040 obs=19124194594903 bar=4.240
[OPROJ_INNER] slicewait=15.24 mfma=3.04 bar=7.68 rmsnorm_router=1.36 topk=3.56 total=30.88
[BAR_REL] ep=61 xcd=4 rel=19124194594804
[BAR_OBS] ep=61 xcd=3 drain=0.360 l1=0.200 wait=2.560 acq=0.040 obs=19124194594872 bar=3.160
[BAR_OBS] ep=61 xcd=6 drain=0.480 l1=0.360 wait=7.200 acq=0.080 obs=19124194594888 bar=8.120
[BAR_OBS] ep=61 xcd=7 drain=0.440 l1=0.320 wait=6.320 acq=0.080 obs=19124194594869 bar=7.160
[BAR_OBS] ep=61 xcd=4 drain=0.480 l1=0.320 wait=6.800 acq=0.080 obs=19124194594912 bar=7.680
[BAR_ARR] ep=62 xcd=2 l1=0.240 l2=0.320
[OPROJ_INNER] slicewait=11.96 mfma=7.52 bar=6.24 rmsnorm_router=1.60 topk=0.40 total=27.72
[BAR_ARR] ep=62 xcd=1 l1=0.200 l2=0.600
[BAR_ARR] ep=62 xcd=5 l1=0.280 l2=0.360
[BAR_ARR] ep=62 xcd=3 l1=0.240 l2=0.480
[OPROJ_INNER] slicewait=3.24 mfma=7.76 bar=8.32 rmsnorm_router=1.48 topk=1.84 total=22.64
[OPROJ_INNER] slicewait=6.56 mfma=9.96 bar=6.52 rmsnorm_router=1.48 topk=2.08 total=26.60
[OPROJ_INNER] slicewait=5.52 mfma=13.20 bar=7.68 rmsnorm_router=1.48 topk=2.48 total=30.36
[OPROJ_INNER] slicewait=3.44 mfma=14.52 bar=7.36 rmsnorm_router=1.48 topk=0.48 total=27.28
[OPROJ_INNER] slicewait=1.88 mfma=3.76 bar=3.80 rmsnorm_router=1.44 topk=9.44 total=20.32
[BAR_ARR] ep=62 xcd=7 l1=0.320 l2=0.400
[BAR_OBS] ep=62 xcd=2 drain=0.400 l1=0.200 wait=5.560 acq=0.080 obs=19124194994479 bar=6.240
[OPROJ_INNER] slicewait=4.20 mfma=12.52 bar=8.32 rmsnorm_router=1.40 topk=3.08 total=29.52
[BAR_OBS] ep=62 xcd=1 drain=0.360 l1=0.240 wait=7.640 acq=0.080 obs=19124194994546 bar=8.320
[BAR_OBS] ep=62 xcd=0 drain=0.440 l1=0.200 wait=6.640 acq=0.080 obs=19124194994495 bar=7.360
[BAR_ARR] ep=62 xcd=6 l1=0.280 l2=0.480
[BAR_ARR] ep=62 xcd=0 l1=0.200 l2=0.320
[OPROJ_INNER] slicewait=5.20 mfma=9.04 bar=9.88 rmsnorm_router=1.48 topk=3.72 total=29.32
[BAR_OBS] ep=62 xcd=7 drain=0.440 l1=0.320 wait=7.480 acq=0.080 obs=19124194994569 bar=8.320
[BAR_OBS] ep=62 xcd=5 drain=0.440 l1=0.280 wait=6.880 acq=0.080 obs=19124194994555 bar=7.680
[BAR_OBS] ep=62 xcd=3 drain=0.360 l1=0.200 wait=5.880 acq=0.080 obs=19124194994548 bar=6.520
[BAR_OBS] ep=62 xcd=4 drain=0.480 l1=0.320 wait=2.960 acq=0.040 obs=19124194994612 bar=3.800
[BAR_OBS] ep=62 xcd=6 drain=0.440 l1=0.360 wait=9.000 acq=0.080 obs=19124194994588 bar=9.880
[BAR_ARR] ep=62 xcd=4 l1=0.320 l2=0.400
[BAR_REL] ep=62 xcd=4 rel=19124194994488
[BAR_ARR] ep=63 xcd=0 l1=0.240 l2=0.560
[BAR_ARR] ep=63 xcd=1 l1=0.240 l2=0.360
[OPROJ_INNER] slicewait=3.16 mfma=7.56 bar=9.20 rmsnorm_router=1.48 topk=1.84 total=23.24
[OPROJ_INNER] slicewait=4.60 mfma=5.04 bar=3.64 rmsnorm_router=1.44 topk=2.00 total=16.72
[OPROJ_INNER] slicewait=3.40 mfma=8.16 bar=10.08 rmsnorm_router=1.48 topk=2.80 total=25.92
[BAR_ARR] ep=63 xcd=6 l1=0.320 l2=0.440
[BAR_OBS] ep=63 xcd=1 drain=0.360 l1=0.200 wait=8.560 acq=0.080 obs=19124195347042 bar=9.200
[BAR_ARR] ep=63 xcd=5 l1=0.280 l2=0.360
[OPROJ_INNER] slicewait=2.56 mfma=3.88 bar=3.76 rmsnorm_router=1.48 topk=9.20 total=20.88
[BAR_OBS] ep=63 xcd=2 drain=0.400 l1=0.200 wait=2.960 acq=0.080 obs=19124195347043 bar=3.640
[BAR_ARR] ep=63 xcd=7 l1=0.320 l2=0.360
[OPROJ_INNER] slicewait=5.92 mfma=7.52 bar=4.36 rmsnorm_router=1.44 topk=2.48 total=21.72
[BAR_OBS] ep=63 xcd=0 drain=0.400 l1=0.240 wait=9.400 acq=0.040 obs=19124195347075 bar=10.080
[BAR_ARR] ep=63 xcd=2 l1=0.200 l2=0.400
[BAR_ARR] ep=63 xcd=3 l1=0.160 l2=0.440
[BAR_OBS] ep=63 xcd=4 drain=0.520 l1=0.320 wait=2.840 acq=0.080 obs=19124195347100 bar=3.760
[OPROJ_INNER] slicewait=5.64 mfma=12.28 bar=10.88 rmsnorm_router=1.48 topk=3.56 total=33.84
[OPROJ_INNER] slicewait=2.92 mfma=4.32 bar=3.04 rmsnorm_router=1.44 topk=0.40 total=12.12
[OPROJ_INNER] slicewait=7.04 mfma=3.84 bar=8.20 rmsnorm_router=1.52 topk=1.28 total=21.88
[BAR_ARR] ep=63 xcd=4 l1=0.320 l2=0.400
[BAR_OBS] ep=63 xcd=5 drain=0.440 l1=0.280 wait=3.560 acq=0.080 obs=19124195347055 bar=4.360
[BAR_REL] ep=63 xcd=4 rel=19124195346976
[BAR_OBS] ep=63 xcd=3 drain=0.360 l1=0.200 wait=2.400 acq=0.080 obs=19124195347008 bar=3.040
[BAR_OBS] ep=63 xcd=6 drain=0.480 l1=0.320 wait=7.320 acq=0.080 obs=19124195347008 bar=8.200
[BAR_OBS] ep=63 xcd=7 drain=0.480 l1=0.320 wait=10.000 acq=0.080 obs=19124195347097 bar=10.880
[BAR_ARR] ep=64 xcd=1 l1=0.200 l2=0.280
[BAR_ARR] ep=64 xcd=5 l1=0.320 l2=0.320
[BAR_ARR] ep=64 xcd=2 l1=0.240 l2=0.280
[OPROJ_INNER] slicewait=5.20 mfma=3.72 bar=5.20 rmsnorm_router=1.48 topk=0.48 total=16.08
[OPROJ_INNER] slicewait=6.08 mfma=5.68 bar=10.00 rmsnorm_router=1.48 topk=1.32 total=24.56
[BAR_ARR] ep=64 xcd=4 l1=0.320 l2=0.360
[OPROJ_INNER] slicewait=5.84 mfma=3.76 bar=4.44 rmsnorm_router=1.40 topk=2.80 total=18.24
[OPROJ_INNER] slicewait=11.64 mfma=3.84 bar=5.32 rmsnorm_router=1.48 topk=1.68 total=23.96
[OPROJ_INNER] slicewait=4.56 mfma=3.76 bar=5.36 rmsnorm_router=1.44 topk=3.52 total=18.64
[BAR_OBS] ep=64 xcd=0 drain=0.400 l1=0.240 wait=4.520 acq=0.040 obs=19124195689039 bar=5.200
[BAR_ARR] ep=64 xcd=0 l1=0.240 l2=0.520
[OPROJ_INNER] slicewait=6.44 mfma=3.72 bar=5.16 rmsnorm_router=1.64 topk=0.96 total=17.92
[BAR_OBS] ep=64 xcd=2 drain=0.400 l1=0.200 wait=3.800 acq=0.040 obs=19124195689119 bar=4.440
[OPROJ_INNER] slicewait=2.24 mfma=3.92 bar=2.56 rmsnorm_router=1.56 topk=0.40 total=10.68
[BAR_OBS] ep=64 xcd=1 drain=0.400 l1=0.200 wait=9.320 acq=0.080 obs=19124195689070 bar=10.000
[OPROJ_INNER] slicewait=10.04 mfma=5.52 bar=5.76 rmsnorm_router=1.44 topk=3.56 total=26.32
[BAR_OBS] ep=64 xcd=3 drain=0.400 l1=0.160 wait=1.920 acq=0.080 obs=19124195689028 bar=2.560
[BAR_OBS] ep=64 xcd=7 drain=0.480 l1=0.320 wait=4.280 acq=0.080 obs=19124195689029 bar=5.160
[BAR_REL] ep=64 xcd=4 rel=19124195689024
[BAR_OBS] ep=64 xcd=6 drain=0.480 l1=0.320 wait=4.480 acq=0.080 obs=19124195689124 bar=5.360
[BAR_ARR] ep=64 xcd=3 l1=0.160 l2=0.400
[BAR_ARR] ep=64 xcd=7 l1=0.320 l2=0.520
[BAR_OBS] ep=64 xcd=4 drain=0.520 l1=0.320 wait=4.840 acq=0.080 obs=19124195689140 bar=5.760
[BAR_ARR] ep=64 xcd=6 l1=0.320 l2=0.520
[BAR_OBS] ep=64 xcd=5 drain=0.440 l1=0.280 wait=4.560 acq=0.040 obs=19124195689079 bar=5.320
[BAR_ARR] ep=65 xcd=0 l1=0.240 l2=0.280
[BAR_ARR] ep=65 xcd=7 l1=0.320 l2=0.320
[OPROJ_INNER] slicewait=2.48 mfma=10.40 bar=8.60 rmsnorm_router=1.44 topk=1.84 total=24.76
[OPROJ_INNER] slicewait=2.36 mfma=3.80 bar=2.76 rmsnorm_router=1.60 topk=1.00 total=11.52
[OPROJ_INNER] slicewait=1.84 mfma=4.64 bar=3.72 rmsnorm_router=1.48 topk=3.24 total=14.92
[BAR_ARR] ep=65 xcd=4 l1=0.320 l2=0.360
[BAR_ARR] ep=65 xcd=1 l1=0.240 l2=0.480
[BAR_ARR] ep=65 xcd=3 l1=0.240 l2=0.280
[OPROJ_INNER] slicewait=0.92 mfma=11.60 bar=10.16 rmsnorm_router=1.44 topk=1.72 total=25.84
[OPROJ_INNER] slicewait=3.88 mfma=3.76 bar=3.12 rmsnorm_router=1.64 topk=1.20 total=13.60
[BAR_REL] ep=65 xcd=4 rel=19124195985080
[OPROJ_INNER] slicewait=3.60 mfma=8.00 bar=10.28 rmsnorm_router=1.52 topk=3.52 total=26.92
[BAR_OBS] ep=65 xcd=0 drain=0.400 l1=0.240 wait=7.880 acq=0.080 obs=19124195985151 bar=8.600
[BAR_OBS] ep=65 xcd=2 drain=0.360 l1=0.200 wait=3.120 acq=0.040 obs=19124195985195 bar=3.720
[BAR_OBS] ep=65 xcd=1 drain=0.400 l1=0.240 wait=9.440 acq=0.080 obs=19124195985154 bar=10.160
[OPROJ_INNER] slicewait=1.00 mfma=16.44 bar=4.84 rmsnorm_router=1.44 topk=0.72 total=24.44
[OPROJ_INNER] slicewait=5.00 mfma=3.88 bar=3.92 rmsnorm_router=1.48 topk=1.64 total=15.92
[BAR_ARR] ep=65 xcd=2 l1=0.200 l2=0.360
[BAR_OBS] ep=65 xcd=3 drain=0.400 l1=0.200 wait=4.160 acq=0.080 obs=19124195985124 bar=4.840
[BAR_OBS] ep=65 xcd=5 drain=0.440 l1=0.280 wait=1.960 acq=0.080 obs=19124195985111 bar=2.760
[BAR_OBS] ep=65 xcd=7 drain=0.480 l1=0.320 wait=9.440 acq=0.040 obs=19124195985193 bar=10.280
[BAR_OBS] ep=65 xcd=4 drain=0.480 l1=0.320 wait=2.240 acq=0.080 obs=19124195985100 bar=3.120
[BAR_OBS] ep=65 xcd=6 drain=0.480 l1=0.320 wait=3.080 acq=0.040 obs=19124195985136 bar=3.920
[BAR_ARR] ep=65 xcd=5 l1=0.280 l2=0.360
[BAR_ARR] ep=65 xcd=6 l1=0.320 l2=0.400
[BAR_ARR] ep=66 xcd=0 l1=0.240 l2=0.440
[BAR_ARR] ep=66 xcd=1 l1=0.200 l2=0.280
[BAR_ARR] ep=66 xcd=6 l1=0.320 l2=0.400
[OPROJ_INNER] slicewait=3.80 mfma=13.80 bar=10.00 rmsnorm_router=1.40 topk=3.44 total=32.44
[OPROJ_INNER] slicewait=3.16 mfma=8.04 bar=8.36 rmsnorm_router=1.48 topk=3.72 total=24.76
[OPROJ_INNER] slicewait=1.96 mfma=3.96 bar=2.64 rmsnorm_router=1.44 topk=0.44 total=10.44
[BAR_ARR] ep=66 xcd=3 l1=0.240 l2=0.360
[OPROJ_INNER] slicewait=4.20 mfma=11.96 bar=10.80 rmsnorm_router=1.48 topk=2.36 total=30.80
[BAR_OBS] ep=66 xcd=0 drain=0.400 l1=0.240 wait=9.280 acq=0.080 obs=19124196312899 bar=10.000
[BAR_ARR] ep=66 xcd=5 l1=0.320 l2=0.320
[OPROJ_INNER] slicewait=2.28 mfma=3.76 bar=3.76 rmsnorm_router=1.44 topk=9.68 total=20.92
[OPROJ_INNER] slicewait=4.96 mfma=16.16 bar=6.48 rmsnorm_router=1.44 topk=2.68 total=31.72
[OPROJ_INNER] slicewait=5.84 mfma=14.04 bar=7.44 rmsnorm_router=1.52 topk=2.24 total=31.08
[BAR_ARR] ep=66 xcd=7 l1=0.320 l2=0.360
[OPROJ_INNER] slicewait=2.52 mfma=9.12 bar=9.80 rmsnorm_router=1.76 topk=1.40 total=24.60
[BAR_OBS] ep=66 xcd=6 drain=0.440 l1=0.320 wait=7.520 acq=0.080 obs=19124196312892 bar=8.360
[BAR_OBS] ep=66 xcd=4 drain=0.520 l1=0.320 wait=2.840 acq=0.080 obs=19124196312912 bar=3.760
[BAR_OBS] ep=66 xcd=3 drain=0.360 l1=0.200 wait=5.840 acq=0.080 obs=19124196312876 bar=6.480
[BAR_OBS] ep=66 xcd=2 drain=0.360 l1=0.240 wait=1.960 acq=0.080 obs=19124196312815 bar=2.640
[BAR_ARR] ep=66 xcd=4 l1=0.320 l2=0.400
[BAR_OBS] ep=66 xcd=5 drain=0.440 l1=0.280 wait=6.640 acq=0.080 obs=19124196312859 bar=7.440
[BAR_ARR] ep=66 xcd=2 l1=0.240 l2=0.560
[BAR_OBS] ep=66 xcd=1 drain=0.360 l1=0.240 wait=10.120 acq=0.080 obs=19124196312870 bar=10.800
[BAR_OBS] ep=66 xcd=7 drain=0.440 l1=0.320 wait=8.960 acq=0.080 obs=19124196312801 bar=9.800
[BAR_REL] ep=66 xcd=4 rel=19124196312788
[BAR_ARR] ep=67 xcd=5 l1=0.280 l2=0.360
[BAR_ARR] ep=67 xcd=6 l1=0.280 l2=0.400
[OPROJ_INNER] slicewait=1.64 mfma=3.92 bar=3.64 rmsnorm_router=1.44 topk=3.12 total=13.76
[OPROJ_INNER] slicewait=9.56 mfma=9.48 bar=6.28 rmsnorm_router=1.68 topk=0.72 total=27.72
[BAR_ARR] ep=67 xcd=1 l1=0.240 l2=0.280
[OPROJ_INNER] slicewait=1.52 mfma=3.92 bar=3.68 rmsnorm_router=1.44 topk=9.28 total=19.84
[OPROJ_INNER] slicewait=6.28 mfma=7.08 bar=8.32 rmsnorm_router=1.72 topk=1.92 total=25.32
[BAR_ARR] ep=67 xcd=0 l1=0.200 l2=0.680
[OPROJ_INNER] slicewait=1.64 mfma=15.04 bar=10.60 rmsnorm_router=1.44 topk=2.36 total=31.08
[BAR_ARR] ep=67 xcd=3 l1=0.200 l2=0.240
[BAR_OBS] ep=67 xcd=5 drain=0.440 l1=0.280 wait=5.480 acq=0.080 obs=19124196646595 bar=6.280
[OPROJ_INNER] slicewait=6.12 mfma=5.44 bar=4.32 rmsnorm_router=1.44 topk=2.88 total=20.20
[BAR_ARR] ep=67 xcd=7 l1=0.280 l2=0.360
[OPROJ_INNER] slicewait=3.24 mfma=13.88 bar=9.52 rmsnorm_router=1.44 topk=2.56 total=30.64
[OPROJ_INNER] slicewait=3.12 mfma=8.88 bar=10.44 rmsnorm_router=1.44 topk=1.48 total=25.36
[BAR_OBS] ep=67 xcd=6 drain=0.480 l1=0.320 wait=7.440 acq=0.080 obs=19124196646620 bar=8.320
[BAR_OBS] ep=67 xcd=2 drain=0.360 l1=0.240 wait=2.960 acq=0.080 obs=19124196646691 bar=3.640
[BAR_OBS] ep=67 xcd=3 drain=0.400 l1=0.160 wait=3.680 acq=0.080 obs=19124196646688 bar=4.320
[BAR_ARR] ep=67 xcd=2 l1=0.240 l2=0.360
[BAR_OBS] ep=67 xcd=1 drain=0.400 l1=0.200 wait=8.840 acq=0.080 obs=19124196646678 bar=9.520
[BAR_OBS] ep=67 xcd=4 drain=0.480 l1=0.320 wait=2.840 acq=0.040 obs=19124196646716 bar=3.680
[BAR_OBS] ep=67 xcd=0 drain=0.400 l1=0.240 wait=9.880 acq=0.080 obs=19124196646679 bar=10.600
[BAR_OBS] ep=67 xcd=7 drain=0.440 l1=0.320 wait=9.600 acq=0.080 obs=19124196646637 bar=10.440
[BAR_ARR] ep=67 xcd=4 l1=0.320 l2=0.360
[BAR_REL] ep=67 xcd=4 rel=19124196646588
[BAR_ARR] ep=68 xcd=5 l1=0.280 l2=0.360
[BAR_ARR] ep=68 xcd=7 l1=0.320 l2=0.400
[OPROJ_INNER] slicewait=1.68 mfma=4.24 bar=3.48 rmsnorm_router=1.48 topk=3.28 total=14.16
[BAR_ARR] ep=68 xcd=3 l1=0.200 l2=0.360
[BAR_ARR] ep=68 xcd=0 l1=0.240 l2=0.280
[OPROJ_INNER] slicewait=4.52 mfma=5.96 bar=9.12 rmsnorm_router=1.48 topk=2.00 total=23.08
[OPROJ_INNER] slicewait=7.80 mfma=5.84 bar=9.20 rmsnorm_router=1.44 topk=3.52 total=27.80
[OPROJ_INNER] slicewait=1.92 mfma=3.80 bar=3.68 rmsnorm_router=1.40 topk=3.92 total=14.72
[BAR_ARR] ep=68 xcd=1 l1=0.200 l2=0.240
[OPROJ_INNER] slicewait=3.88 mfma=5.56 bar=7.04 rmsnorm_router=1.44 topk=3.40 total=21.32
[BAR_OBS] ep=68 xcd=0 drain=0.400 l1=0.240 wait=8.480 acq=0.080 obs=19124197001447 bar=9.200
[BAR_ARR] ep=68 xcd=6 l1=0.320 l2=0.360
[BAR_ARR] ep=68 xcd=2 l1=0.240 l2=0.560
[OPROJ_INNER] slicewait=5.68 mfma=9.32 bar=7.36 rmsnorm_router=1.44 topk=0.36 total=24.16
[OPROJ_INNER] slicewait=6.68 mfma=7.04 bar=5.16 rmsnorm_router=1.48 topk=2.04 total=22.40
[BAR_OBS] ep=68 xcd=1 drain=0.400 l1=0.200 wait=6.360 acq=0.080 obs=19124197001442 bar=7.040
[BAR_OBS] ep=68 xcd=3 drain=0.360 l1=0.200 wait=6.720 acq=0.080 obs=19124197001348 bar=7.360
[BAR_OBS] ep=68 xcd=7 drain=0.440 l1=0.320 wait=8.320 acq=0.040 obs=19124197001389 bar=9.120
[OPROJ_INNER] slicewait=4.76 mfma=6.20 bar=8.04 rmsnorm_router=1.48 topk=1.12 total=21.60
[BAR_OBS] ep=68 xcd=5 drain=0.440 l1=0.280 wait=2.720 acq=0.040 obs=19124197001431 bar=3.480
[BAR_OBS] ep=68 xcd=2 drain=0.360 l1=0.240 wait=4.520 acq=0.040 obs=19124197001399 bar=5.160
[BAR_OBS] ep=68 xcd=4 drain=0.440 l1=0.320 wait=2.840 acq=0.080 obs=19124197001456 bar=3.680
[BAR_ARR] ep=68 xcd=4 l1=0.320 l2=0.440
[BAR_OBS] ep=68 xcd=6 drain=0.480 l1=0.320 wait=7.160 acq=0.080 obs=19124197001372 bar=8.040
[BAR_REL] ep=68 xcd=4 rel=19124197001332
[BAR_ARR] ep=69 xcd=3 l1=0.200 l2=0.360
[OPROJ_INNER] slicewait=14.48 mfma=7.56 bar=5.64 rmsnorm_router=1.48 topk=0.40 total=29.56
[BAR_ARR] ep=69 xcd=2 l1=0.240 l2=0.280
[BAR_ARR] ep=69 xcd=7 l1=0.280 l2=0.400
[OPROJ_INNER] slicewait=7.52 mfma=11.04 bar=8.40 rmsnorm_router=1.48 topk=2.68 total=31.12
[BAR_ARR] ep=69 xcd=5 l1=0.280 l2=0.400
[BAR_ARR] ep=69 xcd=1 l1=0.200 l2=0.520
[OPROJ_INNER] slicewait=11.80 mfma=9.96 bar=6.48 rmsnorm_router=1.48 topk=2.56 total=32.28
[OPROJ_INNER] slicewait=10.60 mfma=10.04 bar=7.32 rmsnorm_router=1.44 topk=0.84 total=30.24
[OPROJ_INNER] slicewait=7.44 mfma=8.96 bar=10.60 rmsnorm_router=1.40 topk=0.44 total=28.84
[BAR_OBS] ep=69 xcd=3 drain=0.360 l1=0.200 wait=5.040 acq=0.040 obs=19124197369632 bar=5.640
[BAR_ARR] ep=69 xcd=6 l1=0.320 l2=0.400
[BAR_OBS] ep=69 xcd=7 drain=0.480 l1=0.280 wait=7.560 acq=0.080 obs=19124197369705 bar=8.400
[OPROJ_INNER] slicewait=1.00 mfma=4.08 bar=3.76 rmsnorm_router=1.48 topk=3.44 total=13.76
[BAR_OBS] ep=69 xcd=5 drain=0.440 l1=0.280 wait=5.680 acq=0.080 obs=19124197369703 bar=6.480
[BAR_OBS] ep=69 xcd=2 drain=0.400 l1=0.200 wait=6.640 acq=0.080 obs=19124197369651 bar=7.320
[BAR_OBS] ep=69 xcd=1 drain=0.400 l1=0.200 wait=9.920 acq=0.080 obs=19124197369634 bar=10.600
[OPROJ_INNER] slicewait=5.04 mfma=7.28 bar=9.12 rmsnorm_router=1.44 topk=2.04 total=24.92
[BAR_ARR] ep=69 xcd=0 l1=0.200 l2=0.440
[OPROJ_INNER] slicewait=3.72 mfma=6.72 bar=9.04 rmsnorm_router=1.48 topk=0.44 total=21.40
[BAR_OBS] ep=69 xcd=4 drain=0.480 l1=0.320 wait=2.880 acq=0.080 obs=19124197369736 bar=3.760
[BAR_OBS] ep=69 xcd=6 drain=0.480 l1=0.320 wait=8.240 acq=0.080 obs=19124197369676 bar=9.120
[BAR_OBS] ep=69 xcd=0 drain=0.400 l1=0.240 wait=8.320 acq=0.080 obs=19124197369639 bar=9.040
[BAR_ARR] ep=69 xcd=4 l1=0.320 l2=0.360
[BAR_REL] ep=69 xcd=4 rel=19124197369616
[OPROJ_INNER] slicewait=1.56 mfma=4.48 bar=2.80 rmsnorm_router=1.48 topk=0.40 total=10.72
[OPROJ_INNER] slicewait=3.28 mfma=3.88 bar=5.08 rmsnorm_router=1.48 topk=0.92 total=14.64
[BAR_ARR] ep=70 xcd=0 l1=0.240 l2=0.480
[BAR_ARR] ep=70 xcd=3 l1=0.200 l2=0.440
[OPROJ_INNER] slicewait=3.56 mfma=5.12 bar=10.92 rmsnorm_router=1.44 topk=0.76 total=21.80
[BAR_ARR] ep=70 xcd=4 l1=0.320 l2=0.360
[BAR_OBS] ep=70 xcd=2 drain=0.360 l1=0.200 wait=2.160 acq=0.080 obs=19124197738215 bar=2.800
[OPROJ_INNER] slicewait=2.16 mfma=5.24 bar=5.40 rmsnorm_router=1.44 topk=1.84 total=16.08
[BAR_OBS] ep=70 xcd=1 drain=0.440 l1=0.240 wait=4.360 acq=0.040 obs=19124197738254 bar=5.080
[BAR_ARR] ep=70 xcd=2 l1=0.200 l2=0.600
[BAR_ARR] ep=70 xcd=7 l1=0.320 l2=0.480
[BAR_ARR] ep=70 xcd=5 l1=0.280 l2=0.360
[BAR_ARR] ep=70 xcd=1 l1=0.240 l2=0.400
[BAR_OBS] ep=70 xcd=0 drain=0.440 l1=0.240 wait=10.160 acq=0.080 obs=19124197738243 bar=10.920
[OPROJ_INNER] slicewait=7.64 mfma=7.68 bar=5.48 rmsnorm_router=1.40 topk=1.04 total=23.24
[OPROJ_INNER] slicewait=4.36 mfma=5.32 bar=10.44 rmsnorm_router=1.48 topk=2.92 total=24.52
[OPROJ_INNER] slicewait=2.80 mfma=3.76 bar=3.56 rmsnorm_router=1.40 topk=2.72 total=14.24
[BAR_OBS] ep=70 xcd=6 drain=0.480 l1=0.320 wait=4.520 acq=0.080 obs=19124197738260 bar=5.400
[BAR_OBS] ep=70 xcd=3 drain=0.400 l1=0.200 wait=4.800 acq=0.080 obs=19124197738252 bar=5.480
[BAR_ARR] ep=70 xcd=6 l1=0.320 l2=0.520
[BAR_OBS] ep=70 xcd=7 drain=0.480 l1=0.320 wait=9.560 acq=0.080 obs=19124197738301 bar=10.440
[OPROJ_INNER] slicewait=9.96 mfma=5.72 bar=4.96 rmsnorm_router=1.44 topk=2.84 total=24.92
[BAR_REL] ep=70 xcd=5 rel=19124197738227
[BAR_OBS] ep=70 xcd=4 drain=0.480 l1=0.320 wait=2.680 acq=0.080 obs=19124197738288 bar=3.560
[BAR_OBS] ep=70 xcd=5 drain=0.440 l1=0.280 wait=4.160 acq=0.080 obs=19124197738299 bar=4.960
[BAR_ARR] ep=71 xcd=3 l1=0.200 l2=0.280
[OPROJ_INNER] slicewait=9.64 mfma=11.80 bar=6.92 rmsnorm_router=1.48 topk=0.40 total=30.24
[BAR_ARR] ep=71 xcd=7 l1=0.320 l2=0.360
[BAR_ARR] ep=71 xcd=2 l1=0.240 l2=0.320
[OPROJ_INNER] slicewait=4.24 mfma=7.48 bar=9.92 rmsnorm_router=1.44 topk=3.76 total=26.84
[OPROJ_INNER] slicewait=8.32 mfma=10.28 bar=6.36 rmsnorm_router=1.56 topk=0.44 total=26.96
[OPROJ_INNER] slicewait=1.28 mfma=4.04 bar=3.72 rmsnorm_router=1.40 topk=11.00 total=21.44
[OPROJ_INNER] slicewait=1.24 mfma=4.04 bar=2.80 rmsnorm_router=1.48 topk=0.96 total=10.52
[BAR_ARR] ep=71 xcd=6 l1=0.320 l2=0.360
[BAR_OBS] ep=71 xcd=3 drain=0.360 l1=0.200 wait=6.320 acq=0.040 obs=19124198095764 bar=6.920
[BAR_ARR] ep=71 xcd=0 l1=0.240 l2=0.440
[OPROJ_INNER] slicewait=5.16 mfma=6.52 bar=10.96 rmsnorm_router=1.40 topk=2.20 total=26.24
[OPROJ_INNER] slicewait=5.68 mfma=12.20 bar=9.84 rmsnorm_router=1.44 topk=0.96 total=30.12
[BAR_OBS] ep=71 xcd=2 drain=0.360 l1=0.240 wait=5.680 acq=0.080 obs=19124198095747 bar=6.360
[BAR_OBS] ep=71 xcd=0 drain=0.400 l1=0.320 wait=10.160 acq=0.080 obs=19124198095823 bar=10.960
[BAR_OBS] ep=71 xcd=7 drain=0.440 l1=0.320 wait=9.120 acq=0.040 obs=19124198095857 bar=9.920
[BAR_ARR] ep=71 xcd=1 l1=0.240 l2=0.560
[OPROJ_INNER] slicewait=7.24 mfma=12.12 bar=8.24 rmsnorm_router=1.44 topk=2.36 total=31.40
[BAR_OBS] ep=71 xcd=5 drain=0.440 l1=0.280 wait=2.000 acq=0.080 obs=19124198095771 bar=2.800
[BAR_OBS] ep=71 xcd=6 drain=0.480 l1=0.320 wait=8.960 acq=0.080 obs=19124198095768 bar=9.840
[BAR_OBS] ep=71 xcd=4 drain=0.480 l1=0.320 wait=2.840 acq=0.080 obs=19124198095864 bar=3.720
[BAR_ARR] ep=71 xcd=5 l1=0.280 l2=0.480
[BAR_OBS] ep=71 xcd=1 drain=0.400 l1=0.200 wait=7.560 acq=0.080 obs=19124198095826 bar=8.240
[BAR_ARR] ep=71 xcd=4 l1=0.320 l2=0.400
[BAR_REL] ep=71 xcd=4 rel=19124198095736
[BAR_ARR] ep=72 xcd=5 l1=0.240 l2=0.360
[OPROJ_INNER] slicewait=3.68 mfma=5.08 bar=5.16 rmsnorm_router=1.48 topk=2.24 total=17.64
[BAR_ARR] ep=72 xcd=3 l1=0.200 l2=0.400
[BAR_ARR] ep=72 xcd=2 l1=0.200 l2=0.320
[OPROJ_INNER] slicewait=2.24 mfma=4.60 bar=3.24 rmsnorm_router=1.48 topk=1.52 total=13.08
[BAR_OBS] ep=72 xcd=1 drain=0.520 l1=0.240 wait=4.320 acq=0.080 obs=19124198444194 bar=5.160
[OPROJ_INNER] slicewait=1.20 mfma=4.16 bar=3.44 rmsnorm_router=1.48 topk=3.04 total=13.32
[BAR_ARR] ep=72 xcd=4 l1=0.280 l2=0.360
[BAR_OBS] ep=72 xcd=3 drain=0.400 l1=0.200 wait=2.600 acq=0.040 obs=19124198444180 bar=3.240
[BAR_ARR] ep=72 xcd=1 l1=0.240 l2=0.440
[OPROJ_INNER] slicewait=5.00 mfma=7.68 bar=8.28 rmsnorm_router=1.44 topk=0.44 total=22.84
[BAR_ARR] ep=72 xcd=7 l1=0.320 l2=0.320
[BAR_ARR] ep=72 xcd=6 l1=0.360 l2=0.480
[OPROJ_INNER] slicewait=2.32 mfma=3.80 bar=3.40 rmsnorm_router=1.48 topk=3.04 total=14.04
[OPROJ_INNER] slicewait=4.08 mfma=4.72 bar=10.92 rmsnorm_router=1.44 topk=2.44 total=23.60
[BAR_OBS] ep=72 xcd=5 drain=0.440 l1=0.280 wait=2.640 acq=0.080 obs=19124198444219 bar=3.440
[BAR_REL] ep=72 xcd=4 rel=19124198444116
[OPROJ_INNER] slicewait=4.00 mfma=4.84 bar=11.60 rmsnorm_router=1.48 topk=3.72 total=25.64
[BAR_OBS] ep=72 xcd=2 drain=0.400 l1=0.200 wait=7.640 acq=0.040 obs=19124198444127 bar=8.280
[OPROJ_INNER] slicewait=7.00 mfma=3.68 bar=9.52 rmsnorm_router=1.56 topk=0.44 total=22.20
[BAR_ARR] ep=72 xcd=0 l1=0.240 l2=0.280
[BAR_OBS] ep=72 xcd=7 drain=0.480 l1=0.280 wait=10.080 acq=0.080 obs=19124198444193 bar=10.920
[BAR_OBS] ep=72 xcd=0 drain=0.400 l1=0.240 wait=8.800 acq=0.080 obs=19124198444131 bar=9.520
[BAR_OBS] ep=72 xcd=4 drain=0.480 l1=0.320 wait=2.520 acq=0.080 obs=19124198444212 bar=3.400
[BAR_OBS] ep=72 xcd=6 drain=0.520 l1=0.320 wait=10.720 acq=0.040 obs=19124198444236 bar=11.600
[BAR_ARR] ep=73 xcd=5 l1=0.280 l2=0.360
[BAR_ARR] ep=73 xcd=0 l1=0.240 l2=0.320
[BAR_ARR] ep=73 xcd=3 l1=0.200 l2=0.280
[BAR_ARR] ep=73 xcd=7 l1=0.280 l2=0.360
[OPROJ_INNER] slicewait=3.04 mfma=13.96 bar=10.68 rmsnorm_router=1.44 topk=2.16 total=31.28
[OPROJ_INNER] slicewait=2.96 mfma=14.20 bar=9.52 rmsnorm_router=1.52 topk=0.44 total=28.64
[BAR_ARR] ep=73 xcd=1 l1=0.200 l2=0.440
[OPROJ_INNER] slicewait=1.92 mfma=18.84 bar=7.24 rmsnorm_router=1.44 topk=0.40 total=29.84
[OPROJ_INNER] slicewait=2.36 mfma=15.08 bar=10.56 rmsnorm_router=1.48 topk=0.92 total=30.40
[OPROJ_INNER] slicewait=2.04 mfma=3.84 bar=3.84 rmsnorm_router=1.44 topk=9.04 total=20.20
[OPROJ_INNER] slicewait=9.96 mfma=6.16 bar=5.96 rmsnorm_router=1.48 topk=3.48 total=27.04
[BAR_ARR] ep=73 xcd=2 l1=0.240 l2=0.320
[OPROJ_INNER] slicewait=4.20 mfma=16.88 bar=7.16 rmsnorm_router=1.44 topk=3.36 total=33.04
[BAR_OBS] ep=73 xcd=0 drain=0.400 l1=0.240 wait=8.800 acq=0.080 obs=19124198825731 bar=9.520
[BAR_OBS] ep=73 xcd=2 drain=0.400 l1=0.160 wait=6.560 acq=0.040 obs=19124198825847 bar=7.160
[BAR_OBS] ep=73 xcd=3 drain=0.400 l1=0.200 wait=6.560 acq=0.080 obs=19124198825772 bar=7.240
[OPROJ_INNER] slicewait=3.64 mfma=7.48 bar=7.60 rmsnorm_router=1.52 topk=2.08 total=22.32
[BAR_OBS] ep=73 xcd=1 drain=0.400 l1=0.200 wait=9.880 acq=0.080 obs=19124198825786 bar=10.560
[BAR_OBS] ep=73 xcd=4 drain=0.480 l1=0.320 wait=2.960 acq=0.080 obs=19124198825868 bar=3.840
[BAR_OBS] ep=73 xcd=7 drain=0.480 l1=0.280 wait=9.840 acq=0.080 obs=19124198825805 bar=10.680
[BAR_OBS] ep=73 xcd=5 drain=0.440 l1=0.280 wait=5.200 acq=0.040 obs=19124198825855 bar=5.960
[BAR_OBS] ep=73 xcd=6 drain=0.480 l1=0.320 wait=6.760 acq=0.040 obs=19124198825804 bar=7.600
[BAR_ARR] ep=73 xcd=4 l1=0.320 l2=0.360
[BAR_ARR] ep=73 xcd=6 l1=0.320 l2=0.440
[BAR_REL] ep=73 xcd=4 rel=19124198825740
[BAR_ARR] ep=74 xcd=7 l1=0.280 l2=0.360
[BAR_ARR] ep=74 xcd=2 l1=0.240 l2=0.360
[BAR_ARR] ep=74 xcd=0 l1=0.200 l2=0.280
[OPROJ_INNER] slicewait=3.52 mfma=14.84 bar=9.44 rmsnorm_router=1.52 topk=1.52 total=30.84
[OPROJ_INNER] slicewait=3.80 mfma=12.32 bar=10.76 rmsnorm_router=1.44 topk=3.12 total=31.44
[OPROJ_INNER] slicewait=6.88 mfma=13.76 bar=7.56 rmsnorm_router=1.44 topk=2.48 total=32.12
[BAR_ARR] ep=74 xcd=6 l1=0.360 l2=0.400
[BAR_ARR] ep=74 xcd=1 l1=0.240 l2=0.320
[OPROJ_INNER] slicewait=4.24 mfma=14.60 bar=9.24 rmsnorm_router=1.48 topk=2.60 total=32.16
[OPROJ_INNER] slicewait=3.48 mfma=8.64 bar=9.40 rmsnorm_router=1.56 topk=0.92 total=24.00
[BAR_OBS] ep=74 xcd=0 drain=0.400 l1=0.240 wait=10.040 acq=0.080 obs=19124199161647 bar=10.760
[BAR_OBS] ep=74 xcd=2 drain=0.400 l1=0.200 wait=6.880 acq=0.080 obs=19124199161623 bar=7.560
[BAR_ARR] ep=74 xcd=3 l1=0.200 l2=0.240
[BAR_OBS] ep=74 xcd=1 drain=0.400 l1=0.200 wait=8.600 acq=0.040 obs=19124199161638 bar=9.240
[OPROJ_INNER] slicewait=13.28 mfma=8.96 bar=4.96 rmsnorm_router=1.40 topk=0.48 total=29.08
[BAR_OBS] ep=74 xcd=7 drain=0.440 l1=0.320 wait=8.640 acq=0.040 obs=19124199161577 bar=9.440
[OPROJ_INNER] slicewait=1.48 mfma=3.92 bar=3.76 rmsnorm_router=1.40 topk=10.36 total=20.92
[OPROJ_INNER] slicewait=1.48 mfma=3.84 bar=3.84 rmsnorm_router=1.36 topk=3.36 total=13.88
[BAR_OBS] ep=74 xcd=3 drain=0.360 l1=0.200 wait=4.320 acq=0.080 obs=19124199161564 bar=4.960
[BAR_OBS] ep=74 xcd=5 drain=0.440 l1=0.280 wait=3.040 acq=0.080 obs=19124199161651 bar=3.840
[BAR_OBS] ep=74 xcd=4 drain=0.480 l1=0.320 wait=2.880 acq=0.080 obs=19124199161660 bar=3.760
[BAR_ARR] ep=74 xcd=5 l1=0.280 l2=0.320
[BAR_OBS] ep=74 xcd=6 drain=0.480 l1=0.320 wait=8.520 acq=0.080 obs=19124199161556 bar=9.400
[BAR_ARR] ep=74 xcd=4 l1=0.320 l2=0.400
[BAR_REL] ep=74 xcd=4 rel=19124199161536
[OPROJ_INNER] slicewait=4.04 mfma=4.24 bar=3.92 rmsnorm_router=1.48 topk=0.48 total=14.16
[OPROJ_INNER] slicewait=2.08 mfma=4.40 bar=3.52 rmsnorm_router=1.44 topk=1.72 total=13.16
[BAR_ARR] ep=75 xcd=7 l1=0.280 l2=0.360
[BAR_ARR] ep=75 xcd=3 l1=0.200 l2=0.240
[OPROJ_INNER] slicewait=6.20 mfma=3.40 bar=10.36 rmsnorm_router=1.68 topk=1.64 total=23.28
[BAR_ARR] ep=75 xcd=1 l1=0.240 l2=0.480
[OPROJ_INNER] slicewait=6.48 mfma=3.28 bar=10.44 rmsnorm_router=1.44 topk=1.92 total=23.56
[BAR_OBS] ep=75 xcd=0 drain=0.400 l1=0.240 wait=3.200 acq=0.080 obs=19124199503319 bar=3.920
[BAR_ARR] ep=75 xcd=0 l1=0.240 l2=0.480
[OPROJ_INNER] slicewait=1.76 mfma=4.48 bar=2.88 rmsnorm_router=1.52 topk=0.80 total=11.44
[BAR_OBS] ep=75 xcd=2 drain=0.360 l1=0.240 wait=2.840 acq=0.080 obs=19124199503383 bar=3.520
[BAR_ARR] ep=75 xcd=4 l1=0.320 l2=0.360
[OPROJ_INNER] slicewait=2.68 mfma=3.80 bar=3.56 rmsnorm_router=1.44 topk=2.68 total=14.16
[BAR_ARR] ep=75 xcd=2 l1=0.240 l2=0.320
[BAR_OBS] ep=75 xcd=7 drain=0.480 l1=0.280 wait=9.520 acq=0.080 obs=19124199503345 bar=10.360
[BAR_ARR] ep=75 xcd=6 l1=0.360 l2=0.360
[OPROJ_INNER] slicewait=6.60 mfma=3.76 bar=10.12 rmsnorm_router=1.44 topk=3.04 total=24.96
[BAR_OBS] ep=75 xcd=1 drain=0.400 l1=0.200 wait=9.760 acq=0.080 obs=19124199503390 bar=10.440
[OPROJ_INNER] slicewait=9.52 mfma=4.96 bar=6.24 rmsnorm_router=1.52 topk=2.00 total=24.24
[BAR_REL] ep=75 xcd=4 rel=19124199503316
[BAR_OBS] ep=75 xcd=5 drain=0.440 l1=0.280 wait=2.080 acq=0.080 obs=19124199503343 bar=2.880
[BAR_OBS] ep=75 xcd=3 drain=0.360 l1=0.200 wait=5.640 acq=0.040 obs=19124199503396 bar=6.240
[BAR_OBS] ep=75 xcd=6 drain=0.440 l1=0.360 wait=9.240 acq=0.080 obs=19124199503412 bar=10.120
[BAR_ARR] ep=75 xcd=5 l1=0.280 l2=0.560
[BAR_OBS] ep=75 xcd=4 drain=0.480 l1=0.320 wait=2.680 acq=0.080 obs=19124199503404 bar=3.560
[BAR_ARR] ep=76 xcd=3 l1=0.200 l2=0.440
[BAR_ARR] ep=76 xcd=2 l1=0.240 l2=0.320
[OPROJ_INNER] slicewait=7.68 mfma=5.84 bar=5.68 rmsnorm_router=1.48 topk=0.88 total=21.56
[OPROJ_INNER] slicewait=4.00 mfma=5.28 bar=6.36 rmsnorm_router=1.44 topk=2.84 total=19.92
[BAR_ARR] ep=76 xcd=6 l1=0.320 l2=0.480
[OPROJ_INNER] slicewait=2.16 mfma=3.84 bar=2.72 rmsnorm_router=1.64 topk=1.48 total=11.84
[BAR_ARR] ep=76 xcd=1 l1=0.240 l2=0.240
[OPROJ_INNER] slicewait=6.44 mfma=4.00 bar=4.24 rmsnorm_router=1.36 topk=3.84 total=19.88
[BAR_ARR] ep=76 xcd=5 l1=0.280 l2=0.360
[OPROJ_INNER] slicewait=5.36 mfma=3.80 bar=6.36 rmsnorm_router=1.40 topk=1.76 total=18.68
[BAR_OBS] ep=76 xcd=7 drain=0.480 l1=0.320 wait=5.480 acq=0.080 obs=19124199855957 bar=6.360
[OPROJ_INNER] slicewait=1.76 mfma=4.60 bar=3.32 rmsnorm_router=1.44 topk=1.68 total=12.80
[OPROJ_INNER] slicewait=4.20 mfma=7.76 bar=9.48 rmsnorm_router=1.44 topk=3.04 total=25.92
[BAR_OBS] ep=76 xcd=2 drain=0.360 l1=0.200 wait=5.040 acq=0.080 obs=19124199855919 bar=5.680
[BAR_ARR] ep=76 xcd=7 l1=0.320 l2=0.320
[BAR_OBS] ep=76 xcd=3 drain=0.360 l1=0.200 wait=2.680 acq=0.080 obs=19124199855936 bar=3.320
[BAR_OBS] ep=76 xcd=0 drain=0.440 l1=0.240 wait=5.600 acq=0.080 obs=19124199855939 bar=6.360
[OPROJ_INNER] slicewait=4.16 mfma=6.28 bar=9.40 rmsnorm_router=1.52 topk=0.84 total=22.20
[BAR_OBS] ep=76 xcd=1 drain=0.360 l1=0.240 wait=8.800 acq=0.080 obs=19124199855978 bar=9.480
[BAR_ARR] ep=76 xcd=0 l1=0.240 l2=0.440
[BAR_OBS] ep=76 xcd=4 drain=0.520 l1=0.320 wait=1.800 acq=0.080 obs=19124199855904 bar=2.720
[BAR_REL] ep=76 xcd=5 rel=19124199855879
[BAR_OBS] ep=76 xcd=5 drain=0.440 l1=0.280 wait=3.440 acq=0.080 obs=19124199856003 bar=4.240
[BAR_ARR] ep=76 xcd=4 l1=0.320 l2=0.360
[BAR_OBS] ep=76 xcd=6 drain=0.480 l1=0.320 wait=8.560 acq=0.040 obs=19124199855908 bar=9.400
[BAR_ARR] ep=77 xcd=1 l1=0.240 l2=0.240
[OPROJ_INNER] slicewait=3.04 mfma=7.16 bar=6.20 rmsnorm_router=1.64 topk=0.44 total=18.48
[OPROJ_INNER] slicewait=1.80 mfma=3.92 bar=4.00 rmsnorm_router=1.40 topk=3.24 total=14.36
[OPROJ_INNER] slicewait=5.92 mfma=7.92 bar=10.52 rmsnorm_router=1.48 topk=1.92 total=27.76
[OPROJ_INNER] slicewait=5.76 mfma=3.84 bar=5.44 rmsnorm_router=1.84 topk=1.72 total=18.60
[BAR_ARR] ep=77 xcd=7 l1=0.320 l2=0.320
[BAR_OBS] ep=77 xcd=0 drain=0.400 l1=0.240 wait=5.480 acq=0.080 obs=19124200195503 bar=6.200
[BAR_ARR] ep=77 xcd=3 l1=0.200 l2=0.280
[OPROJ_INNER] slicewait=1.96 mfma=4.44 bar=3.24 rmsnorm_router=1.44 topk=0.72 total=11.80
[BAR_ARR] ep=77 xcd=0 l1=0.240 l2=0.400
[BAR_ARR] ep=77 xcd=5 l1=0.280 l2=0.360
[OPROJ_INNER] slicewait=8.84 mfma=7.36 bar=6.40 rmsnorm_router=1.44 topk=3.08 total=27.12
[OPROJ_INNER] slicewait=8.28 mfma=4.96 bar=11.32 rmsnorm_router=1.44 topk=2.60 total=28.60
[BAR_OBS] ep=77 xcd=1 drain=0.360 l1=0.240 wait=9.840 acq=0.080 obs=19124200195582 bar=10.520
[OPROJ_INNER] slicewait=1.64 mfma=4.32 bar=3.88 rmsnorm_router=1.40 topk=1.92 total=13.16
[BAR_OBS] ep=77 xcd=6 drain=0.480 l1=0.320 wait=4.560 acq=0.080 obs=19124200195528 bar=5.440
[BAR_OBS] ep=77 xcd=4 drain=0.520 l1=0.320 wait=3.080 acq=0.080 obs=19124200195640 bar=4.000
[BAR_OBS] ep=77 xcd=3 drain=0.400 l1=0.200 wait=2.560 acq=0.080 obs=19124200195552 bar=3.240
[BAR_ARR] ep=77 xcd=6 l1=0.320 l2=0.680
[BAR_OBS] ep=77 xcd=7 drain=0.440 l1=0.320 wait=10.480 acq=0.080 obs=19124200195585 bar=11.320
[BAR_OBS] ep=77 xcd=5 drain=0.440 l1=0.280 wait=5.600 acq=0.080 obs=19124200195631 bar=6.400
[BAR_OBS] ep=77 xcd=2 drain=0.400 l1=0.200 wait=3.200 acq=0.080 obs=19124200195583 bar=3.880
[BAR_ARR] ep=77 xcd=4 l1=0.320 l2=0.480
[BAR_ARR] ep=77 xcd=2 l1=0.200 l2=0.480
[BAR_REL] ep=77 xcd=4 rel=19124200195520
[BAR_ARR] ep=78 xcd=0 l1=0.200 l2=0.320
[OPROJ_INNER] slicewait=3.08 mfma=9.32 bar=8.84 rmsnorm_router=1.56 topk=0.44 total=23.24
[BAR_ARR] ep=78 xcd=5 l1=0.320 l2=0.360
[BAR_ARR] ep=78 xcd=2 l1=0.200 l2=0.360
[OPROJ_INNER] slicewait=11.20 mfma=5.80 bar=4.68 rmsnorm_router=1.48 topk=1.32 total=24.48
[BAR_OBS] ep=78 xcd=0 drain=0.400 l1=0.240 wait=8.160 acq=0.040 obs=19124200512423 bar=8.840
[OPROJ_INNER] slicewait=9.56 mfma=3.92 bar=5.84 rmsnorm_router=1.40 topk=2.28 total=23.00
[BAR_ARR] ep=78 xcd=1 l1=0.200 l2=0.360
[OPROJ_INNER] slicewait=3.20 mfma=3.80 bar=3.84 rmsnorm_router=1.44 topk=10.76 total=23.04
[BAR_ARR] ep=78 xcd=3 l1=0.200 l2=0.480
[OPROJ_INNER] slicewait=4.64 mfma=3.92 bar=5.24 rmsnorm_router=1.44 topk=3.56 total=18.80
[BAR_ARR] ep=78 xcd=7 l1=0.280 l2=0.520
[OPROJ_INNER] slicewait=0.60 mfma=11.32 bar=11.24 rmsnorm_router=1.44 topk=1.12 total=25.72
[BAR_OBS] ep=78 xcd=2 drain=0.400 l1=0.200 wait=5.160 acq=0.080 obs=19124200512499 bar=5.840
[OPROJ_INNER] slicewait=4.88 mfma=3.92 bar=9.64 rmsnorm_router=1.48 topk=1.64 total=21.56
[BAR_REL] ep=78 xcd=5 rel=19124200512435
[BAR_OBS] ep=78 xcd=1 drain=0.400 l1=0.200 wait=10.560 acq=0.080 obs=19124200512482 bar=11.240
[OPROJ_INNER] slicewait=3.12 mfma=3.92 bar=3.24 rmsnorm_router=1.44 topk=1.72 total=13.44
[BAR_OBS] ep=78 xcd=7 drain=0.480 l1=0.320 wait=8.760 acq=0.080 obs=19124200512481 bar=9.640
[BAR_OBS] ep=78 xcd=5 drain=0.400 l1=0.280 wait=3.920 acq=0.080 obs=19124200512475 bar=4.680
[BAR_OBS] ep=78 xcd=6 drain=0.480 l1=0.320 wait=4.400 acq=0.040 obs=19124200512532 bar=5.240
[BAR_OBS] ep=78 xcd=4 drain=0.480 l1=0.320 wait=2.960 acq=0.080 obs=19124200512560 bar=3.840
[BAR_OBS] ep=78 xcd=3 drain=0.400 l1=0.160 wait=2.600 acq=0.080 obs=19124200512488 bar=3.240
[BAR_ARR] ep=78 xcd=4 l1=0.320 l2=0.360
[BAR_ARR] ep=78 xcd=6 l1=0.320 l2=0.480
[BAR_ARR] ep=79 xcd=2 l1=0.240 l2=0.480
[BAR_ARR] ep=79 xcd=0 l1=0.200 l2=0.480
[OPROJ_INNER] slicewait=0.88 mfma=15.12 bar=5.76 rmsnorm_router=1.64 topk=0.40 total=23.80
[BAR_ARR] ep=79 xcd=4 l1=0.320 l2=0.400
[OPROJ_INNER] slicewait=1.44 mfma=4.44 bar=3.84 rmsnorm_router=1.48 topk=3.68 total=14.88
[OPROJ_INNER] slicewait=2.96 mfma=7.56 bar=11.00 rmsnorm_router=1.44 topk=3.00 total=25.96
[BAR_ARR] ep=79 xcd=7 l1=0.320 l2=0.360
[BAR_OBS] ep=79 xcd=2 drain=0.400 l1=0.200 wait=5.080 acq=0.080 obs=19124200867331 bar=5.760
[BAR_ARR] ep=79 xcd=3 l1=0.160 l2=0.480
[BAR_ARR] ep=79 xcd=1 l1=0.240 l2=0.280
[OPROJ_INNER] slicewait=4.52 mfma=7.12 bar=8.76 rmsnorm_router=1.44 topk=2.88 total=24.72
[BAR_OBS] ep=79 xcd=0 drain=0.440 l1=0.240 wait=10.280 acq=0.040 obs=19124200867439 bar=11.000
[OPROJ_INNER] slicewait=5.08 mfma=3.88 bar=10.60 rmsnorm_router=1.44 topk=3.16 total=24.16
[OPROJ_INNER] slicewait=1.80 mfma=4.72 bar=3.16 rmsnorm_router=1.44 topk=0.40 total=11.52
[BAR_OBS] ep=79 xcd=5 drain=0.440 l1=0.280 wait=3.040 acq=0.080 obs=19124200867459 bar=3.840
[OPROJ_INNER] slicewait=2.52 mfma=5.68 bar=5.20 rmsnorm_router=1.40 topk=3.56 total=18.36
[OPROJ_INNER] slicewait=7.80 mfma=7.48 bar=5.64 rmsnorm_router=1.48 topk=2.96 total=25.36
[BAR_OBS] ep=79 xcd=1 drain=0.360 l1=0.240 wait=9.920 acq=0.080 obs=19124200867446 bar=10.600
[BAR_ARR] ep=79 xcd=5 l1=0.280 l2=0.360
[BAR_OBS] ep=79 xcd=7 drain=0.440 l1=0.280 wait=7.960 acq=0.080 obs=19124200867421 bar=8.760
[BAR_OBS] ep=79 xcd=3 drain=0.400 l1=0.200 wait=2.480 acq=0.080 obs=19124200867356 bar=3.160
[BAR_REL] ep=79 xcd=4 rel=19124200867340
[BAR_OBS] ep=79 xcd=6 drain=0.480 l1=0.320 wait=4.320 acq=0.080 obs=19124200867440 bar=5.200
[BAR_ARR] ep=79 xcd=6 l1=0.320 l2=0.400
[BAR_OBS] ep=79 xcd=4 drain=0.480 l1=0.320 wait=4.760 acq=0.080 obs=19124200867424 bar=5.640
[OPROJ_INNER] slicewait=7.44 mfma=3.92 bar=7.44 rmsnorm_router=1.48 topk=2.68 total=22.96
[OPROJ_INNER] slicewait=1.44 mfma=4.08 bar=2.88 rmsnorm_router=1.44 topk=0.40 total=10.24
[OPROJ_INNER] slicewait=2.40 mfma=3.92 bar=2.76 rmsnorm_router=1.52 topk=0.40 total=11.00
[BAR_ARR] ep=80 xcd=6 l1=0.280 l2=0.440
[BAR_OBS] ep=80 xcd=0 drain=0.400 l1=0.240 wait=6.720 acq=0.080 obs=19124201221103 bar=7.440
[BAR_ARR] ep=80 xcd=7 l1=0.320 l2=0.360
[OPROJ_INNER] slicewait=5.16 mfma=9.56 bar=8.16 rmsnorm_router=1.68 topk=1.44 total=26.00
[BAR_OBS] ep=80 xcd=2 drain=0.400 l1=0.200 wait=2.200 acq=0.080 obs=19124201221015 bar=2.880
[BAR_ARR] ep=80 xcd=0 l1=0.240 l2=0.360
[OPROJ_INNER] slicewait=6.92 mfma=9.56 bar=7.96 rmsnorm_router=1.60 topk=0.84 total=26.88
[OPROJ_INNER] slicewait=6.36 mfma=5.24 bar=10.60 rmsnorm_router=1.48 topk=1.72 total=25.40
[BAR_ARR] ep=80 xcd=2 l1=0.200 l2=0.880
[BAR_OBS] ep=80 xcd=6 drain=0.480 l1=0.360 wait=7.280 acq=0.040 obs=19124201221036 bar=8.160
[BAR_OBS] ep=80 xcd=3 drain=0.400 l1=0.200 wait=2.080 acq=0.080 obs=19124201221004 bar=2.760
[BAR_ARR] ep=80 xcd=4 l1=0.320 l2=0.400
[BAR_ARR] ep=80 xcd=5 l1=0.320 l2=0.360
[BAR_ARR] ep=80 xcd=3 l1=0.200 l2=0.560
[BAR_ARR] ep=80 xcd=1 l1=0.240 l2=0.280
[OPROJ_INNER] slicewait=1.72 mfma=4.28 bar=3.48 rmsnorm_router=1.44 topk=2.04 total=12.96
[BAR_OBS] ep=80 xcd=7 drain=0.440 l1=0.320 wait=7.160 acq=0.040 obs=19124201221025 bar=7.960
[OPROJ_INNER] slicewait=3.92 mfma=3.72 bar=3.40 rmsnorm_router=1.44 topk=1.56 total=14.04
[BAR_OBS] ep=80 xcd=1 drain=0.360 l1=0.240 wait=9.920 acq=0.080 obs=19124201221070 bar=10.600
[BAR_REL] ep=80 xcd=4 rel=19124201221008
[BAR_OBS] ep=80 xcd=5 drain=0.440 l1=0.240 wait=2.720 acq=0.080 obs=19124201221079 bar=3.480
[BAR_OBS] ep=80 xcd=4 drain=0.480 l1=0.320 wait=2.520 acq=0.080 obs=19124201221056 bar=3.400
[BAR_ARR] ep=81 xcd=2 l1=0.240 l2=0.280
[OPROJ_INNER] slicewait=2.48 mfma=3.80 bar=3.64 rmsnorm_router=1.48 topk=3.92 total=15.32
[BAR_ARR] ep=81 xcd=1 l1=0.200 l2=0.480
[OPROJ_INNER] slicewait=2.04 mfma=4.28 bar=2.80 rmsnorm_router=1.64 topk=1.28 total=12.04
[BAR_ARR] ep=81 xcd=7 l1=0.320 l2=0.360
[OPROJ_INNER] slicewait=7.24 mfma=7.92 bar=7.48 rmsnorm_router=1.44 topk=0.40 total=24.48
[OPROJ_INNER] slicewait=7.00 mfma=3.92 bar=7.40 rmsnorm_router=1.40 topk=1.80 total=21.52
[OPROJ_INNER] slicewait=4.28 mfma=8.64 bar=8.60 rmsnorm_router=1.48 topk=0.88 total=23.88
[OPROJ_INNER] slicewait=3.84 mfma=8.20 bar=10.32 rmsnorm_router=1.48 topk=2.28 total=26.12
[BAR_ARR] ep=81 xcd=3 l1=0.160 l2=0.280
[BAR_ARR] ep=81 xcd=6 l1=0.320 l2=0.360
[OPROJ_INNER] slicewait=1.72 mfma=4.20 bar=3.24 rmsnorm_router=1.44 topk=1.40 total=12.00
[BAR_OBS] ep=81 xcd=0 drain=0.400 l1=0.240 wait=6.680 acq=0.080 obs=19124201597855 bar=7.400
[BAR_OBS] ep=81 xcd=5 drain=0.440 l1=0.280 wait=2.000 acq=0.080 obs=19124201597803 bar=2.800
[BAR_OBS] ep=81 xcd=1 drain=0.400 l1=0.200 wait=9.680 acq=0.040 obs=19124201597870 bar=10.320
[BAR_OBS] ep=81 xcd=2 drain=0.360 l1=0.240 wait=6.800 acq=0.080 obs=19124201597815 bar=7.480
[OPROJ_INNER] slicewait=3.52 mfma=8.64 bar=10.44 rmsnorm_router=1.48 topk=3.08 total=27.16
[BAR_OBS] ep=81 xcd=7 drain=0.480 l1=0.280 wait=7.800 acq=0.040 obs=19124201597821 bar=8.600
[BAR_ARR] ep=81 xcd=0 l1=0.240 l2=0.360
[BAR_ARR] ep=81 xcd=5 l1=0.280 l2=0.440
[BAR_OBS] ep=81 xcd=4 drain=0.440 l1=0.320 wait=2.840 acq=0.040 obs=19124201597900 bar=3.640
[BAR_OBS] ep=81 xcd=6 drain=0.480 l1=0.360 wait=9.520 acq=0.080 obs=19124201597876 bar=10.440
[BAR_OBS] ep=81 xcd=3 drain=0.360 l1=0.200 wait=2.600 acq=0.080 obs=19124201597840 bar=3.240
[BAR_ARR] ep=81 xcd=4 l1=0.320 l2=0.440
[BAR_REL] ep=81 xcd=4 rel=19124201597784
[BAR_ARR] ep=82 xcd=0 l1=0.240 l2=0.320
[OPROJ_INNER] slicewait=1.00 mfma=16.00 bar=8.20 rmsnorm_router=1.48 topk=0.44 total=27.12
[BAR_ARR] ep=82 xcd=3 l1=0.200 l2=0.480
[BAR_ARR] ep=82 xcd=1 l1=0.200 l2=0.480
[OPROJ_INNER] slicewait=1.20 mfma=4.28 bar=3.88 rmsnorm_router=1.48 topk=3.56 total=14.40
[OPROJ_INNER] slicewait=3.32 mfma=3.88 bar=3.16 rmsnorm_router=1.44 topk=0.40 total=12.20
[BAR_ARR] ep=82 xcd=2 l1=0.240 l2=0.400
[OPROJ_INNER] slicewait=2.80 mfma=10.20 bar=10.52 rmsnorm_router=1.48 topk=2.96 total=27.96
[OPROJ_INNER] slicewait=2.24 mfma=16.52 bar=6.04 rmsnorm_router=1.56 topk=0.40 total=26.76
[BAR_OBS] ep=82 xcd=0 drain=0.400 l1=0.240 wait=7.480 acq=0.080 obs=19124201947695 bar=8.200
[BAR_OBS] ep=82 xcd=2 drain=0.360 l1=0.200 wait=5.400 acq=0.080 obs=19124201947687 bar=6.040
[BAR_ARR] ep=82 xcd=4 l1=0.320 l2=0.360
[BAR_OBS] ep=82 xcd=3 drain=0.400 l1=0.200 wait=2.480 acq=0.080 obs=19124201947700 bar=3.160
[OPROJ_INNER] slicewait=7.00 mfma=3.92 bar=6.36 rmsnorm_router=1.48 topk=2.04 total=20.80
[BAR_OBS] ep=82 xcd=1 drain=0.400 l1=0.240 wait=9.800 acq=0.080 obs=19124201947786 bar=10.520
[BAR_ARR] ep=82 xcd=7 l1=0.320 l2=0.440
[OPROJ_INNER] slicewait=2.88 mfma=12.52 bar=9.32 rmsnorm_router=1.80 topk=1.40 total=27.92
[OPROJ_INNER] slicewait=1.88 mfma=3.80 bar=3.44 rmsnorm_router=1.48 topk=3.16 total=13.76
[BAR_OBS] ep=82 xcd=5 drain=0.440 l1=0.280 wait=3.080 acq=0.080 obs=19124201947811 bar=3.880
[BAR_OBS] ep=82 xcd=6 drain=0.440 l1=0.320 wait=5.520 acq=0.080 obs=19124201947752 bar=6.360
[BAR_OBS] ep=82 xcd=7 drain=0.440 l1=0.320 wait=8.480 acq=0.080 obs=19124201947697 bar=9.320
[BAR_ARR] ep=82 xcd=5 l1=0.280 l2=0.440
[BAR_ARR] ep=82 xcd=6 l1=0.320 l2=0.480
[BAR_REL] ep=82 xcd=4 rel=19124201947696
[BAR_OBS] ep=82 xcd=4 drain=0.480 l1=0.320 wait=2.600 acq=0.040 obs=19124201947780 bar=3.440
[BAR_ARR] ep=83 xcd=0 l1=0.240 l2=0.360
[BAR_ARR] ep=83 xcd=6 l1=0.320 l2=0.400
[OPROJ_INNER] slicewait=1.68 mfma=10.00 bar=8.84 rmsnorm_router=1.48 topk=0.68 total=22.68
[BAR_ARR] ep=83 xcd=2 l1=0.200 l2=0.320
[OPROJ_INNER] slicewait=4.28 mfma=7.88 bar=7.80 rmsnorm_router=1.48 topk=0.72 total=22.16
[BAR_ARR] ep=83 xcd=1 l1=0.200 l2=0.720
[BAR_ARR] ep=83 xcd=5 l1=0.320 l2=0.360
[BAR_ARR] ep=83 xcd=7 l1=0.320 l2=0.360
[OPROJ_INNER] slicewait=3.04 mfma=6.08 bar=11.24 rmsnorm_router=1.44 topk=2.88 total=24.68
[BAR_ARR] ep=83 xcd=3 l1=0.200 l2=0.280
[OPROJ_INNER] slicewait=6.40 mfma=6.12 bar=7.88 rmsnorm_router=1.44 topk=2.68 total=24.52
[OPROJ_INNER] slicewait=3.32 mfma=5.36 bar=11.12 rmsnorm_router=1.48 topk=1.76 total=23.04
[BAR_OBS] ep=83 xcd=0 drain=0.440 l1=0.240 wait=8.080 acq=0.080 obs=19124202297799 bar=8.840
[BAR_OBS] ep=83 xcd=2 drain=0.360 l1=0.240 wait=7.160 acq=0.040 obs=19124202297803 bar=7.800
[OPROJ_INNER] slicewait=2.32 mfma=3.92 bar=3.76 rmsnorm_router=1.44 topk=3.56 total=15.00
[BAR_OBS] ep=83 xcd=1 drain=0.400 l1=0.240 wait=10.400 acq=0.080 obs=19124202297838 bar=11.120
[OPROJ_INNER] slicewait=6.64 mfma=6.76 bar=6.92 rmsnorm_router=1.48 topk=3.00 total=24.80
[OPROJ_INNER] slicewait=3.32 mfma=5.80 bar=10.48 rmsnorm_router=1.52 topk=2.08 total=23.20
[BAR_OBS] ep=83 xcd=3 drain=0.360 l1=0.200 wait=7.240 acq=0.080 obs=19124202297864 bar=7.880
[BAR_OBS] ep=83 xcd=4 drain=0.480 l1=0.320 wait=2.880 acq=0.080 obs=19124202297896 bar=3.760
[BAR_OBS] ep=83 xcd=7 drain=0.480 l1=0.280 wait=10.400 acq=0.080 obs=19124202297861 bar=11.240
[BAR_ARR] ep=83 xcd=4 l1=0.320 l2=0.320
[BAR_OBS] ep=83 xcd=5 drain=0.440 l1=0.280 wait=6.120 acq=0.080 obs=19124202297867 bar=6.920
[BAR_OBS] ep=83 xcd=6 drain=0.440 l1=0.360 wait=9.640 acq=0.040 obs=19124202297836 bar=10.480
[BAR_REL] ep=83 xcd=4 rel=19124202297780
[OPROJ_INNER] slicewait=6.04 mfma=3.92 bar=4.88 rmsnorm_router=1.48 topk=0.64 total=16.96
[OPROJ_INNER] slicewait=1.44 mfma=4.40 bar=2.52 rmsnorm_router=1.44 topk=0.40 total=10.20
[BAR_ARR] ep=84 xcd=7 l1=0.320 l2=0.360
[OPROJ_INNER] slicewait=1.56 mfma=4.40 bar=2.96 rmsnorm_router=1.52 topk=1.60 total=12.04
[BAR_OBS] ep=84 xcd=0 drain=0.400 l1=0.240 wait=4.160 acq=0.080 obs=19124202635619 bar=4.880
[OPROJ_INNER] slicewait=3.52 mfma=5.96 bar=5.12 rmsnorm_router=1.44 topk=2.48 total=18.52
[OPROJ_INNER] slicewait=3.72 mfma=3.88 bar=3.32 rmsnorm_router=1.40 topk=1.40 total=13.72
[BAR_OBS] ep=84 xcd=2 drain=0.360 l1=0.200 wait=1.880 acq=0.080 obs=19124202635591 bar=2.520
[BAR_ARR] ep=84 xcd=4 l1=0.320 l2=0.360
[BAR_ARR] ep=84 xcd=6 l1=0.320 l2=0.680
[OPROJ_INNER] slicewait=6.36 mfma=6.28 bar=9.32 rmsnorm_router=1.44 topk=1.28 total=24.68
[BAR_ARR] ep=84 xcd=3 l1=0.200 l2=0.480
[BAR_ARR] ep=84 xcd=2 l1=0.200 l2=0.480
[OPROJ_INNER] slicewait=7.96 mfma=6.52 bar=7.60 rmsnorm_router=1.80 topk=1.44 total=25.32
[BAR_OBS] ep=84 xcd=1 drain=0.640 l1=0.200 wait=4.240 acq=0.040 obs=19124202635678 bar=5.120
[BAR_OBS] ep=84 xcd=5 drain=0.400 l1=0.280 wait=2.200 acq=0.080 obs=19124202635635 bar=2.960
[BAR_ARR] ep=84 xcd=0 l1=0.240 l2=0.280
[BAR_ARR] ep=84 xcd=1 l1=0.200 l2=0.400
[BAR_REL] ep=84 xcd=4 rel=19124202635600
[OPROJ_INNER] slicewait=2.64 mfma=3.76 bar=3.32 rmsnorm_router=1.48 topk=2.08 total=13.28
[BAR_ARR] ep=84 xcd=5 l1=0.280 l2=0.720
[BAR_OBS] ep=84 xcd=3 drain=0.360 l1=0.200 wait=2.680 acq=0.080 obs=19124202635648 bar=3.320
[BAR_OBS] ep=84 xcd=6 drain=0.480 l1=0.320 wait=8.480 acq=0.040 obs=19124202635636 bar=9.320
[BAR_OBS] ep=84 xcd=7 drain=0.440 l1=0.320 wait=6.760 acq=0.080 obs=19124202635597 bar=7.600
[BAR_OBS] ep=84 xcd=4 drain=0.480 l1=0.320 wait=2.480 acq=0.040 obs=19124202635660 bar=3.320
[BAR_ARR] ep=85 xcd=7 l1=0.280 l2=0.520
[OPROJ_INNER] slicewait=4.80 mfma=3.76 bar=4.92 rmsnorm_router=1.48 topk=2.40 total=17.36
[BAR_ARR] ep=85 xcd=6 l1=0.320 l2=0.360
[OPROJ_INNER] slicewait=6.00 mfma=3.76 bar=9.80 rmsnorm_router=1.44 topk=1.16 total=22.16
[BAR_ARR] ep=85 xcd=3 l1=0.200 l2=0.280
[OPROJ_INNER] slicewait=2.68 mfma=3.80 bar=3.20 rmsnorm_router=1.44 topk=1.64 total=12.76
[BAR_ARR] ep=85 xcd=1 l1=0.240 l2=0.480
[BAR_ARR] ep=85 xcd=2 l1=0.240 l2=0.280
[OPROJ_INNER] slicewait=10.84 mfma=2.80 bar=7.84 rmsnorm_router=1.44 topk=1.92 total=24.84
[OPROJ_INNER] slicewait=6.08 mfma=2.96 bar=10.32 rmsnorm_router=1.88 topk=2.12 total=23.36
[BAR_OBS] ep=85 xcd=0 drain=0.400 l1=0.240 wait=4.200 acq=0.080 obs=19124202984187 bar=4.920
[OPROJ_INNER] slicewait=2.00 mfma=3.84 bar=3.76 rmsnorm_router=1.44 topk=10.72 total=21.76
[BAR_ARR] ep=85 xcd=0 l1=0.240 l2=0.360
[BAR_OBS] ep=85 xcd=2 drain=0.400 l1=0.200 wait=7.160 acq=0.080 obs=19124202984167 bar=7.840
[OPROJ_INNER] slicewait=5.68 mfma=3.24 bar=10.48 rmsnorm_router=1.52 topk=0.44 total=21.36
[BAR_OBS] ep=85 xcd=4 drain=0.480 l1=0.320 wait=2.920 acq=0.040 obs=19124202984240 bar=3.760
[BAR_ARR] ep=85 xcd=5 l1=0.280 l2=0.320
[OPROJ_INNER] slicewait=10.88 mfma=2.36 bar=7.48 rmsnorm_router=1.44 topk=2.28 total=24.44
[BAR_OBS] ep=85 xcd=7 drain=0.440 l1=0.320 wait=9.000 acq=0.040 obs=19124202984145 bar=9.800
[BAR_OBS] ep=85 xcd=1 drain=0.400 l1=0.240 wait=9.760 acq=0.080 obs=19124202984102 bar=10.480
[BAR_OBS] ep=85 xcd=3 drain=0.360 l1=0.200 wait=2.560 acq=0.080 obs=19124202984164 bar=3.200
[BAR_ARR] ep=85 xcd=4 l1=0.320 l2=0.360
[BAR_OBS] ep=85 xcd=6 drain=0.480 l1=0.320 wait=9.440 acq=0.080 obs=19124202984116 bar=10.320
[BAR_OBS] ep=85 xcd=5 drain=0.440 l1=0.280 wait=6.680 acq=0.080 obs=19124202984175 bar=7.480
[BAR_REL] ep=85 xcd=4 rel=19124202984112
[BAR_ARR] ep=86 xcd=1 l1=0.200 l2=0.240
[BAR_ARR] ep=86 xcd=3 l1=0.240 l2=0.240
[BAR_ARR] ep=86 xcd=7 l1=0.320 l2=0.520
[OPROJ_INNER] slicewait=5.48 mfma=8.92 bar=9.16 rmsnorm_router=1.48 topk=1.76 total=26.80
[BAR_ARR] ep=86 xcd=6 l1=0.320 l2=0.440
[OPROJ_INNER] slicewait=7.40 mfma=3.92 bar=7.56 rmsnorm_router=1.48 topk=2.80 total=23.16
[OPROJ_INNER] slicewait=10.60 mfma=8.32 bar=7.20 rmsnorm_router=1.44 topk=0.40 total=27.96
[OPROJ_INNER] slicewait=7.16 mfma=8.84 bar=10.28 rmsnorm_router=1.52 topk=0.68 total=28.48
[OPROJ_INNER] slicewait=7.60 mfma=8.88 bar=9.20 rmsnorm_router=1.44 topk=2.24 total=29.36
[OPROJ_INNER] slicewait=1.48 mfma=4.12 bar=3.84 rmsnorm_router=1.44 topk=3.44 total=14.32
[BAR_ARR] ep=86 xcd=2 l1=0.200 l2=0.320
[BAR_OBS] ep=86 xcd=1 drain=0.360 l1=0.240 wait=8.480 acq=0.080 obs=19124203343242 bar=9.160
[OPROJ_INNER] slicewait=9.84 mfma=9.20 bar=7.08 rmsnorm_router=1.44 topk=0.44 total=28.00
[BAR_OBS] ep=86 xcd=0 drain=0.440 l1=0.240 wait=6.840 acq=0.040 obs=19124203343271 bar=7.560
[OPROJ_INNER] slicewait=1.52 mfma=3.96 bar=3.72 rmsnorm_router=1.48 topk=11.12 total=21.80
[BAR_OBS] ep=86 xcd=3 drain=0.400 l1=0.200 wait=6.520 acq=0.080 obs=19124203343208 bar=7.200
[BAR_ARR] ep=86 xcd=0 l1=0.240 l2=0.440
[BAR_OBS] ep=86 xcd=5 drain=0.440 l1=0.280 wait=3.040 acq=0.080 obs=19124203343287 bar=3.840
[BAR_OBS] ep=86 xcd=6 drain=0.480 l1=0.360 wait=8.320 acq=0.040 obs=19124203343244 bar=9.200
[BAR_OBS] ep=86 xcd=2 drain=0.360 l1=0.240 wait=6.400 acq=0.080 obs=19124203343175 bar=7.080
[BAR_ARR] ep=86 xcd=5 l1=0.280 l2=0.400
[BAR_OBS] ep=86 xcd=7 drain=0.440 l1=0.320 wait=9.440 acq=0.080 obs=19124203343201 bar=10.280
[BAR_OBS] ep=86 xcd=4 drain=0.440 l1=0.320 wait=2.880 acq=0.080 obs=19124203343292 bar=3.720
[BAR_ARR] ep=86 xcd=4 l1=0.320 l2=0.360
[BAR_REL] ep=86 xcd=4 rel=19124203343176
[OPROJ_INNER] slicewait=3.56 mfma=4.88 bar=4.88 rmsnorm_router=1.48 topk=3.36 total=18.16
[BAR_ARR] ep=87 xcd=3 l1=0.200 l2=0.240
[OPROJ_INNER] slicewait=11.08 mfma=3.44 bar=5.92 rmsnorm_router=1.56 topk=0.44 total=22.44
[BAR_ARR] ep=87 xcd=6 l1=0.320 l2=0.600
[BAR_ARR] ep=87 xcd=5 l1=0.280 l2=0.560
[BAR_OBS] ep=87 xcd=0 drain=0.400 l1=0.240 wait=4.200 acq=0.040 obs=19124203669355 bar=4.880
[BAR_ARR] ep=87 xcd=2 l1=0.200 l2=0.360
[BAR_ARR] ep=87 xcd=7 l1=0.280 l2=0.360
[OPROJ_INNER] slicewait=1.32 mfma=4.16 bar=3.36 rmsnorm_router=1.44 topk=2.72 total=13.00
[OPROJ_INNER] slicewait=7.40 mfma=2.92 bar=10.20 rmsnorm_router=1.44 topk=2.04 total=24.00
[OPROJ_INNER] slicewait=4.28 mfma=4.96 bar=5.36 rmsnorm_router=1.44 topk=3.12 total=19.16
[BAR_ARR] ep=87 xcd=0 l1=0.240 l2=0.360
[OPROJ_INNER] slicewait=10.52 mfma=3.36 bar=7.68 rmsnorm_router=1.40 topk=3.60 total=26.56
[OPROJ_INNER] slicewait=7.76 mfma=2.24 bar=10.24 rmsnorm_router=1.44 topk=1.56 total=23.24
[BAR_OBS] ep=87 xcd=1 drain=0.640 l1=0.240 wait=4.400 acq=0.080 obs=19124203669346 bar=5.360
[BAR_OBS] ep=87 xcd=2 drain=0.360 l1=0.200 wait=7.040 acq=0.080 obs=19124203669355 bar=7.680
[BAR_OBS] ep=87 xcd=3 drain=0.360 l1=0.200 wait=5.280 acq=0.080 obs=19124203669244 bar=5.920
[BAR_ARR] ep=87 xcd=1 l1=0.240 l2=0.480
[BAR_ARR] ep=87 xcd=4 l1=0.360 l2=0.320
[OPROJ_INNER] slicewait=1.56 mfma=4.20 bar=3.48 rmsnorm_router=1.44 topk=3.20 total=13.88
[BAR_OBS] ep=87 xcd=6 drain=0.480 l1=0.320 wait=9.320 acq=0.080 obs=19124203669300 bar=10.200
[BAR_OBS] ep=87 xcd=5 drain=0.480 l1=0.280 wait=2.520 acq=0.080 obs=19124203669319 bar=3.360
[BAR_OBS] ep=87 xcd=7 drain=0.480 l1=0.320 wait=9.400 acq=0.040 obs=19124203669293 bar=10.240
[BAR_REL] ep=87 xcd=4 rel=19124203669244
[BAR_OBS] ep=87 xcd=4 drain=0.520 l1=0.320 wait=2.600 acq=0.040 obs=19124203669336 bar=3.480
[BAR_ARR] ep=88 xcd=0 l1=0.240 l2=0.360
[OPROJ_INNER] slicewait=2.56 mfma=4.60 bar=6.32 rmsnorm_router=1.44 topk=2.64 total=17.56
[OPROJ_INNER] slicewait=2.04 mfma=3.92 bar=2.68 rmsnorm_router=1.40 topk=0.44 total=10.48
[OPROJ_INNER] slicewait=4.24 mfma=3.96 bar=8.76 rmsnorm_router=1.40 topk=0.44 total=18.80
[BAR_ARR] ep=88 xcd=2 l1=0.240 l2=0.280
[BAR_OBS] ep=88 xcd=1 drain=0.400 l1=0.200 wait=5.640 acq=0.080 obs=19124204043266 bar=6.320
[OPROJ_INNER] slicewait=4.48 mfma=3.88 bar=4.40 rmsnorm_router=1.48 topk=3.16 total=17.40
[OPROJ_INNER] slicewait=3.44 mfma=3.92 bar=5.28 rmsnorm_router=1.56 topk=1.04 total=15.24
[BAR_ARR] ep=88 xcd=1 l1=0.200 l2=0.440
[BAR_ARR] ep=88 xcd=4 l1=0.320 l2=0.360
[BAR_ARR] ep=88 xcd=7 l1=0.280 l2=0.360
[BAR_OBS] ep=88 xcd=0 drain=0.400 l1=0.240 wait=8.040 acq=0.080 obs=19124204043203 bar=8.760
[BAR_OBS] ep=88 xcd=3 drain=0.400 l1=0.160 wait=2.040 acq=0.080 obs=19124204043200 bar=2.680
[BAR_OBS] ep=88 xcd=2 drain=0.400 l1=0.200 wait=3.720 acq=0.080 obs=19124204043275 bar=4.400
[BAR_ARR] ep=88 xcd=3 l1=0.160 l2=0.560
[OPROJ_INNER] slicewait=3.36 mfma=4.76 bar=9.40 rmsnorm_router=1.44 topk=3.00 total=21.96
[OPROJ_INNER] slicewait=7.60 mfma=5.88 bar=6.40 rmsnorm_router=1.48 topk=3.52 total=24.88
[BAR_OBS] ep=88 xcd=6 drain=0.520 l1=0.320 wait=4.360 acq=0.080 obs=19124204043204 bar=5.280
[BAR_ARR] ep=88 xcd=5 l1=0.280 l2=0.360
[OPROJ_INNER] slicewait=1.88 mfma=4.48 bar=3.52 rmsnorm_router=1.44 topk=3.00 total=14.32
[BAR_ARR] ep=88 xcd=6 l1=0.320 l2=0.360
[BAR_OBS] ep=88 xcd=7 drain=0.480 l1=0.280 wait=8.600 acq=0.040 obs=19124204043269 bar=9.400
[BAR_OBS] ep=88 xcd=5 drain=0.400 l1=0.320 wait=5.600 acq=0.080 obs=19124204043287 bar=6.400
[BAR_REL] ep=88 xcd=5 rel=19124204043183
[BAR_OBS] ep=88 xcd=4 drain=0.480 l1=0.320 wait=2.640 acq=0.080 obs=19124204043268 bar=3.520
[BAR_ARR] ep=89 xcd=5 l1=0.280 l2=0.360
[OPROJ_INNER] slicewait=2.36 mfma=3.80 bar=3.60 rmsnorm_router=1.44 topk=3.12 total=14.32
[BAR_ARR] ep=89 xcd=7 l1=0.320 l2=0.360
[OPROJ_INNER] slicewait=6.96 mfma=9.68 bar=6.44 rmsnorm_router=1.48 topk=1.92 total=26.48
[BAR_ARR] ep=89 xcd=1 l1=0.200 l2=0.280
[BAR_OBS] ep=89 xcd=2 drain=0.400 l1=0.200 wait=2.920 acq=0.080 obs=19124204380199 bar=3.600
[BAR_ARR] ep=89 xcd=0 l1=0.240 l2=0.320
[BAR_ARR] ep=89 xcd=2 l1=0.200 l2=0.360
[OPROJ_INNER] slicewait=3.64 mfma=6.96 bar=9.00 rmsnorm_router=1.56 topk=0.44 total=21.60
[OPROJ_INNER] slicewait=3.80 mfma=8.08 bar=10.36 rmsnorm_router=1.44 topk=0.44 total=24.12
[BAR_OBS] ep=89 xcd=0 drain=0.400 l1=0.240 wait=8.320 acq=0.040 obs=19124204380103 bar=9.000
[BAR_ARR] ep=89 xcd=3 l1=0.240 l2=0.480
[BAR_OBS] ep=89 xcd=1 drain=0.360 l1=0.240 wait=9.680 acq=0.080 obs=19124204380106 bar=10.360
[OPROJ_INNER] slicewait=5.40 mfma=3.76 bar=9.56 rmsnorm_router=1.40 topk=3.28 total=23.40
[BAR_ARR] ep=89 xcd=4 l1=0.320 l2=0.400
[BAR_OBS] ep=89 xcd=5 drain=0.440 l1=0.240 wait=5.680 acq=0.080 obs=19124204380155 bar=6.440
[OPROJ_INNER] slicewait=4.16 mfma=3.84 bar=3.36 rmsnorm_router=1.48 topk=1.56 total=14.40
[OPROJ_INNER] slicewait=3.76 mfma=4.96 bar=4.12 rmsnorm_router=1.44 topk=2.52 total=16.80
[OPROJ_INNER] slicewait=5.96 mfma=3.80 bar=5.16 rmsnorm_router=1.44 topk=2.28 total=18.64
[BAR_OBS] ep=89 xcd=7 drain=0.440 l1=0.320 wait=8.720 acq=0.080 obs=19124204380193 bar=9.560
[BAR_OBS] ep=89 xcd=3 drain=0.400 l1=0.200 wait=3.440 acq=0.080 obs=19124204380184 bar=4.120
[BAR_REL] ep=89 xcd=4 rel=19124204380104
[BAR_OBS] ep=89 xcd=6 drain=0.440 l1=0.360 wait=4.280 acq=0.080 obs=19124204380164 bar=5.160
[BAR_ARR] ep=89 xcd=6 l1=0.360 l2=0.440
[BAR_OBS] ep=89 xcd=4 drain=0.480 l1=0.320 wait=2.480 acq=0.080 obs=19124204380144 bar=3.360
[BAR_ARR] ep=90 xcd=3 l1=0.200 l2=0.280
[BAR_ARR] ep=90 xcd=7 l1=0.320 l2=0.320
[OPROJ_INNER] slicewait=7.40 mfma=5.76 bar=10.16 rmsnorm_router=1.72 topk=1.40 total=26.44
[OPROJ_INNER] slicewait=4.00 mfma=6.96 bar=6.28 rmsnorm_router=1.48 topk=0.48 total=19.20
[OPROJ_INNER] slicewait=6.72 mfma=4.00 bar=3.16 rmsnorm_router=1.44 topk=1.64 total=16.96
[BAR_ARR] ep=90 xcd=5 l1=0.280 l2=0.360
[OPROJ_INNER] slicewait=10.96 mfma=5.68 bar=8.32 rmsnorm_router=1.44 topk=2.44 total=28.84
[BAR_ARR] ep=90 xcd=1 l1=0.200 l2=0.560
[BAR_ARR] ep=90 xcd=6 l1=0.360 l2=0.360
[OPROJ_INNER] slicewait=5.68 mfma=9.12 bar=10.16 rmsnorm_router=1.44 topk=0.44 total=26.84
[OPROJ_INNER] slicewait=2.12 mfma=3.72 bar=3.84 rmsnorm_router=1.44 topk=3.20 total=14.32
[BAR_ARR] ep=90 xcd=2 l1=0.240 l2=0.240
[OPROJ_INNER] slicewait=10.28 mfma=7.92 bar=5.80 rmsnorm_router=1.48 topk=0.40 total=25.88
[BAR_OBS] ep=90 xcd=7 drain=0.480 l1=0.320 wait=9.320 acq=0.040 obs=19124204733213 bar=10.160
[BAR_OBS] ep=90 xcd=0 drain=0.400 l1=0.240 wait=5.560 acq=0.080 obs=19124204733227 bar=6.280
[OPROJ_INNER] slicewait=4.52 mfma=9.36 bar=9.08 rmsnorm_router=1.48 topk=3.04 total=27.48
[BAR_ARR] ep=90 xcd=0 l1=0.240 l2=0.360
[BAR_OBS] ep=90 xcd=5 drain=0.440 l1=0.280 wait=7.520 acq=0.080 obs=19124204733275 bar=8.320
[BAR_OBS] ep=90 xcd=1 drain=0.440 l1=0.200 wait=9.440 acq=0.080 obs=19124204733222 bar=10.160
[BAR_OBS] ep=90 xcd=2 drain=0.400 l1=0.240 wait=5.080 acq=0.080 obs=19124204733203 bar=5.800
[BAR_OBS] ep=90 xcd=3 drain=0.360 l1=0.200 wait=2.520 acq=0.080 obs=19124204733248 bar=3.160
[BAR_OBS] ep=90 xcd=4 drain=0.480 l1=0.320 wait=2.960 acq=0.080 obs=19124204733320 bar=3.840
[BAR_OBS] ep=90 xcd=6 drain=0.480 l1=0.320 wait=8.240 acq=0.040 obs=19124204733296 bar=9.080
[BAR_ARR] ep=90 xcd=4 l1=0.320 l2=0.440
[BAR_REL] ep=90 xcd=4 rel=19124204733196
[BAR_ARR] ep=91 xcd=0 l1=0.240 l2=0.440
[BAR_ARR] ep=91 xcd=2 l1=0.240 l2=0.480
[OPROJ_INNER] slicewait=6.40 mfma=3.84 bar=7.00 rmsnorm_router=1.44 topk=2.24 total=20.92
[BAR_ARR] ep=91 xcd=6 l1=0.320 l2=0.360
[OPROJ_INNER] slicewait=2.64 mfma=3.80 bar=3.76 rmsnorm_router=1.44 topk=9.44 total=21.08
[BAR_ARR] ep=91 xcd=3 l1=0.200 l2=0.240
[BAR_ARR] ep=91 xcd=1 l1=0.200 l2=0.280
[OPROJ_INNER] slicewait=11.40 mfma=5.64 bar=6.20 rmsnorm_router=1.44 topk=0.44 total=25.12
[BAR_OBS] ep=91 xcd=0 drain=0.400 l1=0.240 wait=6.280 acq=0.080 obs=19124205088047 bar=7.000
[OPROJ_INNER] slicewait=10.52 mfma=7.60 bar=5.88 rmsnorm_router=1.40 topk=1.80 total=27.20
[OPROJ_INNER] slicewait=1.24 mfma=4.24 bar=2.60 rmsnorm_router=1.68 topk=1.00 total=10.76
[OPROJ_INNER] slicewait=9.52 mfma=6.76 bar=8.52 rmsnorm_router=1.48 topk=1.36 total=27.64
[OPROJ_INNER] slicewait=8.28 mfma=5.68 bar=10.28 rmsnorm_router=1.80 topk=1.12 total=27.16
[BAR_OBS] ep=91 xcd=3 drain=0.400 l1=0.200 wait=5.520 acq=0.080 obs=19124205088004 bar=6.200
[BAR_OBS] ep=91 xcd=1 drain=0.400 l1=0.200 wait=7.840 acq=0.080 obs=19124205088026 bar=8.520
[BAR_OBS] ep=91 xcd=2 drain=0.360 l1=0.200 wait=5.240 acq=0.080 obs=19124205088043 bar=5.880
[BAR_OBS] ep=91 xcd=4 drain=0.480 l1=0.320 wait=2.880 acq=0.080 obs=19124205088104 bar=3.760
[BAR_OBS] ep=91 xcd=5 drain=0.440 l1=0.280 wait=1.800 acq=0.080 obs=19124205087987 bar=2.600
[BAR_OBS] ep=91 xcd=6 drain=0.480 l1=0.320 wait=9.400 acq=0.080 obs=19124205087976 bar=10.280
[BAR_ARR] ep=91 xcd=7 l1=0.320 l2=0.360
[BAR_ARR] ep=91 xcd=4 l1=0.320 l2=0.360
[OPROJ_INNER] slicewait=5.88 mfma=4.96 bar=7.96 rmsnorm_router=1.40 topk=2.84 total=23.04
[BAR_ARR] ep=91 xcd=5 l1=0.280 l2=0.440
[BAR_REL] ep=91 xcd=4 rel=19124205087980
[BAR_OBS] ep=91 xcd=7 drain=0.440 l1=0.320 wait=7.120 acq=0.080 obs=19124205088057 bar=7.960
[BAR_ARR] ep=92 xcd=3 l1=0.160 l2=0.440
[BAR_ARR] ep=92 xcd=5 l1=0.320 l2=0.360
[BAR_ARR] ep=92 xcd=6 l1=0.320 l2=0.360
[OPROJ_INNER] slicewait=1.80 mfma=4.24 bar=3.20 rmsnorm_router=1.44 topk=1.12 total=11.80
[OPROJ_INNER] slicewait=10.16 mfma=9.76 bar=6.40 rmsnorm_router=1.44 topk=1.64 total=29.40
[OPROJ_INNER] slicewait=2.04 mfma=3.84 bar=3.84 rmsnorm_router=1.44 topk=3.64 total=14.80
[BAR_ARR] ep=92 xcd=2 l1=0.200 l2=0.400
[OPROJ_INNER] slicewait=8.84 mfma=11.64 bar=6.08 rmsnorm_router=1.44 topk=1.80 total=29.80
[BAR_ARR] ep=92 xcd=7 l1=0.280 l2=0.400
[OPROJ_INNER] slicewait=4.96 mfma=7.12 bar=9.04 rmsnorm_router=1.48 topk=1.84 total=24.44
[BAR_ARR] ep=92 xcd=0 l1=0.240 l2=0.320
[OPROJ_INNER] slicewait=3.84 mfma=6.80 bar=8.96 rmsnorm_router=1.48 topk=0.52 total=21.60
[BAR_ARR] ep=92 xcd=1 l1=0.200 l2=0.360
[BAR_OBS] ep=92 xcd=3 drain=0.360 l1=0.200 wait=2.560 acq=0.080 obs=19124205427296 bar=3.200
[BAR_OBS] ep=92 xcd=0 drain=0.400 l1=0.240 wait=8.240 acq=0.080 obs=19124205427275 bar=8.960
[BAR_OBS] ep=92 xcd=2 drain=0.360 l1=0.200 wait=5.480 acq=0.040 obs=19124205427319 bar=6.080
[BAR_OBS] ep=92 xcd=4 drain=0.480 l1=0.320 wait=2.960 acq=0.080 obs=19124205427372 bar=3.840
[OPROJ_INNER] slicewait=8.44 mfma=8.32 bar=10.88 rmsnorm_router=1.44 topk=2.84 total=31.92
[OPROJ_INNER] slicewait=4.80 mfma=7.08 bar=8.20 rmsnorm_router=1.60 topk=0.92 total=22.60
[BAR_ARR] ep=92 xcd=4 l1=0.320 l2=0.440
[BAR_OBS] ep=92 xcd=7 drain=0.440 l1=0.320 wait=8.240 acq=0.040 obs=19124205427309 bar=9.040
[BAR_REL] ep=92 xcd=4 rel=19124205427252
[BAR_OBS] ep=92 xcd=1 drain=0.360 l1=0.200 wait=10.240 acq=0.080 obs=19124205427346 bar=10.880
[BAR_OBS] ep=92 xcd=5 drain=0.440 l1=0.280 wait=5.600 acq=0.080 obs=19124205427295 bar=6.400
[BAR_OBS] ep=92 xcd=6 drain=0.480 l1=0.320 wait=7.320 acq=0.080 obs=19124205427268 bar=8.200
[OPROJ_INNER] slicewait=2.08 mfma=3.72 bar=3.92 rmsnorm_router=1.44 topk=3.20 total=14.36
[BAR_ARR] ep=93 xcd=5 l1=0.280 l2=0.360
[BAR_ARR] ep=93 xcd=4 l1=0.320 l2=0.400
[BAR_ARR] ep=93 xcd=1 l1=0.240 l2=0.280
[OPROJ_INNER] slicewait=11.64 mfma=4.00 bar=4.76 rmsnorm_router=1.68 topk=1.28 total=23.36
[OPROJ_INNER] slicewait=2.52 mfma=10.64 bar=9.28 rmsnorm_router=1.48 topk=1.28 total=25.20
[BAR_ARR] ep=93 xcd=0 l1=0.240 l2=0.360
[BAR_ARR] ep=93 xcd=7 l1=0.320 l2=0.360
[OPROJ_INNER] slicewait=2.52 mfma=10.84 bar=8.64 rmsnorm_router=1.44 topk=0.48 total=23.92
[OPROJ_INNER] slicewait=4.32 mfma=3.84 bar=3.28 rmsnorm_router=1.44 topk=0.44 total=13.32
[BAR_ARR] ep=93 xcd=3 l1=0.200 l2=0.240
[OPROJ_INNER] slicewait=6.80 mfma=8.40 bar=6.24 rmsnorm_router=1.68 topk=1.76 total=24.88
[BAR_OBS] ep=93 xcd=1 drain=0.360 l1=0.240 wait=8.600 acq=0.080 obs=19124205791898 bar=9.280
[BAR_OBS] ep=93 xcd=0 drain=0.400 l1=0.240 wait=7.920 acq=0.080 obs=19124205791859 bar=8.640
[BAR_OBS] ep=93 xcd=2 drain=0.400 l1=0.200 wait=3.240 acq=0.080 obs=19124205791943 bar=3.920
[OPROJ_INNER] slicewait=4.92 mfma=7.12 bar=7.92 rmsnorm_router=1.48 topk=1.28 total=22.72
[OPROJ_INNER] slicewait=4.80 mfma=3.84 bar=5.12 rmsnorm_router=1.40 topk=3.72 total=18.88
[BAR_REL] ep=93 xcd=4 rel=19124205791844
[BAR_ARR] ep=93 xcd=2 l1=0.200 l2=0.520
[BAR_OBS] ep=93 xcd=3 drain=0.360 l1=0.200 wait=2.640 acq=0.080 obs=19124205791868 bar=3.280
[BAR_OBS] ep=93 xcd=5 drain=0.440 l1=0.280 wait=3.960 acq=0.080 obs=19124205791867 bar=4.760
[BAR_OBS] ep=93 xcd=7 drain=0.480 l1=0.280 wait=7.080 acq=0.080 obs=19124205791885 bar=7.920
[BAR_OBS] ep=93 xcd=6 drain=0.480 l1=0.320 wait=4.240 acq=0.080 obs=19124205791964 bar=5.120
[BAR_OBS] ep=93 xcd=4 drain=0.480 l1=0.320 wait=5.360 acq=0.080 obs=19124205791864 bar=6.240
[BAR_ARR] ep=93 xcd=6 l1=0.320 l2=0.360
[BAR_ARR] ep=94 xcd=2 l1=0.200 l2=0.560
[OPROJ_INNER] slicewait=10.80 mfma=2.28 bar=7.00 rmsnorm_router=1.48 topk=0.40 total=21.96
[OPROJ_INNER] slicewait=4.68 mfma=3.68 bar=4.96 rmsnorm_router=1.40 topk=1.56 total=16.28
[OPROJ_INNER] slicewait=4.64 mfma=3.80 bar=4.96 rmsnorm_router=1.44 topk=2.52 total=17.36
[OPROJ_INNER] slicewait=4.48 mfma=3.80 bar=3.96 rmsnorm_router=1.48 topk=2.08 total=15.80
[BAR_OBS] ep=94 xcd=2 drain=0.360 l1=0.200 wait=6.360 acq=0.080 obs=19124206154179 bar=7.000
[BAR_OBS] ep=94 xcd=1 drain=0.400 l1=0.200 wait=4.280 acq=0.080 obs=19124206154218 bar=4.960
[BAR_ARR] ep=94 xcd=3 l1=0.160 l2=0.360
[BAR_ARR] ep=94 xcd=1 l1=0.200 l2=0.400
[BAR_ARR] ep=94 xcd=4 l1=0.320 l2=0.360
[OPROJ_INNER] slicewait=11.92 mfma=2.24 bar=6.72 rmsnorm_router=1.44 topk=1.00 total=23.32
[BAR_ARR] ep=94 xcd=5 l1=0.280 l2=0.360
[BAR_OBS] ep=94 xcd=0 drain=0.400 l1=0.240 wait=4.240 acq=0.080 obs=19124206154239 bar=4.960
[BAR_OBS] ep=94 xcd=6 drain=0.480 l1=0.320 wait=3.080 acq=0.080 obs=19124206154212 bar=3.960
[OPROJ_INNER] slicewait=2.48 mfma=3.76 bar=3.44 rmsnorm_router=1.44 topk=3.40 total=14.52
[BAR_ARR] ep=94 xcd=0 l1=0.240 l2=0.360
[BAR_ARR] ep=94 xcd=6 l1=0.320 l2=0.440
[BAR_OBS] ep=94 xcd=3 drain=0.400 l1=0.200 wait=6.080 acq=0.040 obs=19124206154204 bar=6.720
[OPROJ_INNER] slicewait=7.12 mfma=2.32 bar=9.44 rmsnorm_router=1.80 topk=1.48 total=22.16
[BAR_REL] ep=94 xcd=4 rel=19124206154160
[OPROJ_INNER] slicewait=11.24 mfma=3.00 bar=6.24 rmsnorm_router=1.44 topk=3.84 total=25.76
[BAR_OBS] ep=94 xcd=5 drain=0.440 l1=0.280 wait=2.640 acq=0.080 obs=19124206154255 bar=3.440
[BAR_ARR] ep=94 xcd=7 l1=0.280 l2=0.360
[BAR_OBS] ep=94 xcd=4 drain=0.480 l1=0.320 wait=5.360 acq=0.080 obs=19124206154284 bar=6.240
[BAR_OBS] ep=94 xcd=7 drain=0.480 l1=0.320 wait=8.560 acq=0.080 obs=19124206154165 bar=9.440
[BAR_ARR] ep=95 xcd=1 l1=0.240 l2=0.280
[BAR_ARR] ep=95 xcd=0 l1=0.200 l2=0.560
[OPROJ_INNER] slicewait=2.48 mfma=15.88 bar=9.56 rmsnorm_router=1.44 topk=0.48 total=29.84
[OPROJ_INNER] slicewait=4.52 mfma=11.08 bar=7.72 rmsnorm_router=1.48 topk=3.32 total=28.12
[BAR_ARR] ep=95 xcd=4 l1=0.320 l2=0.400
[BAR_ARR] ep=95 xcd=2 l1=0.200 l2=0.480
[OPROJ_INNER] slicewait=4.04 mfma=15.12 bar=7.92 rmsnorm_router=1.52 topk=0.44 total=29.04
[OPROJ_INNER] slicewait=3.28 mfma=19.04 bar=7.64 rmsnorm_router=1.44 topk=3.00 total=34.40
[BAR_ARR] ep=95 xcd=6 l1=0.320 l2=0.480
[BAR_OBS] ep=95 xcd=0 drain=0.440 l1=0.240 wait=8.800 acq=0.080 obs=19124206515003 bar=9.560
[OPROJ_INNER] slicewait=2.00 mfma=4.00 bar=3.52 rmsnorm_router=1.44 topk=3.20 total=14.16
[BAR_REL] ep=95 xcd=4 rel=19124206514976
[OPROJ_INNER] slicewait=3.24 mfma=4.16 bar=3.44 rmsnorm_router=1.44 topk=2.40 total=14.68
[BAR_ARR] ep=95 xcd=5 l1=0.280 l2=0.360
[BAR_OBS] ep=95 xcd=1 drain=0.360 l1=0.240 wait=7.280 acq=0.040 obs=19124206514982 bar=7.920
[OPROJ_INNER] slicewait=4.68 mfma=19.28 bar=6.16 rmsnorm_router=1.48 topk=3.72 total=35.32
[BAR_OBS] ep=95 xcd=2 drain=0.400 l1=0.240 wait=6.920 acq=0.080 obs=19124206515067 bar=7.640
[OPROJ_INNER] slicewait=4.12 mfma=13.28 bar=8.68 rmsnorm_router=1.84 topk=1.44 total=29.36
[BAR_OBS] ep=95 xcd=7 drain=0.440 l1=0.320 wait=6.880 acq=0.080 obs=19124206515069 bar=7.720
[BAR_OBS] ep=95 xcd=3 drain=0.400 l1=0.160 wait=2.800 acq=0.080 obs=19124206515056 bar=3.440
[BAR_ARR] ep=95 xcd=7 l1=0.320 l2=0.520
[BAR_ARR] ep=95 xcd=3 l1=0.160 l2=0.280
[BAR_OBS] ep=95 xcd=4 drain=0.520 l1=0.320 wait=2.600 acq=0.080 obs=19124206515068 bar=3.520
[BAR_OBS] ep=95 xcd=5 drain=0.480 l1=0.280 wait=5.320 acq=0.080 obs=19124206515095 bar=6.160
[BAR_OBS] ep=95 xcd=6 drain=0.480 l1=0.320 wait=7.840 acq=0.040 obs=19124206514980 bar=8.680
[BAR_ARR] ep=96 xcd=0 l1=0.240 l2=0.320
[BAR_ARR] ep=96 xcd=4 l1=0.320 l2=0.560
[BAR_ARR] ep=96 xcd=3 l1=0.200 l2=0.400
[OPROJ_INNER] slicewait=3.80 mfma=6.64 bar=9.64 rmsnorm_router=1.48 topk=0.44 total=22.00
[OPROJ_INNER] slicewait=1.84 mfma=4.56 bar=2.60 rmsnorm_router=1.56 topk=0.40 total=10.96
[OPROJ_INNER] slicewait=3.04 mfma=3.88 bar=3.32 rmsnorm_router=1.48 topk=2.12 total=13.84
[BAR_ARR] ep=96 xcd=1 l1=0.200 l2=0.240
[OPROJ_INNER] slicewait=12.24 mfma=5.00 bar=8.40 rmsnorm_router=1.44 topk=1.92 total=29.00
[BAR_OBS] ep=96 xcd=0 drain=0.400 l1=0.280 wait=8.880 acq=0.080 obs=19124206872591 bar=9.640
[OPROJ_INNER] slicewait=6.00 mfma=3.96 bar=6.28 rmsnorm_router=1.44 topk=1.32 total=19.00
[BAR_OBS] ep=96 xcd=2 drain=0.400 l1=0.200 wait=1.960 acq=0.040 obs=19124206872567 bar=2.600
[OPROJ_INNER] slicewait=6.24 mfma=4.28 bar=9.72 rmsnorm_router=1.48 topk=1.72 total=23.44
[BAR_ARR] ep=96 xcd=7 l1=0.320 l2=0.480
[BAR_ARR] ep=96 xcd=2 l1=0.200 l2=0.440
[OPROJ_INNER] slicewait=3.36 mfma=7.44 bar=7.04 rmsnorm_router=1.52 topk=1.04 total=20.40
[OPROJ_INNER] slicewait=1.92 mfma=3.92 bar=3.76 rmsnorm_router=1.48 topk=10.76 total=21.84
[BAR_OBS] ep=96 xcd=1 drain=0.400 l1=0.200 wait=9.080 acq=0.040 obs=19124206872638 bar=9.720
[BAR_OBS] ep=96 xcd=3 drain=0.400 l1=0.200 wait=2.680 acq=0.040 obs=19124206872644 bar=3.320
[BAR_OBS] ep=96 xcd=6 drain=0.440 l1=0.360 wait=5.400 acq=0.080 obs=19124206872616 bar=6.280
[BAR_OBS] ep=96 xcd=4 drain=0.480 l1=0.320 wait=7.520 acq=0.080 obs=19124206872628 bar=8.400
[BAR_OBS] ep=96 xcd=5 drain=0.440 l1=0.280 wait=3.000 acq=0.040 obs=19124206872703 bar=3.760
[BAR_ARR] ep=96 xcd=6 l1=0.360 l2=0.320
[BAR_OBS] ep=96 xcd=7 drain=0.440 l1=0.320 wait=6.240 acq=0.040 obs=19124206872605 bar=7.040
[BAR_ARR] ep=96 xcd=5 l1=0.280 l2=0.480
[BAR_REL] ep=96 xcd=5 rel=19124206872575
[BAR_ARR] ep=97 xcd=0 l1=0.240 l2=0.560
[BAR_ARR] ep=97 xcd=3 l1=0.200 l2=0.360
[BAR_ARR] ep=97 xcd=6 l1=0.320 l2=0.360
[OPROJ_INNER] slicewait=2.04 mfma=3.80 bar=3.68 rmsnorm_router=1.48 topk=2.80 total=13.80
[OPROJ_INNER] slicewait=1.08 mfma=4.20 bar=3.76 rmsnorm_router=1.44 topk=3.72 total=14.20
[OPROJ_INNER] slicewait=3.92 mfma=4.44 bar=8.96 rmsnorm_router=1.48 topk=3.40 total=22.20
[OPROJ_INNER] slicewait=6.76 mfma=4.64 bar=6.32 rmsnorm_router=1.52 topk=0.40 total=19.64
[OPROJ_INNER] slicewait=4.20 mfma=3.88 bar=4.92 rmsnorm_router=1.44 topk=0.64 total=15.08
[OPROJ_INNER] slicewait=3.60 mfma=4.24 bar=9.72 rmsnorm_router=1.48 topk=1.04 total=20.08
[BAR_ARR] ep=97 xcd=4 l1=0.320 l2=0.360
[BAR_ARR] ep=97 xcd=7 l1=0.280 l2=0.400
[BAR_OBS] ep=97 xcd=2 drain=0.360 l1=0.240 wait=3.040 acq=0.040 obs=19124207188383 bar=3.680
[OPROJ_INNER] slicewait=4.08 mfma=4.12 bar=9.28 rmsnorm_router=1.48 topk=3.12 total=22.08
[BAR_OBS] ep=97 xcd=1 drain=0.440 l1=0.200 wait=4.200 acq=0.080 obs=19124207188326 bar=4.920
[BAR_REL] ep=97 xcd=4 rel=19124207188288
[BAR_OBS] ep=97 xcd=6 drain=0.440 l1=0.320 wait=8.160 acq=0.040 obs=19124207188388 bar=8.960
[BAR_OBS] ep=97 xcd=3 drain=0.400 l1=0.160 wait=5.680 acq=0.080 obs=19124207188288 bar=6.320
[OPROJ_INNER] slicewait=8.28 mfma=3.80 bar=4.48 rmsnorm_router=1.80 topk=1.64 total=20.00
[BAR_ARR] ep=97 xcd=1 l1=0.200 l2=0.320
[BAR_OBS] ep=97 xcd=0 drain=0.440 l1=0.240 wait=8.960 acq=0.080 obs=19124207188335 bar=9.720
[BAR_OBS] ep=97 xcd=5 drain=0.440 l1=0.280 wait=2.960 acq=0.080 obs=19124207188403 bar=3.760
[BAR_ARR] ep=97 xcd=2 l1=0.240 l2=0.360
[BAR_ARR] ep=97 xcd=5 l1=0.280 l2=0.360
[BAR_OBS] ep=97 xcd=7 drain=0.440 l1=0.320 wait=8.480 acq=0.040 obs=19124207188381 bar=9.280
[BAR_OBS] ep=97 xcd=4 drain=0.480 l1=0.320 wait=3.640 acq=0.040 obs=19124207188300 bar=4.480
[BAR_ARR] ep=98 xcd=0 l1=0.240 l2=0.360
[BAR_ARR] ep=98 xcd=3 l1=0.200 l2=0.240
[BAR_ARR] ep=98 xcd=2 l1=0.200 l2=0.280
[OPROJ_INNER] slicewait=6.28 mfma=9.80 bar=6.20 rmsnorm_router=1.64 topk=0.40 total=24.32
[OPROJ_INNER] slicewait=4.44 mfma=7.32 bar=10.04 rmsnorm_router=1.48 topk=0.44 total=23.72
[OPROJ_INNER] slicewait=3.20 mfma=6.76 bar=7.44 rmsnorm_router=1.44 topk=3.60 total=22.44
[OPROJ_INNER] slicewait=3.24 mfma=5.80 bar=5.24 rmsnorm_router=1.44 topk=2.52 total=18.24
[OPROJ_INNER] slicewait=5.96 mfma=8.56 bar=7.80 rmsnorm_router=1.52 topk=0.40 total=24.24
[BAR_OBS] ep=98 xcd=3 drain=0.360 l1=0.200 wait=5.560 acq=0.080 obs=19124207538132 bar=6.200
[BAR_ARR] ep=98 xcd=1 l1=0.240 l2=0.280
[OPROJ_INNER] slicewait=3.20 mfma=5.72 bar=5.84 rmsnorm_router=1.40 topk=0.44 total=16.60
[OPROJ_INNER] slicewait=2.08 mfma=3.88 bar=3.88 rmsnorm_router=1.48 topk=3.56 total=14.88
[BAR_OBS] ep=98 xcd=2 drain=0.400 l1=0.200 wait=7.120 acq=0.080 obs=19124207538147 bar=7.800
[OPROJ_INNER] slicewait=1.84 mfma=3.80 bar=3.88 rmsnorm_router=1.44 topk=3.64 total=14.60
[BAR_OBS] ep=98 xcd=7 drain=0.480 l1=0.280 wait=6.640 acq=0.040 obs=19124207538261 bar=7.440
[BAR_OBS] ep=98 xcd=1 drain=0.360 l1=0.240 wait=5.160 acq=0.080 obs=19124207538146 bar=5.840
[BAR_ARR] ep=98 xcd=7 l1=0.280 l2=0.360
[BAR_OBS] ep=98 xcd=0 drain=0.400 l1=0.240 wait=9.320 acq=0.080 obs=19124207538179 bar=10.040
[BAR_OBS] ep=98 xcd=6 drain=0.480 l1=0.320 wait=4.360 acq=0.080 obs=19124207538224 bar=5.240
[BAR_OBS] ep=98 xcd=4 drain=0.480 l1=0.320 wait=3.000 acq=0.080 obs=19124207538264 bar=3.880
[BAR_OBS] ep=98 xcd=5 drain=0.440 l1=0.280 wait=3.120 acq=0.040 obs=19124207538267 bar=3.880
[BAR_ARR] ep=98 xcd=6 l1=0.320 l2=0.440
[BAR_ARR] ep=98 xcd=4 l1=0.320 l2=0.480
[BAR_ARR] ep=98 xcd=5 l1=0.280 l2=0.440
[BAR_REL] ep=98 xcd=4 rel=19124207538144
[BAR_ARR] ep=99 xcd=4 l1=0.320 l2=0.360
[OPROJ_INNER] slicewait=2.48 mfma=3.96 bar=2.48 rmsnorm_router=1.60 topk=0.40 total=10.92
[BAR_ARR] ep=99 xcd=7 l1=0.280 l2=0.360
[BAR_ARR] ep=99 xcd=6 l1=0.320 l2=0.360
[OPROJ_INNER] slicewait=4.60 mfma=7.76 bar=9.72 rmsnorm_router=1.44 topk=2.40 total=25.92
[OPROJ_INNER] slicewait=1.40 mfma=3.76 bar=3.52 rmsnorm_router=1.40 topk=3.40 total=13.48
[BAR_REL] ep=99 xcd=4 rel=19124207843396
[BAR_OBS] ep=99 xcd=2 drain=0.360 l1=0.200 wait=1.840 acq=0.080 obs=19124207843379 bar=2.480
[BAR_ARR] ep=99 xcd=3 l1=0.240 l2=0.280
[BAR_ARR] ep=99 xcd=1 l1=0.200 l2=0.400
[BAR_ARR] ep=99 xcd=2 l1=0.200 l2=0.440
[OPROJ_INNER] slicewait=4.40 mfma=8.76 bar=8.68 rmsnorm_router=1.40 topk=1.88 total=25.12
[OPROJ_INNER] slicewait=3.44 mfma=10.96 bar=8.08 rmsnorm_router=1.44 topk=0.44 total=24.36
[OPROJ_INNER] slicewait=0.72 mfma=15.48 bar=7.28 rmsnorm_router=1.44 topk=0.40 total=25.32
[BAR_OBS] ep=99 xcd=7 drain=0.480 l1=0.280 wait=8.920 acq=0.040 obs=19124207843461 bar=9.720
[BAR_OBS] ep=99 xcd=4 drain=0.520 l1=0.320 wait=2.600 acq=0.080 obs=19124207843484 bar=3.520
[BAR_OBS] ep=99 xcd=1 drain=0.400 l1=0.200 wait=7.400 acq=0.080 obs=19124207843422 bar=8.080
[BAR_OBS] ep=99 xcd=3 drain=0.400 l1=0.200 wait=6.600 acq=0.080 obs=19124207843408 bar=7.280
[BAR_ARR] ep=99 xcd=5 l1=0.280 l2=0.360
[OPROJ_INNER] slicewait=3.48 mfma=8.60 bar=10.60 rmsnorm_router=1.48 topk=1.48 total=25.64
[OPROJ_INNER] slicewait=5.84 mfma=10.12 bar=6.44 rmsnorm_router=1.48 topk=2.44 total=26.32
[BAR_ARR] ep=99 xcd=0 l1=0.240 l2=0.400
[BAR_OBS] ep=99 xcd=6 drain=0.440 l1=0.320 wait=7.840 acq=0.080 obs=19124207843440 bar=8.680
[BAR_OBS] ep=99 xcd=0 drain=0.440 l1=0.240 wait=9.840 acq=0.080 obs=19124207843443 bar=10.600
[BAR_OBS] ep=99 xcd=5 drain=0.480 l1=0.280 wait=5.640 acq=0.040 obs=19124207843463 bar=6.440
[BAR_ARR] ep=100 xcd=7 l1=0.280 l2=0.360
[OPROJ_INNER] slicewait=3.72 mfma=8.64 bar=8.40 rmsnorm_router=1.40 topk=1.68 total=23.84
[OPROJ_INNER] slicewait=1.76 mfma=3.80 bar=3.76 rmsnorm_router=1.40 topk=3.08 total=13.80
[BAR_ARR] ep=100 xcd=4 l1=0.320 l2=0.360
[BAR_ARR] ep=100 xcd=2 l1=0.200 l2=0.520
[OPROJ_INNER] slicewait=1.00 mfma=4.36 bar=2.84 rmsnorm_router=1.52 topk=1.36 total=11.08
[OPROJ_INNER] slicewait=8.60 mfma=5.32 bar=6.72 rmsnorm_router=1.40 topk=1.80 total=23.84
[OPROJ_INNER] slicewait=2.48 mfma=4.84 bar=5.00 rmsnorm_router=1.44 topk=2.28 total=16.04
[OPROJ_INNER] slicewait=7.72 mfma=6.16 bar=5.08 rmsnorm_router=1.68 topk=1.04 total=21.68
[BAR_REL] ep=100 xcd=4 rel=19124208237628
[BAR_OBS] ep=100 xcd=2 drain=0.360 l1=0.240 wait=6.040 acq=0.080 obs=19124208237687 bar=6.720
[BAR_ARR] ep=100 xcd=1 l1=0.200 l2=0.280
[BAR_OBS] ep=100 xcd=7 drain=0.440 l1=0.320 wait=7.560 acq=0.080 obs=19124208237677 bar=8.400
[BAR_OBS] ep=100 xcd=3 drain=0.400 l1=0.200 wait=3.080 acq=0.080 obs=19124208237732 bar=3.760
[BAR_OBS] ep=100 xcd=5 drain=0.440 l1=0.280 wait=2.040 acq=0.080 obs=19124208237663 bar=2.840
[OPROJ_INNER] slicewait=2.24 mfma=6.60 bar=8.96 rmsnorm_router=1.44 topk=0.48 total=19.72
[BAR_ARR] ep=100 xcd=3 l1=0.200 l2=0.400
[BAR_ARR] ep=100 xcd=0 l1=0.240 l2=0.400
[OPROJ_INNER] slicewait=2.44 mfma=10.24 bar=8.84 rmsnorm_router=1.48 topk=1.92 total=24.92
[BAR_OBS] ep=100 xcd=1 drain=0.360 l1=0.200 wait=8.320 acq=0.080 obs=19124208237650 bar=8.960
[BAR_ARR] ep=100 xcd=5 l1=0.280 l2=0.440
[BAR_OBS] ep=100 xcd=4 drain=0.480 l1=0.320 wait=4.240 acq=0.040 obs=19124208237648 bar=5.080
[BAR_OBS] ep=100 xcd=6 drain=0.440 l1=0.360 wait=4.120 acq=0.080 obs=19124208237692 bar=5.000
[BAR_OBS] ep=100 xcd=0 drain=0.400 l1=0.240 wait=8.120 acq=0.080 obs=19124208237695 bar=8.840
[BAR_ARR] ep=100 xcd=6 l1=0.360 l2=0.360
[BAR_ARR] ep=101 xcd=1 l1=0.200 l2=0.640
[BAR_ARR] ep=101 xcd=0 l1=0.200 l2=0.440
[OPROJ_INNER] slicewait=4.96 mfma=3.96 bar=6.64 rmsnorm_router=1.48 topk=1.52 total=18.56
[OPROJ_INNER] slicewait=3.88 mfma=4.20 bar=9.80 rmsnorm_router=1.44 topk=0.48 total=19.80
[BAR_ARR] ep=101 xcd=3 l1=0.200 l2=0.440
[OPROJ_INNER] slicewait=2.92 mfma=11.68 bar=7.24 rmsnorm_router=1.44 topk=2.64 total=25.92
[BAR_ARR] ep=101 xcd=5 l1=0.320 l2=0.320
[BAR_ARR] ep=101 xcd=4 l1=0.280 l2=0.400
[OPROJ_INNER] slicewait=2.68 mfma=3.88 bar=3.52 rmsnorm_router=1.44 topk=3.12 total=14.64
[OPROJ_INNER] slicewait=1.16 mfma=4.32 bar=3.36 rmsnorm_router=1.44 topk=2.64 total=12.92
[OPROJ_INNER] slicewait=4.72 mfma=8.60 bar=6.76 rmsnorm_router=1.48 topk=0.40 total=21.96
[BAR_ARR] ep=101 xcd=2 l1=0.200 l2=0.400
[BAR_OBS] ep=101 xcd=0 drain=0.400 l1=0.240 wait=9.080 acq=0.080 obs=19124208597075 bar=9.800
[OPROJ_INNER] slicewait=2.52 mfma=5.56 bar=4.00 rmsnorm_router=1.76 topk=0.76 total=14.60
[BAR_REL] ep=101 xcd=4 rel=19124208597060
[BAR_OBS] ep=101 xcd=2 drain=0.400 l1=0.200 wait=6.120 acq=0.040 obs=19124208597063 bar=6.760
[BAR_OBS] ep=101 xcd=3 drain=0.360 l1=0.200 wait=6.600 acq=0.080 obs=19124208597148 bar=7.240
[BAR_ARR] ep=101 xcd=7 l1=0.320 l2=0.320
[BAR_OBS] ep=101 xcd=6 drain=0.480 l1=0.320 wait=3.120 acq=0.080 obs=19124208597064 bar=4.000
[OPROJ_INNER] slicewait=4.80 mfma=3.92 bar=6.84 rmsnorm_router=1.40 topk=2.44 total=19.40
[BAR_OBS] ep=101 xcd=1 drain=0.400 l1=0.200 wait=5.960 acq=0.080 obs=19124208597118 bar=6.640
[BAR_OBS] ep=101 xcd=5 drain=0.440 l1=0.240 wait=2.600 acq=0.080 obs=19124208597139 bar=3.360
[BAR_ARR] ep=101 xcd=6 l1=0.320 l2=0.480
[BAR_OBS] ep=101 xcd=4 drain=0.480 l1=0.320 wait=2.640 acq=0.080 obs=19124208597152 bar=3.520
[BAR_OBS] ep=101 xcd=7 drain=0.480 l1=0.280 wait=6.000 acq=0.080 obs=19124208597129 bar=6.840
[BAR_ARR] ep=102 xcd=5 l1=0.280 l2=0.360
[OPROJ_INNER] slicewait=2.96 mfma=3.96 bar=2.48 rmsnorm_router=1.60 topk=0.36 total=11.36
[BAR_ARR] ep=102 xcd=1 l1=0.200 l2=0.240
[OPROJ_INNER] slicewait=3.96 mfma=5.68 bar=11.92 rmsnorm_router=1.44 topk=2.88 total=25.88
[BAR_ARR] ep=102 xcd=2 l1=0.240 l2=0.280
[OPROJ_INNER] slicewait=1.92 mfma=4.80 bar=3.32 rmsnorm_router=1.44 topk=0.56 total=12.04
[BAR_ARR] ep=102 xcd=0 l1=0.240 l2=0.400
[BAR_OBS] ep=102 xcd=1 drain=0.400 l1=0.200 wait=11.240 acq=0.080 obs=19124208984246 bar=11.920
[OPROJ_INNER] slicewait=3.88 mfma=4.72 bar=11.80 rmsnorm_router=1.48 topk=2.32 total=24.20
[OPROJ_INNER] slicewait=9.60 mfma=5.44 bar=6.04 rmsnorm_router=1.52 topk=1.76 total=24.36
[BAR_OBS] ep=102 xcd=3 drain=0.360 l1=0.200 wait=1.880 acq=0.040 obs=19124208984140 bar=2.480
[BAR_OBS] ep=102 xcd=0 drain=0.400 l1=0.240 wait=11.080 acq=0.080 obs=19124208984227 bar=11.800
[BAR_ARR] ep=102 xcd=3 l1=0.200 l2=0.440
[BAR_OBS] ep=102 xcd=2 drain=0.400 l1=0.240 wait=2.640 acq=0.040 obs=19124208984179 bar=3.320
[OPROJ_INNER] slicewait=2.32 mfma=3.84 bar=3.88 rmsnorm_router=1.44 topk=3.56 total=15.04
[OPROJ_INNER] slicewait=3.48 mfma=6.00 bar=6.44 rmsnorm_router=1.48 topk=1.16 total=18.56
[OPROJ_INNER] slicewait=2.96 mfma=6.12 bar=6.44 rmsnorm_router=1.52 topk=1.76 total=18.80
[BAR_OBS] ep=102 xcd=5 drain=0.520 l1=0.280 wait=5.160 acq=0.080 obs=19124208984203 bar=6.040
[BAR_OBS] ep=102 xcd=6 drain=0.480 l1=0.320 wait=5.560 acq=0.080 obs=19124208984192 bar=6.440
[BAR_OBS] ep=102 xcd=7 drain=0.440 l1=0.320 wait=5.600 acq=0.080 obs=19124208984181 bar=6.440
[BAR_OBS] ep=102 xcd=4 drain=0.520 l1=0.320 wait=2.960 acq=0.080 obs=19124208984272 bar=3.880
[BAR_ARR] ep=102 xcd=6 l1=0.320 l2=0.440
[BAR_ARR] ep=102 xcd=7 l1=0.320 l2=0.360
[BAR_ARR] ep=102 xcd=4 l1=0.320 l2=0.400
[BAR_REL] ep=102 xcd=4 rel=19124208984160
[BAR_ARR] ep=103 xcd=1 l1=0.200 l2=0.360
[BAR_ARR] ep=103 xcd=7 l1=0.320 l2=0.360
[OPROJ_INNER] slicewait=2.04 mfma=3.92 bar=2.68 rmsnorm_router=1.44 topk=0.40 total=10.48
[OPROJ_INNER] slicewait=2.52 mfma=3.76 bar=3.68 rmsnorm_router=1.44 topk=3.16 total=14.56
[BAR_ARR] ep=103 xcd=4 l1=0.280 l2=0.400
[OPROJ_INNER] slicewait=4.00 mfma=6.60 bar=9.48 rmsnorm_router=1.48 topk=2.96 total=24.52
[OPROJ_INNER] slicewait=3.20 mfma=5.76 bar=6.40 rmsnorm_router=1.48 topk=1.60 total=18.44
[OPROJ_INNER] slicewait=3.48 mfma=3.88 bar=3.48 rmsnorm_router=1.48 topk=3.20 total=15.52
[BAR_REL] ep=103 xcd=4 rel=19124209283140
[BAR_ARR] ep=103 xcd=5 l1=0.280 l2=0.360
[OPROJ_INNER] slicewait=2.48 mfma=5.60 bar=5.92 rmsnorm_router=1.48 topk=2.56 total=18.04
[BAR_OBS] ep=103 xcd=2 drain=0.360 l1=0.240 wait=3.000 acq=0.080 obs=19124209283239 bar=3.680
[BAR_OBS] ep=103 xcd=3 drain=0.360 l1=0.200 wait=2.080 acq=0.040 obs=19124209283164 bar=2.680
[BAR_ARR] ep=103 xcd=2 l1=0.240 l2=0.360
[OPROJ_INNER] slicewait=4.92 mfma=3.88 bar=6.24 rmsnorm_router=1.48 topk=3.32 total=19.84
[BAR_ARR] ep=103 xcd=3 l1=0.200 l2=0.640
[BAR_OBS] ep=103 xcd=7 drain=0.480 l1=0.280 wait=8.640 acq=0.080 obs=19124209283221 bar=9.480
[BAR_OBS] ep=103 xcd=1 drain=0.520 l1=0.200 wait=5.120 acq=0.080 obs=19124209283222 bar=5.920
[BAR_OBS] ep=103 xcd=6 drain=0.480 l1=0.320 wait=5.560 acq=0.040 obs=19124209283188 bar=6.400
[BAR_OBS] ep=103 xcd=0 drain=0.400 l1=0.240 wait=5.560 acq=0.040 obs=19124209283247 bar=6.240
[BAR_OBS] ep=103 xcd=4 drain=0.480 l1=0.320 wait=2.640 acq=0.040 obs=19124209283232 bar=3.480
[BAR_ARR] ep=103 xcd=0 l1=0.240 l2=0.440
[OPROJ_INNER] slicewait=11.48 mfma=3.88 bar=6.28 rmsnorm_router=1.48 topk=2.36 total=25.48
[BAR_ARR] ep=103 xcd=6 l1=0.320 l2=0.360
[BAR_OBS] ep=103 xcd=5 drain=0.480 l1=0.280 wait=5.440 acq=0.080 obs=19124209283211 bar=6.280
[BAR_ARR] ep=104 xcd=6 l1=0.320 l2=0.600
[OPROJ_INNER] slicewait=1.88 mfma=3.80 bar=3.84 rmsnorm_router=1.44 topk=2.88 total=13.84
[BAR_ARR] ep=104 xcd=3 l1=0.200 l2=0.320
[BAR_ARR] ep=104 xcd=5 l1=0.280 l2=0.360
[OPROJ_INNER] slicewait=1.28 mfma=3.76 bar=3.36 rmsnorm_router=1.48 topk=2.36 total=12.24
[BAR_ARR] ep=104 xcd=1 l1=0.240 l2=0.360
[OPROJ_INNER] slicewait=5.28 mfma=3.08 bar=9.60 rmsnorm_router=1.48 topk=0.68 total=20.12
[OPROJ_INNER] slicewait=3.28 mfma=5.32 bar=6.28 rmsnorm_router=1.48 topk=2.80 total=19.16
[OPROJ_INNER] slicewait=1.92 mfma=3.80 bar=3.24 rmsnorm_router=1.44 topk=0.72 total=11.12
[OPROJ_INNER] slicewait=4.00 mfma=4.00 bar=9.68 rmsnorm_router=1.44 topk=3.68 total=22.80
[BAR_OBS] ep=104 xcd=2 drain=0.360 l1=0.200 wait=3.200 acq=0.080 obs=19124209613291 bar=3.840
[BAR_ARR] ep=104 xcd=7 l1=0.280 l2=0.360
[BAR_OBS] ep=104 xcd=1 drain=0.400 l1=0.200 wait=8.960 acq=0.040 obs=19124209613238 bar=9.600
[BAR_ARR] ep=104 xcd=4 l1=0.280 l2=0.400
[OPROJ_INNER] slicewait=3.64 mfma=4.60 bar=6.96 rmsnorm_router=1.44 topk=0.72 total=17.36
[BAR_OBS] ep=104 xcd=0 drain=0.400 l1=0.240 wait=5.560 acq=0.080 obs=19124209613287 bar=6.280
[OPROJ_INNER] slicewait=8.08 mfma=3.84 bar=4.56 rmsnorm_router=1.64 topk=1.44 total=19.56
[BAR_ARR] ep=104 xcd=0 l1=0.240 l2=0.440
[BAR_OBS] ep=104 xcd=3 drain=0.400 l1=0.160 wait=2.600 acq=0.080 obs=19124209613236 bar=3.240
[BAR_REL] ep=104 xcd=4 rel=19124209613192
[BAR_ARR] ep=104 xcd=2 l1=0.200 l2=0.600
[BAR_OBS] ep=104 xcd=5 drain=0.480 l1=0.280 wait=2.520 acq=0.080 obs=19124209613271 bar=3.360
[BAR_OBS] ep=104 xcd=6 drain=0.480 l1=0.320 wait=8.800 acq=0.080 obs=19124209613304 bar=9.680
[BAR_OBS] ep=104 xcd=4 drain=0.480 l1=0.320 wait=3.680 acq=0.080 obs=19124209613216 bar=4.560
[BAR_OBS] ep=104 xcd=7 drain=0.440 l1=0.320 wait=6.120 acq=0.080 obs=19124209613221 bar=6.960
[BAR_ARR] ep=105 xcd=1 l1=0.200 l2=0.400
[BAR_ARR] ep=105 xcd=3 l1=0.160 l2=0.320
[BAR_ARR] ep=105 xcd=2 l1=0.240 l2=0.280
[OPROJ_INNER] slicewait=1.72 mfma=4.40 bar=3.20 rmsnorm_router=1.44 topk=0.64 total=11.40
[BAR_ARR] ep=105 xcd=4 l1=0.320 l2=0.360
[BAR_ARR] ep=105 xcd=0 l1=0.200 l2=0.280
[OPROJ_INNER] slicewait=5.92 mfma=3.92 bar=7.00 rmsnorm_router=1.44 topk=2.56 total=20.84
[OPROJ_INNER] slicewait=7.00 mfma=8.32 bar=7.32 rmsnorm_router=1.68 topk=0.40 total=24.72
[OPROJ_INNER] slicewait=3.32 mfma=10.96 bar=8.08 rmsnorm_router=1.64 topk=0.48 total=24.48
[OPROJ_INNER] slicewait=2.80 mfma=3.84 bar=3.56 rmsnorm_router=1.40 topk=2.64 total=14.24
[BAR_REL] ep=105 xcd=4 rel=19124209978916
[BAR_OBS] ep=105 xcd=2 drain=0.360 l1=0.200 wait=6.680 acq=0.080 obs=19124209978899 bar=7.320
[BAR_ARR] ep=105 xcd=6 l1=0.320 l2=0.440
[OPROJ_INNER] slicewait=6.88 mfma=3.96 bar=7.48 rmsnorm_router=1.48 topk=3.64 total=23.44
[BAR_OBS] ep=105 xcd=1 drain=0.360 l1=0.240 wait=6.320 acq=0.080 obs=19124209978998 bar=7.000
[BAR_ARR] ep=105 xcd=5 l1=0.280 l2=0.360
[OPROJ_INNER] slicewait=6.92 mfma=5.80 bar=11.56 rmsnorm_router=1.44 topk=3.52 total=29.24
[BAR_OBS] ep=105 xcd=0 drain=0.400 l1=0.240 wait=7.400 acq=0.040 obs=19124209978903 bar=8.080
[BAR_OBS] ep=105 xcd=3 drain=0.400 l1=0.160 wait=2.560 acq=0.080 obs=19124209978940 bar=3.200
[OPROJ_INNER] slicewait=11.68 mfma=6.20 bar=4.80 rmsnorm_router=1.48 topk=1.48 total=25.64
[BAR_OBS] ep=105 xcd=4 drain=0.480 l1=0.320 wait=2.680 acq=0.080 obs=19124209978996 bar=3.560
[BAR_OBS] ep=105 xcd=6 drain=0.520 l1=0.320 wait=10.640 acq=0.080 obs=19124209979024 bar=11.560
[BAR_OBS] ep=105 xcd=7 drain=0.440 l1=0.320 wait=6.640 acq=0.080 obs=19124209979033 bar=7.480
[BAR_OBS] ep=105 xcd=5 drain=0.480 l1=0.280 wait=4.000 acq=0.040 obs=19124209978959 bar=4.800
[BAR_ARR] ep=105 xcd=7 l1=0.320 l2=0.400
[BAR_ARR] ep=106 xcd=1 l1=0.200 l2=0.280
[OPROJ_INNER] slicewait=5.80 mfma=3.96 bar=6.24 rmsnorm_router=1.40 topk=0.48 total=17.88
[OPROJ_INNER] slicewait=2.20 mfma=3.80 bar=2.52 rmsnorm_router=1.60 topk=0.40 total=10.52
[BAR_ARR] ep=106 xcd=6 l1=0.320 l2=0.400
[OPROJ_INNER] slicewait=5.68 mfma=3.76 bar=7.60 rmsnorm_router=1.44 topk=3.60 total=22.08
[BAR_ARR] ep=106 xcd=5 l1=0.280 l2=0.480
[OPROJ_INNER] slicewait=4.88 mfma=3.76 bar=5.68 rmsnorm_router=1.44 topk=1.28 total=17.04
[BAR_ARR] ep=106 xcd=4 l1=0.320 l2=0.360
[OPROJ_INNER] slicewait=12.00 mfma=4.24 bar=5.48 rmsnorm_router=1.76 topk=1.24 total=24.72
[BAR_ARR] ep=106 xcd=3 l1=0.200 l2=0.280
[OPROJ_INNER] slicewait=13.56 mfma=2.36 bar=6.20 rmsnorm_router=1.68 topk=1.56 total=25.36
[BAR_OBS] ep=106 xcd=0 drain=0.400 l1=0.240 wait=5.520 acq=0.080 obs=19124210348811 bar=6.240
[BAR_OBS] ep=106 xcd=1 drain=0.360 l1=0.200 wait=5.040 acq=0.080 obs=19124210348834 bar=5.680
[BAR_ARR] ep=106 xcd=0 l1=0.240 l2=0.520
[OPROJ_INNER] slicewait=5.08 mfma=3.84 bar=8.76 rmsnorm_router=1.72 topk=0.92 total=20.32
[OPROJ_INNER] slicewait=14.96 mfma=2.36 bar=6.24 rmsnorm_router=1.52 topk=0.40 total=25.48
[BAR_OBS] ep=106 xcd=7 drain=0.480 l1=0.320 wait=6.720 acq=0.080 obs=19124210348897 bar=7.600
[BAR_REL] ep=106 xcd=4 rel=19124210348788
[BAR_ARR] ep=106 xcd=7 l1=0.320 l2=0.440
[BAR_OBS] ep=106 xcd=6 drain=0.480 l1=0.320 wait=7.920 acq=0.040 obs=19124210348804 bar=8.760
[BAR_OBS] ep=106 xcd=3 drain=0.360 l1=0.160 wait=5.680 acq=0.040 obs=19124210348776 bar=6.240
[BAR_OBS] ep=106 xcd=5 drain=0.440 l1=0.280 wait=5.440 acq=0.040 obs=19124210348807 bar=6.200
[BAR_OBS] ep=106 xcd=2 drain=0.360 l1=0.200 wait=1.920 acq=0.040 obs=19124210348783 bar=2.520
[BAR_OBS] ep=106 xcd=4 drain=0.480 l1=0.320 wait=4.640 acq=0.040 obs=19124210348800 bar=5.480
[BAR_ARR] ep=106 xcd=2 l1=0.200 l2=0.480
[OPROJ_INNER] slicewait=2.20 mfma=3.92 bar=2.72 rmsnorm_router=1.44 topk=0.40 total=10.68
[OPROJ_INNER] slicewait=1.36 mfma=4.32 bar=3.64 rmsnorm_router=1.44 topk=2.96 total=13.72
[OPROJ_INNER] slicewait=4.60 mfma=6.28 bar=7.48 rmsnorm_router=1.44 topk=3.56 total=23.36
[BAR_ARR] ep=107 xcd=5 l1=0.280 l2=0.360
[BAR_ARR] ep=107 xcd=0 l1=0.240 l2=0.280
[OPROJ_INNER] slicewait=6.84 mfma=7.88 bar=10.44 rmsnorm_router=1.52 topk=0.44 total=27.12
[OPROJ_INNER] slicewait=6.64 mfma=3.92 bar=8.00 rmsnorm_router=1.44 topk=0.48 total=20.48
[BAR_REL] ep=107 xcd=5 rel=19124210697479
[OPROJ_INNER] slicewait=15.32 mfma=3.80 bar=7.08 rmsnorm_router=1.68 topk=1.20 total=29.08
[BAR_ARR] ep=107 xcd=7 l1=0.280 l2=0.560
[BAR_ARR] ep=107 xcd=1 l1=0.200 l2=0.360
[BAR_OBS] ep=107 xcd=2 drain=0.400 l1=0.200 wait=2.040 acq=0.080 obs=19124210697495 bar=2.720
[BAR_OBS] ep=107 xcd=6 drain=0.480 l1=0.320 wait=6.640 acq=0.040 obs=19124210697580 bar=7.480
[OPROJ_INNER] slicewait=6.72 mfma=3.84 bar=8.64 rmsnorm_router=1.56 topk=1.16 total=21.92
[BAR_OBS] ep=107 xcd=0 drain=0.400 l1=0.240 wait=7.280 acq=0.080 obs=19124210697511 bar=8.000
[BAR_ARR] ep=107 xcd=2 l1=0.200 l2=0.560
[BAR_OBS] ep=107 xcd=3 drain=0.360 l1=0.200 wait=3.000 acq=0.080 obs=19124210697576 bar=3.640
[BAR_ARR] ep=107 xcd=6 l1=0.320 l2=0.360
[BAR_ARR] ep=107 xcd=3 l1=0.200 l2=0.400
[BAR_OBS] ep=107 xcd=1 drain=0.360 l1=0.240 wait=9.760 acq=0.080 obs=19124210697478 bar=10.440
[BAR_ARR] ep=107 xcd=4 l1=0.320 l2=0.360
[OPROJ_INNER] slicewait=4.92 mfma=3.92 bar=3.48 rmsnorm_router=1.48 topk=2.44 total=16.24
[BAR_OBS] ep=107 xcd=5 drain=0.440 l1=0.280 wait=6.280 acq=0.080 obs=19124210697499 bar=7.080
[BAR_OBS] ep=107 xcd=7 drain=0.480 l1=0.320 wait=7.760 acq=0.080 obs=19124210697505 bar=8.640
[BAR_OBS] ep=107 xcd=4 drain=0.480 l1=0.320 wait=2.600 acq=0.080 obs=19124210697544 bar=3.480
[BAR_ARR] ep=108 xcd=0 l1=0.200 l2=0.440
[OPROJ_INNER] slicewait=1.92 mfma=15.68 bar=9.08 rmsnorm_router=1.56 topk=0.48 total=28.72
[OPROJ_INNER] slicewait=4.96 mfma=5.08 bar=3.88 rmsnorm_router=1.52 topk=2.60 total=18.04
[BAR_ARR] ep=108 xcd=7 l1=0.320 l2=0.320
[BAR_ARR] ep=108 xcd=1 l1=0.200 l2=0.280
[OPROJ_INNER] slicewait=0.60 mfma=16.76 bar=10.80 rmsnorm_router=1.44 topk=1.56 total=31.16
[BAR_OBS] ep=108 xcd=0 drain=0.360 l1=0.240 wait=8.400 acq=0.080 obs=19124211081427 bar=9.080
[BAR_ARR] ep=108 xcd=3 l1=0.200 l2=0.640
[BAR_ARR] ep=108 xcd=6 l1=0.320 l2=0.360
[BAR_OBS] ep=108 xcd=2 drain=0.360 l1=0.200 wait=3.280 acq=0.040 obs=19124211081507 bar=3.880
[OPROJ_INNER] slicewait=2.36 mfma=13.56 bar=9.80 rmsnorm_router=1.40 topk=3.00 total=30.12
[OPROJ_INNER] slicewait=1.44 mfma=3.80 bar=3.76 rmsnorm_router=1.48 topk=9.64 total=20.12
[BAR_ARR] ep=108 xcd=2 l1=0.200 l2=0.600
[BAR_OBS] ep=108 xcd=1 drain=0.360 l1=0.240 wait=10.120 acq=0.080 obs=19124211081474 bar=10.800
[OPROJ_INNER] slicewait=3.48 mfma=4.48 bar=3.16 rmsnorm_router=1.44 topk=0.72 total=13.28
[OPROJ_INNER] slicewait=2.96 mfma=8.76 bar=9.64 rmsnorm_router=1.48 topk=2.40 total=25.24
[BAR_OBS] ep=108 xcd=7 drain=0.480 l1=0.280 wait=8.960 acq=0.080 obs=19124211081509 bar=9.800
[BAR_OBS] ep=108 xcd=4 drain=0.480 l1=0.320 wait=2.880 acq=0.080 obs=19124211081544 bar=3.760
[BAR_OBS] ep=108 xcd=3 drain=0.400 l1=0.200 wait=2.480 acq=0.080 obs=19124211081452 bar=3.160
[BAR_ARR] ep=108 xcd=5 l1=0.280 l2=0.320
[OPROJ_INNER] slicewait=9.28 mfma=8.80 bar=8.56 rmsnorm_router=1.48 topk=2.68 total=30.80
[BAR_OBS] ep=108 xcd=6 drain=0.440 l1=0.360 wait=8.800 acq=0.040 obs=19124211081484 bar=9.640
[BAR_ARR] ep=108 xcd=4 l1=0.320 l2=0.400
[BAR_REL] ep=108 xcd=4 rel=19124211081416
[BAR_OBS] ep=108 xcd=5 drain=0.480 l1=0.280 wait=7.720 acq=0.080 obs=19124211081499 bar=8.560
[BAR_ARR] ep=109 xcd=3 l1=0.200 l2=0.400
[OPROJ_INNER] slicewait=6.32 mfma=3.76 bar=6.72 rmsnorm_router=1.44 topk=1.96 total=20.20
[BAR_ARR] ep=109 xcd=7 l1=0.320 l2=0.360
[BAR_ARR] ep=109 xcd=1 l1=0.200 l2=0.440
[OPROJ_INNER] slicewait=2.52 mfma=3.80 bar=3.56 rmsnorm_router=1.44 topk=2.56 total=13.88
[OPROJ_INNER] slicewait=5.04 mfma=3.92 bar=5.16 rmsnorm_router=1.52 topk=3.48 total=19.12
[OPROJ_INNER] slicewait=2.56 mfma=3.80 bar=3.32 rmsnorm_router=1.44 topk=2.16 total=13.28
[OPROJ_INNER] slicewait=2.28 mfma=3.80 bar=3.76 rmsnorm_router=1.44 topk=8.52 total=19.80
[BAR_ARR] ep=109 xcd=0 l1=0.240 l2=0.320
[BAR_OBS] ep=109 xcd=2 drain=0.360 l1=0.200 wait=2.920 acq=0.080 obs=19124211423287 bar=3.560
[BAR_ARR] ep=109 xcd=4 l1=0.320 l2=0.360
[OPROJ_INNER] slicewait=2.08 mfma=9.12 bar=9.44 rmsnorm_router=1.44 topk=0.40 total=22.48
[OPROJ_INNER] slicewait=1.48 mfma=10.00 bar=10.56 rmsnorm_router=1.44 topk=3.28 total=26.76
[BAR_ARR] ep=109 xcd=2 l1=0.200 l2=0.320
[OPROJ_INNER] slicewait=5.76 mfma=9.28 bar=5.92 rmsnorm_router=1.44 topk=3.60 total=26.00
[BAR_OBS] ep=109 xcd=1 drain=0.360 l1=0.240 wait=8.760 acq=0.080 obs=19124211423206 bar=9.440
[BAR_OBS] ep=109 xcd=6 drain=0.480 l1=0.320 wait=4.280 acq=0.080 obs=19124211423300 bar=5.160
[BAR_OBS] ep=109 xcd=3 drain=0.400 l1=0.160 wait=2.680 acq=0.080 obs=19124211423276 bar=3.320
[BAR_OBS] ep=109 xcd=5 drain=0.480 l1=0.280 wait=2.920 acq=0.080 obs=19124211423323 bar=3.760
[BAR_OBS] ep=109 xcd=7 drain=0.480 l1=0.280 wait=5.880 acq=0.080 obs=19124211423257 bar=6.720
[BAR_OBS] ep=109 xcd=0 drain=0.400 l1=0.240 wait=9.880 acq=0.040 obs=19124211423311 bar=10.560
[BAR_ARR] ep=109 xcd=5 l1=0.280 l2=0.400
[BAR_ARR] ep=109 xcd=6 l1=0.320 l2=0.360
[BAR_OBS] ep=109 xcd=4 drain=0.480 l1=0.320 wait=5.040 acq=0.080 obs=19124211423308 bar=5.920
[BAR_REL] ep=109 xcd=5 rel=19124211423199
[OPROJ_INNER] slicewait=3.92 mfma=4.56 bar=5.20 rmsnorm_router=1.44 topk=0.68 total=15.80
[BAR_ARR] ep=110 xcd=4 l1=0.320 l2=0.360
[BAR_ARR] ep=110 xcd=7 l1=0.280 l2=0.480
[OPROJ_INNER] slicewait=1.32 mfma=4.16 bar=3.64 rmsnorm_router=1.44 topk=2.32 total=12.88
[OPROJ_INNER] slicewait=3.80 mfma=4.00 bar=6.28 rmsnorm_router=1.48 topk=2.68 total=18.24
[BAR_ARR] ep=110 xcd=2 l1=0.240 l2=0.400
[OPROJ_INNER] slicewait=12.44 mfma=3.76 bar=5.12 rmsnorm_router=1.44 topk=2.92 total=25.68
[BAR_OBS] ep=110 xcd=3 drain=0.400 l1=0.200 wait=2.960 acq=0.080 obs=19124211752184 bar=3.640
[BAR_OBS] ep=110 xcd=1 drain=0.440 l1=0.200 wait=5.600 acq=0.040 obs=19124211752198 bar=6.280
[BAR_REL] ep=110 xcd=4 rel=19124211752100
[BAR_ARR] ep=110 xcd=5 l1=0.320 l2=0.360
[OPROJ_INNER] slicewait=1.04 mfma=4.16 bar=3.36 rmsnorm_router=1.48 topk=2.08 total=12.12
[BAR_OBS] ep=110 xcd=0 drain=0.360 l1=0.240 wait=4.520 acq=0.080 obs=19124211752139 bar=5.200
[OPROJ_INNER] slicewait=3.76 mfma=3.96 bar=5.36 rmsnorm_router=1.44 topk=2.88 total=17.40
[BAR_OBS] ep=110 xcd=2 drain=0.400 l1=0.200 wait=4.440 acq=0.080 obs=19124211752195 bar=5.120
[BAR_ARR] ep=110 xcd=1 l1=0.200 l2=0.400
[BAR_ARR] ep=110 xcd=3 l1=0.200 l2=0.320
[OPROJ_INNER] slicewait=6.20 mfma=5.24 bar=7.72 rmsnorm_router=1.56 topk=0.76 total=21.48
[OPROJ_INNER] slicewait=10.72 mfma=3.80 bar=4.64 rmsnorm_router=1.56 topk=1.60 total=22.32
[BAR_ARR] ep=110 xcd=0 l1=0.240 l2=0.560
[BAR_OBS] ep=110 xcd=6 drain=0.480 l1=0.320 wait=4.480 acq=0.080 obs=19124211752188 bar=5.360
[BAR_OBS] ep=110 xcd=7 drain=0.440 l1=0.320 wait=6.880 acq=0.080 obs=19124211752121 bar=7.720
[BAR_OBS] ep=110 xcd=5 drain=0.400 l1=0.280 wait=2.600 acq=0.080 obs=19124211752171 bar=3.360
[BAR_OBS] ep=110 xcd=4 drain=0.480 l1=0.320 wait=3.760 acq=0.080 obs=19124211752136 bar=4.640
[BAR_ARR] ep=110 xcd=6 l1=0.320 l2=0.640
[OPROJ_INNER] slicewait=1.76 mfma=4.36 bar=2.56 rmsnorm_router=1.72 topk=0.36 total=10.76
[OPROJ_INNER] slicewait=1.76 mfma=4.32 bar=2.68 rmsnorm_router=1.60 topk=0.40 total=10.76
[BAR_ARR] ep=111 xcd=7 l1=0.280 l2=0.360
[OPROJ_INNER] slicewait=3.92 mfma=9.88 bar=9.16 rmsnorm_router=1.44 topk=3.24 total=27.64
[BAR_ARR] ep=111 xcd=0 l1=0.240 l2=0.440
[BAR_OBS] ep=111 xcd=3 drain=0.360 l1=0.200 wait=1.920 acq=0.080 obs=19124212088716 bar=2.560
[BAR_OBS] ep=111 xcd=2 drain=0.360 l1=0.200 wait=2.040 acq=0.080 obs=19124212088723 bar=2.680
[OPROJ_INNER] slicewait=5.32 mfma=7.92 bar=7.12 rmsnorm_router=1.44 topk=0.44 total=22.24
[BAR_ARR] ep=111 xcd=1 l1=0.240 l2=0.440
[OPROJ_INNER] slicewait=1.12 mfma=4.12 bar=3.72 rmsnorm_router=1.48 topk=3.40 total=13.84
[OPROJ_INNER] slicewait=5.16 mfma=10.52 bar=8.76 rmsnorm_router=1.48 topk=0.40 total=26.32
[BAR_ARR] ep=111 xcd=2 l1=0.200 l2=0.520
[BAR_ARR] ep=111 xcd=4 l1=0.320 l2=0.400
[BAR_OBS] ep=111 xcd=7 drain=0.480 l1=0.280 wait=8.320 acq=0.080 obs=19124212088825 bar=9.160
[BAR_ARR] ep=111 xcd=6 l1=0.320 l2=0.440
[BAR_OBS] ep=111 xcd=0 drain=0.400 l1=0.240 wait=6.400 acq=0.080 obs=19124212088751 bar=7.120
[OPROJ_INNER] slicewait=11.84 mfma=5.80 bar=6.16 rmsnorm_router=1.52 topk=1.36 total=26.68
[BAR_ARR] ep=111 xcd=3 l1=0.200 l2=0.560
[BAR_OBS] ep=111 xcd=1 drain=0.360 l1=0.240 wait=8.080 acq=0.080 obs=19124212088750 bar=8.760
[OPROJ_INNER] slicewait=6.72 mfma=4.04 bar=5.96 rmsnorm_router=1.76 topk=0.64 total=19.12
[BAR_OBS] ep=111 xcd=5 drain=0.440 l1=0.280 wait=2.960 acq=0.040 obs=19124212088855 bar=3.720
[BAR_OBS] ep=111 xcd=4 drain=0.480 l1=0.320 wait=5.280 acq=0.080 obs=19124212088764 bar=6.160
[BAR_ARR] ep=111 xcd=5 l1=0.280 l2=0.400
[BAR_OBS] ep=111 xcd=6 drain=0.480 l1=0.320 wait=5.120 acq=0.040 obs=19124212088724 bar=5.960
[BAR_REL] ep=111 xcd=5 rel=19124212088727
[OPROJ_INNER] slicewait=1.76 mfma=4.20 bar=3.68 rmsnorm_router=1.44 topk=2.60 total=13.68
[BAR_ARR] ep=112 xcd=0 l1=0.240 l2=0.400
[OPROJ_INNER] slicewait=6.72 mfma=3.88 bar=7.48 rmsnorm_router=1.40 topk=0.44 total=19.92
[OPROJ_INNER] slicewait=4.08 mfma=11.64 bar=10.16 rmsnorm_router=1.48 topk=0.72 total=28.08
[BAR_ARR] ep=112 xcd=7 l1=0.280 l2=0.400
[BAR_OBS] ep=112 xcd=2 drain=0.400 l1=0.200 wait=3.000 acq=0.080 obs=19124212447343 bar=3.680
[OPROJ_INNER] slicewait=2.84 mfma=7.84 bar=6.52 rmsnorm_router=1.44 topk=2.16 total=20.80
[BAR_OBS] ep=112 xcd=1 drain=0.400 l1=0.200 wait=6.800 acq=0.080 obs=19124212447274 bar=7.480
[OPROJ_INNER] slicewait=3.08 mfma=7.12 bar=8.28 rmsnorm_router=1.48 topk=2.32 total=22.28
[OPROJ_INNER] slicewait=2.20 mfma=3.92 bar=3.72 rmsnorm_router=1.44 topk=10.76 total=22.04
[BAR_ARR] ep=112 xcd=1 l1=0.200 l2=0.440
[BAR_OBS] ep=112 xcd=6 drain=0.480 l1=0.320 wait=5.680 acq=0.040 obs=19124212447328 bar=6.520
[BAR_OBS] ep=112 xcd=0 drain=0.440 l1=0.240 wait=9.440 acq=0.040 obs=19124212447303 bar=10.160
[BAR_ARR] ep=112 xcd=2 l1=0.200 l2=0.400
[BAR_ARR] ep=112 xcd=3 l1=0.200 l2=0.400
[OPROJ_INNER] slicewait=7.60 mfma=5.84 bar=4.24 rmsnorm_router=1.44 topk=2.32 total=21.44
[BAR_ARR] ep=112 xcd=6 l1=0.320 l2=0.520
[OPROJ_INNER] slicewait=1.84 mfma=3.88 bar=2.68 rmsnorm_router=1.68 topk=0.68 total=10.76
[BAR_OBS] ep=112 xcd=7 drain=0.440 l1=0.280 wait=7.480 acq=0.080 obs=19124212447329 bar=8.280
[BAR_OBS] ep=112 xcd=3 drain=0.400 l1=0.200 wait=3.560 acq=0.080 obs=19124212447340 bar=4.240
[BAR_OBS] ep=112 xcd=4 drain=0.480 l1=0.320 wait=2.880 acq=0.040 obs=19124212447384 bar=3.720
[BAR_OBS] ep=112 xcd=5 drain=0.440 l1=0.280 wait=1.880 acq=0.080 obs=19124212447271 bar=2.680
[BAR_ARR] ep=112 xcd=4 l1=0.320 l2=0.400
[BAR_ARR] ep=112 xcd=5 l1=0.280 l2=0.360
[BAR_REL] ep=112 xcd=4 rel=19124212447256
[BAR_ARR] ep=113 xcd=0 l1=0.240 l2=0.320
[OPROJ_INNER] slicewait=1.80 mfma=4.40 bar=2.72 rmsnorm_router=1.52 topk=0.40 total=10.84
[OPROJ_INNER] slicewait=3.72 mfma=3.84 bar=5.08 rmsnorm_router=1.44 topk=1.12 total=15.20
[OPROJ_INNER] slicewait=3.64 mfma=6.36 bar=9.56 rmsnorm_router=1.44 topk=0.48 total=21.48
[OPROJ_INNER] slicewait=3.32 mfma=4.88 bar=6.24 rmsnorm_router=1.52 topk=0.88 total=16.84
[BAR_OBS] ep=113 xcd=0 drain=0.400 l1=0.240 wait=8.840 acq=0.080 obs=19124212761175 bar=9.560
[BAR_OBS] ep=113 xcd=1 drain=0.480 l1=0.200 wait=4.320 acq=0.080 obs=19124212761214 bar=5.080
[BAR_ARR] ep=113 xcd=4 l1=0.320 l2=0.400
[BAR_OBS] ep=113 xcd=7 drain=0.440 l1=0.280 wait=5.440 acq=0.080 obs=19124212761193 bar=6.240
[OPROJ_INNER] slicewait=2.40 mfma=5.56 bar=5.28 rmsnorm_router=1.44 topk=1.44 total=16.12
[BAR_OBS] ep=113 xcd=3 drain=0.400 l1=0.160 wait=2.080 acq=0.080 obs=19124212761164 bar=2.720
[BAR_ARR] ep=113 xcd=1 l1=0.200 l2=0.440
[BAR_ARR] ep=113 xcd=7 l1=0.280 l2=0.360
[BAR_ARR] ep=113 xcd=3 l1=0.160 l2=0.600
[BAR_ARR] ep=113 xcd=5 l1=0.280 l2=0.360
[OPROJ_INNER] slicewait=2.40 mfma=4.72 bar=3.36 rmsnorm_router=1.44 topk=1.60 total=13.52
[BAR_ARR] ep=113 xcd=2 l1=0.240 l2=0.280
[OPROJ_INNER] slicewait=11.96 mfma=3.80 bar=5.76 rmsnorm_router=1.44 topk=0.48 total=23.44
[BAR_REL] ep=113 xcd=4 rel=19124212761168
[OPROJ_INNER] slicewait=1.96 mfma=4.60 bar=3.60 rmsnorm_router=1.48 topk=3.32 total=14.96
[BAR_OBS] ep=113 xcd=6 drain=0.480 l1=0.360 wait=4.360 acq=0.080 obs=19124212761212 bar=5.280
[BAR_OBS] ep=113 xcd=5 drain=0.440 l1=0.280 wait=2.560 acq=0.080 obs=19124212761215 bar=3.360
[BAR_OBS] ep=113 xcd=2 drain=0.400 l1=0.200 wait=5.080 acq=0.080 obs=19124212761199 bar=5.760
[BAR_ARR] ep=113 xcd=6 l1=0.360 l2=0.440
[BAR_OBS] ep=113 xcd=4 drain=0.480 l1=0.320 wait=2.720 acq=0.080 obs=19124212761260 bar=3.600
[BAR_ARR] ep=114 xcd=3 l1=0.200 l2=0.320
[BAR_ARR] ep=114 xcd=1 l1=0.240 l2=0.280
[BAR_ARR] ep=114 xcd=4 l1=0.280 l2=0.400
[BAR_ARR] ep=114 xcd=2 l1=0.200 l2=0.400
[BAR_ARR] ep=114 xcd=6 l1=0.320 l2=0.400
[BAR_ARR] ep=114 xcd=0 l1=0.240 l2=0.280
[OPROJ_INNER] slicewait=5.40 mfma=10.40 bar=7.52 rmsnorm_router=1.48 topk=1.16 total=25.96
[OPROJ_INNER] slicewait=4.32 mfma=7.96 bar=11.04 rmsnorm_router=1.48 topk=1.92 total=26.72
[OPROJ_INNER] slicewait=3.24 mfma=13.48 bar=7.16 rmsnorm_router=1.44 topk=2.52 total=27.84
[OPROJ_INNER] slicewait=2.08 mfma=11.68 bar=10.20 rmsnorm_router=1.48 topk=0.44 total=25.88
[BAR_ARR] ep=114 xcd=7 l1=0.280 l2=0.360
[OPROJ_INNER] slicewait=1.80 mfma=3.92 bar=3.76 rmsnorm_router=1.44 topk=3.56 total=14.48
[OPROJ_INNER] slicewait=6.96 mfma=7.96 bar=8.72 rmsnorm_router=1.44 topk=0.72 total=25.80
[OPROJ_INNER] slicewait=3.72 mfma=6.56 bar=7.68 rmsnorm_router=1.56 topk=0.84 total=20.36
[BAR_OBS] ep=114 xcd=0 drain=0.400 l1=0.240 wait=9.480 acq=0.080 obs=19124213105063 bar=10.200
[BAR_OBS] ep=114 xcd=3 drain=0.400 l1=0.160 wait=6.880 acq=0.080 obs=19124213105116 bar=7.520
[BAR_OBS] ep=114 xcd=1 drain=0.400 l1=0.200 wait=10.360 acq=0.080 obs=19124213105130 bar=11.040
[OPROJ_INNER] slicewait=3.24 mfma=3.76 bar=3.52 rmsnorm_router=1.48 topk=2.48 total=14.48
[BAR_OBS] ep=114 xcd=6 drain=0.480 l1=0.320 wait=6.320 acq=0.040 obs=19124213105136 bar=7.160
[BAR_OBS] ep=114 xcd=5 drain=0.440 l1=0.280 wait=3.000 acq=0.040 obs=19124213105187 bar=3.760
[BAR_OBS] ep=114 xcd=7 drain=0.480 l1=0.320 wait=6.800 acq=0.080 obs=19124213105085 bar=7.680
[BAR_OBS] ep=114 xcd=2 drain=0.400 l1=0.200 wait=8.040 acq=0.080 obs=19124213105099 bar=8.720
[BAR_ARR] ep=114 xcd=5 l1=0.280 l2=0.360
[BAR_OBS] ep=114 xcd=4 drain=0.480 l1=0.320 wait=2.640 acq=0.080 obs=19124213105136 bar=3.520
[BAR_REL] ep=114 xcd=5 rel=19124213105063
[BAR_ARR] ep=115 xcd=1 l1=0.240 l2=0.440
[OPROJ_INNER] slicewait=1.88 mfma=4.08 bar=2.84 rmsnorm_router=1.60 topk=0.36 total=10.76
[OPROJ_INNER] slicewait=1.80 mfma=4.04 bar=3.76 rmsnorm_router=1.48 topk=2.96 total=14.04
[OPROJ_INNER] slicewait=4.08 mfma=3.84 bar=4.00 rmsnorm_router=1.44 topk=3.72 total=17.08
[BAR_ARR] ep=115 xcd=7 l1=0.280 l2=0.360
[OPROJ_INNER] slicewait=4.20 mfma=12.60 bar=8.08 rmsnorm_router=1.72 topk=1.60 total=28.20
[BAR_ARR] ep=115 xcd=6 l1=0.320 l2=0.400
[OPROJ_INNER] slicewait=7.20 mfma=3.92 bar=8.16 rmsnorm_router=1.44 topk=2.60 total=23.32
[BAR_OBS] ep=115 xcd=3 drain=0.400 l1=0.200 wait=3.080 acq=0.080 obs=19124213454892 bar=3.760
[BAR_OBS] ep=115 xcd=2 drain=0.400 l1=0.200 wait=2.160 acq=0.080 obs=19124213454799 bar=2.840
[BAR_ARR] ep=115 xcd=2 l1=0.200 l2=0.600
[BAR_OBS] ep=115 xcd=5 drain=0.440 l1=0.280 wait=3.200 acq=0.080 obs=19124213454927 bar=4.000
[BAR_OBS] ep=115 xcd=1 drain=0.400 l1=0.200 wait=7.480 acq=0.080 obs=19124213454878 bar=8.160
[BAR_ARR] ep=115 xcd=3 l1=0.200 l2=0.560
[BAR_ARR] ep=115 xcd=0 l1=0.240 l2=0.520
[BAR_OBS] ep=115 xcd=7 drain=0.440 l1=0.320 wait=7.240 acq=0.080 obs=19124213454809 bar=8.080
[BAR_ARR] ep=115 xcd=5 l1=0.280 l2=0.680
[OPROJ_INNER] slicewait=3.96 mfma=10.32 bar=9.56 rmsnorm_router=1.48 topk=0.96 total=26.28
[OPROJ_INNER] slicewait=2.00 mfma=4.20 bar=2.88 rmsnorm_router=1.80 topk=1.56 total=12.44
[BAR_REL] ep=115 xcd=5 rel=19124213454799
[OPROJ_INNER] slicewait=3.88 mfma=12.36 bar=8.84 rmsnorm_router=1.60 topk=1.24 total=27.92
[BAR_OBS] ep=115 xcd=0 drain=0.400 l1=0.240 wait=8.840 acq=0.080 obs=19124213454835 bar=9.560
[BAR_OBS] ep=115 xcd=4 drain=0.480 l1=0.320 wait=2.040 acq=0.040 obs=19124213454808 bar=2.880
[BAR_OBS] ep=115 xcd=6 drain=0.520 l1=0.320 wait=7.920 acq=0.080 obs=19124213454812 bar=8.840
[BAR_ARR] ep=115 xcd=4 l1=0.320 l2=0.600
[BAR_ARR] ep=116 xcd=3 l1=0.240 l2=0.520
[OPROJ_INNER] slicewait=6.24 mfma=3.96 bar=3.16 rmsnorm_router=1.48 topk=0.72 total=15.56
[BAR_ARR] ep=116 xcd=0 l1=0.200 l2=0.440
[BAR_ARR] ep=116 xcd=1 l1=0.240 l2=0.320
[OPROJ_INNER] slicewait=3.44 mfma=13.60 bar=9.56 rmsnorm_router=1.48 topk=0.44 total=28.52
[OPROJ_INNER] slicewait=3.44 mfma=12.88 bar=8.24 rmsnorm_router=1.48 topk=0.60 total=26.64
[BAR_OBS] ep=116 xcd=3 drain=0.400 l1=0.160 wait=2.560 acq=0.040 obs=19124213784440 bar=3.160
[BAR_ARR] ep=116 xcd=2 l1=0.240 l2=0.280
[BAR_OBS] ep=116 xcd=1 drain=0.400 l1=0.200 wait=8.920 acq=0.040 obs=19124213784422 bar=9.560
[OPROJ_INNER] slicewait=5.24 mfma=15.56 bar=6.72 rmsnorm_router=1.44 topk=0.60 total=29.56
[BAR_OBS] ep=116 xcd=0 drain=0.440 l1=0.240 wait=7.480 acq=0.080 obs=19124213784431 bar=8.240
[OPROJ_INNER] slicewait=2.28 mfma=3.88 bar=3.80 rmsnorm_router=1.40 topk=10.32 total=21.68
[OPROJ_INNER] slicewait=7.28 mfma=3.88 bar=6.44 rmsnorm_router=1.52 topk=1.36 total=20.48
[BAR_ARR] ep=116 xcd=5 l1=0.280 l2=0.320
[OPROJ_INNER] slicewait=5.56 mfma=15.56 bar=6.92 rmsnorm_router=1.44 topk=3.48 total=32.96
[BAR_OBS] ep=116 xcd=2 drain=0.400 l1=0.200 wait=6.040 acq=0.080 obs=19124213784427 bar=6.720
[BAR_ARR] ep=116 xcd=7 l1=0.320 l2=0.400
[BAR_OBS] ep=116 xcd=4 drain=0.480 l1=0.320 wait=2.920 acq=0.080 obs=19124213784528 bar=3.800
[OPROJ_INNER] slicewait=4.60 mfma=11.56 bar=8.36 rmsnorm_router=1.44 topk=2.52 total=28.48
[BAR_OBS] ep=116 xcd=6 drain=0.480 l1=0.320 wait=5.600 acq=0.040 obs=19124213784440 bar=6.440
[BAR_ARR] ep=116 xcd=6 l1=0.320 l2=0.520
[BAR_OBS] ep=116 xcd=5 drain=0.440 l1=0.280 wait=6.160 acq=0.040 obs=19124213784507 bar=6.920
[BAR_ARR] ep=116 xcd=4 l1=0.320 l2=0.360
[BAR_OBS] ep=116 xcd=7 drain=0.440 l1=0.320 wait=7.520 acq=0.080 obs=19124213784469 bar=8.360
[BAR_REL] ep=116 xcd=4 rel=19124213784400
[BAR_ARR] ep=117 xcd=1 l1=0.240 l2=0.560
[BAR_ARR] ep=117 xcd=6 l1=0.320 l2=0.400
[OPROJ_INNER] slicewait=2.52 mfma=3.80 bar=3.76 rmsnorm_router=1.44 topk=11.68 total=23.20
[OPROJ_INNER] slicewait=1.68 mfma=4.24 bar=2.52 rmsnorm_router=1.48 topk=0.40 total=10.32
[OPROJ_INNER] slicewait=5.36 mfma=6.76 bar=10.00 rmsnorm_router=1.44 topk=2.12 total=25.68
[BAR_ARR] ep=117 xcd=5 l1=0.280 l2=0.360
[BAR_ARR] ep=117 xcd=3 l1=0.200 l2=0.440
[OPROJ_INNER] slicewait=9.96 mfma=9.32 bar=6.08 rmsnorm_router=1.64 topk=0.40 total=27.40
[OPROJ_INNER] slicewait=3.64 mfma=11.32 bar=10.48 rmsnorm_router=1.48 topk=1.52 total=28.44
[BAR_ARR] ep=117 xcd=0 l1=0.240 l2=0.360
[OPROJ_INNER] slicewait=7.68 mfma=11.20 bar=7.64 rmsnorm_router=1.44 topk=3.92 total=31.88
[BAR_OBS] ep=117 xcd=2 drain=0.360 l1=0.200 wait=1.880 acq=0.080 obs=19124214122571 bar=2.520
[BAR_OBS] ep=117 xcd=4 drain=0.480 l1=0.320 wait=2.880 acq=0.080 obs=19124214122692 bar=3.760
[BAR_ARR] ep=117 xcd=7 l1=0.320 l2=0.360
[OPROJ_INNER] slicewait=2.64 mfma=13.40 bar=10.88 rmsnorm_router=1.48 topk=3.52 total=31.92
[BAR_OBS] ep=117 xcd=3 drain=0.360 l1=0.200 wait=5.480 acq=0.040 obs=19124214122576 bar=6.080
[BAR_OBS] ep=117 xcd=6 drain=0.520 l1=0.320 wait=9.080 acq=0.080 obs=19124214122628 bar=10.000
[BAR_ARR] ep=117 xcd=4 l1=0.320 l2=0.400
[BAR_ARR] ep=117 xcd=2 l1=0.200 l2=0.400
[BAR_OBS] ep=117 xcd=5 drain=0.480 l1=0.240 wait=6.840 acq=0.080 obs=19124214122683 bar=7.640
[OPROJ_INNER] slicewait=5.04 mfma=7.08 bar=8.12 rmsnorm_router=1.44 topk=2.16 total=23.84
[BAR_OBS] ep=117 xcd=1 drain=0.400 l1=0.200 wait=9.800 acq=0.080 obs=19124214122626 bar=10.480
[BAR_OBS] ep=117 xcd=0 drain=0.400 l1=0.240 wait=10.160 acq=0.080 obs=19124214122675 bar=10.880
[BAR_REL] ep=117 xcd=4 rel=19124214122564
[BAR_OBS] ep=117 xcd=7 drain=0.440 l1=0.320 wait=7.320 acq=0.040 obs=19124214122633 bar=8.120
[BAR_ARR] ep=118 xcd=1 l1=0.200 l2=0.280
[BAR_ARR] ep=118 xcd=3 l1=0.200 l2=0.400
[OPROJ_INNER] slicewait=3.80 mfma=8.84 bar=8.00 rmsnorm_router=1.56 topk=0.40 total=22.60
[BAR_ARR] ep=118 xcd=6 l1=0.320 l2=0.360
[OPROJ_INNER] slicewait=1.76 mfma=4.40 bar=3.20 rmsnorm_router=1.44 topk=0.52 total=11.32
[BAR_ARR] ep=118 xcd=0 l1=0.240 l2=0.320
[OPROJ_INNER] slicewait=6.60 mfma=3.72 bar=8.04 rmsnorm_router=1.44 topk=2.88 total=22.68
[OPROJ_INNER] slicewait=6.08 mfma=3.76 bar=6.24 rmsnorm_router=1.48 topk=2.92 total=20.48
[BAR_ARR] ep=118 xcd=5 l1=0.280 l2=0.400
[OPROJ_INNER] slicewait=2.12 mfma=3.84 bar=3.72 rmsnorm_router=1.40 topk=2.80 total=13.88
[BAR_ARR] ep=118 xcd=4 l1=0.320 l2=0.360
[OPROJ_INNER] slicewait=9.44 mfma=5.84 bar=5.88 rmsnorm_router=1.44 topk=3.84 total=26.44
[BAR_OBS] ep=118 xcd=6 drain=0.480 l1=0.360 wait=7.160 acq=0.040 obs=19124214503680 bar=8.040
[BAR_OBS] ep=118 xcd=1 drain=0.360 l1=0.240 wait=7.320 acq=0.080 obs=19124214503606 bar=8.000
[BAR_OBS] ep=118 xcd=2 drain=0.400 l1=0.200 wait=3.040 acq=0.080 obs=19124214503687 bar=3.720
[OPROJ_INNER] slicewait=3.24 mfma=6.80 bar=11.24 rmsnorm_router=1.48 topk=3.56 total=26.32
[BAR_ARR] ep=118 xcd=2 l1=0.200 l2=0.440
[BAR_OBS] ep=118 xcd=3 drain=0.400 l1=0.160 wait=2.600 acq=0.040 obs=19124214503620 bar=3.200
[OPROJ_INNER] slicewait=9.20 mfma=5.92 bar=6.28 rmsnorm_router=1.44 topk=2.60 total=25.44
[BAR_OBS] ep=118 xcd=7 drain=0.440 l1=0.320 wait=5.400 acq=0.080 obs=19124214503681 bar=6.240
[BAR_OBS] ep=118 xcd=0 drain=0.400 l1=0.240 wait=10.520 acq=0.080 obs=19124214503703 bar=11.240
[BAR_REL] ep=118 xcd=4 rel=19124214503592
[BAR_ARR] ep=118 xcd=7 l1=0.320 l2=0.360
[BAR_OBS] ep=118 xcd=5 drain=0.480 l1=0.280 wait=5.440 acq=0.080 obs=19124214503675 bar=6.280
[BAR_OBS] ep=118 xcd=4 drain=0.520 l1=0.320 wait=4.960 acq=0.080 obs=19124214503712 bar=5.880
[BAR_ARR] ep=119 xcd=2 l1=0.200 l2=0.560
[BAR_ARR] ep=119 xcd=7 l1=0.320 l2=0.360
[BAR_ARR] ep=119 xcd=3 l1=0.240 l2=0.280
[BAR_ARR] ep=119 xcd=5 l1=0.280 l2=0.360
[OPROJ_INNER] slicewait=4.00 mfma=3.92 bar=5.08 rmsnorm_router=1.48 topk=1.12 total=15.60
[OPROJ_INNER] slicewait=2.36 mfma=3.84 bar=3.16 rmsnorm_router=1.40 topk=0.52 total=11.28
[OPROJ_INNER] slicewait=8.68 mfma=3.80 bar=6.96 rmsnorm_router=1.56 topk=0.40 total=21.40
[OPROJ_INNER] slicewait=3.40 mfma=4.08 bar=3.96 rmsnorm_router=1.48 topk=1.24 total=14.16
[OPROJ_INNER] slicewait=4.36 mfma=3.84 bar=9.08 rmsnorm_router=1.48 topk=2.32 total=21.08
[BAR_REL] ep=119 xcd=5 rel=19124214849519
[OPROJ_INNER] slicewait=3.80 mfma=3.96 bar=4.00 rmsnorm_router=1.76 topk=0.76 total=14.28
[BAR_ARR] ep=119 xcd=1 l1=0.200 l2=0.280
[OPROJ_INNER] slicewait=6.40 mfma=3.80 bar=9.32 rmsnorm_router=1.44 topk=2.56 total=23.52
[BAR_OBS] ep=119 xcd=2 drain=0.400 l1=0.200 wait=6.280 acq=0.080 obs=19124214849519 bar=6.960
[BAR_OBS] ep=119 xcd=7 drain=0.480 l1=0.280 wait=8.240 acq=0.080 obs=19124214849589 bar=9.080
[BAR_OBS] ep=119 xcd=0 drain=0.360 l1=0.280 wait=4.360 acq=0.080 obs=19124214849563 bar=5.080
[BAR_OBS] ep=119 xcd=1 drain=0.400 l1=0.200 wait=8.640 acq=0.080 obs=19124214849606 bar=9.320
[BAR_OBS] ep=119 xcd=3 drain=0.400 l1=0.200 wait=2.480 acq=0.080 obs=19124214849556 bar=3.160
[BAR_ARR] ep=119 xcd=4 l1=0.280 l2=0.360
[BAR_ARR] ep=119 xcd=0 l1=0.280 l2=0.480
[OPROJ_INNER] slicewait=2.80 mfma=3.80 bar=3.44 rmsnorm_router=1.44 topk=2.68 total=14.16
[BAR_OBS] ep=119 xcd=5 drain=0.440 l1=0.280 wait=3.200 acq=0.040 obs=19124214849563 bar=3.960
[BAR_OBS] ep=119 xcd=6 drain=0.480 l1=0.320 wait=3.120 acq=0.080 obs=19124214849520 bar=4.000
[BAR_ARR] ep=119 xcd=6 l1=0.320 l2=0.440
[BAR_OBS] ep=119 xcd=4 drain=0.520 l1=0.320 wait=2.520 acq=0.080 obs=19124214849600 bar=3.440
[BAR_ARR] ep=120 xcd=7 l1=0.320 l2=0.360
[OPROJ_INNER] slicewait=1.56 mfma=4.24 bar=3.72 rmsnorm_router=1.48 topk=3.00 total=14.00
[OPROJ_INNER] slicewait=3.56 mfma=14.20 bar=9.08 rmsnorm_router=1.44 topk=1.96 total=30.24
[BAR_ARR] ep=120 xcd=0 l1=0.240 l2=0.360
[BAR_ARR] ep=120 xcd=5 l1=0.280 l2=0.440
[BAR_ARR] ep=120 xcd=1 l1=0.200 l2=0.240
[OPROJ_INNER] slicewait=6.44 mfma=8.04 bar=9.92 rmsnorm_router=1.44 topk=2.04 total=27.88
[BAR_OBS] ep=120 xcd=2 drain=0.360 l1=0.200 wait=3.120 acq=0.040 obs=19124215210051 bar=3.720
[OPROJ_INNER] slicewait=3.40 mfma=14.40 bar=9.88 rmsnorm_router=1.44 topk=2.36 total=31.48
[OPROJ_INNER] slicewait=1.16 mfma=3.76 bar=3.88 rmsnorm_router=1.44 topk=10.64 total=20.88
[BAR_ARR] ep=120 xcd=2 l1=0.200 l2=0.480
[BAR_ARR] ep=120 xcd=3 l1=0.200 l2=0.480
[OPROJ_INNER] slicewait=4.36 mfma=5.76 bar=7.52 rmsnorm_router=1.52 topk=1.36 total=20.52
[OPROJ_INNER] slicewait=13.52 mfma=8.96 bar=5.88 rmsnorm_router=1.48 topk=2.16 total=32.00
[BAR_OBS] ep=120 xcd=7 drain=0.440 l1=0.320 wait=8.280 acq=0.040 obs=19124215210001 bar=9.080
[BAR_OBS] ep=120 xcd=1 drain=0.360 l1=0.200 wait=9.240 acq=0.080 obs=19124215210026 bar=9.880
[OPROJ_INNER] slicewait=1.60 mfma=4.16 bar=3.36 rmsnorm_router=1.44 topk=1.44 total=12.00
[BAR_OBS] ep=120 xcd=0 drain=0.400 l1=0.240 wait=9.200 acq=0.080 obs=19124215210015 bar=9.920
[BAR_OBS] ep=120 xcd=5 drain=0.440 l1=0.280 wait=5.080 acq=0.080 obs=19124215210011 bar=5.880
[BAR_OBS] ep=120 xcd=3 drain=0.400 l1=0.200 wait=2.680 acq=0.080 obs=19124215210000 bar=3.360
[BAR_OBS] ep=120 xcd=6 drain=0.480 l1=0.320 wait=6.680 acq=0.040 obs=19124215209992 bar=7.520
[BAR_OBS] ep=120 xcd=4 drain=0.480 l1=0.360 wait=2.960 acq=0.080 obs=19124215210076 bar=3.880
[BAR_ARR] ep=120 xcd=6 l1=0.320 l2=0.360
[BAR_ARR] ep=120 xcd=4 l1=0.360 l2=0.360
[BAR_REL] ep=120 xcd=4 rel=19124215209952
[OPROJ_INNER] slicewait=1.96 mfma=4.60 bar=3.60 rmsnorm_router=1.44 topk=2.84 total=14.44
[OPROJ_INNER] slicewait=2.32 mfma=3.80 bar=2.60 rmsnorm_router=1.44 topk=0.36 total=10.52
[BAR_ARR] ep=121 xcd=7 l1=0.280 l2=0.360
[BAR_ARR] ep=121 xcd=0 l1=0.240 l2=0.320
[OPROJ_INNER] slicewait=3.12 mfma=11.00 bar=8.56 rmsnorm_router=1.48 topk=2.92 total=27.08
[BAR_OBS] ep=121 xcd=2 drain=0.360 l1=0.240 wait=2.920 acq=0.080 obs=19124215546843 bar=3.600
[OPROJ_INNER] slicewait=3.68 mfma=8.80 bar=7.80 rmsnorm_router=1.44 topk=1.64 total=23.36
[BAR_ARR] ep=121 xcd=4 l1=0.320 l2=0.400
[BAR_ARR] ep=121 xcd=2 l1=0.240 l2=0.280
[BAR_ARR] ep=121 xcd=5 l1=0.280 l2=0.400
[OPROJ_INNER] slicewait=9.96 mfma=3.80 bar=8.00 rmsnorm_router=1.48 topk=2.16 total=25.40
[OPROJ_INNER] slicewait=2.96 mfma=9.20 bar=7.68 rmsnorm_router=1.48 topk=2.52 total=23.84
[BAR_ARR] ep=121 xcd=1 l1=0.200 l2=0.440
[BAR_OBS] ep=121 xcd=7 drain=0.480 l1=0.280 wait=7.760 acq=0.040 obs=19124215546841 bar=8.560
[BAR_REL] ep=121 xcd=5 rel=19124215546751
[OPROJ_INNER] slicewait=4.32 mfma=3.92 bar=3.56 rmsnorm_router=1.44 topk=2.96 total=16.20
[BAR_ARR] ep=121 xcd=6 l1=0.280 l2=0.480
[OPROJ_INNER] slicewait=6.28 mfma=3.76 bar=6.00 rmsnorm_router=1.44 topk=3.60 total=21.08
[BAR_OBS] ep=121 xcd=0 drain=0.400 l1=0.240 wait=7.080 acq=0.080 obs=19124215546815 bar=7.800
[BAR_OBS] ep=121 xcd=3 drain=0.360 l1=0.200 wait=1.960 acq=0.080 obs=19124215546760 bar=2.600
[BAR_OBS] ep=121 xcd=1 drain=0.400 l1=0.200 wait=7.040 acq=0.040 obs=19124215546834 bar=7.680
[BAR_ARR] ep=121 xcd=3 l1=0.200 l2=0.560
[BAR_OBS] ep=121 xcd=5 drain=0.440 l1=0.280 wait=7.200 acq=0.080 obs=19124215546823 bar=8.000
[BAR_OBS] ep=121 xcd=4 drain=0.480 l1=0.320 wait=2.680 acq=0.080 obs=19124215546836 bar=3.560
[BAR_OBS] ep=121 xcd=6 drain=0.480 l1=0.320 wait=5.120 acq=0.080 obs=19124215546856 bar=6.000
[BAR_ARR] ep=122 xcd=4 l1=0.320 l2=0.360
[BAR_ARR] ep=122 xcd=0 l1=0.200 l2=0.440
[OPROJ_INNER] slicewait=1.88 mfma=5.92 bar=12.48 rmsnorm_router=1.44 topk=1.76 total=23.48
[OPROJ_INNER] slicewait=3.12 mfma=10.56 bar=6.44 rmsnorm_router=1.44 topk=1.36 total=22.92
[BAR_ARR] ep=122 xcd=7 l1=0.280 l2=0.440
[BAR_ARR] ep=122 xcd=2 l1=0.200 l2=0.320
[OPROJ_INNER] slicewait=4.04 mfma=8.24 bar=7.88 rmsnorm_router=1.52 topk=2.76 total=24.44
[BAR_OBS] ep=122 xcd=0 drain=0.400 l1=0.240 wait=11.760 acq=0.080 obs=19124215932619 bar=12.480
[BAR_ARR] ep=122 xcd=3 l1=0.200 l2=0.560
[BAR_ARR] ep=122 xcd=1 l1=0.200 l2=0.280
[BAR_ARR] ep=122 xcd=5 l1=0.280 l2=0.360
[OPROJ_INNER] slicewait=3.24 mfma=3.92 bar=3.32 rmsnorm_router=1.44 topk=1.76 total=13.68
[OPROJ_INNER] slicewait=1.24 mfma=10.72 bar=8.72 rmsnorm_router=1.44 topk=2.12 total=24.24
[BAR_OBS] ep=122 xcd=2 drain=0.360 l1=0.200 wait=7.280 acq=0.040 obs=19124215932651 bar=7.880
[OPROJ_INNER] slicewait=3.32 mfma=6.24 bar=9.16 rmsnorm_router=1.44 topk=0.88 total=21.04
[OPROJ_INNER] slicewait=4.04 mfma=3.96 bar=10.48 rmsnorm_router=1.48 topk=1.32 total=21.28
[BAR_REL] ep=122 xcd=4 rel=19124215932560
[OPROJ_INNER] slicewait=4.52 mfma=3.80 bar=3.84 rmsnorm_router=1.76 topk=0.96 total=14.88
[BAR_OBS] ep=122 xcd=4 drain=0.480 l1=0.320 wait=5.560 acq=0.080 obs=19124215932596 bar=6.440
[BAR_OBS] ep=122 xcd=5 drain=0.440 l1=0.280 wait=2.520 acq=0.080 obs=19124215932615 bar=3.320
[BAR_OBS] ep=122 xcd=7 drain=0.480 l1=0.320 wait=9.600 acq=0.080 obs=19124215932593 bar=10.480
[BAR_OBS] ep=122 xcd=3 drain=0.400 l1=0.200 wait=8.040 acq=0.080 obs=19124215932632 bar=8.720
[BAR_OBS] ep=122 xcd=1 drain=0.360 l1=0.240 wait=8.480 acq=0.080 obs=19124215932602 bar=9.160
[BAR_OBS] ep=122 xcd=6 drain=0.480 l1=0.360 wait=2.960 acq=0.040 obs=19124215932560 bar=3.840
[BAR_ARR] ep=122 xcd=6 l1=0.360 l2=0.320
[BAR_ARR] ep=123 xcd=1 l1=0.240 l2=0.400
[OPROJ_INNER] slicewait=6.72 mfma=3.84 bar=8.32 rmsnorm_router=1.56 topk=0.44 total=20.88
[OPROJ_INNER] slicewait=3.48 mfma=5.04 bar=6.32 rmsnorm_router=1.48 topk=1.84 total=18.16
[OPROJ_INNER] slicewait=3.88 mfma=3.92 bar=5.12 rmsnorm_router=1.44 topk=3.08 total=17.44
[BAR_ARR] ep=123 xcd=7 l1=0.320 l2=0.360
[BAR_ARR] ep=123 xcd=5 l1=0.320 l2=0.360
[OPROJ_INNER] slicewait=5.16 mfma=3.76 bar=6.88 rmsnorm_router=1.52 topk=1.12 total=18.44
[BAR_OBS] ep=123 xcd=1 drain=0.400 l1=0.200 wait=7.640 acq=0.080 obs=19124216314862 bar=8.320
[OPROJ_INNER] slicewait=1.40 mfma=4.44 bar=3.68 rmsnorm_router=1.44 topk=2.96 total=13.92
[BAR_ARR] ep=123 xcd=4 l1=0.320 l2=0.360
[BAR_OBS] ep=123 xcd=0 drain=0.360 l1=0.240 wait=5.640 acq=0.080 obs=19124216314931 bar=6.320
[OPROJ_INNER] slicewait=12.60 mfma=3.12 bar=4.96 rmsnorm_router=1.44 topk=0.56 total=22.68
[BAR_ARR] ep=123 xcd=3 l1=0.200 l2=0.560
[OPROJ_INNER] slicewait=10.40 mfma=3.84 bar=6.48 rmsnorm_router=1.44 topk=3.52 total=25.68
[BAR_ARR] ep=123 xcd=0 l1=0.240 l2=0.480
[BAR_OBS] ep=123 xcd=7 drain=0.440 l1=0.320 wait=6.080 acq=0.040 obs=19124216314905 bar=6.880
[BAR_REL] ep=123 xcd=5 rel=19124216314871
[BAR_OBS] ep=123 xcd=2 drain=0.400 l1=0.200 wait=3.000 acq=0.080 obs=19124216314963 bar=3.680
[BAR_OBS] ep=123 xcd=6 drain=0.480 l1=0.320 wait=4.240 acq=0.080 obs=19124216314952 bar=5.120
[BAR_ARR] ep=123 xcd=2 l1=0.200 l2=0.360
[BAR_OBS] ep=123 xcd=3 drain=0.400 l1=0.200 wait=4.320 acq=0.040 obs=19124216314908 bar=4.960
[OPROJ_INNER] slicewait=2.32 mfma=3.76 bar=3.32 rmsnorm_router=1.44 topk=2.20 total=13.04
[BAR_ARR] ep=123 xcd=6 l1=0.320 l2=0.360
[BAR_OBS] ep=123 xcd=4 drain=0.520 l1=0.320 wait=5.560 acq=0.080 obs=19124216314968 bar=6.480
[BAR_OBS] ep=123 xcd=5 drain=0.440 l1=0.280 wait=2.560 acq=0.040 obs=19124216314935 bar=3.320
[BAR_ARR] ep=124 xcd=5 l1=0.280 l2=0.360
[BAR_ARR] ep=124 xcd=3 l1=0.200 l2=0.280
[BAR_ARR] ep=124 xcd=2 l1=0.240 l2=0.320
[BAR_ARR] ep=124 xcd=1 l1=0.200 l2=0.280
[BAR_ARR] ep=124 xcd=4 l1=0.320 l2=0.440
[OPROJ_INNER] slicewait=1.32 mfma=4.16 bar=3.44 rmsnorm_router=1.44 topk=3.16 total=13.52
[OPROJ_INNER] slicewait=2.84 mfma=6.28 bar=11.76 rmsnorm_router=1.48 topk=3.12 total=25.48
[OPROJ_INNER] slicewait=4.40 mfma=5.52 bar=4.20 rmsnorm_router=1.40 topk=1.48 total=17.00
[OPROJ_INNER] slicewait=6.56 mfma=6.96 bar=7.60 rmsnorm_router=1.40 topk=2.28 total=24.80
[BAR_ARR] ep=124 xcd=0 l1=0.200 l2=0.440
[BAR_ARR] ep=124 xcd=7 l1=0.320 l2=0.360
[BAR_ARR] ep=124 xcd=6 l1=0.320 l2=0.440
[OPROJ_INNER] slicewait=8.12 mfma=3.84 bar=4.12 rmsnorm_router=1.44 topk=2.52 total=20.04
[OPROJ_INNER] slicewait=4.20 mfma=4.60 bar=10.80 rmsnorm_router=1.48 topk=2.76 total=23.84
[BAR_OBS] ep=124 xcd=3 drain=0.360 l1=0.200 wait=6.960 acq=0.080 obs=19124216659708 bar=7.600
[BAR_OBS] ep=124 xcd=1 drain=0.400 l1=0.200 wait=11.120 acq=0.040 obs=19124216659738 bar=11.760
[OPROJ_INNER] slicewait=3.32 mfma=5.44 bar=8.76 rmsnorm_router=1.48 topk=0.44 total=19.44
[OPROJ_INNER] slicewait=3.72 mfma=4.60 bar=11.08 rmsnorm_router=1.44 topk=3.76 total=24.60
[BAR_OBS] ep=124 xcd=2 drain=0.360 l1=0.200 wait=3.560 acq=0.080 obs=19124216659683 bar=4.200
[BAR_OBS] ep=124 xcd=5 drain=0.440 l1=0.280 wait=2.640 acq=0.080 obs=19124216659723 bar=3.440
[BAR_OBS] ep=124 xcd=0 drain=0.400 l1=0.240 wait=8.040 acq=0.080 obs=19124216659667 bar=8.760
[BAR_REL] ep=124 xcd=4 rel=19124216659636
[BAR_OBS] ep=124 xcd=4 drain=0.440 l1=0.360 wait=3.280 acq=0.040 obs=19124216659704 bar=4.120
[BAR_OBS] ep=124 xcd=6 drain=0.480 l1=0.320 wait=9.920 acq=0.080 obs=19124216659708 bar=10.800
[BAR_OBS] ep=124 xcd=7 drain=0.440 l1=0.320 wait=10.240 acq=0.080 obs=19124216659753 bar=11.080
[OPROJ_INNER] slicewait=2.60 mfma=3.92 bar=3.76 rmsnorm_router=1.40 topk=3.28 total=14.96
[BAR_ARR] ep=125 xcd=2 l1=0.200 l2=0.280
[BAR_ARR] ep=125 xcd=4 l1=0.360 l2=0.320
[BAR_ARR] ep=125 xcd=5 l1=0.320 l2=0.320
[OPROJ_INNER] slicewait=8.12 mfma=4.08 bar=4.60 rmsnorm_router=1.68 topk=1.48 total=19.96
[OPROJ_INNER] slicewait=4.72 mfma=3.80 bar=5.20 rmsnorm_router=1.44 topk=0.60 total=15.76
[BAR_ARR] ep=125 xcd=0 l1=0.240 l2=0.320
[BAR_ARR] ep=125 xcd=6 l1=0.320 l2=0.440
[OPROJ_INNER] slicewait=2.84 mfma=4.60 bar=10.84 rmsnorm_router=1.64 topk=0.48 total=20.40
[OPROJ_INNER] slicewait=4.16 mfma=3.80 bar=4.04 rmsnorm_router=1.48 topk=2.04 total=15.52
[OPROJ_INNER] slicewait=6.72 mfma=3.96 bar=5.12 rmsnorm_router=1.44 topk=3.00 total=20.24
[BAR_REL] ep=125 xcd=4 rel=19124217054792
[OPROJ_INNER] slicewait=3.64 mfma=8.04 bar=7.68 rmsnorm_router=1.48 topk=2.40 total=23.24
[BAR_OBS] ep=125 xcd=1 drain=0.480 l1=0.200 wait=4.440 acq=0.080 obs=19124217054830 bar=5.200
[BAR_OBS] ep=125 xcd=0 drain=0.400 l1=0.240 wait=10.160 acq=0.040 obs=19124217054791 bar=10.840
[BAR_OBS] ep=125 xcd=7 drain=0.440 l1=0.320 wait=3.200 acq=0.080 obs=19124217054845 bar=4.040
[BAR_ARR] ep=125 xcd=1 l1=0.200 l2=0.440
[BAR_OBS] ep=125 xcd=5 drain=0.440 l1=0.280 wait=6.920 acq=0.040 obs=19124217054859 bar=7.680
[OPROJ_INNER] slicewait=3.48 mfma=5.08 bar=9.32 rmsnorm_router=1.48 topk=2.52 total=21.88
[BAR_OBS] ep=125 xcd=2 drain=0.360 l1=0.240 wait=4.440 acq=0.080 obs=19124217054879 bar=5.120
[BAR_OBS] ep=125 xcd=3 drain=0.360 l1=0.200 wait=3.120 acq=0.080 obs=19124217054892 bar=3.760
[BAR_ARR] ep=125 xcd=7 l1=0.320 l2=0.480
[BAR_ARR] ep=125 xcd=3 l1=0.200 l2=0.440
[BAR_OBS] ep=125 xcd=4 drain=0.480 l1=0.320 wait=3.760 acq=0.040 obs=19124217054812 bar=4.600
[BAR_OBS] ep=125 xcd=6 drain=0.480 l1=0.320 wait=8.480 acq=0.040 obs=19124217054856 bar=9.320
[BAR_ARR] ep=126 xcd=1 l1=0.240 l2=0.280
[BAR_ARR] ep=126 xcd=4 l1=0.280 l2=0.360
[BAR_ARR] ep=126 xcd=2 l1=0.240 l2=0.360
[OPROJ_INNER] slicewait=5.76 mfma=3.88 bar=6.28 rmsnorm_router=1.48 topk=3.04 total=20.44
[OPROJ_INNER] slicewait=2.68 mfma=9.28 bar=8.88 rmsnorm_router=1.44 topk=2.44 total=24.72
[OPROJ_INNER] slicewait=8.92 mfma=3.92 bar=8.44 rmsnorm_router=1.44 topk=2.08 total=24.80
[OPROJ_INNER] slicewait=2.60 mfma=5.88 bar=5.28 rmsnorm_router=1.44 topk=2.68 total=17.88
[BAR_ARR] ep=126 xcd=5 l1=0.280 l2=0.360
[OPROJ_INNER] slicewait=1.36 mfma=4.36 bar=3.40 rmsnorm_router=1.44 topk=2.96 total=13.52
[OPROJ_INNER] slicewait=0.96 mfma=13.92 bar=7.48 rmsnorm_router=1.44 topk=0.44 total=24.24
[BAR_OBS] ep=126 xcd=7 drain=0.440 l1=0.320 wait=5.440 acq=0.080 obs=19124217407097 bar=6.280
[BAR_ARR] ep=126 xcd=3 l1=0.200 l2=0.240
[OPROJ_INNER] slicewait=9.80 mfma=5.84 bar=3.92 rmsnorm_router=1.48 topk=0.52 total=21.56
[BAR_OBS] ep=126 xcd=1 drain=0.400 l1=0.200 wait=8.200 acq=0.080 obs=19124217407090 bar=8.880
[BAR_REL] ep=126 xcd=5 rel=19124217407003
[BAR_ARR] ep=126 xcd=7 l1=0.320 l2=0.360
[BAR_OBS] ep=126 xcd=0 drain=0.400 l1=0.240 wait=6.760 acq=0.080 obs=19124217407027 bar=7.480
[OPROJ_INNER] slicewait=11.88 mfma=3.76 bar=5.16 rmsnorm_router=1.72 topk=1.60 total=24.12
[BAR_OBS] ep=126 xcd=6 drain=0.480 l1=0.320 wait=4.400 acq=0.080 obs=19124217407084 bar=5.280
[BAR_ARR] ep=126 xcd=0 l1=0.240 l2=0.440
[BAR_OBS] ep=126 xcd=3 drain=0.360 l1=0.200 wait=3.320 acq=0.040 obs=19124217407040 bar=3.920
[BAR_ARR] ep=126 xcd=6 l1=0.320 l2=0.440
[BAR_OBS] ep=126 xcd=2 drain=0.360 l1=0.200 wait=7.800 acq=0.080 obs=19124217407071 bar=8.440
[BAR_OBS] ep=126 xcd=5 drain=0.440 l1=0.280 wait=2.600 acq=0.080 obs=19124217407099 bar=3.400
[BAR_OBS] ep=126 xcd=4 drain=0.480 l1=0.320 wait=4.280 acq=0.080 obs=19124217407020 bar=5.160
[BAR_ARR] ep=127 xcd=0 l1=0.240 l2=0.400
[BAR_ARR] ep=127 xcd=1 l1=0.240 l2=0.280
[OPROJ_INNER] slicewait=2.40 mfma=10.80 bar=9.16 rmsnorm_router=1.48 topk=1.60 total=25.44
[BAR_ARR] ep=127 xcd=5 l1=0.280 l2=0.400
[OPROJ_INNER] slicewait=2.92 mfma=8.68 bar=10.48 rmsnorm_router=1.44 topk=2.56 total=26.08
[BAR_ARR] ep=127 xcd=6 l1=0.320 l2=0.480
[OPROJ_INNER] slicewait=3.08 mfma=9.04 bar=9.32 rmsnorm_router=1.44 topk=1.84 total=24.72
[BAR_OBS] ep=127 xcd=0 drain=0.440 l1=0.240 wait=8.400 acq=0.080 obs=19124217754199 bar=9.160
[OPROJ_INNER] slicewait=2.60 mfma=3.92 bar=2.72 rmsnorm_router=1.56 topk=1.40 total=12.20
[BAR_ARR] ep=127 xcd=7 l1=0.280 l2=0.400
[BAR_OBS] ep=127 xcd=1 drain=0.400 l1=0.240 wait=9.760 acq=0.080 obs=19124217754226 bar=10.480
[BAR_ARR] ep=127 xcd=3 l1=0.200 l2=0.280
[OPROJ_INNER] slicewait=5.64 mfma=9.36 bar=7.00 rmsnorm_router=1.44 topk=2.96 total=26.40
[OPROJ_INNER] slicewait=7.28 mfma=7.76 bar=6.52 rmsnorm_router=1.44 topk=1.52 total=24.52
[BAR_REL] ep=127 xcd=5 rel=19124217754143
[BAR_OBS] ep=127 xcd=6 drain=0.480 l1=0.320 wait=8.480 acq=0.040 obs=19124217754196 bar=9.320
[OPROJ_INNER] slicewait=2.80 mfma=9.52 bar=9.32 rmsnorm_router=1.40 topk=1.96 total=25.00
[BAR_ARR] ep=127 xcd=2 l1=0.240 l2=0.520
[OPROJ_INNER] slicewait=7.04 mfma=7.24 bar=4.84 rmsnorm_router=1.68 topk=0.44 total=21.24
[BAR_OBS] ep=127 xcd=3 drain=0.360 l1=0.200 wait=6.360 acq=0.080 obs=19124217754240 bar=7.000
[BAR_OBS] ep=127 xcd=5 drain=0.480 l1=0.280 wait=5.680 acq=0.080 obs=19124217754187 bar=6.520
[BAR_OBS] ep=127 xcd=7 drain=0.480 l1=0.320 wait=8.440 acq=0.080 obs=19124217754197 bar=9.320
[BAR_OBS] ep=127 xcd=4 drain=0.440 l1=0.360 wait=1.840 acq=0.080 obs=19124217754168 bar=2.720
[BAR_OBS] ep=127 xcd=2 drain=0.360 l1=0.200 wait=4.200 acq=0.080 obs=19124217754139 bar=4.840
[BAR_ARR] ep=127 xcd=4 l1=0.360 l2=0.440
[BAR_ARR] ep=128 xcd=7 l1=0.280 l2=0.400
[OPROJ_INNER] slicewait=2.04 mfma=4.24 bar=3.48 rmsnorm_router=1.48 topk=2.96 total=14.20
[OPROJ_INNER] slicewait=1.08 mfma=4.12 bar=3.72 rmsnorm_router=1.44 topk=9.68 total=20.04
[BAR_ARR] ep=128 xcd=5 l1=0.280 l2=0.360
[BAR_ARR] ep=128 xcd=3 l1=0.200 l2=0.400
[OPROJ_INNER] slicewait=9.12 mfma=7.48 bar=6.20 rmsnorm_router=1.52 topk=0.40 total=24.72
[BAR_ARR] ep=128 xcd=2 l1=0.240 l2=0.400
[OPROJ_INNER] slicewait=5.32 mfma=7.44 bar=4.32 rmsnorm_router=1.44 topk=1.32 total=19.84
[BAR_ARR] ep=128 xcd=1 l1=0.200 l2=0.280
[BAR_ARR] ep=128 xcd=0 l1=0.240 l2=0.360
[OPROJ_INNER] slicewait=4.28 mfma=7.84 bar=11.00 rmsnorm_router=1.56 topk=2.52 total=27.20
[OPROJ_INNER] slicewait=3.40 mfma=6.24 bar=9.92 rmsnorm_router=1.56 topk=0.88 total=22.00
[OPROJ_INNER] slicewait=2.36 mfma=12.92 bar=8.12 rmsnorm_router=1.60 topk=0.44 total=25.44
[BAR_OBS] ep=128 xcd=2 drain=0.400 l1=0.200 wait=3.640 acq=0.080 obs=19124218126687 bar=4.320
[BAR_OBS] ep=128 xcd=3 drain=0.360 l1=0.200 wait=5.560 acq=0.080 obs=19124218126628 bar=6.200
[BAR_OBS] ep=128 xcd=1 drain=0.360 l1=0.240 wait=10.360 acq=0.040 obs=19124218126714 bar=11.000
[BAR_ARR] ep=128 xcd=6 l1=0.320 l2=0.360
[BAR_OBS] ep=128 xcd=0 drain=0.440 l1=0.240 wait=7.400 acq=0.040 obs=19124218126635 bar=8.120
[OPROJ_INNER] slicewait=3.28 mfma=7.52 bar=9.56 rmsnorm_router=1.44 topk=3.16 total=24.96
[BAR_OBS] ep=128 xcd=5 drain=0.440 l1=0.280 wait=2.680 acq=0.080 obs=19124218126727 bar=3.480
[BAR_OBS] ep=128 xcd=7 drain=0.480 l1=0.320 wait=9.040 acq=0.080 obs=19124218126661 bar=9.920
[BAR_OBS] ep=128 xcd=4 drain=0.480 l1=0.360 wait=2.800 acq=0.080 obs=19124218126760 bar=3.720
[BAR_OBS] ep=128 xcd=6 drain=0.480 l1=0.320 wait=8.680 acq=0.080 obs=19124218126724 bar=9.560
[BAR_ARR] ep=128 xcd=4 l1=0.360 l2=0.320
[BAR_REL] ep=128 xcd=4 rel=19124218126636
[BAR_ARR] ep=129 xcd=7 l1=0.320 l2=0.360
[OPROJ_INNER] slicewait=4.12 mfma=8.76 bar=9.72 rmsnorm_router=1.48 topk=3.64 total=27.72
[BAR_ARR] ep=129 xcd=0 l1=0.240 l2=0.400
[OPROJ_INNER] slicewait=1.64 mfma=3.88 bar=3.64 rmsnorm_router=1.44 topk=3.44 total=14.04
[OPROJ_INNER] slicewait=2.48 mfma=8.76 bar=11.00 rmsnorm_router=1.48 topk=0.80 total=24.52
[OPROJ_INNER] slicewait=5.20 mfma=5.48 bar=4.28 rmsnorm_router=1.48 topk=1.80 total=18.24
[OPROJ_INNER] slicewait=2.44 mfma=6.44 bar=9.88 rmsnorm_router=1.44 topk=1.68 total=21.88
[BAR_ARR] ep=129 xcd=3 l1=0.240 l2=0.360
[BAR_ARR] ep=129 xcd=2 l1=0.200 l2=0.360
[BAR_ARR] ep=129 xcd=6 l1=0.280 l2=0.520
[OPROJ_INNER] slicewait=1.76 mfma=4.32 bar=3.08 rmsnorm_router=1.44 topk=0.44 total=11.04
[BAR_ARR] ep=129 xcd=1 l1=0.200 l2=0.600
[BAR_OBS] ep=129 xcd=2 drain=0.360 l1=0.240 wait=3.640 acq=0.040 obs=19124218509423 bar=4.280
[BAR_OBS] ep=129 xcd=5 drain=0.440 l1=0.240 wait=2.880 acq=0.080 obs=19124218509467 bar=3.640
[OPROJ_INNER] slicewait=1.84 mfma=3.88 bar=3.88 rmsnorm_router=1.44 topk=3.76 total=14.80
[BAR_OBS] ep=129 xcd=7 drain=0.480 l1=0.280 wait=8.880 acq=0.080 obs=19124218509477 bar=9.720
[BAR_OBS] ep=129 xcd=3 drain=0.360 l1=0.200 wait=2.440 acq=0.080 obs=19124218509384 bar=3.080
[OPROJ_INNER] slicewait=3.20 mfma=10.32 bar=9.24 rmsnorm_router=1.52 topk=2.40 total=26.68
[BAR_OBS] ep=129 xcd=0 drain=0.400 l1=0.280 wait=10.240 acq=0.080 obs=19124218509403 bar=11.000
[BAR_ARR] ep=129 xcd=5 l1=0.240 l2=0.360
[BAR_OBS] ep=129 xcd=6 drain=0.480 l1=0.320 wait=9.000 acq=0.080 obs=19124218509412 bar=9.880
[BAR_OBS] ep=129 xcd=4 drain=0.520 l1=0.320 wait=2.960 acq=0.080 obs=19124218509488 bar=3.880
[BAR_OBS] ep=129 xcd=1 drain=0.360 l1=0.240 wait=8.600 acq=0.040 obs=19124218509446 bar=9.240
[BAR_ARR] ep=129 xcd=4 l1=0.320 l2=0.360
[BAR_REL] ep=129 xcd=4 rel=19124218509364
[BAR_ARR] ep=130 xcd=5 l1=0.280 l2=0.360
[BAR_ARR] ep=130 xcd=6 l1=0.320 l2=0.360
[BAR_ARR] ep=130 xcd=1 l1=0.200 l2=0.280
[OPROJ_INNER] slicewait=6.68 mfma=5.40 bar=8.12 rmsnorm_router=1.52 topk=1.68 total=23.40
[BAR_ARR] ep=130 xcd=0 l1=0.240 l2=0.360
[OPROJ_INNER] slicewait=13.16 mfma=8.72 bar=6.36 rmsnorm_router=1.48 topk=2.04 total=31.76
[OPROJ_INNER] slicewait=1.48 mfma=4.16 bar=2.60 rmsnorm_router=1.56 topk=0.44 total=10.24
[OPROJ_INNER] slicewait=2.24 mfma=3.76 bar=3.72 rmsnorm_router=1.44 topk=8.84 total=20.00
[OPROJ_INNER] slicewait=4.20 mfma=8.36 bar=10.60 rmsnorm_router=1.40 topk=3.44 total=28.00
[OPROJ_INNER] slicewait=7.12 mfma=6.24 bar=8.24 rmsnorm_router=1.48 topk=2.20 total=25.28
[BAR_ARR] ep=130 xcd=3 l1=0.200 l2=0.400
[BAR_OBS] ep=130 xcd=1 drain=0.360 l1=0.240 wait=7.480 acq=0.040 obs=19124218876542 bar=8.120
[BAR_ARR] ep=130 xcd=7 l1=0.280 l2=0.440
[OPROJ_INNER] slicewait=16.52 mfma=4.96 bar=7.32 rmsnorm_router=1.44 topk=3.32 total=33.56
[OPROJ_INNER] slicewait=3.76 mfma=11.00 bar=9.08 rmsnorm_router=1.40 topk=3.20 total=28.44
[BAR_OBS] ep=130 xcd=2 drain=0.400 l1=0.200 wait=1.920 acq=0.080 obs=19124218876491 bar=2.600
[BAR_OBS] ep=130 xcd=0 drain=0.400 l1=0.240 wait=7.520 acq=0.080 obs=19124218876567 bar=8.240
[BAR_OBS] ep=130 xcd=5 drain=0.440 l1=0.280 wait=5.560 acq=0.080 obs=19124218876555 bar=6.360
[BAR_OBS] ep=130 xcd=6 drain=0.480 l1=0.360 wait=9.680 acq=0.080 obs=19124218876592 bar=10.600
[BAR_ARR] ep=130 xcd=2 l1=0.200 l2=0.440
[BAR_OBS] ep=130 xcd=4 drain=0.480 l1=0.320 wait=2.880 acq=0.040 obs=19124218876612 bar=3.720
[BAR_OBS] ep=130 xcd=3 drain=0.360 l1=0.200 wait=6.680 acq=0.080 obs=19124218876600 bar=7.320
[BAR_OBS] ep=130 xcd=7 drain=0.480 l1=0.280 wait=8.240 acq=0.080 obs=19124218876589 bar=9.080
[BAR_ARR] ep=130 xcd=4 l1=0.320 l2=0.400
[BAR_REL] ep=130 xcd=4 rel=19124218876484
[OPROJ_INNER] slicewait=2.00 mfma=4.20 bar=3.88 rmsnorm_router=1.44 topk=3.72 total=15.24
[BAR_ARR] ep=131 xcd=3 l1=0.200 l2=0.240
[OPROJ_INNER] slicewait=4.48 mfma=11.12 bar=9.88 rmsnorm_router=1.68 topk=1.36 total=28.52
[BAR_ARR] ep=131 xcd=1 l1=0.200 l2=0.440
[BAR_ARR] ep=131 xcd=7 l1=0.320 l2=0.360
[OPROJ_INNER] slicewait=1.48 mfma=3.84 bar=3.76 rmsnorm_router=1.44 topk=9.60 total=20.12
[BAR_ARR] ep=131 xcd=6 l1=0.320 l2=0.360
[OPROJ_INNER] slicewait=4.40 mfma=11.48 bar=11.00 rmsnorm_router=1.48 topk=2.64 total=31.00
[BAR_ARR] ep=131 xcd=0 l1=0.200 l2=0.400
[OPROJ_INNER] slicewait=4.24 mfma=11.32 bar=9.80 rmsnorm_router=1.48 topk=0.84 total=27.68
[BAR_ARR] ep=131 xcd=2 l1=0.200 l2=0.280
[OPROJ_INNER] slicewait=5.80 mfma=12.40 bar=7.00 rmsnorm_router=1.56 topk=0.44 total=27.20
[BAR_OBS] ep=131 xcd=1 drain=0.400 l1=0.240 wait=10.320 acq=0.040 obs=19124219237710 bar=11.000
[BAR_OBS] ep=131 xcd=2 drain=0.400 l1=0.200 wait=6.320 acq=0.080 obs=19124219237623 bar=7.000
[BAR_OBS] ep=131 xcd=0 drain=0.400 l1=0.240 wait=9.120 acq=0.040 obs=19124219237655 bar=9.800
[OPROJ_INNER] slicewait=2.36 mfma=3.92 bar=3.28 rmsnorm_router=1.48 topk=1.72 total=12.76
[BAR_OBS] ep=131 xcd=4 drain=0.480 l1=0.320 wait=2.880 acq=0.080 obs=19124219237740 bar=3.760
[BAR_OBS] ep=131 xcd=7 drain=0.480 l1=0.280 wait=9.040 acq=0.080 obs=19124219237633 bar=9.880
[OPROJ_INNER] slicewait=3.76 mfma=7.04 bar=8.24 rmsnorm_router=1.64 topk=1.00 total=21.68
[BAR_OBS] ep=131 xcd=3 drain=0.400 l1=0.200 wait=2.640 acq=0.040 obs=19124219237680 bar=3.280
[BAR_OBS] ep=131 xcd=5 drain=0.440 l1=0.280 wait=3.080 acq=0.080 obs=19124219237739 bar=3.880
[BAR_ARR] ep=131 xcd=4 l1=0.320 l2=0.400
[BAR_ARR] ep=131 xcd=5 l1=0.280 l2=0.440
[BAR_REL] ep=131 xcd=4 rel=19124219237616
[BAR_OBS] ep=131 xcd=6 drain=0.480 l1=0.360 wait=7.320 acq=0.080 obs=19124219237624 bar=8.240
[BAR_ARR] ep=132 xcd=0 l1=0.240 l2=0.280
[BAR_ARR] ep=132 xcd=1 l1=0.240 l2=0.280
[OPROJ_INNER] slicewait=1.32 mfma=5.64 bar=12.68 rmsnorm_router=1.44 topk=2.28 total=23.36
[BAR_ARR] ep=132 xcd=2 l1=0.240 l2=0.280
[OPROJ_INNER] slicewait=4.24 mfma=3.76 bar=5.32 rmsnorm_router=1.52 topk=1.44 total=16.28
[BAR_ARR] ep=132 xcd=4 l1=0.320 l2=0.360
[OPROJ_INNER] slicewait=3.04 mfma=4.92 bar=10.40 rmsnorm_router=1.44 topk=2.04 total=21.84
[OPROJ_INNER] slicewait=2.04 mfma=5.88 bar=5.24 rmsnorm_router=1.48 topk=2.80 total=17.44
[BAR_ARR] ep=132 xcd=3 l1=0.200 l2=0.320
[OPROJ_INNER] slicewait=2.80 mfma=8.00 bar=8.16 rmsnorm_router=1.48 topk=1.28 total=21.72
[OPROJ_INNER] slicewait=7.12 mfma=5.16 bar=6.40 rmsnorm_router=1.44 topk=3.04 total=23.16
[BAR_OBS] ep=132 xcd=1 drain=0.360 l1=0.240 wait=9.720 acq=0.080 obs=19124219575302 bar=10.400
[BAR_OBS] ep=132 xcd=0 drain=0.400 l1=0.240 wait=11.960 acq=0.080 obs=19124219575311 bar=12.680
[OPROJ_INNER] slicewait=7.32 mfma=3.80 bar=7.04 rmsnorm_router=1.44 topk=1.04 total=20.64
[BAR_OBS] ep=132 xcd=6 drain=0.520 l1=0.320 wait=4.360 acq=0.040 obs=19124219575316 bar=5.240
[BAR_ARR] ep=132 xcd=5 l1=0.320 l2=0.320
[BAR_OBS] ep=132 xcd=3 drain=0.400 l1=0.200 wait=7.480 acq=0.080 obs=19124219575276 bar=8.160
[BAR_OBS] ep=132 xcd=7 drain=0.440 l1=0.320 wait=4.480 acq=0.080 obs=19124219575261 bar=5.320
[OPROJ_INNER] slicewait=3.56 mfma=3.84 bar=4.16 rmsnorm_router=1.44 topk=3.28 total=16.28
[BAR_ARR] ep=132 xcd=6 l1=0.320 l2=0.400
[BAR_OBS] ep=132 xcd=2 drain=0.360 l1=0.200 wait=6.400 acq=0.080 obs=19124219575275 bar=7.040
[BAR_REL] ep=132 xcd=5 rel=19124219575235
[BAR_ARR] ep=132 xcd=7 l1=0.320 l2=0.560
[BAR_OBS] ep=132 xcd=4 drain=0.480 l1=0.320 wait=5.520 acq=0.080 obs=19124219575320 bar=6.400
[BAR_OBS] ep=132 xcd=5 drain=0.400 l1=0.280 wait=3.400 acq=0.080 obs=19124219575331 bar=4.160
[OPROJ_INNER] slicewait=2.32 mfma=3.80 bar=2.84 rmsnorm_router=1.44 topk=0.44 total=10.84
[BAR_ARR] ep=133 xcd=3 l1=0.200 l2=0.280
[BAR_ARR] ep=133 xcd=7 l1=0.320 l2=0.480
[OPROJ_INNER] slicewait=4.12 mfma=8.24 bar=11.16 rmsnorm_router=1.40 topk=3.60 total=28.52
[BAR_ARR] ep=133 xcd=5 l1=0.280 l2=0.440
[OPROJ_INNER] slicewait=4.00 mfma=5.12 bar=4.24 rmsnorm_router=1.44 topk=3.32 total=18.12
[OPROJ_INNER] slicewait=3.88 mfma=3.76 bar=3.56 rmsnorm_router=1.48 topk=3.16 total=15.84
[BAR_ARR] ep=133 xcd=4 l1=0.320 l2=0.360
[BAR_ARR] ep=133 xcd=1 l1=0.240 l2=0.400
[BAR_OBS] ep=133 xcd=2 drain=0.360 l1=0.200 wait=2.240 acq=0.040 obs=19124219927059 bar=2.840
[BAR_ARR] ep=133 xcd=2 l1=0.200 l2=0.800
[OPROJ_INNER] slicewait=3.92 mfma=10.64 bar=8.96 rmsnorm_router=1.44 topk=2.04 total=27.00
[BAR_OBS] ep=133 xcd=3 drain=0.400 l1=0.200 wait=3.560 acq=0.080 obs=19124219927148 bar=4.240
[OPROJ_INNER] slicewait=1.32 mfma=4.20 bar=3.24 rmsnorm_router=1.44 topk=2.28 total=12.48
[BAR_ARR] ep=133 xcd=0 l1=0.240 l2=0.280
[OPROJ_INNER] slicewait=5.96 mfma=3.92 bar=9.04 rmsnorm_router=1.48 topk=2.08 total=22.48
[BAR_REL] ep=133 xcd=4 rel=19124219927044
[OPROJ_INNER] slicewait=3.44 mfma=5.80 bar=6.24 rmsnorm_router=1.52 topk=3.32 total=20.32
[BAR_OBS] ep=133 xcd=4 drain=0.480 l1=0.320 wait=2.680 acq=0.080 obs=19124219927132 bar=3.560
[BAR_OBS] ep=133 xcd=1 drain=0.360 l1=0.240 wait=8.280 acq=0.080 obs=19124219927114 bar=8.960
[BAR_OBS] ep=133 xcd=7 drain=0.480 l1=0.280 wait=10.320 acq=0.080 obs=19124219927149 bar=11.160
[BAR_OBS] ep=133 xcd=0 drain=0.400 l1=0.240 wait=8.360 acq=0.040 obs=19124219927115 bar=9.040
[BAR_OBS] ep=133 xcd=6 drain=0.480 l1=0.320 wait=5.400 acq=0.040 obs=19124219927140 bar=6.240
[BAR_OBS] ep=133 xcd=5 drain=0.440 l1=0.280 wait=2.440 acq=0.080 obs=19124219927111 bar=3.240
[BAR_ARR] ep=133 xcd=6 l1=0.320 l2=0.360
[BAR_ARR] ep=134 xcd=3 l1=0.200 l2=0.360
[OPROJ_INNER] slicewait=9.84 mfma=2.72 bar=7.52 rmsnorm_router=1.56 topk=0.40 total=22.04
[BAR_ARR] ep=134 xcd=2 l1=0.240 l2=0.280
[BAR_ARR] ep=134 xcd=4 l1=0.320 l2=0.360
[OPROJ_INNER] slicewait=5.24 mfma=3.76 bar=6.36 rmsnorm_router=1.44 topk=1.84 total=18.64
[BAR_ARR] ep=134 xcd=5 l1=0.280 l2=0.560
[OPROJ_INNER] slicewait=5.96 mfma=3.76 bar=5.20 rmsnorm_router=1.44 topk=9.64 total=26.00
[OPROJ_INNER] slicewait=4.68 mfma=3.80 bar=3.92 rmsnorm_router=1.48 topk=0.48 total=14.36
[OPROJ_INNER] slicewait=3.68 mfma=3.80 bar=3.20 rmsnorm_router=1.44 topk=0.44 total=12.56
[BAR_ARR] ep=134 xcd=7 l1=0.280 l2=0.360
[BAR_OBS] ep=134 xcd=0 drain=0.440 l1=0.240 wait=3.200 acq=0.040 obs=19124220289179 bar=3.920
[OPROJ_INNER] slicewait=11.56 mfma=2.40 bar=7.04 rmsnorm_router=1.48 topk=2.44 total=24.92
[BAR_REL] ep=134 xcd=4 rel=19124220289180
[BAR_OBS] ep=134 xcd=2 drain=0.360 l1=0.240 wait=6.840 acq=0.080 obs=19124220289163 bar=7.520
[BAR_OBS] ep=134 xcd=1 drain=0.560 l1=0.240 wait=5.480 acq=0.080 obs=19124220289250 bar=6.360
[BAR_OBS] ep=134 xcd=3 drain=0.360 l1=0.200 wait=2.560 acq=0.080 obs=19124220289196 bar=3.200
[BAR_ARR] ep=134 xcd=0 l1=0.240 l2=0.480
[BAR_ARR] ep=134 xcd=1 l1=0.240 l2=0.400
[OPROJ_INNER] slicewait=7.76 mfma=3.76 bar=4.92 rmsnorm_router=1.44 topk=2.56 total=20.44
[OPROJ_INNER] slicewait=6.24 mfma=3.36 bar=10.24 rmsnorm_router=1.44 topk=0.92 total=22.20
[BAR_OBS] ep=134 xcd=6 drain=0.480 l1=0.320 wait=4.360 acq=0.040 obs=19124220289304 bar=5.200
[BAR_OBS] ep=134 xcd=5 drain=0.440 l1=0.280 wait=4.120 acq=0.080 obs=19124220289263 bar=4.920
[BAR_ARR] ep=134 xcd=6 l1=0.320 l2=0.480
[BAR_OBS] ep=134 xcd=7 drain=0.440 l1=0.320 wait=9.400 acq=0.080 obs=19124220289209 bar=10.240
[BAR_OBS] ep=134 xcd=4 drain=0.440 l1=0.320 wait=6.200 acq=0.080 obs=19124220289256 bar=7.040
[BAR_ARR] ep=135 xcd=5 l1=0.280 l2=0.440
[BAR_ARR] ep=135 xcd=2 l1=0.200 l2=0.280
[OPROJ_INNER] slicewait=3.40 mfma=4.32 bar=5.16 rmsnorm_router=1.44 topk=1.72 total=16.04
[OPROJ_INNER] slicewait=3.12 mfma=4.32 bar=5.36 rmsnorm_router=1.48 topk=2.00 total=16.28
[OPROJ_INNER] slicewait=9.92 mfma=4.40 bar=5.36 rmsnorm_router=1.64 topk=1.00 total=22.32
[OPROJ_INNER] slicewait=9.16 mfma=5.88 bar=6.52 rmsnorm_router=1.48 topk=1.40 total=24.44
[OPROJ_INNER] slicewait=2.36 mfma=3.84 bar=3.60 rmsnorm_router=1.44 topk=3.64 total=14.88
[OPROJ_INNER] slicewait=5.00 mfma=3.76 bar=6.28 rmsnorm_router=1.48 topk=0.44 total=16.96
[BAR_OBS] ep=135 xcd=1 drain=0.640 l1=0.240 wait=4.400 acq=0.080 obs=19124220629350 bar=5.360
[BAR_ARR] ep=135 xcd=7 l1=0.320 l2=0.320
[BAR_OBS] ep=135 xcd=6 drain=0.480 l1=0.360 wait=4.240 acq=0.080 obs=19124220629336 bar=5.160
[BAR_OBS] ep=135 xcd=4 drain=0.480 l1=0.320 wait=2.760 acq=0.040 obs=19124220629396 bar=3.600
[BAR_ARR] ep=135 xcd=3 l1=0.200 l2=0.400
[BAR_ARR] ep=135 xcd=1 l1=0.240 l2=0.480
[OPROJ_INNER] slicewait=6.40 mfma=5.28 bar=8.52 rmsnorm_router=1.48 topk=0.72 total=22.40
[BAR_OBS] ep=135 xcd=0 drain=0.400 l1=0.240 wait=5.560 acq=0.080 obs=19124220629303 bar=6.280
[BAR_ARR] ep=135 xcd=4 l1=0.320 l2=0.360
[BAR_OBS] ep=135 xcd=5 drain=0.480 l1=0.280 wait=4.560 acq=0.040 obs=19124220629299 bar=5.360
[BAR_ARR] ep=135 xcd=0 l1=0.240 l2=0.520
[BAR_ARR] ep=135 xcd=6 l1=0.360 l2=0.360
[OPROJ_INNER] slicewait=10.60 mfma=4.92 bar=4.72 rmsnorm_router=1.52 topk=0.40 total=22.16
[BAR_OBS] ep=135 xcd=2 drain=0.360 l1=0.200 wait=5.920 acq=0.040 obs=19124220629331 bar=6.520
[BAR_REL] ep=135 xcd=4 rel=19124220629272
[BAR_OBS] ep=135 xcd=7 drain=0.480 l1=0.320 wait=7.680 acq=0.040 obs=19124220629305 bar=8.520
[BAR_OBS] ep=135 xcd=3 drain=0.400 l1=0.200 wait=4.040 acq=0.080 obs=19124220629272 bar=4.720
[BAR_ARR] ep=136 xcd=1 l1=0.200 l2=0.440
[BAR_ARR] ep=136 xcd=7 l1=0.320 l2=0.360
[OPROJ_INNER] slicewait=2.52 mfma=3.92 bar=2.48 rmsnorm_router=1.64 topk=0.40 total=10.96
[BAR_ARR] ep=136 xcd=2 l1=0.240 l2=0.400
[OPROJ_INNER] slicewait=5.56 mfma=3.80 bar=7.68 rmsnorm_router=1.48 topk=0.40 total=18.92
[BAR_ARR] ep=136 xcd=0 l1=0.240 l2=0.360
[OPROJ_INNER] slicewait=2.56 mfma=6.48 bar=10.92 rmsnorm_router=1.44 topk=0.48 total=21.88
[OPROJ_INNER] slicewait=2.44 mfma=4.84 bar=3.24 rmsnorm_router=1.44 topk=0.48 total=12.44
[BAR_OBS] ep=136 xcd=1 drain=0.400 l1=0.200 wait=7.000 acq=0.080 obs=19124220966590 bar=7.680
[BAR_OBS] ep=136 xcd=3 drain=0.400 l1=0.160 wait=1.840 acq=0.080 obs=19124220966572 bar=2.480
[OPROJ_INNER] slicewait=3.12 mfma=7.08 bar=9.84 rmsnorm_router=1.44 topk=1.84 total=23.32
[BAR_ARR] ep=136 xcd=5 l1=0.280 l2=0.360
[BAR_OBS] ep=136 xcd=0 drain=0.400 l1=0.240 wait=10.200 acq=0.080 obs=19124220966607 bar=10.920
[BAR_ARR] ep=136 xcd=4 l1=0.320 l2=0.360
[OPROJ_INNER] slicewait=2.24 mfma=4.72 bar=3.12 rmsnorm_router=1.56 topk=1.48 total=13.12
[OPROJ_INNER] slicewait=9.60 mfma=3.76 bar=6.80 rmsnorm_router=1.44 topk=2.92 total=24.52
[BAR_OBS] ep=136 xcd=2 drain=0.400 l1=0.200 wait=2.600 acq=0.040 obs=19124220966611 bar=3.240
[BAR_ARR] ep=136 xcd=3 l1=0.160 l2=0.440
[BAR_OBS] ep=136 xcd=7 drain=0.440 l1=0.280 wait=9.040 acq=0.080 obs=19124220966637 bar=9.840
[OPROJ_INNER] slicewait=2.64 mfma=5.96 bar=9.28 rmsnorm_router=1.52 topk=1.08 total=20.48
[BAR_ARR] ep=136 xcd=6 l1=0.360 l2=0.440
[BAR_REL] ep=136 xcd=4 rel=19124220966592
[BAR_OBS] ep=136 xcd=5 drain=0.440 l1=0.280 wait=6.000 acq=0.080 obs=19124220966671 bar=6.800
[BAR_OBS] ep=136 xcd=4 drain=0.480 l1=0.320 wait=2.240 acq=0.080 obs=19124220966620 bar=3.120
[BAR_OBS] ep=136 xcd=6 drain=0.480 l1=0.320 wait=8.440 acq=0.040 obs=19124220966620 bar=9.280
[BAR_ARR] ep=137 xcd=1 l1=0.200 l2=0.240
[OPROJ_INNER] slicewait=1.56 mfma=4.36 bar=3.76 rmsnorm_router=1.44 topk=9.08 total=20.20
[OPROJ_INNER] slicewait=4.28 mfma=6.00 bar=7.40 rmsnorm_router=1.40 topk=0.96 total=20.04
[OPROJ_INNER] slicewait=8.44 mfma=6.32 bar=10.60 rmsnorm_router=1.44 topk=0.40 total=27.20
[BAR_ARR] ep=137 xcd=4 l1=0.320 l2=0.440
[BAR_ARR] ep=137 xcd=2 l1=0.240 l2=0.360
[BAR_OBS] ep=137 xcd=0 drain=0.400 l1=0.240 wait=6.680 acq=0.080 obs=19124221346399 bar=7.400
[OPROJ_INNER] slicewait=10.80 mfma=8.64 bar=6.52 rmsnorm_router=1.48 topk=2.68 total=30.12
[BAR_ARR] ep=137 xcd=0 l1=0.240 l2=0.280
[BAR_OBS] ep=137 xcd=1 drain=0.400 l1=0.240 wait=9.880 acq=0.080 obs=19124221346394 bar=10.600
[BAR_ARR] ep=137 xcd=7 l1=0.320 l2=0.360
[BAR_OBS] ep=137 xcd=5 drain=0.440 l1=0.280 wait=2.960 acq=0.080 obs=19124221346483 bar=3.760
[OPROJ_INNER] slicewait=3.72 mfma=6.60 bar=6.60 rmsnorm_router=1.40 topk=2.64 total=20.96
[OPROJ_INNER] slicewait=6.40 mfma=3.92 bar=9.48 rmsnorm_router=1.48 topk=2.76 total=24.04
[BAR_OBS] ep=137 xcd=2 drain=0.360 l1=0.240 wait=5.880 acq=0.040 obs=19124221346451 bar=6.520
[BAR_ARR] ep=137 xcd=5 l1=0.280 l2=0.320
[OPROJ_INNER] slicewait=11.72 mfma=3.72 bar=9.60 rmsnorm_router=1.44 topk=3.08 total=29.56
[BAR_REL] ep=137 xcd=4 rel=19124221346356
[BAR_ARR] ep=137 xcd=3 l1=0.240 l2=0.400
[BAR_OBS] ep=137 xcd=6 drain=0.480 l1=0.320 wait=5.720 acq=0.080 obs=19124221346436 bar=6.600
[OPROJ_INNER] slicewait=1.96 mfma=4.36 bar=3.32 rmsnorm_router=1.44 topk=1.96 total=13.04
[BAR_OBS] ep=137 xcd=7 drain=0.440 l1=0.320 wait=8.680 acq=0.040 obs=19124221346445 bar=9.480
[BAR_OBS] ep=137 xcd=4 drain=0.480 l1=0.320 wait=8.720 acq=0.080 obs=19124221346456 bar=9.600
[BAR_ARR] ep=137 xcd=6 l1=0.320 l2=0.640
[BAR_OBS] ep=137 xcd=3 drain=0.360 l1=0.200 wait=2.680 acq=0.080 obs=19124221346428 bar=3.320
[BAR_ARR] ep=138 xcd=2 l1=0.240 l2=0.480
[BAR_ARR] ep=138 xcd=1 l1=0.240 l2=0.240
[BAR_ARR] ep=138 xcd=0 l1=0.240 l2=0.400
[OPROJ_INNER] slicewait=2.24 mfma=3.76 bar=3.84 rmsnorm_router=1.40 topk=3.44 total=14.68
[OPROJ_INNER] slicewait=2.92 mfma=7.20 bar=9.72 rmsnorm_router=1.44 topk=3.44 total=24.72
[OPROJ_INNER] slicewait=4.84 mfma=3.84 bar=9.04 rmsnorm_router=1.64 topk=0.44 total=19.80
[BAR_ARR] ep=138 xcd=6 l1=0.320 l2=0.360
[BAR_OBS] ep=138 xcd=3 drain=0.360 l1=0.200 wait=3.200 acq=0.080 obs=19124221701292 bar=3.840
[BAR_ARR] ep=138 xcd=4 l1=0.360 l2=0.360
[BAR_OBS] ep=138 xcd=0 drain=0.400 l1=0.240 wait=9.000 acq=0.080 obs=19124221701295 bar=9.720
[OPROJ_INNER] slicewait=9.60 mfma=3.92 bar=5.24 rmsnorm_router=1.48 topk=2.32 total=22.56
[BAR_ARR] ep=138 xcd=3 l1=0.200 l2=0.480
[OPROJ_INNER] slicewait=3.76 mfma=7.28 bar=8.16 rmsnorm_router=1.44 topk=2.84 total=23.48
[BAR_ARR] ep=138 xcd=7 l1=0.320 l2=0.520
[BAR_REL] ep=138 xcd=4 rel=19124221701180
[BAR_OBS] ep=138 xcd=1 drain=0.400 l1=0.200 wait=8.400 acq=0.040 obs=19124221701186 bar=9.040
[OPROJ_INNER] slicewait=2.76 mfma=5.88 bar=9.40 rmsnorm_router=1.48 topk=2.20 total=21.72
[OPROJ_INNER] slicewait=5.48 mfma=5.92 bar=7.32 rmsnorm_router=1.44 topk=2.04 total=22.20
[BAR_OBS] ep=138 xcd=2 drain=0.360 l1=0.240 wait=6.640 acq=0.080 obs=19124221701251 bar=7.320
[BAR_ARR] ep=138 xcd=5 l1=0.320 l2=0.360
[OPROJ_INNER] slicewait=5.68 mfma=3.88 bar=3.24 rmsnorm_router=1.52 topk=0.84 total=15.16
[BAR_OBS] ep=138 xcd=4 drain=0.480 l1=0.320 wait=4.360 acq=0.080 obs=19124221701248 bar=5.240
[BAR_OBS] ep=138 xcd=7 drain=0.440 l1=0.320 wait=8.600 acq=0.040 obs=19124221701249 bar=9.400
[BAR_OBS] ep=138 xcd=6 drain=0.480 l1=0.360 wait=7.240 acq=0.080 obs=19124221701264 bar=8.160
[BAR_OBS] ep=138 xcd=5 drain=0.480 l1=0.280 wait=2.440 acq=0.040 obs=19124221701219 bar=3.240
[BAR_ARR] ep=139 xcd=2 l1=0.240 l2=0.280
[BAR_ARR] ep=139 xcd=3 l1=0.240 l2=0.520
[OPROJ_INNER] slicewait=6.96 mfma=3.92 bar=6.88 rmsnorm_router=1.44 topk=2.04 total=21.24
[BAR_ARR] ep=139 xcd=0 l1=0.240 l2=0.320
[OPROJ_INNER] slicewait=7.24 mfma=3.96 bar=6.44 rmsnorm_router=1.44 topk=0.36 total=19.44
[OPROJ_INNER] slicewait=1.44 mfma=4.20 bar=2.72 rmsnorm_router=1.56 topk=0.60 total=10.52
[OPROJ_INNER] slicewait=3.80 mfma=4.56 bar=7.92 rmsnorm_router=1.44 topk=1.88 total=19.60
[BAR_ARR] ep=139 xcd=7 l1=0.320 l2=0.360
[BAR_ARR] ep=139 xcd=6 l1=0.320 l2=0.360
[BAR_OBS] ep=139 xcd=2 drain=0.400 l1=0.200 wait=6.200 acq=0.080 obs=19124222082583 bar=6.880
[OPROJ_INNER] slicewait=3.84 mfma=4.00 bar=9.64 rmsnorm_router=1.68 topk=1.32 total=20.48
[OPROJ_INNER] slicewait=3.76 mfma=4.24 bar=10.28 rmsnorm_router=1.48 topk=3.08 total=22.84
[BAR_OBS] ep=139 xcd=5 drain=0.440 l1=0.280 wait=1.920 acq=0.080 obs=19124222082527 bar=2.720
[BAR_OBS] ep=139 xcd=3 drain=0.400 l1=0.200 wait=5.760 acq=0.080 obs=19124222082540 bar=6.440
[BAR_OBS] ep=139 xcd=0 drain=0.400 l1=0.240 wait=7.200 acq=0.080 obs=19124222082583 bar=7.920
[BAR_ARR] ep=139 xcd=5 l1=0.280 l2=0.360
[BAR_ARR] ep=139 xcd=4 l1=0.320 l2=0.400
[BAR_ARR] ep=139 xcd=1 l1=0.200 l2=0.440
[BAR_OBS] ep=139 xcd=6 drain=0.520 l1=0.320 wait=9.360 acq=0.080 obs=19124222082600 bar=10.280
[OPROJ_INNER] slicewait=2.04 mfma=5.88 bar=10.72 rmsnorm_router=1.48 topk=1.72 total=21.84
[BAR_REL] ep=139 xcd=4 rel=19124222082500
[BAR_OBS] ep=139 xcd=7 drain=0.480 l1=0.280 wait=8.800 acq=0.080 obs=19124222082529 bar=9.640
[OPROJ_INNER] slicewait=7.52 mfma=3.88 bar=3.96 rmsnorm_router=1.52 topk=0.80 total=17.68
[BAR_OBS] ep=139 xcd=1 drain=0.360 l1=0.240 wait=10.040 acq=0.080 obs=19124222082578 bar=10.720
[BAR_OBS] ep=139 xcd=4 drain=0.480 l1=0.320 wait=3.080 acq=0.080 obs=19124222082536 bar=3.960
[OPROJ_INNER] slicewait=2.44 mfma=3.92 bar=2.68 rmsnorm_router=1.56 topk=0.40 total=11.00
[BAR_ARR] ep=140 xcd=5 l1=0.280 l2=0.360
[OPROJ_INNER] slicewait=2.24 mfma=3.84 bar=3.84 rmsnorm_router=1.40 topk=10.28 total=21.60
[OPROJ_INNER] slicewait=3.88 mfma=5.24 bar=5.20 rmsnorm_router=1.44 topk=3.16 total=18.92
[BAR_ARR] ep=140 xcd=7 l1=0.280 l2=0.360
[OPROJ_INNER] slicewait=5.92 mfma=4.00 bar=8.20 rmsnorm_router=1.44 topk=1.32 total=20.88
[OPROJ_INNER] slicewait=5.88 mfma=6.96 bar=10.56 rmsnorm_router=1.48 topk=3.24 total=28.12
[BAR_ARR] ep=140 xcd=0 l1=0.200 l2=0.280
[OPROJ_INNER] slicewait=12.28 mfma=5.20 bar=6.40 rmsnorm_router=1.44 topk=2.72 total=28.04
[BAR_OBS] ep=140 xcd=2 drain=0.400 l1=0.200 wait=2.000 acq=0.080 obs=19124222460519 bar=2.680
[OPROJ_INNER] slicewait=2.60 mfma=3.96 bar=3.60 rmsnorm_router=1.48 topk=3.20 total=14.84
[BAR_ARR] ep=140 xcd=2 l1=0.200 l2=0.480
[BAR_OBS] ep=140 xcd=5 drain=0.440 l1=0.280 wait=5.640 acq=0.040 obs=19124222460603 bar=6.400
[BAR_ARR] ep=140 xcd=1 l1=0.240 l2=0.480
[BAR_OBS] ep=140 xcd=3 drain=0.360 l1=0.200 wait=2.960 acq=0.080 obs=19124222460620 bar=3.600
[BAR_OBS] ep=140 xcd=7 drain=0.480 l1=0.320 wait=9.680 acq=0.080 obs=19124222460609 bar=10.560
[OPROJ_INNER] slicewait=4.36 mfma=8.36 bar=8.72 rmsnorm_router=1.56 topk=0.44 total=23.44
[BAR_OBS] ep=140 xcd=4 drain=0.480 l1=0.320 wait=2.960 acq=0.080 obs=19124222460640 bar=3.840
[BAR_OBS] ep=140 xcd=6 drain=0.480 l1=0.320 wait=4.360 acq=0.040 obs=19124222460608 bar=5.200
[BAR_OBS] ep=140 xcd=0 drain=0.400 l1=0.240 wait=7.480 acq=0.080 obs=19124222460563 bar=8.200
[BAR_ARR] ep=140 xcd=4 l1=0.320 l2=0.440
[BAR_OBS] ep=140 xcd=1 drain=0.360 l1=0.240 wait=8.040 acq=0.080 obs=19124222460518 bar=8.720
[BAR_ARR] ep=140 xcd=3 l1=0.200 l2=0.440
[BAR_ARR] ep=140 xcd=6 l1=0.320 l2=0.440
[BAR_REL] ep=140 xcd=4 rel=19124222460512
[BAR_ARR] ep=141 xcd=4 l1=0.320 l2=0.360
[BAR_ARR] ep=141 xcd=7 l1=0.320 l2=0.320
[OPROJ_INNER] slicewait=3.12 mfma=3.72 bar=5.20 rmsnorm_router=1.40 topk=2.40 total=15.84
[BAR_ARR] ep=141 xcd=0 l1=0.240 l2=0.640
[BAR_ARR] ep=141 xcd=1 l1=0.240 l2=0.400
[OPROJ_INNER] slicewait=0.76 mfma=9.92 bar=10.72 rmsnorm_router=1.48 topk=1.60 total=24.48
[OPROJ_INNER] slicewait=2.88 mfma=5.44 bar=10.60 rmsnorm_router=1.72 topk=0.44 total=21.08
[BAR_REL] ep=141 xcd=4 rel=19124222788080
[BAR_ARR] ep=141 xcd=2 l1=0.240 l2=0.320
[OPROJ_INNER] slicewait=1.44 mfma=4.40 bar=3.44 rmsnorm_router=1.44 topk=2.56 total=13.28
[OPROJ_INNER] slicewait=2.32 mfma=11.36 bar=6.68 rmsnorm_router=1.44 topk=0.40 total=22.20
[BAR_OBS] ep=141 xcd=1 drain=0.400 l1=0.200 wait=10.080 acq=0.040 obs=19124222788138 bar=10.720
[OPROJ_INNER] slicewait=2.36 mfma=5.20 bar=7.08 rmsnorm_router=1.48 topk=3.28 total=19.40
[OPROJ_INNER] slicewait=4.64 mfma=9.24 bar=6.16 rmsnorm_router=1.44 topk=2.20 total=23.68
[BAR_OBS] ep=141 xcd=2 drain=0.360 l1=0.240 wait=6.000 acq=0.080 obs=19124222788091 bar=6.680
[BAR_ARR] ep=141 xcd=3 l1=0.200 l2=0.480
[BAR_OBS] ep=141 xcd=0 drain=0.400 l1=0.240 wait=9.880 acq=0.080 obs=19124222788059 bar=10.600
[BAR_OBS] ep=141 xcd=6 drain=0.480 l1=0.320 wait=4.320 acq=0.080 obs=19124222788144 bar=5.200
[OPROJ_INNER] slicewait=1.32 mfma=3.88 bar=3.80 rmsnorm_router=1.52 topk=3.64 total=14.16
[BAR_OBS] ep=141 xcd=3 drain=0.360 l1=0.200 wait=5.560 acq=0.040 obs=19124222788156 bar=6.160
[BAR_ARR] ep=141 xcd=6 l1=0.320 l2=0.400
[BAR_OBS] ep=141 xcd=7 drain=0.440 l1=0.320 wait=6.240 acq=0.080 obs=19124222788169 bar=7.080
[BAR_OBS] ep=141 xcd=5 drain=0.440 l1=0.280 wait=3.040 acq=0.040 obs=19124222788207 bar=3.800
[BAR_OBS] ep=141 xcd=4 drain=0.480 l1=0.320 wait=2.600 acq=0.040 obs=19124222788152 bar=3.440
[BAR_ARR] ep=141 xcd=5 l1=0.280 l2=0.440
[BAR_ARR] ep=142 xcd=0 l1=0.200 l2=0.400
[BAR_ARR] ep=142 xcd=7 l1=0.280 l2=0.520
[OPROJ_INNER] slicewait=1.88 mfma=4.56 bar=3.68 rmsnorm_router=1.44 topk=2.24 total=13.80
[OPROJ_INNER] slicewait=1.84 mfma=3.88 bar=3.84 rmsnorm_router=1.44 topk=4.00 total=15.00
[OPROJ_INNER] slicewait=3.88 mfma=4.88 bar=10.56 rmsnorm_router=1.48 topk=3.96 total=24.76
[BAR_ARR] ep=142 xcd=4 l1=0.320 l2=0.400
[BAR_ARR] ep=142 xcd=6 l1=0.320 l2=0.440
[OPROJ_INNER] slicewait=10.28 mfma=3.80 bar=6.88 rmsnorm_router=1.48 topk=3.56 total=26.00
[OPROJ_INNER] slicewait=4.48 mfma=3.96 bar=5.28 rmsnorm_router=1.48 topk=2.44 total=17.64
[BAR_OBS] ep=142 xcd=2 drain=0.360 l1=0.200 wait=3.080 acq=0.040 obs=19124223152455 bar=3.680
[OPROJ_INNER] slicewait=5.56 mfma=5.32 bar=12.00 rmsnorm_router=1.48 topk=3.64 total=28.00
[BAR_ARR] ep=142 xcd=2 l1=0.200 l2=0.400
[BAR_OBS] ep=142 xcd=1 drain=0.560 l1=0.200 wait=4.440 acq=0.080 obs=19124223152462 bar=5.280
[OPROJ_INNER] slicewait=4.48 mfma=6.24 bar=10.12 rmsnorm_router=1.48 topk=3.92 total=26.24
[BAR_OBS] ep=142 xcd=0 drain=0.440 l1=0.240 wait=11.280 acq=0.040 obs=19124223152491 bar=12.000
[BAR_OBS] ep=142 xcd=7 drain=0.480 l1=0.280 wait=9.720 acq=0.080 obs=19124223152489 bar=10.560
[BAR_ARR] ep=142 xcd=1 l1=0.200 l2=0.440
[BAR_OBS] ep=142 xcd=5 drain=0.440 l1=0.280 wait=3.040 acq=0.080 obs=19124223152499 bar=3.840
[BAR_ARR] ep=142 xcd=3 l1=0.200 l2=0.280
[BAR_REL] ep=142 xcd=4 rel=19124223152380
[OPROJ_INNER] slicewait=2.12 mfma=4.92 bar=4.36 rmsnorm_router=1.44 topk=3.28 total=16.12
[BAR_OBS] ep=142 xcd=6 drain=0.480 l1=0.320 wait=9.280 acq=0.040 obs=19124223152488 bar=10.120
[BAR_ARR] ep=142 xcd=5 l1=0.280 l2=0.360
[BAR_OBS] ep=142 xcd=4 drain=0.480 l1=0.320 wait=6.040 acq=0.040 obs=19124223152480 bar=6.880
[BAR_OBS] ep=142 xcd=3 drain=0.400 l1=0.160 wait=3.760 acq=0.040 obs=19124223152484 bar=4.360
[OPROJ_INNER] slicewait=6.68 mfma=3.84 bar=7.52 rmsnorm_router=1.44 topk=2.12 total=21.60
[BAR_ARR] ep=143 xcd=1 l1=0.240 l2=0.280
[BAR_ARR] ep=143 xcd=7 l1=0.280 l2=0.360
[OPROJ_INNER] slicewait=6.76 mfma=5.64 bar=12.08 rmsnorm_router=1.44 topk=0.56 total=26.48
[OPROJ_INNER] slicewait=3.84 mfma=3.80 bar=3.92 rmsnorm_router=1.44 topk=3.16 total=16.16
[BAR_ARR] ep=143 xcd=4 l1=0.320 l2=0.440
[BAR_ARR] ep=143 xcd=3 l1=0.160 l2=0.280
[BAR_OBS] ep=143 xcd=0 drain=0.400 l1=0.240 wait=6.800 acq=0.080 obs=19124223510375 bar=7.520
[OPROJ_INNER] slicewait=6.40 mfma=3.88 bar=6.28 rmsnorm_router=1.40 topk=2.76 total=20.72
[OPROJ_INNER] slicewait=7.56 mfma=7.96 bar=10.04 rmsnorm_router=1.44 topk=0.96 total=27.96
[OPROJ_INNER] slicewait=1.92 mfma=3.72 bar=3.24 rmsnorm_router=1.44 topk=0.68 total=11.00
[OPROJ_INNER] slicewait=3.92 mfma=3.92 bar=3.52 rmsnorm_router=1.48 topk=2.92 total=15.76
[BAR_REL] ep=143 xcd=4 rel=19124223510308
[BAR_OBS] ep=143 xcd=5 drain=0.440 l1=0.280 wait=3.120 acq=0.080 obs=19124223510403 bar=3.920
[BAR_ARR] ep=143 xcd=0 l1=0.240 l2=0.440
[BAR_ARR] ep=143 xcd=2 l1=0.240 l2=0.320
[BAR_OBS] ep=143 xcd=1 drain=0.360 l1=0.240 wait=11.400 acq=0.080 obs=19124223510338 bar=12.080
[OPROJ_INNER] slicewait=12.36 mfma=6.88 bar=5.56 rmsnorm_router=1.44 topk=0.40 total=26.64
[BAR_ARR] ep=143 xcd=5 l1=0.280 l2=0.440
[BAR_OBS] ep=143 xcd=6 drain=0.480 l1=0.320 wait=5.400 acq=0.080 obs=19124223510380 bar=6.280
[BAR_OBS] ep=143 xcd=3 drain=0.400 l1=0.160 wait=2.600 acq=0.080 obs=19124223510344 bar=3.240
[BAR_ARR] ep=143 xcd=6 l1=0.320 l2=0.400
[BAR_OBS] ep=143 xcd=7 drain=0.480 l1=0.280 wait=9.200 acq=0.080 obs=19124223510341 bar=10.040
[BAR_OBS] ep=143 xcd=2 drain=0.360 l1=0.240 wait=4.880 acq=0.080 obs=19124223510307 bar=5.560
[BAR_OBS] ep=143 xcd=4 drain=0.480 l1=0.320 wait=2.640 acq=0.080 obs=19124223510384 bar=3.520
[BAR_ARR] ep=144 xcd=0 l1=0.240 l2=0.280
[BAR_ARR] ep=144 xcd=7 l1=0.320 l2=0.360
[OPROJ_INNER] slicewait=4.32 mfma=12.20 bar=8.88 rmsnorm_router=1.68 topk=0.44 total=27.52
[BAR_ARR] ep=144 xcd=3 l1=0.240 l2=0.360
[OPROJ_INNER] slicewait=4.32 mfma=12.16 bar=10.52 rmsnorm_router=1.44 topk=2.04 total=30.48
[BAR_ARR] ep=144 xcd=5 l1=0.320 l2=0.360
[OPROJ_INNER] slicewait=4.56 mfma=5.12 bar=3.32 rmsnorm_router=1.60 topk=1.40 total=16.00
[OPROJ_INNER] slicewait=1.88 mfma=3.92 bar=3.76 rmsnorm_router=1.48 topk=3.64 total=14.68
[BAR_ARR] ep=144 xcd=6 l1=0.360 l2=0.440
[OPROJ_INNER] slicewait=9.76 mfma=6.12 bar=5.08 rmsnorm_router=1.44 topk=1.64 total=24.04
[BAR_OBS] ep=144 xcd=0 drain=0.400 l1=0.240 wait=8.160 acq=0.080 obs=19124223871427 bar=8.880
[OPROJ_INNER] slicewait=3.28 mfma=7.08 bar=9.28 rmsnorm_router=1.44 topk=3.04 total=24.12
[OPROJ_INNER] slicewait=1.84 mfma=4.16 bar=3.76 rmsnorm_router=1.48 topk=3.00 total=14.24
[BAR_OBS] ep=144 xcd=3 drain=0.360 l1=0.200 wait=4.480 acq=0.040 obs=19124223871500 bar=5.080
[BAR_OBS] ep=144 xcd=4 drain=0.480 l1=0.320 wait=2.920 acq=0.040 obs=19124223871564 bar=3.760
[BAR_OBS] ep=144 xcd=7 drain=0.480 l1=0.280 wait=9.680 acq=0.080 obs=19124223871493 bar=10.520
[BAR_OBS] ep=144 xcd=2 drain=0.400 l1=0.200 wait=3.120 acq=0.040 obs=19124223871539 bar=3.760
[BAR_ARR] ep=144 xcd=4 l1=0.320 l2=0.360
[BAR_ARR] ep=144 xcd=1 l1=0.240 l2=0.240
[OPROJ_INNER] slicewait=2.96 mfma=16.48 bar=9.36 rmsnorm_router=1.44 topk=3.04 total=33.28
[BAR_ARR] ep=144 xcd=2 l1=0.200 l2=0.480
[BAR_OBS] ep=144 xcd=6 drain=0.480 l1=0.320 wait=8.400 acq=0.080 obs=19124223871524 bar=9.280
[BAR_OBS] ep=144 xcd=5 drain=0.440 l1=0.280 wait=2.520 acq=0.080 obs=19124223871467 bar=3.320
[BAR_REL] ep=144 xcd=4 rel=19124223871440
[BAR_OBS] ep=144 xcd=1 drain=0.400 l1=0.200 wait=8.680 acq=0.080 obs=19124223871542 bar=9.360
[BAR_ARR] ep=145 xcd=5 l1=0.280 l2=0.360
[BAR_ARR] ep=145 xcd=3 l1=0.200 l2=0.440
[OPROJ_INNER] slicewait=3.52 mfma=5.68 bar=5.12 rmsnorm_router=1.44 topk=1.84 total=17.60
[BAR_ARR] ep=145 xcd=2 l1=0.240 l2=0.440
[BAR_REL] ep=145 xcd=5 rel=19124224229459
[OPROJ_INNER] slicewait=1.88 mfma=4.36 bar=3.48 rmsnorm_router=1.48 topk=3.16 total=14.36
[BAR_ARR] ep=145 xcd=7 l1=0.280 l2=0.400
[BAR_ARR] ep=145 xcd=6 l1=0.320 l2=0.520
[OPROJ_INNER] slicewait=5.88 mfma=7.68 bar=8.36 rmsnorm_router=1.44 topk=2.00 total=25.36
[BAR_ARR] ep=145 xcd=4 l1=0.320 l2=0.400
[OPROJ_INNER] slicewait=8.36 mfma=3.20 bar=10.44 rmsnorm_router=1.44 topk=3.40 total=26.84
[OPROJ_INNER] slicewait=3.84 mfma=5.52 bar=5.92 rmsnorm_router=1.60 topk=1.32 total=18.20
[BAR_OBS] ep=145 xcd=1 drain=0.520 l1=0.240 wait=4.280 acq=0.080 obs=19124224229526 bar=5.120
[OPROJ_INNER] slicewait=10.36 mfma=3.84 bar=5.04 rmsnorm_router=1.44 topk=3.00 total=23.68
[BAR_ARR] ep=145 xcd=0 l1=0.280 l2=0.440
[BAR_OBS] ep=145 xcd=7 drain=0.440 l1=0.320 wait=5.080 acq=0.080 obs=19124224229481 bar=5.920
[OPROJ_INNER] slicewait=4.28 mfma=7.12 bar=8.80 rmsnorm_router=1.48 topk=0.52 total=22.20
[BAR_ARR] ep=145 xcd=1 l1=0.240 l2=0.360
[BAR_OBS] ep=145 xcd=3 drain=0.360 l1=0.200 wait=7.720 acq=0.080 obs=19124224229528 bar=8.360
[OPROJ_INNER] slicewait=4.96 mfma=10.40 bar=6.68 rmsnorm_router=1.44 topk=2.44 total=25.92
[BAR_OBS] ep=145 xcd=6 drain=0.480 l1=0.320 wait=9.560 acq=0.080 obs=19124224229552 bar=10.440
[BAR_OBS] ep=145 xcd=5 drain=0.440 l1=0.280 wait=2.680 acq=0.080 obs=19124224229551 bar=3.480
[BAR_OBS] ep=145 xcd=0 drain=0.400 l1=0.200 wait=8.120 acq=0.080 obs=19124224229487 bar=8.800
[BAR_OBS] ep=145 xcd=4 drain=0.480 l1=0.320 wait=4.160 acq=0.080 obs=19124224229544 bar=5.040
[BAR_OBS] ep=145 xcd=2 drain=0.360 l1=0.240 wait=6.000 acq=0.080 obs=19124224229543 bar=6.680
[BAR_ARR] ep=146 xcd=4 l1=0.280 l2=0.480
[OPROJ_INNER] slicewait=2.32 mfma=3.80 bar=2.84 rmsnorm_router=1.52 topk=0.40 total=10.88
[OPROJ_INNER] slicewait=2.28 mfma=3.92 bar=2.60 rmsnorm_router=1.68 topk=0.40 total=10.88
[BAR_ARR] ep=146 xcd=5 l1=0.320 l2=0.320
[BAR_ARR] ep=146 xcd=0 l1=0.240 l2=0.320
[BAR_ARR] ep=146 xcd=7 l1=0.320 l2=0.320
[BAR_ARR] ep=146 xcd=1 l1=0.200 l2=0.240
[BAR_OBS] ep=146 xcd=2 drain=0.360 l1=0.200 wait=2.200 acq=0.080 obs=19124224611159 bar=2.840
[OPROJ_INNER] slicewait=3.84 mfma=9.16 bar=9.04 rmsnorm_router=1.44 topk=3.36 total=26.84
[OPROJ_INNER] slicewait=2.56 mfma=3.80 bar=3.52 rmsnorm_router=1.44 topk=1.96 total=13.28
[BAR_OBS] ep=146 xcd=3 drain=0.360 l1=0.200 wait=1.960 acq=0.080 obs=19124224611144 bar=2.600
[OPROJ_INNER] slicewait=4.32 mfma=5.32 bar=4.44 rmsnorm_router=1.52 topk=3.32 total=18.92
[OPROJ_INNER] slicewait=3.04 mfma=8.84 bar=10.16 rmsnorm_router=1.44 topk=0.44 total=23.92
[BAR_ARR] ep=146 xcd=2 l1=0.200 l2=0.640
[BAR_REL] ep=146 xcd=4 rel=19124224611168
[OPROJ_INNER] slicewait=3.04 mfma=9.12 bar=10.32 rmsnorm_router=1.44 topk=2.92 total=26.84
[BAR_ARR] ep=146 xcd=6 l1=0.280 l2=0.560
[BAR_OBS] ep=146 xcd=0 drain=0.400 l1=0.240 wait=9.440 acq=0.080 obs=19124224611175 bar=10.160
[BAR_ARR] ep=146 xcd=3 l1=0.200 l2=0.640
[BAR_OBS] ep=146 xcd=1 drain=0.360 l1=0.200 wait=9.680 acq=0.080 obs=19124224611262 bar=10.320
[OPROJ_INNER] slicewait=6.36 mfma=3.76 bar=5.80 rmsnorm_router=1.40 topk=2.00 total=19.32
[BAR_OBS] ep=146 xcd=5 drain=0.440 l1=0.280 wait=2.720 acq=0.080 obs=19124224611223 bar=3.520
[BAR_OBS] ep=146 xcd=4 drain=0.480 l1=0.320 wait=3.600 acq=0.040 obs=19124224611264 bar=4.440
[BAR_OBS] ep=146 xcd=7 drain=0.480 l1=0.280 wait=8.240 acq=0.040 obs=19124224611281 bar=9.040
[BAR_OBS] ep=146 xcd=6 drain=0.520 l1=0.320 wait=4.880 acq=0.080 obs=19124224611220 bar=5.800
[BAR_ARR] ep=147 xcd=2 l1=0.200 l2=0.280
[OPROJ_INNER] slicewait=4.16 mfma=3.80 bar=3.88 rmsnorm_router=1.48 topk=0.64 total=13.96
[OPROJ_INNER] slicewait=10.24 mfma=2.40 bar=8.20 rmsnorm_router=1.40 topk=2.68 total=24.92
[OPROJ_INNER] slicewait=4.52 mfma=3.96 bar=4.04 rmsnorm_router=1.52 topk=1.68 total=15.72
[BAR_ARR] ep=147 xcd=4 l1=0.320 l2=0.360
[OPROJ_INNER] slicewait=5.60 mfma=3.80 bar=6.24 rmsnorm_router=1.48 topk=0.44 total=17.56
[BAR_ARR] ep=147 xcd=3 l1=0.200 l2=0.440
[BAR_OBS] ep=147 xcd=0 drain=0.400 l1=0.240 wait=3.200 acq=0.040 obs=19124224991379 bar=3.880
[BAR_ARR] ep=147 xcd=5 l1=0.320 l2=0.320
[OPROJ_INNER] slicewait=10.72 mfma=3.00 bar=7.48 rmsnorm_router=1.44 topk=3.08 total=25.72
[BAR_ARR] ep=147 xcd=0 l1=0.240 l2=0.440
[BAR_REL] ep=147 xcd=4 rel=19124224991364
[BAR_OBS] ep=147 xcd=2 drain=0.360 l1=0.240 wait=7.520 acq=0.080 obs=19124224991439 bar=8.200
[OPROJ_INNER] slicewait=9.64 mfma=3.76 bar=6.28 rmsnorm_router=1.48 topk=3.36 total=24.52
[OPROJ_INNER] slicewait=7.44 mfma=3.88 bar=4.08 rmsnorm_router=1.64 topk=1.84 total=18.88
[BAR_OBS] ep=147 xcd=1 drain=0.360 l1=0.240 wait=5.600 acq=0.040 obs=19124224991370 bar=6.240
[BAR_ARR] ep=147 xcd=7 l1=0.320 l2=0.360
[BAR_ARR] ep=147 xcd=1 l1=0.240 l2=0.480
[OPROJ_INNER] slicewait=5.84 mfma=3.88 bar=7.60 rmsnorm_router=1.44 topk=1.44 total=20.20
[BAR_OBS] ep=147 xcd=6 drain=0.480 l1=0.320 wait=3.200 acq=0.040 obs=19124224991408 bar=4.040
[BAR_OBS] ep=147 xcd=3 drain=0.400 l1=0.200 wait=6.800 acq=0.080 obs=19124224991460 bar=7.480
[BAR_OBS] ep=147 xcd=4 drain=0.480 l1=0.320 wait=5.440 acq=0.040 obs=19124224991456 bar=6.280
[BAR_OBS] ep=147 xcd=7 drain=0.480 l1=0.320 wait=6.760 acq=0.040 obs=19124224991401 bar=7.600
[BAR_ARR] ep=147 xcd=6 l1=0.320 l2=0.480
[BAR_OBS] ep=147 xcd=5 drain=0.440 l1=0.280 wait=3.320 acq=0.040 obs=19124224991399 bar=4.080
[BAR_ARR] ep=148 xcd=0 l1=0.240 l2=0.360
[BAR_ARR] ep=148 xcd=2 l1=0.240 l2=0.320
[OPROJ_INNER] slicewait=8.64 mfma=3.76 bar=7.20 rmsnorm_router=1.48 topk=0.36 total=21.44
[OPROJ_INNER] slicewait=4.48 mfma=3.80 bar=4.88 rmsnorm_router=1.40 topk=0.40 total=14.96
[OPROJ_INNER] slicewait=4.92 mfma=3.80 bar=8.60 rmsnorm_router=1.64 topk=0.44 total=19.40
[BAR_ARR] ep=148 xcd=7 l1=0.320 l2=0.400
[OPROJ_INNER] slicewait=4.08 mfma=6.84 bar=8.20 rmsnorm_router=1.68 topk=1.36 total=22.16
[BAR_OBS] ep=148 xcd=1 drain=0.440 l1=0.240 wait=4.160 acq=0.040 obs=19124225342274 bar=4.880
[OPROJ_INNER] slicewait=2.68 mfma=5.72 bar=3.92 rmsnorm_router=1.80 topk=0.92 total=15.04
[BAR_OBS] ep=148 xcd=2 drain=0.360 l1=0.200 wait=6.560 acq=0.080 obs=19124225342267 bar=7.200
[BAR_ARR] ep=148 xcd=1 l1=0.240 l2=0.240
[OPROJ_INNER] slicewait=2.00 mfma=3.80 bar=2.56 rmsnorm_router=1.84 topk=1.40 total=11.60
[BAR_OBS] ep=148 xcd=7 drain=0.440 l1=0.320 wait=7.360 acq=0.080 obs=19124225342281 bar=8.200
[BAR_ARR] ep=148 xcd=4 l1=0.320 l2=0.360
[BAR_OBS] ep=148 xcd=0 drain=0.400 l1=0.240 wait=7.880 acq=0.080 obs=19124225342263 bar=8.600
[OPROJ_INNER] slicewait=2.36 mfma=3.76 bar=3.64 rmsnorm_router=1.44 topk=2.64 total=13.84
[BAR_OBS] ep=148 xcd=6 drain=0.480 l1=0.320 wait=3.040 acq=0.080 obs=19124225342268 bar=3.920
[BAR_OBS] ep=148 xcd=3 drain=0.400 l1=0.160 wait=3.040 acq=0.040 obs=19124225342356 bar=3.640
[BAR_REL] ep=148 xcd=4 rel=19124225342264
[BAR_OBS] ep=148 xcd=5 drain=0.400 l1=0.280 wait=1.800 acq=0.080 obs=19124225342271 bar=2.560
[OPROJ_INNER] slicewait=6.56 mfma=3.88 bar=3.16 rmsnorm_router=1.60 topk=1.36 total=16.56
[BAR_ARR] ep=148 xcd=3 l1=0.160 l2=0.360
[BAR_ARR] ep=148 xcd=5 l1=0.280 l2=0.360
[BAR_ARR] ep=148 xcd=6 l1=0.320 l2=0.360
[BAR_OBS] ep=148 xcd=4 drain=0.480 l1=0.320 wait=2.280 acq=0.080 obs=19124225342288 bar=3.160
[BAR_ARR] ep=149 xcd=0 l1=0.240 l2=0.280
[BAR_ARR] ep=149 xcd=2 l1=0.240 l2=0.280
[OPROJ_INNER] slicewait=3.72 mfma=7.92 bar=8.36 rmsnorm_router=1.48 topk=0.44 total=21.92
[BAR_ARR] ep=149 xcd=1 l1=0.200 l2=0.280
[OPROJ_INNER] slicewait=6.28 mfma=8.28 bar=10.92 rmsnorm_router=1.44 topk=2.68 total=29.60
[BAR_OBS] ep=149 xcd=0 drain=0.400 l1=0.240 wait=7.640 acq=0.080 obs=19124225654183 bar=8.360
[BAR_ARR] ep=149 xcd=6 l1=0.280 l2=0.480
[OPROJ_INNER] slicewait=2.48 mfma=3.80 bar=3.68 rmsnorm_router=1.44 topk=9.44 total=20.84
[BAR_ARR] ep=149 xcd=5 l1=0.280 l2=0.400
[BAR_ARR] ep=149 xcd=3 l1=0.200 l2=0.440
[OPROJ_INNER] slicewait=6.60 mfma=3.88 bar=4.16 rmsnorm_router=1.44 topk=2.88 total=18.96
[OPROJ_INNER] slicewait=4.04 mfma=11.04 bar=10.24 rmsnorm_router=1.44 topk=3.32 total=30.08
[OPROJ_INNER] slicewait=5.24 mfma=9.40 bar=5.20 rmsnorm_router=1.48 topk=3.32 total=24.64
[OPROJ_INNER] slicewait=5.72 mfma=3.92 bar=3.32 rmsnorm_router=1.44 topk=1.52 total=15.92
[BAR_ARR] ep=149 xcd=7 l1=0.320 l2=0.400
[BAR_OBS] ep=149 xcd=4 drain=0.480 l1=0.320 wait=2.800 acq=0.080 obs=19124225654272 bar=3.680
[OPROJ_INNER] slicewait=4.12 mfma=7.72 bar=8.88 rmsnorm_router=1.44 topk=1.80 total=23.96
[BAR_OBS] ep=149 xcd=2 drain=0.400 l1=0.200 wait=2.640 acq=0.080 obs=19124225654203 bar=3.320
[BAR_ARR] ep=149 xcd=4 l1=0.320 l2=0.360
[BAR_REL] ep=149 xcd=4 rel=19124225654148
[BAR_OBS] ep=149 xcd=7 drain=0.480 l1=0.280 wait=8.040 acq=0.080 obs=19124225654205 bar=8.880
[BAR_OBS] ep=149 xcd=6 drain=0.480 l1=0.320 wait=9.360 acq=0.080 obs=19124225654248 bar=10.240
[BAR_OBS] ep=149 xcd=1 drain=0.400 l1=0.200 wait=10.240 acq=0.080 obs=19124225654242 bar=10.920
[BAR_OBS] ep=149 xcd=5 drain=0.480 l1=0.280 wait=4.360 acq=0.080 obs=19124225654255 bar=5.200
[BAR_OBS] ep=149 xcd=3 drain=0.400 l1=0.200 wait=3.520 acq=0.040 obs=19124225654252 bar=4.160
[OPROJ_INNER] slicewait=4.16 mfma=3.72 bar=5.00 rmsnorm_router=1.44 topk=0.40 total=14.72
[BAR_ARR] ep=150 xcd=5 l1=0.280 l2=0.360
[OPROJ_INNER] slicewait=11.00 mfma=3.80 bar=5.44 rmsnorm_router=1.44 topk=2.04 total=23.72
[BAR_ARR] ep=150 xcd=6 l1=0.320 l2=0.360
[BAR_ARR] ep=150 xcd=0 l1=0.240 l2=0.280
[BAR_ARR] ep=150 xcd=4 l1=0.320 l2=0.360
[OPROJ_INNER] slicewait=5.48 mfma=5.40 bar=11.88 rmsnorm_router=1.44 topk=3.00 total=27.20
[OPROJ_INNER] slicewait=7.88 mfma=2.80 bar=11.48 rmsnorm_router=1.48 topk=3.64 total=27.28
[BAR_OBS] ep=150 xcd=1 drain=0.440 l1=0.200 wait=4.280 acq=0.080 obs=19124226006570 bar=5.000
[BAR_ARR] ep=150 xcd=1 l1=0.200 l2=0.360
[BAR_OBS] ep=150 xcd=0 drain=0.400 l1=0.240 wait=11.160 acq=0.080 obs=19124226006679 bar=11.880
[OPROJ_INNER] slicewait=2.56 mfma=3.80 bar=3.72 rmsnorm_router=1.44 topk=2.52 total=14.04
[BAR_OBS] ep=150 xcd=6 drain=0.480 l1=0.320 wait=10.600 acq=0.080 obs=19124226006688 bar=11.480
[OPROJ_INNER] slicewait=3.44 mfma=3.84 bar=3.52 rmsnorm_router=1.44 topk=2.28 total=14.52
[BAR_ARR] ep=150 xcd=3 l1=0.160 l2=0.320
[BAR_ARR] ep=150 xcd=7 l1=0.320 l2=0.360
[BAR_REL] ep=150 xcd=4 rel=19124226006572
[OPROJ_INNER] slicewait=5.00 mfma=3.76 bar=9.48 rmsnorm_router=1.40 topk=2.44 total=22.08
[OPROJ_INNER] slicewait=1.84 mfma=4.60 bar=3.24 rmsnorm_router=1.44 topk=1.36 total=12.48
[BAR_OBS] ep=150 xcd=2 drain=0.360 l1=0.200 wait=3.080 acq=0.080 obs=19124226006663 bar=3.720
[BAR_OBS] ep=150 xcd=4 drain=0.520 l1=0.320 wait=2.600 acq=0.080 obs=19124226006644 bar=3.520
[BAR_ARR] ep=150 xcd=2 l1=0.200 l2=0.440
[BAR_OBS] ep=150 xcd=5 drain=0.440 l1=0.280 wait=4.640 acq=0.080 obs=19124226006643 bar=5.440
[BAR_OBS] ep=150 xcd=3 drain=0.360 l1=0.200 wait=2.600 acq=0.080 obs=19124226006624 bar=3.240
[BAR_OBS] ep=150 xcd=7 drain=0.440 l1=0.320 wait=8.640 acq=0.080 obs=19124226006649 bar=9.480
[nps2base] blocks per XCD: 23 23 23 23 23 23 23 23
[nps2base] wall 540.28 ms / 150 layers = 3601.90 us per layer
[nps2base] hash attn_proj_out=8c80e2966041a783 rmsnorm_out=a1cf01ab958675cb
[nps2base] attn_out(in)       7680/8192 nonzero bytes  head 40004000 40004000 40004000 40004000
[nps2base] weight_data(in)     256/256 nonzero bytes  head 22222222 22222222 22222222 22222222
[nps2base] weight_scale(in)    256/256 nonzero bytes  head 77777777 77777777 77777777 77777777
[nps2base] norm_weight(in)     256/256 nonzero bytes  head 3c3c3c3c 3c3c3c3c 3c3c3c3c 3c3c3c3c
[nps2base] attn_proj_out      5888/5888 nonzero bytes  head 421c421a 4220421e 42244222 42284226
[nps2base] rmsnorm_out        2903/5760 nonzero bytes  head 7c7c7c7c 7d7c7c7c 7b7b7d7d 7b7b7b7b
[nps2base] topk_weight           8/4096 nonzero bytes  head 3e800000 3e800000 3e800000 3e800000
[nps2base] routing_indices       4/4096 nonzero bytes  head 00000000 00000000 00000000 00000000
[nps2base] logits_scratch        0/4096 nonzero bytes  head 00000000 00000000 00000000 00000000
[nps2base] counters             26/4096 nonzero bytes  head 00000096 00000000 00000000 00000000
