[nps1] attn_out 0x77ec37000000  flags 0x77ec37111000 / 0x77ec37111000  weight 0x77ec36600000 (6.11 MiB)
[nps1] aid=0 coherent=0 split=0 hier_split=0 local_split=0
[nps1] 184 tiles (23/XCD), 256 threads, 150 layers, delay=0 skew=0, 736 polling waves
[BAR_ARR] ep=1 xcd=2 l1=0.640 l2=0.800
[BAR_ARR] ep=1 xcd=4 l1=0.560 l2=0.320
[OPROJ_INNER] slicewait=10.68 mfma=1.76 bar=6.64 rmsnorm_router=1.72 topk=3.52 total=24.32
[BAR_ARR] ep=1 xcd=5 l1=0.400 l2=0.280
[BAR_ARR] ep=1 xcd=3 l1=0.480 l2=0.360
[BAR_ARR] ep=1 xcd=0 l1=0.480 l2=0.400
[OPROJ_INNER] slicewait=5.52 mfma=1.88 bar=6.20 rmsnorm_router=1.56 topk=0.60 total=15.76
[OPROJ_INNER] slicewait=6.40 mfma=1.76 bar=6.64 rmsnorm_router=1.72 topk=2.56 total=19.08
[BAR_OBS] ep=1 xcd=2 drain=0.520 l1=0.280 wait=5.760 acq=0.080 obs=19135309415223 bar=6.640
[OPROJ_INNER] slicewait=7.68 mfma=1.88 bar=6.28 rmsnorm_router=1.52 topk=1.72 total=19.08
[BAR_OBS] ep=1 xcd=3 drain=0.480 l1=0.360 wait=5.720 acq=0.080 obs=19135309415219 bar=6.640
[OPROJ_INNER] slicewait=0.40 mfma=4.16 bar=2.08 rmsnorm_router=1.72 topk=2.84 total=11.20
[BAR_ARR] ep=1 xcd=7 l1=0.440 l2=0.680
[BAR_OBS] ep=1 xcd=4 drain=0.400 l1=0.240 wait=5.560 acq=0.080 obs=19135309415210 bar=6.280
[OPROJ_INNER] slicewait=7.36 mfma=1.88 bar=6.28 rmsnorm_router=1.52 topk=0.40 total=17.44
[BAR_ARR] ep=1 xcd=6 l1=0.480 l2=0.280
[BAR_REL] ep=1 xcd=0 rel=19135309415213
[BAR_OBS] ep=1 xcd=5 drain=0.400 l1=0.240 wait=5.480 acq=0.080 obs=19135309415205 bar=6.200
[OPROJ_INNER] slicewait=4.56 mfma=1.88 bar=6.28 rmsnorm_router=1.52 topk=1.16 total=15.40
[BAR_ARR] ep=1 xcd=1 l1=0.480 l2=0.400
[OPROJ_INNER] slicewait=9.96 mfma=1.80 bar=6.64 rmsnorm_router=1.68 topk=2.00 total=22.08
[BAR_OBS] ep=1 xcd=0 drain=0.480 l1=0.360 wait=1.160 acq=0.080 obs=19135309415221 bar=2.080
[BAR_OBS] ep=1 xcd=1 drain=0.440 l1=0.280 wait=5.840 acq=0.080 obs=19135309415219 bar=6.640
[BAR_OBS] ep=1 xcd=6 drain=0.480 l1=0.280 wait=5.440 acq=0.080 obs=19135309415208 bar=6.280
[BAR_OBS] ep=1 xcd=7 drain=0.480 l1=0.200 wait=5.520 acq=0.080 obs=19135309415203 bar=6.280
[OPROJ_INNER] slicewait=0.40 mfma=3.96 bar=1.64 rmsnorm_router=1.56 topk=2.48 total=10.04
[OPROJ_INNER] slicewait=0.40 mfma=4.00 bar=1.48 rmsnorm_router=1.52 topk=0.72 total=8.12
[OPROJ_INNER] slicewait=0.40 mfma=3.92 bar=1.76 rmsnorm_router=1.60 topk=3.64 total=11.32
[OPROJ_INNER] slicewait=0.40 mfma=4.00 bar=1.48 rmsnorm_router=1.52 topk=1.36 total=8.76
[OPROJ_INNER] slicewait=0.40 mfma=4.00 bar=1.68 rmsnorm_router=1.60 topk=3.48 total=11.16
[OPROJ_INNER] slicewait=0.40 mfma=4.00 bar=1.44 rmsnorm_router=1.56 topk=1.84 total=9.24
[BAR_OBS] ep=2 xcd=7 drain=0.480 l1=0.200 wait=0.760 acq=0.040 obs=19135309806439 bar=1.480
[OPROJ_INNER] slicewait=0.40 mfma=4.08 bar=1.72 rmsnorm_router=1.48 topk=3.28 total=10.96
[BAR_OBS] ep=2 xcd=4 drain=0.400 l1=0.240 wait=0.760 acq=0.040 obs=19135309806442 bar=1.440
[OPROJ_INNER] slicewait=0.40 mfma=3.88 bar=1.76 rmsnorm_router=1.52 topk=2.56 total=10.12
[BAR_OBS] ep=2 xcd=5 drain=0.360 l1=0.240 wait=0.800 acq=0.080 obs=19135309806437 bar=1.480
[BAR_OBS] ep=2 xcd=1 drain=0.440 l1=0.280 wait=0.880 acq=0.040 obs=19135309806451 bar=1.640
[BAR_OBS] ep=2 xcd=2 drain=0.480 l1=0.320 wait=0.880 acq=0.080 obs=19135309806455 bar=1.760
[BAR_ARR] ep=2 xcd=7 l1=0.200 l2=0.240
[BAR_OBS] ep=2 xcd=6 drain=0.440 l1=0.240 wait=1.000 acq=0.040 obs=19135309806472 bar=1.720
[BAR_ARR] ep=2 xcd=5 l1=0.240 l2=0.240
[BAR_ARR] ep=2 xcd=1 l1=0.280 l2=0.360
[BAR_ARR] ep=2 xcd=2 l1=0.320 l2=0.320
[BAR_OBS] ep=2 xcd=0 drain=0.440 l1=0.320 wait=0.880 acq=0.040 obs=19135309806457 bar=1.680
[BAR_ARR] ep=2 xcd=4 l1=0.240 l2=0.280
[BAR_OBS] ep=2 xcd=3 drain=0.480 l1=0.280 wait=0.920 acq=0.080 obs=19135309806451 bar=1.760
[BAR_ARR] ep=2 xcd=0 l1=0.320 l2=0.320
[BAR_ARR] ep=2 xcd=6 l1=0.240 l2=0.240
[BAR_ARR] ep=2 xcd=3 l1=0.280 l2=0.320
[BAR_REL] ep=2 xcd=6 rel=19135309806440
[OPROJ_INNER] slicewait=0.44 mfma=3.92 bar=1.84 rmsnorm_router=1.60 topk=3.08 total=10.88
[OPROJ_INNER] slicewait=0.36 mfma=4.00 bar=1.92 rmsnorm_router=1.56 topk=3.56 total=11.40
[OPROJ_INNER] slicewait=0.40 mfma=4.00 bar=1.68 rmsnorm_router=1.48 topk=1.32 total=8.88
[OPROJ_INNER] slicewait=0.40 mfma=3.92 bar=1.72 rmsnorm_router=1.48 topk=0.40 total=7.92
[OPROJ_INNER] slicewait=0.40 mfma=3.96 bar=1.76 rmsnorm_router=1.52 topk=1.56 total=9.20
[OPROJ_INNER] slicewait=0.40 mfma=4.00 bar=1.80 rmsnorm_router=1.56 topk=2.44 total=10.20
[OPROJ_INNER] slicewait=0.40 mfma=3.96 bar=2.00 rmsnorm_router=1.44 topk=7.32 total=15.12
[BAR_OBS] ep=3 xcd=3 drain=0.480 l1=0.280 wait=1.040 acq=0.040 obs=19135310086967 bar=1.840
[BAR_OBS] ep=3 xcd=0 drain=0.480 l1=0.320 wait=1.080 acq=0.040 obs=19135310086969 bar=1.920
[OPROJ_INNER] slicewait=0.44 mfma=4.00 bar=1.56 rmsnorm_router=1.52 topk=1.28 total=8.80
[BAR_ARR] ep=3 xcd=0 l1=0.320 l2=0.320
[BAR_ARR] ep=3 xcd=3 l1=0.280 l2=0.320
[BAR_OBS] ep=3 xcd=2 drain=0.480 l1=0.280 wait=1.160 acq=0.080 obs=19135310086987 bar=2.000
[BAR_OBS] ep=3 xcd=4 drain=0.400 l1=0.240 wait=0.960 acq=0.080 obs=19135310086954 bar=1.680
[BAR_ARR] ep=3 xcd=2 l1=0.280 l2=0.360
[BAR_OBS] ep=3 xcd=1 drain=0.440 l1=0.320 wait=0.960 acq=0.080 obs=19135310086963 bar=1.800
[BAR_OBS] ep=3 xcd=7 drain=0.480 l1=0.200 wait=1.000 acq=0.040 obs=19135310086951 bar=1.720
[BAR_REL] ep=3 xcd=2 rel=19135310086959
[BAR_ARR] ep=3 xcd=1 l1=0.320 l2=0.320
[BAR_OBS] ep=3 xcd=6 drain=0.440 l1=0.240 wait=1.000 acq=0.080 obs=19135310086952 bar=1.760
[BAR_ARR] ep=3 xcd=7 l1=0.200 l2=0.240
[BAR_ARR] ep=3 xcd=4 l1=0.240 l2=0.280
[BAR_ARR] ep=3 xcd=6 l1=0.240 l2=0.280
[BAR_OBS] ep=3 xcd=5 drain=0.360 l1=0.240 wait=0.920 acq=0.040 obs=19135310086953 bar=1.560
[BAR_ARR] ep=3 xcd=5 l1=0.240 l2=0.240
[OPROJ_INNER] slicewait=0.44 mfma=3.96 bar=1.80 rmsnorm_router=1.60 topk=2.32 total=10.12
[OPROJ_INNER] slicewait=0.40 mfma=3.96 bar=1.92 rmsnorm_router=1.52 topk=3.12 total=10.92
[OPROJ_INNER] slicewait=0.44 mfma=3.92 bar=2.00 rmsnorm_router=1.44 topk=7.96 total=15.76
[OPROJ_INNER] slicewait=0.40 mfma=3.96 bar=1.64 rmsnorm_router=1.44 topk=0.36 total=7.80
[BAR_OBS] ep=4 xcd=2 drain=0.480 l1=0.320 wait=1.160 acq=0.040 obs=19135310358727 bar=2.000
[BAR_OBS] ep=4 xcd=1 drain=0.440 l1=0.280 wait=1.040 acq=0.040 obs=19135310358703 bar=1.800
[OPROJ_INNER] slicewait=0.40 mfma=4.00 bar=1.68 rmsnorm_router=1.48 topk=1.72 total=9.28
[BAR_OBS] ep=4 xcd=0 drain=0.440 l1=0.320 wait=1.080 acq=0.080 obs=19135310358705 bar=1.920
[OPROJ_INNER] slicewait=0.40 mfma=3.92 bar=1.84 rmsnorm_router=1.52 topk=2.64 total=10.32
[BAR_ARR] ep=4 xcd=2 l1=0.320 l2=0.360
[OPROJ_INNER] slicewait=0.40 mfma=3.92 bar=1.76 rmsnorm_router=1.48 topk=1.92 total=9.48
[BAR_OBS] ep=4 xcd=7 drain=0.440 l1=0.240 wait=0.880 acq=0.080 obs=19135310358687 bar=1.640
[BAR_REL] ep=4 xcd=2 rel=19135310358695
[BAR_ARR] ep=4 xcd=0 l1=0.320 l2=0.360
[BAR_ARR] ep=4 xcd=1 l1=0.280 l2=0.320
[BAR_OBS] ep=4 xcd=3 drain=0.480 l1=0.280 wait=1.000 acq=0.080 obs=19135310358703 bar=1.840
[OPROJ_INNER] slicewait=0.36 mfma=3.88 bar=1.64 rmsnorm_router=1.52 topk=1.44 total=8.84
[BAR_ARR] ep=4 xcd=7 l1=0.240 l2=0.240
[BAR_OBS] ep=4 xcd=4 drain=0.440 l1=0.200 wait=1.040 acq=0.080 obs=19135310358694 bar=1.760
[BAR_ARR] ep=4 xcd=3 l1=0.280 l2=0.320
[BAR_OBS] ep=4 xcd=6 drain=0.480 l1=0.200 wait=0.920 acq=0.080 obs=19135310358692 bar=1.680
[BAR_ARR] ep=4 xcd=4 l1=0.200 l2=0.280
[BAR_ARR] ep=4 xcd=6 l1=0.200 l2=0.240
[BAR_OBS] ep=4 xcd=5 drain=0.360 l1=0.240 wait=0.960 acq=0.080 obs=19135310358689 bar=1.640
[BAR_ARR] ep=4 xcd=5 l1=0.240 l2=0.240
[OPROJ_INNER] slicewait=0.40 mfma=3.96 bar=1.96 rmsnorm_router=1.52 topk=7.52 total=15.36
[OPROJ_INNER] slicewait=0.40 mfma=3.92 bar=1.84 rmsnorm_router=1.64 topk=3.00 total=10.80
[OPROJ_INNER] slicewait=0.40 mfma=4.00 bar=1.56 rmsnorm_router=1.44 topk=0.40 total=7.80
[OPROJ_INNER] slicewait=0.40 mfma=3.92 bar=1.92 rmsnorm_router=1.60 topk=3.52 total=11.36
[OPROJ_INNER] slicewait=0.44 mfma=3.92 bar=1.80 rmsnorm_router=1.60 topk=3.72 total=11.48
[BAR_OBS] ep=5 xcd=1 drain=0.440 l1=0.280 wait=1.040 acq=0.080 obs=19135310634271 bar=1.840
[OPROJ_INNER] slicewait=0.44 mfma=3.96 bar=1.64 rmsnorm_router=1.56 topk=1.32 total=8.92
[BAR_OBS] ep=5 xcd=0 drain=0.480 l1=0.320 wait=1.040 acq=0.080 obs=19135310634277 bar=1.920
[BAR_OBS] ep=5 xcd=3 drain=0.480 l1=0.280 wait=1.120 acq=0.080 obs=19135310634295 bar=1.960
[BAR_OBS] ep=5 xcd=2 drain=0.480 l1=0.280 wait=0.960 acq=0.080 obs=19135310634275 bar=1.800
[BAR_OBS] ep=5 xcd=7 drain=0.480 l1=0.200 wait=0.840 acq=0.040 obs=19135310634259 bar=1.560
[OPROJ_INNER] slicewait=0.44 mfma=3.92 bar=1.64 rmsnorm_router=1.56 topk=1.76 total=9.32
[OPROJ_INNER] slicewait=0.40 mfma=4.00 bar=1.48 rmsnorm_router=1.44 topk=0.40 total=7.72
[BAR_ARR] ep=5 xcd=1 l1=0.280 l2=0.320
[BAR_ARR] ep=5 xcd=3 l1=0.280 l2=0.320
[BAR_OBS] ep=5 xcd=6 drain=0.480 l1=0.240 wait=0.840 acq=0.080 obs=19135310634260 bar=1.640
[BAR_ARR] ep=5 xcd=2 l1=0.280 l2=0.360
[BAR_ARR] ep=5 xcd=7 l1=0.200 l2=0.240
[BAR_REL] ep=5 xcd=3 rel=19135310634267
[BAR_ARR] ep=5 xcd=6 l1=0.240 l2=0.240
[BAR_ARR] ep=5 xcd=0 l1=0.320 l2=0.320
[BAR_OBS] ep=5 xcd=5 drain=0.360 l1=0.200 wait=0.880 acq=0.040 obs=19135310634261 bar=1.480
[BAR_OBS] ep=5 xcd=4 drain=0.400 l1=0.240 wait=0.920 acq=0.080 obs=19135310634262 bar=1.640
[BAR_ARR] ep=5 xcd=5 l1=0.200 l2=0.240
[BAR_ARR] ep=5 xcd=4 l1=0.240 l2=0.280
[OPROJ_INNER] slicewait=0.40 mfma=3.92 bar=2.00 rmsnorm_router=1.44 topk=3.88 total=11.64
[OPROJ_INNER] slicewait=0.40 mfma=3.88 bar=1.68 rmsnorm_router=1.48 topk=0.60 total=8.04
[OPROJ_INNER] slicewait=0.40 mfma=3.92 bar=1.64 rmsnorm_router=1.52 topk=1.84 total=9.32
[OPROJ_INNER] slicewait=0.40 mfma=3.96 bar=1.76 rmsnorm_router=1.64 topk=3.24 total=11.00
[OPROJ_INNER] slicewait=0.40 mfma=3.96 bar=1.80 rmsnorm_router=1.60 topk=3.32 total=11.08
[BAR_OBS] ep=6 xcd=3 drain=0.520 l1=0.280 wait=1.120 acq=0.080 obs=19135310908855 bar=2.000
[BAR_OBS] ep=6 xcd=1 drain=0.440 l1=0.280 wait=0.960 acq=0.080 obs=19135310908831 bar=1.760
[BAR_OBS] ep=6 xcd=7 drain=0.440 l1=0.200 wait=1.000 acq=0.040 obs=19135310908819 bar=1.680
[OPROJ_INNER] slicewait=0.40 mfma=3.88 bar=1.68 rmsnorm_router=1.48 topk=0.72 total=8.16
[OPROJ_INNER] slicewait=0.44 mfma=3.88 bar=1.72 rmsnorm_router=1.48 topk=1.08 total=8.60
[BAR_OBS] ep=6 xcd=4 drain=0.440 l1=0.240 wait=0.880 acq=0.080 obs=19135310908822 bar=1.640
[BAR_ARR] ep=6 xcd=3 l1=0.280 l2=0.320
[BAR_OBS] ep=6 xcd=6 drain=0.480 l1=0.200 wait=1.000 acq=0.040 obs=19135310908824 bar=1.720
[BAR_ARR] ep=6 xcd=4 l1=0.240 l2=0.240
[BAR_OBS] ep=6 xcd=2 drain=0.440 l1=0.320 wait=1.000 acq=0.040 obs=19135310908839 bar=1.800
[BAR_OBS] ep=6 xcd=5 drain=0.400 l1=0.200 wait=1.040 acq=0.040 obs=19135310908821 bar=1.680
[OPROJ_INNER] slicewait=0.44 mfma=3.96 bar=1.80 rmsnorm_router=1.60 topk=3.52 total=11.32
[BAR_REL] ep=6 xcd=3 rel=19135310908827
[BAR_ARR] ep=6 xcd=1 l1=0.280 l2=0.320
[BAR_ARR] ep=6 xcd=5 l1=0.200 l2=0.280
[BAR_ARR] ep=6 xcd=6 l1=0.200 l2=0.280
[BAR_OBS] ep=6 xcd=0 drain=0.480 l1=0.280 wait=0.960 acq=0.080 obs=19135310908837 bar=1.800
[BAR_ARR] ep=6 xcd=2 l1=0.320 l2=0.360
[BAR_ARR] ep=6 xcd=7 l1=0.200 l2=0.240
[BAR_ARR] ep=6 xcd=0 l1=0.280 l2=0.360
[OPROJ_INNER] slicewait=0.40 mfma=4.00 bar=1.88 rmsnorm_router=1.60 topk=3.88 total=11.76
[OPROJ_INNER] slicewait=0.40 mfma=3.88 bar=1.84 rmsnorm_router=1.52 topk=1.80 total=9.44
[OPROJ_INNER] slicewait=0.40 mfma=4.00 bar=1.84 rmsnorm_router=1.60 topk=2.84 total=10.68
[OPROJ_INNER] slicewait=0.44 mfma=4.00 bar=1.96 rmsnorm_router=1.48 topk=8.28 total=16.16
[BAR_OBS] ep=7 xcd=2 drain=0.480 l1=0.280 wait=1.040 acq=0.080 obs=19135311184819 bar=1.880
[OPROJ_INNER] slicewait=0.40 mfma=3.92 bar=1.80 rmsnorm_router=1.44 topk=1.68 total=9.24
[OPROJ_INNER] slicewait=0.40 mfma=3.92 bar=1.80 rmsnorm_router=1.44 topk=0.56 total=8.12
[BAR_OBS] ep=7 xcd=3 drain=0.440 l1=0.320 wait=1.000 acq=0.080 obs=19135311184815 bar=1.840
[OPROJ_INNER] slicewait=0.40 mfma=3.96 bar=1.72 rmsnorm_router=1.52 topk=1.44 total=9.04
[BAR_ARR] ep=7 xcd=2 l1=0.280 l2=0.360
[OPROJ_INNER] slicewait=0.40 mfma=4.00 bar=1.88 rmsnorm_router=1.60 topk=3.04 total=10.92
[BAR_OBS] ep=7 xcd=7 drain=0.440 l1=0.200 wait=1.080 acq=0.080 obs=19135311184803 bar=1.800
[BAR_OBS] ep=7 xcd=0 drain=0.440 l1=0.320 wait=1.160 acq=0.040 obs=19135311184841 bar=1.960
[BAR_OBS] ep=7 xcd=6 drain=0.480 l1=0.240 wait=1.040 acq=0.080 obs=19135311184804 bar=1.840
[BAR_ARR] ep=7 xcd=3 l1=0.320 l2=0.320
[BAR_ARR] ep=7 xcd=7 l1=0.200 l2=0.240
[BAR_ARR] ep=7 xcd=6 l1=0.240 l2=0.240
[BAR_OBS] ep=7 xcd=1 drain=0.440 l1=0.280 wait=1.080 acq=0.080 obs=19135311184815 bar=1.880
[BAR_OBS] ep=7 xcd=5 drain=0.400 l1=0.200 wait=1.080 acq=0.040 obs=19135311184805 bar=1.720
[BAR_ARR] ep=7 xcd=1 l1=0.280 l2=0.320
[BAR_OBS] ep=7 xcd=4 drain=0.440 l1=0.200 wait=1.080 acq=0.080 obs=19135311184806 bar=1.800
[BAR_ARR] ep=7 xcd=0 l1=0.320 l2=0.320
[BAR_REL] ep=7 xcd=0 rel=19135311184809
[BAR_ARR] ep=7 xcd=5 l1=0.200 l2=0.280
[BAR_ARR] ep=7 xcd=4 l1=0.200 l2=0.280
[OPROJ_INNER] slicewait=0.40 mfma=3.92 bar=2.00 rmsnorm_router=1.44 topk=7.92 total=15.68
[OPROJ_INNER] slicewait=0.40 mfma=3.92 bar=1.64 rmsnorm_router=1.52 topk=0.92 total=8.40
[OPROJ_INNER] slicewait=0.40 mfma=3.92 bar=1.84 rmsnorm_router=1.64 topk=3.32 total=11.12
[OPROJ_INNER] slicewait=0.44 mfma=3.88 bar=1.92 rmsnorm_router=1.52 topk=2.36 total=10.12
[OPROJ_INNER] slicewait=0.40 mfma=3.96 bar=1.88 rmsnorm_router=1.56 topk=2.00 total=9.80
[OPROJ_INNER] slicewait=0.40 mfma=3.92 bar=1.76 rmsnorm_router=1.52 topk=1.72 total=9.32
[OPROJ_INNER] slicewait=0.40 mfma=3.92 bar=1.72 rmsnorm_router=1.52 topk=1.20 total=8.76
[OPROJ_INNER] slicewait=0.40 mfma=4.00 bar=1.64 rmsnorm_router=1.48 topk=0.60 total=8.12
[BAR_OBS] ep=8 xcd=2 drain=0.480 l1=0.280 wait=1.160 acq=0.080 obs=19135311451023 bar=2.000
[BAR_OBS] ep=8 xcd=0 drain=0.480 l1=0.280 wait=1.080 acq=0.080 obs=19135311451001 bar=1.920
[BAR_OBS] ep=8 xcd=1 drain=0.440 l1=0.280 wait=1.080 acq=0.080 obs=19135311450999 bar=1.880
[BAR_OBS] ep=8 xcd=3 drain=0.480 l1=0.280 wait=1.000 acq=0.080 obs=19135311451003 bar=1.840
[BAR_OBS] ep=8 xcd=5 drain=0.400 l1=0.200 wait=1.000 acq=0.040 obs=19135311450989 bar=1.640
[BAR_ARR] ep=8 xcd=3 l1=0.280 l2=0.320
[BAR_ARR] ep=8 xcd=1 l1=0.280 l2=0.360
[BAR_ARR] ep=8 xcd=2 l1=0.280 l2=0.360
[BAR_REL] ep=8 xcd=2 rel=19135311450995
[BAR_ARR] ep=8 xcd=0 l1=0.280 l2=0.360
[BAR_ARR] ep=8 xcd=5 l1=0.200 l2=0.240
[BAR_OBS] ep=8 xcd=6 drain=0.520 l1=0.200 wait=0.960 acq=0.040 obs=19135311450992 bar=1.720
[BAR_OBS] ep=8 xcd=4 drain=0.400 l1=0.240 wait=1.040 acq=0.080 obs=19135311450990 bar=1.760
[BAR_OBS] ep=8 xcd=7 drain=0.440 l1=0.200 wait=0.960 acq=0.040 obs=19135311450991 bar=1.640
[BAR_ARR] ep=8 xcd=6 l1=0.200 l2=0.280
[BAR_ARR] ep=8 xcd=7 l1=0.200 l2=0.240
[BAR_ARR] ep=8 xcd=4 l1=0.240 l2=0.280
[OPROJ_INNER] slicewait=0.40 mfma=4.00 bar=1.84 rmsnorm_router=1.48 topk=0.48 total=8.20
[OPROJ_INNER] slicewait=0.40 mfma=4.00 bar=1.92 rmsnorm_router=1.48 topk=1.72 total=9.52
[OPROJ_INNER] slicewait=0.40 mfma=3.92 bar=1.96 rmsnorm_router=1.48 topk=1.28 total=9.04
[OPROJ_INNER] slicewait=0.40 mfma=4.00 bar=2.16 rmsnorm_router=1.44 topk=6.48 total=14.48
[OPROJ_INNER] slicewait=0.36 mfma=3.96 bar=2.12 rmsnorm_router=1.52 topk=2.76 total=10.72
[OPROJ_INNER] slicewait=0.40 mfma=3.96 bar=2.08 rmsnorm_router=1.64 topk=3.48 total=11.56
[OPROJ_INNER] slicewait=0.36 mfma=3.88 bar=2.20 rmsnorm_router=1.56 topk=2.24 total=10.24
[OPROJ_INNER] slicewait=0.40 mfma=3.92 bar=1.96 rmsnorm_router=1.48 topk=0.40 total=8.16
[BAR_OBS] ep=9 xcd=2 drain=0.640 l1=0.320 wait=1.160 acq=0.040 obs=19135311719247 bar=2.160
[BAR_OBS] ep=9 xcd=6 drain=0.520 l1=0.200 wait=1.160 acq=0.080 obs=19135311719212 bar=1.960
[BAR_OBS] ep=9 xcd=3 drain=0.520 l1=0.280 wait=1.200 acq=0.080 obs=19135311719227 bar=2.080
[BAR_OBS] ep=9 xcd=0 drain=0.440 l1=0.320 wait=1.280 acq=0.080 obs=19135311719225 bar=2.120
[BAR_OBS] ep=9 xcd=1 drain=0.480 l1=0.320 wait=1.360 acq=0.040 obs=19135311719223 bar=2.200
[BAR_ARR] ep=9 xcd=3 l1=0.280 l2=0.320
[BAR_ARR] ep=9 xcd=2 l1=0.320 l2=0.320
[BAR_OBS] ep=9 xcd=7 drain=0.440 l1=0.200 wait=1.120 acq=0.080 obs=19135311719207 bar=1.840
[BAR_ARR] ep=9 xcd=0 l1=0.320 l2=0.320
[BAR_ARR] ep=9 xcd=6 l1=0.200 l2=0.280
[BAR_ARR] ep=9 xcd=7 l1=0.200 l2=0.280
[BAR_ARR] ep=9 xcd=1 l1=0.320 l2=0.320
[BAR_OBS] ep=9 xcd=5 drain=0.400 l1=0.200 wait=1.280 acq=0.080 obs=19135311719209 bar=1.960
[BAR_REL] ep=9 xcd=2 rel=19135311719215
[BAR_OBS] ep=9 xcd=4 drain=0.400 l1=0.240 wait=1.200 acq=0.080 obs=19135311719214 bar=1.920
[BAR_ARR] ep=9 xcd=5 l1=0.200 l2=0.240
[BAR_ARR] ep=9 xcd=4 l1=0.240 l2=0.280
[OPROJ_INNER] slicewait=0.40 mfma=3.92 bar=1.92 rmsnorm_router=1.52 topk=2.12 total=9.88
[OPROJ_INNER] slicewait=0.40 mfma=3.92 bar=1.84 rmsnorm_router=1.60 topk=3.32 total=11.08
[OPROJ_INNER] slicewait=0.36 mfma=4.04 bar=1.76 rmsnorm_router=1.52 topk=2.28 total=9.96
[BAR_OBS] ep=10 xcd=0 drain=0.480 l1=0.280 wait=1.040 acq=0.040 obs=19135311998357 bar=1.840
[OPROJ_INNER] slicewait=0.40 mfma=3.92 bar=1.68 rmsnorm_router=1.48 topk=0.72 total=8.20
[BAR_OBS] ep=10 xcd=1 drain=0.440 l1=0.280 wait=1.120 acq=0.080 obs=19135311998351 bar=1.920
[OPROJ_INNER] slicewait=0.40 mfma=3.92 bar=1.76 rmsnorm_router=1.52 topk=1.16 total=8.76
[BAR_OBS] ep=10 xcd=3 drain=0.480 l1=0.280 wait=0.960 acq=0.040 obs=19135311998355 bar=1.760
[OPROJ_INNER] slicewait=0.40 mfma=3.92 bar=1.72 rmsnorm_router=1.48 topk=0.60 total=8.12
[OPROJ_INNER] slicewait=0.40 mfma=3.92 bar=2.04 rmsnorm_router=1.44 topk=8.08 total=15.88
[BAR_ARR] ep=10 xcd=3 l1=0.280 l2=0.360
[OPROJ_INNER] slicewait=0.40 mfma=3.92 bar=1.72 rmsnorm_router=1.52 topk=1.48 total=9.04
[BAR_ARR] ep=10 xcd=0 l1=0.280 l2=0.360
[BAR_OBS] ep=10 xcd=2 drain=0.480 l1=0.320 wait=1.160 acq=0.080 obs=19135311998375 bar=2.040
[BAR_OBS] ep=10 xcd=7 drain=0.440 l1=0.200 wait=1.040 acq=0.040 obs=19135311998339 bar=1.720
[BAR_ARR] ep=10 xcd=1 l1=0.280 l2=0.320
[BAR_ARR] ep=10 xcd=2 l1=0.320 l2=0.360
[BAR_ARR] ep=10 xcd=7 l1=0.200 l2=0.240
[BAR_REL] ep=10 xcd=2 rel=19135311998347
[BAR_OBS] ep=10 xcd=5 drain=0.400 l1=0.200 wait=1.040 acq=0.040 obs=19135311998341 bar=1.680
[BAR_OBS] ep=10 xcd=4 drain=0.440 l1=0.240 wait=0.960 acq=0.080 obs=19135311998342 bar=1.720
[BAR_ARR] ep=10 xcd=5 l1=0.200 l2=0.240
[BAR_OBS] ep=10 xcd=6 drain=0.480 l1=0.200 wait=1.000 acq=0.080 obs=19135311998340 bar=1.760
[BAR_ARR] ep=10 xcd=4 l1=0.240 l2=0.280
[BAR_ARR] ep=10 xcd=6 l1=0.200 l2=0.280
[OPROJ_INNER] slicewait=0.40 mfma=4.00 bar=1.64 rmsnorm_router=1.44 topk=0.64 total=8.12
[OPROJ_INNER] slicewait=0.44 mfma=4.00 bar=1.60 rmsnorm_router=1.48 topk=0.40 total=7.92
[OPROJ_INNER] slicewait=0.40 mfma=4.00 bar=1.80 rmsnorm_router=1.56 topk=2.52 total=10.28
[OPROJ_INNER] slicewait=0.40 mfma=4.04 bar=1.68 rmsnorm_router=1.64 topk=3.52 total=11.28
[OPROJ_INNER] slicewait=0.40 mfma=3.96 bar=1.80 rmsnorm_router=1.64 topk=4.00 total=11.80
[OPROJ_INNER] slicewait=0.40 mfma=3.92 bar=1.88 rmsnorm_router=1.52 topk=3.20 total=10.92
[OPROJ_INNER] slicewait=0.40 mfma=4.00 bar=1.64 rmsnorm_router=1.44 topk=1.16 total=8.64
[BAR_OBS] ep=11 xcd=5 drain=0.400 l1=0.200 wait=0.960 acq=0.080 obs=19135312260689 bar=1.640
[BAR_OBS] ep=11 xcd=0 drain=0.480 l1=0.280 wait=1.040 acq=0.080 obs=19135312260701 bar=1.880
[BAR_OBS] ep=11 xcd=2 drain=0.520 l1=0.280 wait=0.960 acq=0.040 obs=19135312260703 bar=1.800
[OPROJ_INNER] slicewait=0.40 mfma=4.00 bar=1.76 rmsnorm_router=1.52 topk=3.60 total=11.28
[BAR_OBS] ep=11 xcd=3 drain=0.480 l1=0.280 wait=0.880 acq=0.040 obs=19135312260699 bar=1.680
[BAR_OBS] ep=11 xcd=1 drain=0.440 l1=0.280 wait=1.000 acq=0.080 obs=19135312260695 bar=1.800
[BAR_OBS] ep=11 xcd=4 drain=0.400 l1=0.240 wait=0.920 acq=0.080 obs=19135312260690 bar=1.640
[BAR_ARR] ep=11 xcd=0 l1=0.280 l2=0.400
[BAR_OBS] ep=11 xcd=7 drain=0.440 l1=0.200 wait=0.880 acq=0.080 obs=19135312260683 bar=1.600
[BAR_ARR] ep=11 xcd=5 l1=0.200 l2=0.240
[BAR_ARR] ep=11 xcd=3 l1=0.280 l2=0.320
[BAR_ARR] ep=11 xcd=1 l1=0.280 l2=0.360
[BAR_ARR] ep=11 xcd=2 l1=0.280 l2=0.360
[BAR_ARR] ep=11 xcd=7 l1=0.200 l2=0.240
[BAR_ARR] ep=11 xcd=4 l1=0.240 l2=0.280
[BAR_OBS] ep=11 xcd=6 drain=0.480 l1=0.240 wait=0.960 acq=0.080 obs=19135312260716 bar=1.760
[BAR_ARR] ep=11 xcd=6 l1=0.240 l2=0.240
[BAR_REL] ep=11 xcd=6 rel=19135312260688
[OPROJ_INNER] slicewait=0.40 mfma=4.04 bar=1.80 rmsnorm_router=1.56 topk=2.36 total=10.16
[OPROJ_INNER] slicewait=0.40 mfma=3.96 bar=1.64 rmsnorm_router=1.44 topk=0.56 total=8.00
[OPROJ_INNER] slicewait=0.40 mfma=3.96 bar=1.80 rmsnorm_router=1.64 topk=3.48 total=11.28
[OPROJ_INNER] slicewait=0.44 mfma=3.92 bar=1.72 rmsnorm_router=1.44 topk=0.36 total=7.88
[OPROJ_INNER] slicewait=0.40 mfma=3.92 bar=1.60 rmsnorm_router=1.52 topk=1.60 total=9.04
[OPROJ_INNER] slicewait=0.44 mfma=3.96 bar=2.00 rmsnorm_router=1.44 topk=3.84 total=11.68
[OPROJ_INNER] slicewait=0.40 mfma=3.96 bar=1.80 rmsnorm_router=1.60 topk=3.32 total=11.08
[OPROJ_INNER] slicewait=0.40 mfma=4.00 bar=1.64 rmsnorm_router=1.48 topk=1.88 total=9.40
[BAR_OBS] ep=12 xcd=1 drain=0.440 l1=0.280 wait=1.000 acq=0.080 obs=19135312550067 bar=1.800
[BAR_OBS] ep=12 xcd=5 drain=0.400 l1=0.200 wait=0.960 acq=0.080 obs=19135312550057 bar=1.640
[BAR_OBS] ep=12 xcd=3 drain=0.480 l1=0.280 wait=1.000 acq=0.040 obs=19135312550071 bar=1.800
[BAR_OBS] ep=12 xcd=7 drain=0.480 l1=0.200 wait=0.960 acq=0.080 obs=19135312550055 bar=1.720
[BAR_ARR] ep=12 xcd=5 l1=0.200 l2=0.240
[BAR_ARR] ep=12 xcd=1 l1=0.280 l2=0.360
[BAR_OBS] ep=12 xcd=0 drain=0.480 l1=0.320 wait=0.960 acq=0.040 obs=19135312550073 bar=1.800
[BAR_ARR] ep=12 xcd=7 l1=0.200 l2=0.240
[BAR_ARR] ep=12 xcd=0 l1=0.320 l2=0.320
[BAR_OBS] ep=12 xcd=4 drain=0.400 l1=0.240 wait=0.920 acq=0.080 obs=19135312550058 bar=1.640
[BAR_OBS] ep=12 xcd=2 drain=0.440 l1=0.320 wait=1.160 acq=0.080 obs=19135312550091 bar=2.000
[BAR_ARR] ep=12 xcd=3 l1=0.280 l2=0.360
[BAR_OBS] ep=12 xcd=6 drain=0.480 l1=0.240 wait=0.800 acq=0.080 obs=19135312550056 bar=1.600
[BAR_ARR] ep=12 xcd=2 l1=0.320 l2=0.360
[BAR_ARR] ep=12 xcd=4 l1=0.240 l2=0.280
[BAR_REL] ep=12 xcd=2 rel=19135312550063
[BAR_ARR] ep=12 xcd=6 l1=0.240 l2=0.280
[OPROJ_INNER] slicewait=0.40 mfma=3.92 bar=1.60 rmsnorm_router=1.48 topk=0.56 total=7.96
[OPROJ_INNER] slicewait=0.40 mfma=4.04 bar=2.04 rmsnorm_router=1.48 topk=8.04 total=16.00
[OPROJ_INNER] slicewait=0.40 mfma=3.96 bar=1.84 rmsnorm_router=1.56 topk=2.96 total=10.72
[OPROJ_INNER] slicewait=0.40 mfma=3.92 bar=1.68 rmsnorm_router=1.44 topk=0.44 total=7.88
[OPROJ_INNER] slicewait=0.40 mfma=4.04 bar=1.76 rmsnorm_router=1.56 topk=2.44 total=10.20
[OPROJ_INNER] slicewait=0.40 mfma=3.88 bar=1.80 rmsnorm_router=1.44 topk=0.40 total=7.92
[BAR_OBS] ep=13 xcd=1 drain=0.440 l1=0.280 wait=0.960 acq=0.080 obs=19135312817495 bar=1.760
[BAR_OBS] ep=13 xcd=0 drain=0.480 l1=0.280 wait=1.200 acq=0.080 obs=19135312817521 bar=2.040
[BAR_OBS] ep=13 xcd=2 drain=0.440 l1=0.320 wait=1.000 acq=0.080 obs=19135312817499 bar=1.840
[OPROJ_INNER] slicewait=0.40 mfma=3.92 bar=1.88 rmsnorm_router=1.56 topk=2.60 total=10.36
[BAR_OBS] ep=13 xcd=7 drain=0.480 l1=0.200 wait=1.080 acq=0.040 obs=19135312817483 bar=1.800
[BAR_ARR] ep=13 xcd=1 l1=0.280 l2=0.320
[BAR_ARR] ep=13 xcd=2 l1=0.320 l2=0.360
[BAR_OBS] ep=13 xcd=5 drain=0.360 l1=0.240 wait=1.040 acq=0.040 obs=19135312817485 bar=1.680
[OPROJ_INNER] slicewait=0.40 mfma=3.96 bar=1.72 rmsnorm_router=1.52 topk=1.84 total=9.44
[BAR_ARR] ep=13 xcd=0 l1=0.280 l2=0.400
[BAR_OBS] ep=13 xcd=6 drain=0.480 l1=0.200 wait=0.840 acq=0.080 obs=19135312817484 bar=1.600
[BAR_REL] ep=13 xcd=0 rel=19135312817489
[BAR_ARR] ep=13 xcd=5 l1=0.240 l2=0.240
[BAR_OBS] ep=13 xcd=3 drain=0.480 l1=0.280 wait=1.040 acq=0.080 obs=19135312817495 bar=1.880
[BAR_ARR] ep=13 xcd=7 l1=0.200 l2=0.240
[BAR_ARR] ep=13 xcd=6 l1=0.200 l2=0.280
[BAR_ARR] ep=13 xcd=3 l1=0.280 l2=0.320
[BAR_OBS] ep=13 xcd=4 drain=0.400 l1=0.240 wait=1.000 acq=0.080 obs=19135312817486 bar=1.720
[BAR_ARR] ep=13 xcd=4 l1=0.240 l2=0.280
[OPROJ_INNER] slicewait=0.40 mfma=4.04 bar=1.80 rmsnorm_router=1.64 topk=3.96 total=11.84
[OPROJ_INNER] slicewait=0.40 mfma=4.00 bar=1.92 rmsnorm_router=1.52 topk=3.60 total=11.44
[OPROJ_INNER] slicewait=0.40 mfma=4.04 bar=1.96 rmsnorm_router=1.48 topk=7.48 total=15.36
[OPROJ_INNER] slicewait=0.40 mfma=3.96 bar=1.64 rmsnorm_router=1.48 topk=0.52 total=8.00
[OPROJ_INNER] slicewait=0.40 mfma=4.00 bar=1.72 rmsnorm_router=1.44 topk=0.40 total=7.96
[OPROJ_INNER] slicewait=0.40 mfma=4.00 bar=1.84 rmsnorm_router=1.56 topk=2.48 total=10.28
[BAR_OBS] ep=14 xcd=2 drain=0.480 l1=0.280 wait=0.960 acq=0.080 obs=19135313096007 bar=1.800
[BAR_OBS] ep=14 xcd=5 drain=0.360 l1=0.240 wait=1.000 acq=0.040 obs=19135313095993 bar=1.640
[BAR_ARR] ep=14 xcd=2 l1=0.280 l2=0.360
[BAR_OBS] ep=14 xcd=1 drain=0.440 l1=0.280 wait=1.040 acq=0.080 obs=19135313096003 bar=1.840
[BAR_OBS] ep=14 xcd=7 drain=0.440 l1=0.240 wait=0.960 acq=0.080 obs=19135313095995 bar=1.720
[BAR_ARR] ep=14 xcd=1 l1=0.280 l2=0.320
[OPROJ_INNER] slicewait=0.40 mfma=3.96 bar=1.84 rmsnorm_router=1.56 topk=1.88 total=9.64
[BAR_OBS] ep=14 xcd=0 drain=0.480 l1=0.280 wait=1.080 acq=0.080 obs=19135313096009 bar=1.920
[BAR_ARR] ep=14 xcd=5 l1=0.240 l2=0.240
[BAR_OBS] ep=14 xcd=3 drain=0.480 l1=0.280 wait=1.120 acq=0.080 obs=19135313096027 bar=1.960
[OPROJ_INNER] slicewait=0.40 mfma=4.00 bar=1.72 rmsnorm_router=1.48 topk=1.28 total=8.88
[BAR_ARR] ep=14 xcd=0 l1=0.280 l2=0.360
[BAR_ARR] ep=14 xcd=7 l1=0.240 l2=0.240
[BAR_ARR] ep=14 xcd=3 l1=0.280 l2=0.320
[BAR_OBS] ep=14 xcd=4 drain=0.440 l1=0.200 wait=1.120 acq=0.080 obs=19135313095994 bar=1.840
[BAR_REL] ep=14 xcd=3 rel=19135313095999
[BAR_ARR] ep=14 xcd=4 l1=0.200 l2=0.280
[BAR_OBS] ep=14 xcd=6 drain=0.440 l1=0.240 wait=0.960 acq=0.080 obs=19135313095992 bar=1.720
[BAR_ARR] ep=14 xcd=6 l1=0.240 l2=0.280
[OPROJ_INNER] slicewait=0.44 mfma=3.88 bar=1.80 rmsnorm_router=1.56 topk=2.36 total=10.04
[OPROJ_INNER] slicewait=0.40 mfma=3.92 bar=1.68 rmsnorm_router=1.52 topk=1.92 total=9.44
[OPROJ_INNER] slicewait=0.40 mfma=3.96 bar=1.76 rmsnorm_router=1.56 topk=2.68 total=10.36
[OPROJ_INNER] slicewait=0.40 mfma=3.92 bar=1.80 rmsnorm_router=1.64 topk=3.92 total=11.68
[OPROJ_INNER] slicewait=0.40 mfma=3.92 bar=1.64 rmsnorm_router=1.52 topk=0.64 total=8.12
[OPROJ_INNER] slicewait=0.44 mfma=3.92 bar=1.72 rmsnorm_router=1.56 topk=1.56 total=9.20
[OPROJ_INNER] slicewait=0.40 mfma=3.96 bar=1.84 rmsnorm_router=1.56 topk=3.08 total=10.84
[OPROJ_INNER] slicewait=0.44 mfma=3.96 bar=1.76 rmsnorm_router=1.48 topk=3.60 total=11.24
[BAR_OBS] ep=15 xcd=1 drain=0.480 l1=0.280 wait=0.920 acq=0.080 obs=19135313355203 bar=1.760
[BAR_OBS] ep=15 xcd=7 drain=0.480 l1=0.200 wait=0.960 acq=0.080 obs=19135313355195 bar=1.720
[BAR_OBS] ep=15 xcd=3 drain=0.480 l1=0.280 wait=1.000 acq=0.040 obs=19135313355207 bar=1.800
[BAR_ARR] ep=15 xcd=7 l1=0.200 l2=0.240
[BAR_OBS] ep=15 xcd=4 drain=0.400 l1=0.240 wait=0.960 acq=0.080 obs=19135313355194 bar=1.680
[BAR_ARR] ep=15 xcd=1 l1=0.280 l2=0.320
[BAR_OBS] ep=15 xcd=2 drain=0.480 l1=0.280 wait=1.000 acq=0.040 obs=19135313355211 bar=1.800
[BAR_OBS] ep=15 xcd=0 drain=0.480 l1=0.280 wait=1.040 acq=0.040 obs=19135313355209 bar=1.840
[BAR_ARR] ep=15 xcd=2 l1=0.280 l2=0.360
[BAR_ARR] ep=15 xcd=0 l1=0.280 l2=0.360
[BAR_ARR] ep=15 xcd=3 l1=0.280 l2=0.320
[BAR_OBS] ep=15 xcd=5 drain=0.400 l1=0.200 wait=1.000 acq=0.040 obs=19135313355193 bar=1.640
[BAR_ARR] ep=15 xcd=4 l1=0.240 l2=0.280
[BAR_ARR] ep=15 xcd=5 l1=0.200 l2=0.240
[BAR_OBS] ep=15 xcd=6 drain=0.480 l1=0.240 wait=0.960 acq=0.080 obs=19135313355224 bar=1.760
[BAR_ARR] ep=15 xcd=6 l1=0.240 l2=0.240
[BAR_REL] ep=15 xcd=6 rel=19135313355196
[OPROJ_INNER] slicewait=0.40 mfma=4.00 bar=1.80 rmsnorm_router=1.56 topk=2.12 total=9.88
[OPROJ_INNER] slicewait=0.40 mfma=3.96 bar=1.80 rmsnorm_router=1.64 topk=8.60 total=16.40
[OPROJ_INNER] slicewait=0.40 mfma=3.96 bar=1.72 rmsnorm_router=1.48 topk=0.92 total=8.48
[BAR_OBS] ep=16 xcd=1 drain=0.440 l1=0.280 wait=1.040 acq=0.040 obs=19135313634703 bar=1.800
[OPROJ_INNER] slicewait=0.40 mfma=4.00 bar=1.96 rmsnorm_router=1.48 topk=3.92 total=11.76
[OPROJ_INNER] slicewait=0.40 mfma=4.00 bar=1.88 rmsnorm_router=1.56 topk=3.76 total=11.60
[OPROJ_INNER] slicewait=0.40 mfma=3.92 bar=1.80 rmsnorm_router=1.52 topk=1.68 total=9.32
[BAR_OBS] ep=16 xcd=2 drain=0.480 l1=0.280 wait=1.000 acq=0.040 obs=19135313634707 bar=1.800
[OPROJ_INNER] slicewait=0.40 mfma=3.88 bar=1.60 rmsnorm_router=1.52 topk=1.48 total=8.88
[BAR_ARR] ep=16 xcd=2 l1=0.280 l2=0.360
[BAR_OBS] ep=16 xcd=0 drain=0.480 l1=0.320 wait=1.000 acq=0.080 obs=19135313634705 bar=1.880
[OPROJ_INNER] slicewait=0.40 mfma=3.96 bar=1.68 rmsnorm_router=1.52 topk=0.76 total=8.32
[BAR_ARR] ep=16 xcd=0 l1=0.320 l2=0.320
[BAR_OBS] ep=16 xcd=3 drain=0.480 l1=0.280 wait=1.120 acq=0.080 obs=19135313634723 bar=1.960
[BAR_ARR] ep=16 xcd=1 l1=0.280 l2=0.360
[BAR_ARR] ep=16 xcd=3 l1=0.280 l2=0.320
[BAR_OBS] ep=16 xcd=7 drain=0.440 l1=0.200 wait=1.000 acq=0.080 obs=19135313634687 bar=1.720
[BAR_REL] ep=16 xcd=3 rel=19135313634695
[BAR_OBS] ep=16 xcd=4 drain=0.400 l1=0.240 wait=1.080 acq=0.080 obs=19135313634690 bar=1.800
[BAR_ARR] ep=16 xcd=7 l1=0.200 l2=0.240
[BAR_OBS] ep=16 xcd=5 drain=0.400 l1=0.200 wait=1.000 acq=0.080 obs=19135313634685 bar=1.680
[BAR_ARR] ep=16 xcd=4 l1=0.240 l2=0.280
[BAR_ARR] ep=16 xcd=5 l1=0.200 l2=0.240
[BAR_OBS] ep=16 xcd=6 drain=0.480 l1=0.240 wait=0.840 acq=0.040 obs=19135313634692 bar=1.600
[BAR_ARR] ep=16 xcd=6 l1=0.240 l2=0.240
[OPROJ_INNER] slicewait=0.40 mfma=4.00 bar=1.96 rmsnorm_router=1.44 topk=3.76 total=11.56
[OPROJ_INNER] slicewait=0.40 mfma=3.88 bar=1.80 rmsnorm_router=1.52 topk=1.68 total=9.28
[OPROJ_INNER] slicewait=0.44 mfma=3.92 bar=1.88 rmsnorm_router=1.52 topk=3.24 total=11.00
[OPROJ_INNER] slicewait=0.44 mfma=3.92 bar=1.72 rmsnorm_router=1.40 topk=0.36 total=7.84
[OPROJ_INNER] slicewait=0.40 mfma=3.88 bar=1.64 rmsnorm_router=1.48 topk=1.28 total=8.68
[OPROJ_INNER] slicewait=0.40 mfma=4.00 bar=1.84 rmsnorm_router=1.56 topk=3.36 total=11.16
[OPROJ_INNER] slicewait=0.40 mfma=4.00 bar=1.80 rmsnorm_router=1.56 topk=2.60 total=10.36
[BAR_OBS] ep=17 xcd=7 drain=0.480 l1=0.200 wait=0.960 acq=0.080 obs=19135313895703 bar=1.720
[BAR_OBS] ep=17 xcd=2 drain=0.480 l1=0.320 wait=1.000 acq=0.080 obs=19135313895723 bar=1.880
[OPROJ_INNER] slicewait=0.40 mfma=3.88 bar=1.72 rmsnorm_router=1.44 topk=0.56 total=8.00
[BAR_OBS] ep=17 xcd=3 drain=0.480 l1=0.280 wait=1.160 acq=0.040 obs=19135313895743 bar=1.960
[BAR_OBS] ep=17 xcd=0 drain=0.440 l1=0.320 wait=1.000 acq=0.080 obs=19135313895721 bar=1.840
[BAR_ARR] ep=17 xcd=3 l1=0.280 l2=0.360
[BAR_ARR] ep=17 xcd=0 l1=0.320 l2=0.360
[BAR_OBS] ep=17 xcd=1 drain=0.440 l1=0.280 wait=1.040 acq=0.040 obs=19135313895719 bar=1.800
[BAR_ARR] ep=17 xcd=2 l1=0.320 l2=0.360
[BAR_ARR] ep=17 xcd=1 l1=0.280 l2=0.320
[BAR_REL] ep=17 xcd=3 rel=19135313895711
[BAR_OBS] ep=17 xcd=4 drain=0.440 l1=0.240 wait=1.040 acq=0.080 obs=19135313895710 bar=1.800
[BAR_ARR] ep=17 xcd=7 l1=0.200 l2=0.240
[BAR_OBS] ep=17 xcd=6 drain=0.480 l1=0.240 wait=0.840 acq=0.080 obs=19135313895708 bar=1.640
[BAR_ARR] ep=17 xcd=4 l1=0.240 l2=0.280
[BAR_OBS] ep=17 xcd=5 drain=0.400 l1=0.200 wait=1.040 acq=0.080 obs=19135313895705 bar=1.720
[BAR_ARR] ep=17 xcd=6 l1=0.240 l2=0.280
[BAR_ARR] ep=17 xcd=5 l1=0.200 l2=0.240
[OPROJ_INNER] slicewait=0.36 mfma=3.92 bar=1.80 rmsnorm_router=1.44 topk=0.40 total=7.92
[OPROJ_INNER] slicewait=0.40 mfma=3.96 bar=1.84 rmsnorm_router=1.56 topk=3.64 total=11.40
[OPROJ_INNER] slicewait=0.40 mfma=3.96 bar=1.80 rmsnorm_router=1.56 topk=2.68 total=10.40
[OPROJ_INNER] slicewait=0.40 mfma=4.00 bar=1.80 rmsnorm_router=1.60 topk=3.56 total=11.36
[OPROJ_INNER] slicewait=0.40 mfma=3.96 bar=1.68 rmsnorm_router=1.44 topk=0.36 total=7.84
[OPROJ_INNER] slicewait=0.40 mfma=3.92 bar=1.68 rmsnorm_router=1.52 topk=1.60 total=9.12
[OPROJ_INNER] slicewait=0.36 mfma=3.96 bar=1.68 rmsnorm_router=1.52 topk=1.76 total=9.28
[OPROJ_INNER] slicewait=0.36 mfma=4.00 bar=2.00 rmsnorm_router=1.44 topk=7.48 total=15.28
[BAR_OBS] ep=18 xcd=2 drain=0.480 l1=0.280 wait=1.000 acq=0.080 obs=19135314171071 bar=1.840
[BAR_OBS] ep=18 xcd=7 drain=0.480 l1=0.200 wait=0.920 acq=0.080 obs=19135314171051 bar=1.680
[BAR_ARR] ep=18 xcd=2 l1=0.280 l2=0.360
[BAR_ARR] ep=18 xcd=7 l1=0.200 l2=0.240
[BAR_OBS] ep=18 xcd=1 drain=0.480 l1=0.280 wait=0.960 acq=0.080 obs=19135314171067 bar=1.800
[BAR_OBS] ep=18 xcd=3 drain=0.480 l1=0.280 wait=1.160 acq=0.080 obs=19135314171091 bar=2.000
[BAR_OBS] ep=18 xcd=0 drain=0.480 l1=0.280 wait=0.960 acq=0.080 obs=19135314171069 bar=1.800
[BAR_ARR] ep=18 xcd=1 l1=0.280 l2=0.320
[BAR_ARR] ep=18 xcd=0 l1=0.280 l2=0.360
[BAR_ARR] ep=18 xcd=3 l1=0.280 l2=0.360
[BAR_OBS] ep=18 xcd=5 drain=0.360 l1=0.240 wait=1.120 acq=0.080 obs=19135314171053 bar=1.800
[BAR_REL] ep=18 xcd=3 rel=19135314171059
[BAR_OBS] ep=18 xcd=6 drain=0.480 l1=0.200 wait=0.920 acq=0.080 obs=19135314171056 bar=1.680
[BAR_OBS] ep=18 xcd=4 drain=0.400 l1=0.240 wait=1.000 acq=0.040 obs=19135314171058 bar=1.680
[BAR_ARR] ep=18 xcd=5 l1=0.240 l2=0.240
[BAR_ARR] ep=18 xcd=6 l1=0.200 l2=0.280
[BAR_ARR] ep=18 xcd=4 l1=0.240 l2=0.280
[OPROJ_INNER] slicewait=0.40 mfma=3.96 bar=1.96 rmsnorm_router=1.56 topk=3.52 total=11.40
[OPROJ_INNER] slicewait=0.40 mfma=3.96 bar=1.76 rmsnorm_router=1.44 topk=1.08 total=8.64
[OPROJ_INNER] slicewait=0.40 mfma=3.96 bar=2.04 rmsnorm_router=1.44 topk=6.84 total=14.68
[OPROJ_INNER] slicewait=0.44 mfma=3.92 bar=1.88 rmsnorm_router=1.56 topk=2.56 total=10.36
[OPROJ_INNER] slicewait=0.36 mfma=4.00 bar=1.72 rmsnorm_router=1.52 topk=2.00 total=9.60
[OPROJ_INNER] slicewait=0.40 mfma=4.00 bar=1.84 rmsnorm_router=1.56 topk=2.76 total=10.56
[OPROJ_INNER] slicewait=0.40 mfma=3.92 bar=1.84 rmsnorm_router=1.52 topk=1.44 total=9.12
[BAR_OBS] ep=19 xcd=0 drain=0.440 l1=0.320 wait=1.120 acq=0.080 obs=19135314433813 bar=1.960
[BAR_OBS] ep=19 xcd=1 drain=0.480 l1=0.280 wait=1.080 acq=0.040 obs=19135314433811 bar=1.880
[BAR_OBS] ep=19 xcd=5 drain=0.360 l1=0.200 wait=1.120 acq=0.080 obs=19135314433801 bar=1.760
[BAR_OBS] ep=19 xcd=2 drain=0.520 l1=0.320 wait=1.120 acq=0.080 obs=19135314433831 bar=2.040
[BAR_ARR] ep=19 xcd=0 l1=0.320 l2=0.320
[BAR_ARR] ep=19 xcd=2 l1=0.320 l2=0.320
[BAR_OBS] ep=19 xcd=3 drain=0.440 l1=0.320 wait=1.000 acq=0.080 obs=19135314433811 bar=1.840
[BAR_REL] ep=19 xcd=2 rel=19135314433803
[BAR_ARR] ep=19 xcd=3 l1=0.320 l2=0.320
[OPROJ_INNER] slicewait=0.40 mfma=3.88 bar=1.88 rmsnorm_router=1.44 topk=0.40 total=8.00
[BAR_OBS] ep=19 xcd=6 drain=0.480 l1=0.200 wait=1.080 acq=0.080 obs=19135314433800 bar=1.840
[BAR_ARR] ep=19 xcd=1 l1=0.280 l2=0.320
[BAR_ARR] ep=19 xcd=5 l1=0.200 l2=0.280
[BAR_ARR] ep=19 xcd=6 l1=0.200 l2=0.240
[BAR_OBS] ep=19 xcd=7 drain=0.480 l1=0.200 wait=1.120 acq=0.080 obs=19135314433795 bar=1.880
[BAR_OBS] ep=19 xcd=4 drain=0.400 l1=0.240 wait=1.000 acq=0.080 obs=19135314433802 bar=1.720
[BAR_ARR] ep=19 xcd=7 l1=0.200 l2=0.240
[BAR_ARR] ep=19 xcd=4 l1=0.240 l2=0.280
[OPROJ_INNER] slicewait=0.36 mfma=3.88 bar=1.84 rmsnorm_router=1.44 topk=0.40 total=7.92
[OPROJ_INNER] slicewait=0.40 mfma=3.96 bar=1.92 rmsnorm_router=1.56 topk=3.56 total=11.40
[OPROJ_INNER] slicewait=0.40 mfma=3.96 bar=1.96 rmsnorm_router=1.48 topk=6.48 total=14.28
[OPROJ_INNER] slicewait=0.40 mfma=3.96 bar=1.88 rmsnorm_router=1.56 topk=2.80 total=10.60
[OPROJ_INNER] slicewait=0.40 mfma=4.04 bar=1.56 rmsnorm_router=1.44 topk=0.64 total=8.08
[BAR_OBS] ep=20 xcd=7 drain=0.480 l1=0.200 wait=1.080 acq=0.080 obs=19135314702499 bar=1.840
[OPROJ_INNER] slicewait=0.44 mfma=3.92 bar=1.68 rmsnorm_router=1.48 topk=1.24 total=8.76
[BAR_OBS] ep=20 xcd=0 drain=0.440 l1=0.320 wait=1.080 acq=0.080 obs=19135314702517 bar=1.920
[BAR_OBS] ep=20 xcd=2 drain=0.440 l1=0.320 wait=1.160 acq=0.040 obs=19135314702539 bar=1.960
[OPROJ_INNER] slicewait=0.36 mfma=4.00 bar=1.84 rmsnorm_router=1.52 topk=2.32 total=10.04
[BAR_ARR] ep=20 xcd=0 l1=0.320 l2=0.360
[BAR_OBS] ep=20 xcd=3 drain=0.480 l1=0.280 wait=1.040 acq=0.080 obs=19135314702515 bar=1.880
[BAR_OBS] ep=20 xcd=1 drain=0.480 l1=0.280 wait=1.000 acq=0.080 obs=19135314702515 bar=1.840
[BAR_ARR] ep=20 xcd=3 l1=0.280 l2=0.360
[BAR_ARR] ep=20 xcd=1 l1=0.280 l2=0.320
[BAR_ARR] ep=20 xcd=2 l1=0.320 l2=0.360
[BAR_ARR] ep=20 xcd=7 l1=0.200 l2=0.240
[BAR_REL] ep=20 xcd=2 rel=19135314702507
[OPROJ_INNER] slicewait=0.40 mfma=4.00 bar=1.72 rmsnorm_router=1.48 topk=1.72 total=9.32
[BAR_OBS] ep=20 xcd=6 drain=0.440 l1=0.240 wait=0.920 acq=0.080 obs=19135314702504 bar=1.680
[BAR_OBS] ep=20 xcd=5 drain=0.360 l1=0.200 wait=0.920 acq=0.080 obs=19135314702501 bar=1.560
[BAR_ARR] ep=20 xcd=6 l1=0.240 l2=0.240
[BAR_ARR] ep=20 xcd=5 l1=0.200 l2=0.280
[BAR_OBS] ep=20 xcd=4 drain=0.440 l1=0.240 wait=0.960 acq=0.080 obs=19135314702506 bar=1.720
[BAR_ARR] ep=20 xcd=4 l1=0.240 l2=0.240
[OPROJ_INNER] slicewait=0.44 mfma=3.92 bar=1.72 rmsnorm_router=1.44 topk=0.56 total=8.08
[OPROJ_INNER] slicewait=0.40 mfma=3.92 bar=1.84 rmsnorm_router=1.56 topk=2.52 total=10.24
[OPROJ_INNER] slicewait=0.40 mfma=3.96 bar=1.72 rmsnorm_router=1.48 topk=1.36 total=8.92
[OPROJ_INNER] slicewait=0.40 mfma=3.92 bar=1.92 rmsnorm_router=1.56 topk=3.32 total=11.12
[OPROJ_INNER] slicewait=0.40 mfma=3.92 bar=1.68 rmsnorm_router=1.44 topk=0.40 total=7.84
[OPROJ_INNER] slicewait=0.40 mfma=3.92 bar=1.84 rmsnorm_router=1.56 topk=3.56 total=11.28
[BAR_OBS] ep=21 xcd=1 drain=0.480 l1=0.280 wait=1.040 acq=0.040 obs=19135314970919 bar=1.840
[OPROJ_INNER] slicewait=0.44 mfma=3.96 bar=2.00 rmsnorm_router=1.44 topk=3.76 total=11.60
[BAR_OBS] ep=21 xcd=5 drain=0.400 l1=0.200 wait=1.000 acq=0.080 obs=19135314970905 bar=1.680
[BAR_OBS] ep=21 xcd=7 drain=0.440 l1=0.200 wait=1.000 acq=0.080 obs=19135314970903 bar=1.720
[OPROJ_INNER] slicewait=0.40 mfma=3.88 bar=1.72 rmsnorm_router=1.52 topk=1.68 total=9.20
[BAR_OBS] ep=21 xcd=2 drain=0.480 l1=0.320 wait=0.960 acq=0.080 obs=19135314970923 bar=1.840
[BAR_ARR] ep=21 xcd=7 l1=0.200 l2=0.240
[BAR_OBS] ep=21 xcd=0 drain=0.480 l1=0.280 wait=1.080 acq=0.080 obs=19135314970921 bar=1.920
[BAR_ARR] ep=21 xcd=0 l1=0.280 l2=0.360
[BAR_ARR] ep=21 xcd=1 l1=0.280 l2=0.320
[BAR_OBS] ep=21 xcd=3 drain=0.480 l1=0.280 wait=1.160 acq=0.080 obs=19135314970943 bar=2.000
[BAR_ARR] ep=21 xcd=2 l1=0.320 l2=0.320
[BAR_ARR] ep=21 xcd=5 l1=0.200 l2=0.240
[BAR_OBS] ep=21 xcd=4 drain=0.400 l1=0.240 wait=1.000 acq=0.080 obs=19135314970910 bar=1.720
[BAR_ARR] ep=21 xcd=3 l1=0.280 l2=0.320
[BAR_REL] ep=21 xcd=3 rel=19135314970911
[BAR_ARR] ep=21 xcd=4 l1=0.240 l2=0.280
[BAR_OBS] ep=21 xcd=6 drain=0.480 l1=0.240 wait=0.960 acq=0.040 obs=19135314970908 bar=1.720
[BAR_ARR] ep=21 xcd=6 l1=0.240 l2=0.240
[OPROJ_INNER] slicewait=0.40 mfma=3.92 bar=2.00 rmsnorm_router=1.60 topk=2.92 total=10.84
[OPROJ_INNER] slicewait=0.40 mfma=4.00 bar=1.96 rmsnorm_router=1.60 topk=2.84 total=10.80
[OPROJ_INNER] slicewait=0.40 mfma=3.96 bar=1.68 rmsnorm_router=1.44 topk=0.48 total=7.96
[OPROJ_INNER] slicewait=0.40 mfma=3.92 bar=2.16 rmsnorm_router=1.40 topk=7.96 total=15.84
[OPROJ_INNER] slicewait=0.40 mfma=3.96 bar=1.80 rmsnorm_router=1.52 topk=1.60 total=9.28
[BAR_OBS] ep=22 xcd=0 drain=0.480 l1=0.280 wait=1.120 acq=0.080 obs=19135315250541 bar=1.960
[BAR_OBS] ep=22 xcd=3 drain=0.480 l1=0.280 wait=1.160 acq=0.080 obs=19135315250543 bar=2.000
[BAR_ARR] ep=22 xcd=0 l1=0.280 l2=0.360
[OPROJ_INNER] slicewait=0.44 mfma=3.96 bar=1.72 rmsnorm_router=1.48 topk=0.76 total=8.36
[BAR_ARR] ep=22 xcd=3 l1=0.280 l2=0.360
[OPROJ_INNER] slicewait=0.40 mfma=3.96 bar=1.84 rmsnorm_router=1.48 topk=0.40 total=8.08
[BAR_OBS] ep=22 xcd=4 drain=0.440 l1=0.240 wait=1.040 acq=0.080 obs=19135315250530 bar=1.800
[BAR_OBS] ep=22 xcd=5 drain=0.400 l1=0.200 wait=1.040 acq=0.080 obs=19135315250525 bar=1.720
[BAR_OBS] ep=22 xcd=7 drain=0.440 l1=0.200 wait=1.120 acq=0.080 obs=19135315250523 bar=1.840
[BAR_ARR] ep=22 xcd=4 l1=0.240 l2=0.280
[BAR_ARR] ep=22 xcd=5 l1=0.200 l2=0.240
[OPROJ_INNER] slicewait=0.40 mfma=4.00 bar=1.92 rmsnorm_router=1.56 topk=1.96 total=9.84
[BAR_OBS] ep=22 xcd=2 drain=0.600 l1=0.320 wait=1.160 acq=0.080 obs=19135315250563 bar=2.160
[BAR_ARR] ep=22 xcd=7 l1=0.200 l2=0.240
[BAR_OBS] ep=22 xcd=1 drain=0.440 l1=0.280 wait=1.120 acq=0.080 obs=19135315250539 bar=1.920
[BAR_OBS] ep=22 xcd=6 drain=0.480 l1=0.200 wait=0.920 acq=0.080 obs=19135315250528 bar=1.680
[BAR_ARR] ep=22 xcd=2 l1=0.320 l2=0.360
[BAR_ARR] ep=22 xcd=1 l1=0.280 l2=0.360
[BAR_REL] ep=22 xcd=2 rel=19135315250531
[BAR_ARR] ep=22 xcd=6 l1=0.200 l2=0.280
[OPROJ_INNER] slicewait=0.40 mfma=3.92 bar=1.96 rmsnorm_router=1.68 topk=3.84 total=11.80
[OPROJ_INNER] slicewait=0.44 mfma=3.92 bar=1.60 rmsnorm_router=1.48 topk=1.12 total=8.56
[OPROJ_INNER] slicewait=0.40 mfma=3.92 bar=1.92 rmsnorm_router=1.52 topk=2.60 total=10.36
[OPROJ_INNER] slicewait=0.40 mfma=3.96 bar=2.00 rmsnorm_router=1.40 topk=4.04 total=11.80
[OPROJ_INNER] slicewait=0.40 mfma=4.00 bar=1.80 rmsnorm_router=1.60 topk=3.32 total=11.12
[OPROJ_INNER] slicewait=0.40 mfma=3.96 bar=1.64 rmsnorm_router=1.52 topk=1.32 total=8.84
[BAR_OBS] ep=23 xcd=1 drain=0.440 l1=0.280 wait=1.120 acq=0.080 obs=19135315497547 bar=1.920
[OPROJ_INNER] slicewait=0.40 mfma=3.96 bar=1.72 rmsnorm_router=1.56 topk=2.04 total=9.68
[BAR_OBS] ep=23 xcd=2 drain=0.440 l1=0.320 wait=1.160 acq=0.080 obs=19135315497571 bar=2.000
[BAR_OBS] ep=23 xcd=0 drain=0.480 l1=0.280 wait=1.120 acq=0.080 obs=19135315497549 bar=1.960
[BAR_ARR] ep=23 xcd=0 l1=0.280 l2=0.360
[OPROJ_INNER] slicewait=0.44 mfma=3.88 bar=1.84 rmsnorm_router=1.40 topk=0.40 total=7.96
[BAR_OBS] ep=23 xcd=6 drain=0.480 l1=0.200 wait=0.880 acq=0.040 obs=19135315497540 bar=1.600
[BAR_ARR] ep=23 xcd=2 l1=0.320 l2=0.360
[BAR_REL] ep=23 xcd=2 rel=19135315497539
[BAR_ARR] ep=23 xcd=6 l1=0.200 l2=0.280
[BAR_OBS] ep=23 xcd=5 drain=0.400 l1=0.200 wait=1.000 acq=0.040 obs=19135315497537 bar=1.640
[BAR_ARR] ep=23 xcd=1 l1=0.280 l2=0.360
[BAR_OBS] ep=23 xcd=4 drain=0.400 l1=0.240 wait=1.000 acq=0.080 obs=19135315497538 bar=1.720
[BAR_ARR] ep=23 xcd=5 l1=0.200 l2=0.280
[BAR_OBS] ep=23 xcd=3 drain=0.440 l1=0.320 wait=0.960 acq=0.080 obs=19135315497547 bar=1.800
[BAR_OBS] ep=23 xcd=7 drain=0.480 l1=0.200 wait=1.080 acq=0.080 obs=19135315497535 bar=1.840
[BAR_ARR] ep=23 xcd=3 l1=0.320 l2=0.320
[BAR_ARR] ep=23 xcd=4 l1=0.240 l2=0.280
[BAR_ARR] ep=23 xcd=7 l1=0.200 l2=0.240
[OPROJ_INNER] slicewait=0.44 mfma=3.88 bar=1.96 rmsnorm_router=1.48 topk=1.80 total=9.56
[OPROJ_INNER] slicewait=0.44 mfma=3.96 bar=1.96 rmsnorm_router=1.56 topk=2.08 total=10.00
[OPROJ_INNER] slicewait=0.44 mfma=3.88 bar=1.84 rmsnorm_router=1.48 topk=1.12 total=8.76
[OPROJ_INNER] slicewait=0.40 mfma=3.92 bar=2.20 rmsnorm_router=1.44 topk=7.52 total=15.48
[OPROJ_INNER] slicewait=0.40 mfma=3.92 bar=1.88 rmsnorm_router=1.40 topk=0.36 total=7.96
[OPROJ_INNER] slicewait=0.40 mfma=3.96 bar=1.96 rmsnorm_router=1.60 topk=3.32 total=11.24
[OPROJ_INNER] slicewait=0.40 mfma=3.92 bar=2.04 rmsnorm_router=1.60 topk=3.20 total=11.16
[OPROJ_INNER] slicewait=0.40 mfma=3.92 bar=1.80 rmsnorm_router=1.56 topk=1.40 total=9.08
[BAR_OBS] ep=24 xcd=0 drain=0.480 l1=0.320 wait=1.080 acq=0.080 obs=19135315765889 bar=1.960
[BAR_OBS] ep=24 xcd=2 drain=0.680 l1=0.320 wait=1.120 acq=0.080 obs=19135315765907 bar=2.200
[BAR_OBS] ep=24 xcd=4 drain=0.400 l1=0.200 wait=1.280 acq=0.080 obs=19135315765878 bar=1.960
[BAR_ARR] ep=24 xcd=0 l1=0.320 l2=0.320
[BAR_ARR] ep=24 xcd=2 l1=0.320 l2=0.320
[BAR_OBS] ep=24 xcd=1 drain=0.440 l1=0.280 wait=1.200 acq=0.040 obs=19135315765887 bar=1.960
[BAR_REL] ep=24 xcd=2 rel=19135315765879
[BAR_OBS] ep=24 xcd=5 drain=0.400 l1=0.200 wait=1.160 acq=0.080 obs=19135315765873 bar=1.840
[BAR_ARR] ep=24 xcd=4 l1=0.200 l2=0.280
[BAR_ARR] ep=24 xcd=1 l1=0.280 l2=0.320
[BAR_OBS] ep=24 xcd=3 drain=0.480 l1=0.280 wait=1.200 acq=0.080 obs=19135315765891 bar=2.040
[BAR_OBS] ep=24 xcd=7 drain=0.440 l1=0.240 wait=1.120 acq=0.080 obs=19135315765871 bar=1.880
[BAR_OBS] ep=24 xcd=6 drain=0.480 l1=0.200 wait=1.080 acq=0.040 obs=19135315765876 bar=1.800
[BAR_ARR] ep=24 xcd=3 l1=0.280 l2=0.320
[BAR_ARR] ep=24 xcd=5 l1=0.200 l2=0.280
[BAR_ARR] ep=24 xcd=7 l1=0.240 l2=0.240
[BAR_ARR] ep=24 xcd=6 l1=0.200 l2=0.280
[OPROJ_INNER] slicewait=0.36 mfma=4.00 bar=1.64 rmsnorm_router=1.48 topk=1.20 total=8.68
[OPROJ_INNER] slicewait=0.40 mfma=4.00 bar=1.52 rmsnorm_router=1.52 topk=0.56 total=8.00
[OPROJ_INNER] slicewait=0.44 mfma=4.00 bar=1.72 rmsnorm_router=1.60 topk=3.44 total=11.20
[OPROJ_INNER] slicewait=0.40 mfma=3.92 bar=1.76 rmsnorm_router=1.44 topk=2.84 total=10.36
[OPROJ_INNER] slicewait=0.40 mfma=4.00 bar=1.72 rmsnorm_router=1.52 topk=2.28 total=9.92
[OPROJ_INNER] slicewait=0.44 mfma=4.00 bar=1.68 rmsnorm_router=1.60 topk=2.92 total=10.64
[OPROJ_INNER] slicewait=0.40 mfma=3.96 bar=1.68 rmsnorm_router=1.44 topk=0.40 total=7.88
[OPROJ_INNER] slicewait=0.40 mfma=4.00 bar=1.76 rmsnorm_router=1.56 topk=3.56 total=11.28
[BAR_OBS] ep=25 xcd=5 drain=0.400 l1=0.200 wait=0.840 acq=0.080 obs=19135316033649 bar=1.520
[BAR_OBS] ep=25 xcd=0 drain=0.480 l1=0.280 wait=0.880 acq=0.080 obs=19135316033665 bar=1.720
[BAR_OBS] ep=25 xcd=2 drain=0.480 l1=0.320 wait=0.880 acq=0.080 obs=19135316033667 bar=1.760
[BAR_OBS] ep=25 xcd=7 drain=0.440 l1=0.200 wait=0.960 acq=0.080 obs=19135316033655 bar=1.680
[BAR_OBS] ep=25 xcd=3 drain=0.440 l1=0.320 wait=0.840 acq=0.080 obs=19135316033663 bar=1.680
[BAR_OBS] ep=25 xcd=6 drain=0.480 l1=0.240 wait=1.000 acq=0.040 obs=19135316033684 bar=1.760
[BAR_OBS] ep=25 xcd=4 drain=0.400 l1=0.240 wait=0.920 acq=0.080 obs=19135316033654 bar=1.640
[BAR_ARR] ep=25 xcd=2 l1=0.320 l2=0.360
[BAR_ARR] ep=25 xcd=5 l1=0.200 l2=0.240
[BAR_OBS] ep=25 xcd=1 drain=0.480 l1=0.280 wait=0.880 acq=0.080 obs=19135316033663 bar=1.720
[BAR_ARR] ep=25 xcd=3 l1=0.320 l2=0.320
[BAR_ARR] ep=25 xcd=6 l1=0.240 l2=0.280
[BAR_ARR] ep=25 xcd=1 l1=0.280 l2=0.320
[BAR_ARR] ep=25 xcd=4 l1=0.240 l2=0.280
[BAR_ARR] ep=25 xcd=0 l1=0.280 l2=0.360
[BAR_REL] ep=25 xcd=6 rel=19135316033652
[BAR_ARR] ep=25 xcd=7 l1=0.200 l2=0.240
[OPROJ_INNER] slicewait=0.40 mfma=3.96 bar=2.00 rmsnorm_router=1.36 topk=3.80 total=11.52
[OPROJ_INNER] slicewait=0.40 mfma=3.96 bar=1.80 rmsnorm_router=1.56 topk=1.96 total=9.68
[OPROJ_INNER] slicewait=0.40 mfma=3.92 bar=1.92 rmsnorm_router=1.60 topk=3.16 total=11.00
[OPROJ_INNER] slicewait=0.44 mfma=3.88 bar=1.76 rmsnorm_router=1.48 topk=1.28 total=8.84
[OPROJ_INNER] slicewait=0.40 mfma=3.96 bar=1.76 rmsnorm_router=1.56 topk=3.00 total=10.68
[BAR_OBS] ep=26 xcd=0 drain=0.440 l1=0.320 wait=1.080 acq=0.080 obs=19135316314193 bar=1.920
[BAR_OBS] ep=26 xcd=2 drain=0.480 l1=0.280 wait=1.160 acq=0.080 obs=19135316314215 bar=2.000
[OPROJ_INNER] slicewait=0.40 mfma=3.96 bar=1.68 rmsnorm_router=1.52 topk=1.76 total=9.32
[BAR_ARR] ep=26 xcd=0 l1=0.320 l2=0.360
[BAR_ARR] ep=26 xcd=2 l1=0.280 l2=0.360
[OPROJ_INNER] slicewait=0.40 mfma=3.92 bar=1.68 rmsnorm_router=1.40 topk=0.44 total=7.84
[BAR_REL] ep=26 xcd=2 rel=19135316314187
[BAR_OBS] ep=26 xcd=1 drain=0.440 l1=0.280 wait=1.000 acq=0.080 obs=19135316314191 bar=1.800
[BAR_ARR] ep=26 xcd=1 l1=0.280 l2=0.360
[OPROJ_INNER] slicewait=0.40 mfma=3.92 bar=1.64 rmsnorm_router=1.44 topk=0.60 total=8.00
[BAR_OBS] ep=26 xcd=7 drain=0.440 l1=0.240 wait=0.920 acq=0.080 obs=19135316314179 bar=1.680
[BAR_OBS] ep=26 xcd=6 drain=0.480 l1=0.240 wait=0.960 acq=0.080 obs=19135316314180 bar=1.760
[BAR_ARR] ep=26 xcd=7 l1=0.240 l2=0.240
[BAR_OBS] ep=26 xcd=4 drain=0.400 l1=0.200 wait=1.040 acq=0.040 obs=19135316314186 bar=1.680
[BAR_OBS] ep=26 xcd=3 drain=0.480 l1=0.280 wait=0.920 acq=0.080 obs=19135316314191 bar=1.760
[BAR_ARR] ep=26 xcd=6 l1=0.240 l2=0.240
[BAR_OBS] ep=26 xcd=5 drain=0.360 l1=0.240 wait=0.960 acq=0.080 obs=19135316314181 bar=1.640
[BAR_ARR] ep=26 xcd=3 l1=0.280 l2=0.320
[BAR_ARR] ep=26 xcd=4 l1=0.200 l2=0.280
[BAR_ARR] ep=26 xcd=5 l1=0.240 l2=0.240
[OPROJ_INNER] slicewait=0.40 mfma=3.96 bar=1.76 rmsnorm_router=1.44 topk=0.56 total=8.12
[OPROJ_INNER] slicewait=0.40 mfma=3.92 bar=1.80 rmsnorm_router=1.44 topk=0.40 total=7.96
[OPROJ_INNER] slicewait=0.40 mfma=3.96 bar=2.00 rmsnorm_router=1.60 topk=3.32 total=11.28
[OPROJ_INNER] slicewait=0.40 mfma=3.96 bar=1.68 rmsnorm_router=1.44 topk=0.40 total=7.88
[OPROJ_INNER] slicewait=0.44 mfma=3.96 bar=2.00 rmsnorm_router=1.52 topk=7.72 total=15.64
[OPROJ_INNER] slicewait=0.40 mfma=3.96 bar=1.92 rmsnorm_router=1.56 topk=2.24 total=10.08
[OPROJ_INNER] slicewait=0.40 mfma=3.96 bar=1.68 rmsnorm_router=1.52 topk=1.72 total=9.28
[OPROJ_INNER] slicewait=0.40 mfma=4.00 bar=1.80 rmsnorm_router=1.56 topk=3.08 total=10.84
[BAR_OBS] ep=27 xcd=6 drain=0.440 l1=0.240 wait=1.000 acq=0.080 obs=19135316575732 bar=1.760
[BAR_OBS] ep=27 xcd=0 drain=0.480 l1=0.320 wait=1.120 acq=0.080 obs=19135316575745 bar=2.000
[BAR_OBS] ep=27 xcd=5 drain=0.400 l1=0.200 wait=1.120 acq=0.080 obs=19135316575729 bar=1.800
[BAR_OBS] ep=27 xcd=2 drain=0.480 l1=0.320 wait=1.120 acq=0.080 obs=19135316575763 bar=2.000
[BAR_ARR] ep=27 xcd=6 l1=0.240 l2=0.240
[BAR_ARR] ep=27 xcd=0 l1=0.320 l2=0.320
[BAR_OBS] ep=27 xcd=3 drain=0.480 l1=0.280 wait=0.960 acq=0.080 obs=19135316575743 bar=1.800
[BAR_ARR] ep=27 xcd=5 l1=0.200 l2=0.280
[BAR_ARR] ep=27 xcd=2 l1=0.320 l2=0.320
[BAR_ARR] ep=27 xcd=3 l1=0.280 l2=0.360
[BAR_OBS] ep=27 xcd=7 drain=0.440 l1=0.240 wait=0.920 acq=0.080 obs=19135316575727 bar=1.680
[BAR_REL] ep=27 xcd=2 rel=19135316575735
[BAR_OBS] ep=27 xcd=4 drain=0.400 l1=0.240 wait=1.000 acq=0.040 obs=19135316575734 bar=1.680
[BAR_OBS] ep=27 xcd=1 drain=0.480 l1=0.280 wait=1.120 acq=0.040 obs=19135316575743 bar=1.920
[BAR_ARR] ep=27 xcd=7 l1=0.240 l2=0.240
[BAR_ARR] ep=27 xcd=1 l1=0.280 l2=0.320
[BAR_ARR] ep=27 xcd=4 l1=0.240 l2=0.280
[OPROJ_INNER] slicewait=0.40 mfma=3.92 bar=1.72 rmsnorm_router=1.64 topk=3.88 total=11.56
[OPROJ_INNER] slicewait=0.36 mfma=3.96 bar=1.84 rmsnorm_router=1.52 topk=3.32 total=11.00
[OPROJ_INNER] slicewait=0.36 mfma=3.88 bar=1.72 rmsnorm_router=1.56 topk=2.56 total=10.08
[OPROJ_INNER] slicewait=0.44 mfma=3.88 bar=1.68 rmsnorm_router=1.56 topk=2.28 total=9.84
[OPROJ_INNER] slicewait=0.40 mfma=3.96 bar=1.72 rmsnorm_router=1.48 topk=3.52 total=11.08
[OPROJ_INNER] slicewait=0.40 mfma=3.96 bar=1.52 rmsnorm_router=1.52 topk=1.20 total=8.60
[OPROJ_INNER] slicewait=0.40 mfma=3.96 bar=1.56 rmsnorm_router=1.48 topk=0.52 total=7.92
[BAR_OBS] ep=28 xcd=2 drain=0.480 l1=0.320 wait=0.840 acq=0.080 obs=19135316842435 bar=1.720
[BAR_OBS] ep=28 xcd=0 drain=0.440 l1=0.320 wait=1.000 acq=0.080 obs=19135316842437 bar=1.840
[BAR_OBS] ep=28 xcd=1 drain=0.440 l1=0.280 wait=0.920 acq=0.080 obs=19135316842431 bar=1.720
[OPROJ_INNER] slicewait=0.40 mfma=3.88 bar=1.56 rmsnorm_router=1.56 topk=1.68 total=9.08
[BAR_OBS] ep=28 xcd=7 drain=0.440 l1=0.200 wait=0.840 acq=0.080 obs=19135316842419 bar=1.560
[BAR_OBS] ep=28 xcd=3 drain=0.480 l1=0.280 wait=0.840 acq=0.080 obs=19135316842431 bar=1.680
[BAR_OBS] ep=28 xcd=4 drain=0.400 l1=0.240 wait=1.000 acq=0.080 obs=19135316842454 bar=1.720
[BAR_ARR] ep=28 xcd=2 l1=0.320 l2=0.320
[BAR_ARR] ep=28 xcd=0 l1=0.320 l2=0.360
[BAR_ARR] ep=28 xcd=7 l1=0.200 l2=0.240
[BAR_ARR] ep=28 xcd=3 l1=0.280 l2=0.360
[BAR_ARR] ep=28 xcd=1 l1=0.280 l2=0.320
[BAR_OBS] ep=28 xcd=5 drain=0.360 l1=0.200 wait=0.880 acq=0.080 obs=19135316842421 bar=1.520
[BAR_ARR] ep=28 xcd=4 l1=0.240 l2=0.280
[BAR_OBS] ep=28 xcd=6 drain=0.480 l1=0.200 wait=0.840 acq=0.040 obs=19135316842424 bar=1.560
[BAR_ARR] ep=28 xcd=5 l1=0.200 l2=0.280
[BAR_REL] ep=28 xcd=4 rel=19135316842422
[BAR_ARR] ep=28 xcd=6 l1=0.200 l2=0.280
[OPROJ_INNER] slicewait=0.44 mfma=3.96 bar=2.12 rmsnorm_router=1.44 topk=7.08 total=15.04
[OPROJ_INNER] slicewait=0.40 mfma=3.96 bar=1.96 rmsnorm_router=1.52 topk=3.12 total=10.96
[OPROJ_INNER] slicewait=0.40 mfma=3.96 bar=1.80 rmsnorm_router=1.48 topk=0.36 total=8.00
[OPROJ_INNER] slicewait=0.40 mfma=4.08 bar=1.80 rmsnorm_router=1.56 topk=3.48 total=11.32
[BAR_OBS] ep=29 xcd=0 drain=0.440 l1=0.320 wait=1.120 acq=0.080 obs=19135317117005 bar=1.960
[OPROJ_INNER] slicewait=0.40 mfma=4.00 bar=2.00 rmsnorm_router=1.56 topk=3.16 total=11.12
[BAR_OBS] ep=29 xcd=3 drain=0.440 l1=0.280 wait=1.000 acq=0.080 obs=19135317117003 bar=1.800
[BAR_ARR] ep=29 xcd=0 l1=0.320 l2=0.360
[BAR_OBS] ep=29 xcd=7 drain=0.440 l1=0.200 wait=1.080 acq=0.080 obs=19135317116987 bar=1.800
[BAR_OBS] ep=29 xcd=2 drain=0.560 l1=0.320 wait=1.160 acq=0.080 obs=19135317117027 bar=2.120
[BAR_OBS] ep=29 xcd=1 drain=0.440 l1=0.280 wait=1.200 acq=0.080 obs=19135317117003 bar=2.000
[BAR_ARR] ep=29 xcd=2 l1=0.320 l2=0.360
[BAR_ARR] ep=29 xcd=1 l1=0.280 l2=0.320
[BAR_REL] ep=29 xcd=2 rel=19135317116995
[OPROJ_INNER] slicewait=0.44 mfma=3.92 bar=1.92 rmsnorm_router=1.52 topk=1.48 total=9.28
[BAR_ARR] ep=29 xcd=3 l1=0.280 l2=0.360
[OPROJ_INNER] slicewait=0.40 mfma=3.96 bar=1.88 rmsnorm_router=1.44 topk=0.96 total=8.64
[OPROJ_INNER] slicewait=0.40 mfma=3.96 bar=1.80 rmsnorm_router=1.48 topk=1.76 total=9.40
[BAR_ARR] ep=29 xcd=7 l1=0.200 l2=0.240
[BAR_OBS] ep=29 xcd=5 drain=0.360 l1=0.200 wait=1.240 acq=0.080 obs=19135317116993 bar=1.880
[BAR_OBS] ep=29 xcd=6 drain=0.480 l1=0.240 wait=1.120 acq=0.080 obs=19135317116992 bar=1.920
[BAR_OBS] ep=29 xcd=4 drain=0.400 l1=0.240 wait=1.080 acq=0.080 obs=19135317116994 bar=1.800
[BAR_ARR] ep=29 xcd=6 l1=0.240 l2=0.240
[BAR_ARR] ep=29 xcd=5 l1=0.200 l2=0.280
[BAR_ARR] ep=29 xcd=4 l1=0.240 l2=0.240
[OPROJ_INNER] slicewait=0.36 mfma=3.92 bar=1.84 rmsnorm_router=1.64 topk=3.68 total=11.44
[OPROJ_INNER] slicewait=0.40 mfma=3.96 bar=1.96 rmsnorm_router=1.44 topk=3.80 total=11.56
[OPROJ_INNER] slicewait=0.44 mfma=3.92 bar=1.64 rmsnorm_router=1.48 topk=1.20 total=8.68
[OPROJ_INNER] slicewait=0.40 mfma=3.96 bar=1.56 rmsnorm_router=1.48 topk=0.36 total=7.76
[OPROJ_INNER] slicewait=0.40 mfma=4.00 bar=1.80 rmsnorm_router=1.52 topk=2.84 total=10.56
[OPROJ_INNER] slicewait=0.40 mfma=4.00 bar=1.76 rmsnorm_router=1.60 topk=2.40 total=10.16
[OPROJ_INNER] slicewait=0.44 mfma=3.96 bar=1.56 rmsnorm_router=1.48 topk=0.48 total=7.92
[BAR_OBS] ep=30 xcd=2 drain=0.480 l1=0.320 wait=0.960 acq=0.080 obs=19135317372327 bar=1.840
[BAR_OBS] ep=30 xcd=6 drain=0.480 l1=0.240 wait=0.840 acq=0.080 obs=19135317372312 bar=1.640
[BAR_ARR] ep=30 xcd=2 l1=0.320 l2=0.360
[BAR_OBS] ep=30 xcd=3 drain=0.480 l1=0.280 wait=1.120 acq=0.080 obs=19135317372347 bar=1.960
[BAR_OBS] ep=30 xcd=0 drain=0.440 l1=0.320 wait=0.960 acq=0.080 obs=19135317372329 bar=1.800
[OPROJ_INNER] slicewait=0.36 mfma=4.00 bar=1.52 rmsnorm_router=1.48 topk=1.64 total=9.00
[BAR_ARR] ep=30 xcd=3 l1=0.280 l2=0.320
[BAR_ARR] ep=30 xcd=6 l1=0.240 l2=0.240
[BAR_OBS] ep=30 xcd=7 drain=0.440 l1=0.200 wait=0.840 acq=0.080 obs=19135317372307 bar=1.560
[BAR_REL] ep=30 xcd=3 rel=19135317372319
[BAR_OBS] ep=30 xcd=5 drain=0.400 l1=0.200 wait=0.920 acq=0.040 obs=19135317372313 bar=1.560
[BAR_ARR] ep=30 xcd=0 l1=0.320 l2=0.320
[BAR_ARR] ep=30 xcd=7 l1=0.200 l2=0.240
[BAR_OBS] ep=30 xcd=1 drain=0.440 l1=0.280 wait=0.960 acq=0.080 obs=19135317372323 bar=1.760
[BAR_ARR] ep=30 xcd=5 l1=0.200 l2=0.240
[BAR_ARR] ep=30 xcd=1 l1=0.280 l2=0.320
[BAR_OBS] ep=30 xcd=4 drain=0.400 l1=0.240 wait=0.800 acq=0.080 obs=19135317372314 bar=1.520
[BAR_ARR] ep=30 xcd=4 l1=0.240 l2=0.280
[OPROJ_INNER] slicewait=0.40 mfma=3.92 bar=1.76 rmsnorm_router=1.48 topk=0.52 total=8.08
[OPROJ_INNER] slicewait=0.40 mfma=4.04 bar=1.80 rmsnorm_router=1.60 topk=3.32 total=11.16
[OPROJ_INNER] slicewait=0.44 mfma=3.92 bar=1.80 rmsnorm_router=1.44 topk=0.64 total=8.24
[OPROJ_INNER] slicewait=0.44 mfma=4.00 bar=2.00 rmsnorm_router=1.44 topk=7.08 total=14.96
[OPROJ_INNER] slicewait=0.40 mfma=4.00 bar=1.96 rmsnorm_router=1.60 topk=2.40 total=10.36
[OPROJ_INNER] slicewait=0.44 mfma=3.92 bar=1.72 rmsnorm_router=1.52 topk=1.32 total=8.92
[OPROJ_INNER] slicewait=0.40 mfma=4.00 bar=1.88 rmsnorm_router=1.52 topk=2.12 total=9.92
[BAR_OBS] ep=31 xcd=2 drain=0.480 l1=0.280 wait=1.160 acq=0.080 obs=19135317646419 bar=2.000
[BAR_OBS] ep=31 xcd=0 drain=0.440 l1=0.320 wait=1.160 acq=0.040 obs=19135317646401 bar=1.960
[BAR_ARR] ep=31 xcd=2 l1=0.280 l2=0.360
[OPROJ_INNER] slicewait=0.40 mfma=3.96 bar=1.92 rmsnorm_router=1.48 topk=1.84 total=9.60
[BAR_ARR] ep=31 xcd=0 l1=0.320 l2=0.360
[BAR_REL] ep=31 xcd=2 rel=19135317646387
[BAR_OBS] ep=31 xcd=3 drain=0.480 l1=0.280 wait=0.960 acq=0.080 obs=19135317646399 bar=1.800
[BAR_OBS] ep=31 xcd=1 drain=0.440 l1=0.280 wait=1.080 acq=0.080 obs=19135317646395 bar=1.880
[BAR_ARR] ep=31 xcd=3 l1=0.280 l2=0.320
[BAR_OBS] ep=31 xcd=7 drain=0.480 l1=0.200 wait=1.080 acq=0.040 obs=19135317646387 bar=1.800
[BAR_ARR] ep=31 xcd=1 l1=0.280 l2=0.320
[BAR_OBS] ep=31 xcd=4 drain=0.400 l1=0.240 wait=1.000 acq=0.080 obs=19135317646386 bar=1.720
[BAR_ARR] ep=31 xcd=7 l1=0.200 l2=0.240
[BAR_OBS] ep=31 xcd=6 drain=0.480 l1=0.240 wait=1.120 acq=0.080 obs=19135317646396 bar=1.920
[BAR_OBS] ep=31 xcd=5 drain=0.360 l1=0.240 wait=1.080 acq=0.080 obs=19135317646381 bar=1.760
[BAR_ARR] ep=31 xcd=4 l1=0.240 l2=0.240
[BAR_ARR] ep=31 xcd=6 l1=0.240 l2=0.240
[BAR_ARR] ep=31 xcd=5 l1=0.240 l2=0.240
[OPROJ_INNER] slicewait=0.40 mfma=3.92 bar=2.16 rmsnorm_router=1.44 topk=7.08 total=15.00
[OPROJ_INNER] slicewait=0.44 mfma=3.92 bar=1.80 rmsnorm_router=1.44 topk=0.40 total=8.00
[OPROJ_INNER] slicewait=0.40 mfma=3.92 bar=1.84 rmsnorm_router=1.52 topk=2.00 total=9.68
[OPROJ_INNER] slicewait=0.40 mfma=3.92 bar=1.92 rmsnorm_router=1.56 topk=2.88 total=10.68
[OPROJ_INNER] slicewait=0.40 mfma=3.96 bar=2.00 rmsnorm_router=1.56 topk=3.36 total=11.28
[OPROJ_INNER] slicewait=0.44 mfma=3.88 bar=1.92 rmsnorm_router=1.52 topk=1.80 total=9.56
[BAR_OBS] ep=32 xcd=2 drain=0.640 l1=0.280 wait=1.160 acq=0.080 obs=19135317913915 bar=2.160
[OPROJ_INNER] slicewait=0.40 mfma=4.00 bar=1.92 rmsnorm_router=1.56 topk=2.28 total=10.16
[BAR_OBS] ep=32 xcd=0 drain=0.440 l1=0.320 wait=1.160 acq=0.080 obs=19135317913897 bar=2.000
[OPROJ_INNER] slicewait=0.40 mfma=3.88 bar=1.84 rmsnorm_router=1.48 topk=0.88 total=8.48
[BAR_ARR] ep=32 xcd=2 l1=0.280 l2=0.360
[BAR_OBS] ep=32 xcd=7 drain=0.440 l1=0.200 wait=1.240 acq=0.040 obs=19135317913887 bar=1.920
[BAR_ARR] ep=32 xcd=0 l1=0.320 l2=0.360
[BAR_REL] ep=32 xcd=2 rel=19135317913887
[BAR_OBS] ep=32 xcd=3 drain=0.480 l1=0.280 wait=1.120 acq=0.040 obs=19135317913895 bar=1.920
[BAR_OBS] ep=32 xcd=5 drain=0.400 l1=0.200 wait=1.160 acq=0.040 obs=19135317913881 bar=1.800
[BAR_OBS] ep=32 xcd=1 drain=0.440 l1=0.240 wait=1.160 acq=0.080 obs=19135317913891 bar=1.920
[BAR_ARR] ep=32 xcd=3 l1=0.280 l2=0.320
[BAR_OBS] ep=32 xcd=4 drain=0.400 l1=0.240 wait=1.120 acq=0.080 obs=19135317913886 bar=1.840
[BAR_ARR] ep=32 xcd=1 l1=0.240 l2=0.360
[BAR_ARR] ep=32 xcd=5 l1=0.200 l2=0.240
[BAR_ARR] ep=32 xcd=4 l1=0.240 l2=0.280
[BAR_ARR] ep=32 xcd=7 l1=0.200 l2=0.240
[BAR_OBS] ep=32 xcd=6 drain=0.480 l1=0.240 wait=1.080 acq=0.040 obs=19135317913884 bar=1.840
[BAR_ARR] ep=32 xcd=6 l1=0.240 l2=0.240
[OPROJ_INNER] slicewait=0.40 mfma=3.96 bar=1.88 rmsnorm_router=1.64 topk=3.68 total=11.56
[OPROJ_INNER] slicewait=0.40 mfma=3.96 bar=1.72 rmsnorm_router=1.48 topk=0.36 total=7.92
[OPROJ_INNER] slicewait=0.40 mfma=3.92 bar=1.68 rmsnorm_router=1.48 topk=1.48 total=8.96
[OPROJ_INNER] slicewait=0.40 mfma=3.96 bar=1.72 rmsnorm_router=1.56 topk=1.76 total=9.40
[OPROJ_INNER] slicewait=0.44 mfma=3.88 bar=1.68 rmsnorm_router=1.52 topk=1.24 total=8.76
[BAR_OBS] ep=33 xcd=6 drain=0.480 l1=0.200 wait=0.920 acq=0.080 obs=19135318188348 bar=1.680
[BAR_OBS] ep=33 xcd=5 drain=0.400 l1=0.240 wait=1.000 acq=0.040 obs=19135318188349 bar=1.680
[BAR_OBS] ep=33 xcd=4 drain=0.400 l1=0.240 wait=1.000 acq=0.080 obs=19135318188350 bar=1.720
[BAR_ARR] ep=33 xcd=6 l1=0.200 l2=0.280
[OPROJ_INNER] slicewait=0.40 mfma=3.96 bar=1.84 rmsnorm_router=1.52 topk=3.16 total=10.88
[OPROJ_INNER] slicewait=0.40 mfma=3.96 bar=1.84 rmsnorm_router=1.56 topk=2.72 total=10.48
[BAR_OBS] ep=33 xcd=0 drain=0.440 l1=0.320 wait=1.080 acq=0.040 obs=19135318188365 bar=1.880
[OPROJ_INNER] slicewait=0.40 mfma=4.04 bar=1.96 rmsnorm_router=1.48 topk=7.20 total=15.08
[BAR_ARR] ep=33 xcd=0 l1=0.320 l2=0.320
[BAR_OBS] ep=33 xcd=2 drain=0.480 l1=0.280 wait=1.000 acq=0.080 obs=19135318188363 bar=1.840
[BAR_OBS] ep=33 xcd=1 drain=0.440 l1=0.280 wait=1.040 acq=0.080 obs=19135318188359 bar=1.840
[BAR_ARR] ep=33 xcd=4 l1=0.240 l2=0.240
[BAR_OBS] ep=33 xcd=7 drain=0.440 l1=0.200 wait=1.040 acq=0.040 obs=19135318188347 bar=1.720
[BAR_ARR] ep=33 xcd=2 l1=0.280 l2=0.360
[BAR_ARR] ep=33 xcd=1 l1=0.280 l2=0.320
[BAR_ARR] ep=33 xcd=7 l1=0.200 l2=0.240
[BAR_ARR] ep=33 xcd=5 l1=0.240 l2=0.240
[BAR_OBS] ep=33 xcd=3 drain=0.440 l1=0.280 wait=1.160 acq=0.080 obs=19135318188383 bar=1.960
[BAR_ARR] ep=33 xcd=3 l1=0.280 l2=0.360
[BAR_REL] ep=33 xcd=3 rel=19135318188355
[OPROJ_INNER] slicewait=0.40 mfma=3.92 bar=1.68 rmsnorm_router=1.48 topk=0.36 total=7.84
[OPROJ_INNER] slicewait=0.40 mfma=3.96 bar=1.72 rmsnorm_router=1.48 topk=1.28 total=8.84
[OPROJ_INNER] slicewait=0.40 mfma=3.96 bar=1.80 rmsnorm_router=1.52 topk=2.08 total=9.76
[OPROJ_INNER] slicewait=0.40 mfma=4.00 bar=2.00 rmsnorm_router=1.44 topk=3.84 total=11.68
[OPROJ_INNER] slicewait=0.44 mfma=3.92 bar=1.92 rmsnorm_router=1.60 topk=3.44 total=11.32
[OPROJ_INNER] slicewait=0.40 mfma=3.96 bar=1.72 rmsnorm_router=1.52 topk=1.40 total=9.00
[BAR_OBS] ep=34 xcd=6 drain=0.440 l1=0.240 wait=1.000 acq=0.040 obs=19135318461260 bar=1.720
[OPROJ_INNER] slicewait=0.40 mfma=3.96 bar=1.64 rmsnorm_router=1.44 topk=0.68 total=8.12
[BAR_OBS] ep=34 xcd=1 drain=0.480 l1=0.280 wait=1.000 acq=0.040 obs=19135318461271 bar=1.800
[OPROJ_INNER] slicewait=0.36 mfma=3.96 bar=1.84 rmsnorm_router=1.52 topk=2.44 total=10.12
[BAR_OBS] ep=34 xcd=2 drain=0.440 l1=0.320 wait=1.160 acq=0.080 obs=19135318461291 bar=2.000
[BAR_OBS] ep=34 xcd=0 drain=0.480 l1=0.280 wait=1.080 acq=0.080 obs=19135318461273 bar=1.920
[BAR_ARR] ep=34 xcd=6 l1=0.240 l2=0.280
[BAR_ARR] ep=34 xcd=2 l1=0.320 l2=0.360
[BAR_ARR] ep=34 xcd=0 l1=0.280 l2=0.360
[BAR_OBS] ep=34 xcd=4 drain=0.400 l1=0.240 wait=1.040 acq=0.040 obs=19135318461262 bar=1.720
[BAR_OBS] ep=34 xcd=7 drain=0.440 l1=0.200 wait=1.000 acq=0.040 obs=19135318461255 bar=1.680
[BAR_OBS] ep=34 xcd=5 drain=0.400 l1=0.200 wait=1.000 acq=0.040 obs=19135318461261 bar=1.640
[BAR_OBS] ep=34 xcd=3 drain=0.480 l1=0.280 wait=1.000 acq=0.080 obs=19135318461271 bar=1.840
[BAR_REL] ep=34 xcd=2 rel=19135318461263
[BAR_ARR] ep=34 xcd=1 l1=0.280 l2=0.280
[BAR_ARR] ep=34 xcd=3 l1=0.280 l2=0.360
[BAR_ARR] ep=34 xcd=7 l1=0.200 l2=0.240
[BAR_ARR] ep=34 xcd=5 l1=0.200 l2=0.280
[BAR_ARR] ep=34 xcd=4 l1=0.240 l2=0.280
[OPROJ_INNER] slicewait=0.40 mfma=3.96 bar=1.96 rmsnorm_router=1.56 topk=2.96 total=10.84
[OPROJ_INNER] slicewait=0.40 mfma=3.92 bar=1.92 rmsnorm_router=1.48 topk=1.64 total=9.36
[OPROJ_INNER] slicewait=0.36 mfma=3.88 bar=2.00 rmsnorm_router=1.44 topk=0.40 total=8.08
[BAR_OBS] ep=35 xcd=0 drain=0.480 l1=0.280 wait=1.160 acq=0.040 obs=19135318733449 bar=1.960
[OPROJ_INNER] slicewait=0.40 mfma=3.96 bar=1.80 rmsnorm_router=1.48 topk=0.72 total=8.36
[BAR_ARR] ep=35 xcd=0 l1=0.280 l2=0.360
[OPROJ_INNER] slicewait=0.40 mfma=3.96 bar=2.00 rmsnorm_router=1.52 topk=1.92 total=9.80
[BAR_OBS] ep=35 xcd=7 drain=0.480 l1=0.200 wait=1.240 acq=0.080 obs=19135318733427 bar=2.000
[BAR_ARR] ep=35 xcd=7 l1=0.200 l2=0.240
[BAR_OBS] ep=35 xcd=3 drain=0.480 l1=0.280 wait=1.160 acq=0.080 obs=19135318733443 bar=2.000
[OPROJ_INNER] slicewait=0.40 mfma=3.92 bar=2.08 rmsnorm_router=1.56 topk=2.32 total=10.28
[OPROJ_INNER] slicewait=0.44 mfma=3.88 bar=1.92 rmsnorm_router=1.44 topk=0.64 total=8.32
[BAR_ARR] ep=35 xcd=3 l1=0.280 l2=0.320
[BAR_OBS] ep=35 xcd=1 drain=0.440 l1=0.280 wait=1.280 acq=0.080 obs=19135318733443 bar=2.080
[BAR_OBS] ep=35 xcd=4 drain=0.400 l1=0.240 wait=1.200 acq=0.080 obs=19135318733434 bar=1.920
[BAR_ARR] ep=35 xcd=1 l1=0.280 l2=0.320
[BAR_OBS] ep=35 xcd=5 drain=0.400 l1=0.200 wait=1.120 acq=0.080 obs=19135318733429 bar=1.800
[OPROJ_INNER] slicewait=0.40 mfma=3.96 bar=2.20 rmsnorm_router=1.44 topk=6.56 total=14.56
[BAR_ARR] ep=35 xcd=4 l1=0.240 l2=0.280
[BAR_OBS] ep=35 xcd=6 drain=0.480 l1=0.200 wait=1.160 acq=0.080 obs=19135318733432 bar=1.920
[BAR_ARR] ep=35 xcd=5 l1=0.200 l2=0.240
[BAR_OBS] ep=35 xcd=2 drain=0.640 l1=0.320 wait=1.160 acq=0.080 obs=19135318733467 bar=2.200
[BAR_ARR] ep=35 xcd=6 l1=0.200 l2=0.280
[BAR_ARR] ep=35 xcd=2 l1=0.320 l2=0.360
[BAR_REL] ep=35 xcd=2 rel=19135318733439
[OPROJ_INNER] slicewait=0.44 mfma=3.92 bar=1.68 rmsnorm_router=1.48 topk=0.64 total=8.16
[OPROJ_INNER] slicewait=0.40 mfma=4.00 bar=1.88 rmsnorm_router=1.52 topk=2.12 total=9.92
[OPROJ_INNER] slicewait=0.40 mfma=3.96 bar=2.08 rmsnorm_router=1.44 topk=6.80 total=14.68
[OPROJ_INNER] slicewait=0.36 mfma=3.96 bar=1.96 rmsnorm_router=1.60 topk=3.68 total=11.56
[OPROJ_INNER] slicewait=0.40 mfma=3.96 bar=1.72 rmsnorm_router=1.44 topk=0.36 total=7.88
[BAR_OBS] ep=36 xcd=0 drain=0.480 l1=0.280 wait=1.120 acq=0.080 obs=19135318986705 bar=1.960
[OPROJ_INNER] slicewait=0.40 mfma=3.96 bar=1.84 rmsnorm_router=1.60 topk=2.92 total=10.72
[OPROJ_INNER] slicewait=0.40 mfma=3.96 bar=1.80 rmsnorm_router=1.52 topk=1.48 total=9.16
[BAR_OBS] ep=36 xcd=1 drain=0.440 l1=0.280 wait=1.080 acq=0.080 obs=19135318986703 bar=1.880
[BAR_ARR] ep=36 xcd=0 l1=0.280 l2=0.360
[BAR_OBS] ep=36 xcd=2 drain=0.520 l1=0.320 wait=1.160 acq=0.080 obs=19135318986727 bar=2.080
[OPROJ_INNER] slicewait=0.40 mfma=3.96 bar=1.76 rmsnorm_router=1.48 topk=1.92 total=9.52
[BAR_OBS] ep=36 xcd=7 drain=0.480 l1=0.200 wait=0.960 acq=0.080 obs=19135318986687 bar=1.720
[BAR_ARR] ep=36 xcd=2 l1=0.320 l2=0.360
[BAR_ARR] ep=36 xcd=7 l1=0.200 l2=0.240
[BAR_REL] ep=36 xcd=2 rel=19135318986695
[BAR_OBS] ep=36 xcd=3 drain=0.480 l1=0.280 wait=1.000 acq=0.080 obs=19135318986703 bar=1.840
[BAR_OBS] ep=36 xcd=6 drain=0.480 l1=0.240 wait=1.000 acq=0.080 obs=19135318986692 bar=1.800
[BAR_OBS] ep=36 xcd=5 drain=0.400 l1=0.200 wait=1.000 acq=0.080 obs=19135318986689 bar=1.680
[BAR_ARR] ep=36 xcd=3 l1=0.280 l2=0.320
[BAR_ARR] ep=36 xcd=5 l1=0.200 l2=0.240
[BAR_ARR] ep=36 xcd=1 l1=0.280 l2=0.360
[BAR_ARR] ep=36 xcd=6 l1=0.240 l2=0.240
[BAR_OBS] ep=36 xcd=4 drain=0.400 l1=0.240 wait=1.040 acq=0.080 obs=19135318986694 bar=1.760
[BAR_ARR] ep=36 xcd=4 l1=0.240 l2=0.240
[OPROJ_INNER] slicewait=0.40 mfma=3.96 bar=1.80 rmsnorm_router=1.52 topk=2.16 total=9.84
[OPROJ_INNER] slicewait=0.40 mfma=3.96 bar=1.80 rmsnorm_router=1.68 topk=3.80 total=11.64
[OPROJ_INNER] slicewait=0.40 mfma=3.96 bar=2.00 rmsnorm_router=1.44 topk=4.00 total=11.80
[OPROJ_INNER] slicewait=0.40 mfma=3.88 bar=1.92 rmsnorm_router=1.56 topk=2.76 total=10.52
[OPROJ_INNER] slicewait=0.40 mfma=3.96 bar=1.64 rmsnorm_router=1.48 topk=0.92 total=8.40
[OPROJ_INNER] slicewait=0.40 mfma=3.96 bar=1.72 rmsnorm_router=1.48 topk=1.20 total=8.76
[BAR_OBS] ep=37 xcd=0 drain=0.480 l1=0.280 wait=1.080 acq=0.080 obs=19135319259989 bar=1.920
[OPROJ_INNER] slicewait=0.40 mfma=3.92 bar=1.72 rmsnorm_router=1.52 topk=0.36 total=7.92
[BAR_ARR] ep=37 xcd=0 l1=0.280 l2=0.360
[BAR_OBS] ep=37 xcd=2 drain=0.480 l1=0.280 wait=1.200 acq=0.040 obs=19135319260011 bar=2.000
[BAR_OBS] ep=37 xcd=3 drain=0.480 l1=0.280 wait=1.000 acq=0.040 obs=19135319259991 bar=1.800
[BAR_OBS] ep=37 xcd=1 drain=0.440 l1=0.280 wait=1.040 acq=0.040 obs=19135319259987 bar=1.800
[BAR_ARR] ep=37 xcd=3 l1=0.280 l2=0.320
[BAR_ARR] ep=37 xcd=2 l1=0.280 l2=0.400
[OPROJ_INNER] slicewait=0.40 mfma=3.92 bar=1.64 rmsnorm_router=1.56 topk=1.04 total=8.56
[BAR_OBS] ep=37 xcd=5 drain=0.360 l1=0.240 wait=0.960 acq=0.080 obs=19135319259973 bar=1.640
[BAR_REL] ep=37 xcd=2 rel=19135319259979
[BAR_ARR] ep=37 xcd=5 l1=0.240 l2=0.240
[BAR_OBS] ep=37 xcd=6 drain=0.480 l1=0.240 wait=0.920 acq=0.080 obs=19135319259976 bar=1.720
[BAR_OBS] ep=37 xcd=7 drain=0.480 l1=0.200 wait=0.960 acq=0.080 obs=19135319259971 bar=1.720
[BAR_ARR] ep=37 xcd=1 l1=0.280 l2=0.320
[BAR_ARR] ep=37 xcd=6 l1=0.240 l2=0.240
[BAR_OBS] ep=37 xcd=4 drain=0.440 l1=0.240 wait=0.920 acq=0.040 obs=19135319259978 bar=1.640
[BAR_ARR] ep=37 xcd=7 l1=0.200 l2=0.240
[BAR_ARR] ep=37 xcd=4 l1=0.240 l2=0.240
[OPROJ_INNER] slicewait=0.40 mfma=3.92 bar=2.08 rmsnorm_router=1.56 topk=3.88 total=11.84
[OPROJ_INNER] slicewait=0.40 mfma=4.00 bar=2.04 rmsnorm_router=1.44 topk=4.00 total=11.88
[OPROJ_INNER] slicewait=0.40 mfma=3.92 bar=1.88 rmsnorm_router=1.56 topk=2.32 total=10.08
[OPROJ_INNER] slicewait=0.44 mfma=3.92 bar=1.76 rmsnorm_router=1.48 topk=0.36 total=7.96
[BAR_OBS] ep=38 xcd=1 drain=0.440 l1=0.280 wait=1.320 acq=0.040 obs=19135319521403 bar=2.080
[OPROJ_INNER] slicewait=0.44 mfma=4.00 bar=1.80 rmsnorm_router=1.60 topk=3.60 total=11.44
[BAR_OBS] ep=38 xcd=0 drain=0.480 l1=0.320 wait=1.000 acq=0.080 obs=19135319521389 bar=1.880
[OPROJ_INNER] slicewait=0.40 mfma=3.92 bar=1.84 rmsnorm_router=1.48 topk=0.84 total=8.48
[BAR_ARR] ep=38 xcd=1 l1=0.280 l2=0.360
[OPROJ_INNER] slicewait=0.40 mfma=3.92 bar=1.76 rmsnorm_router=1.52 topk=1.20 total=8.80
[BAR_ARR] ep=38 xcd=0 l1=0.320 l2=0.320
[BAR_OBS] ep=38 xcd=7 drain=0.440 l1=0.200 wait=1.040 acq=0.080 obs=19135319521371 bar=1.760
[BAR_OBS] ep=38 xcd=3 drain=0.480 l1=0.280 wait=0.960 acq=0.080 obs=19135319521391 bar=1.800
[BAR_OBS] ep=38 xcd=2 drain=0.480 l1=0.320 wait=1.160 acq=0.080 obs=19135319521411 bar=2.040
[BAR_ARR] ep=38 xcd=7 l1=0.200 l2=0.280
[BAR_ARR] ep=38 xcd=3 l1=0.280 l2=0.320
[OPROJ_INNER] slicewait=0.36 mfma=3.96 bar=1.72 rmsnorm_router=1.52 topk=1.24 total=8.80
[BAR_ARR] ep=38 xcd=2 l1=0.320 l2=0.360
[BAR_OBS] ep=38 xcd=6 drain=0.480 l1=0.240 wait=1.040 acq=0.080 obs=19135319521376 bar=1.840
[BAR_REL] ep=38 xcd=2 rel=19135319521379
[BAR_ARR] ep=38 xcd=6 l1=0.240 l2=0.240
[BAR_OBS] ep=38 xcd=5 drain=0.360 l1=0.240 wait=1.080 acq=0.080 obs=19135319521373 bar=1.760
[BAR_OBS] ep=38 xcd=4 drain=0.400 l1=0.240 wait=1.000 acq=0.080 obs=19135319521378 bar=1.720
[BAR_ARR] ep=38 xcd=5 l1=0.240 l2=0.240
[BAR_ARR] ep=38 xcd=4 l1=0.240 l2=0.280
[OPROJ_INNER] slicewait=0.40 mfma=3.92 bar=1.80 rmsnorm_router=1.60 topk=2.96 total=10.68
[OPROJ_INNER] slicewait=0.40 mfma=3.96 bar=1.64 rmsnorm_router=1.52 topk=0.84 total=8.36
[OPROJ_INNER] slicewait=0.40 mfma=3.96 bar=1.60 rmsnorm_router=1.52 topk=0.96 total=8.44
[OPROJ_INNER] slicewait=0.36 mfma=4.00 bar=1.76 rmsnorm_router=1.52 topk=2.16 total=9.80
[OPROJ_INNER] slicewait=0.40 mfma=4.00 bar=1.72 rmsnorm_router=1.48 topk=2.00 total=9.60
[OPROJ_INNER] slicewait=0.40 mfma=3.88 bar=2.04 rmsnorm_router=1.40 topk=4.08 total=11.80
[OPROJ_INNER] slicewait=0.44 mfma=3.92 bar=1.84 rmsnorm_router=1.56 topk=3.16 total=10.92
[BAR_OBS] ep=39 xcd=3 drain=0.480 l1=0.280 wait=1.000 acq=0.040 obs=19135319779607 bar=1.800
[OPROJ_INNER] slicewait=0.40 mfma=3.92 bar=1.72 rmsnorm_router=1.56 topk=1.48 total=9.08
[BAR_OBS] ep=39 xcd=1 drain=0.440 l1=0.280 wait=0.920 acq=0.080 obs=19135319779603 bar=1.720
[BAR_OBS] ep=39 xcd=7 drain=0.480 l1=0.200 wait=0.920 acq=0.040 obs=19135319779591 bar=1.640
[BAR_ARR] ep=39 xcd=3 l1=0.280 l2=0.320
[BAR_OBS] ep=39 xcd=4 drain=0.400 l1=0.240 wait=1.040 acq=0.080 obs=19135319779606 bar=1.760
[BAR_ARR] ep=39 xcd=7 l1=0.200 l2=0.240
[BAR_OBS] ep=39 xcd=5 drain=0.400 l1=0.200 wait=0.920 acq=0.080 obs=19135319779589 bar=1.600
[BAR_OBS] ep=39 xcd=0 drain=0.440 l1=0.320 wait=1.040 acq=0.040 obs=19135319779609 bar=1.840
[BAR_ARR] ep=39 xcd=4 l1=0.240 l2=0.240
[BAR_ARR] ep=39 xcd=0 l1=0.320 l2=0.360
[BAR_ARR] ep=39 xcd=5 l1=0.200 l2=0.280
[BAR_ARR] ep=39 xcd=1 l1=0.280 l2=0.320
[BAR_OBS] ep=39 xcd=2 drain=0.480 l1=0.320 wait=1.160 acq=0.080 obs=19135319779627 bar=2.040
[BAR_OBS] ep=39 xcd=6 drain=0.480 l1=0.240 wait=0.920 acq=0.080 obs=19135319779592 bar=1.720
[BAR_ARR] ep=39 xcd=2 l1=0.320 l2=0.360
[BAR_ARR] ep=39 xcd=6 l1=0.240 l2=0.240
[BAR_REL] ep=39 xcd=2 rel=19135319779595
[OPROJ_INNER] slicewait=0.44 mfma=3.88 bar=1.96 rmsnorm_router=1.52 topk=1.20 total=9.00
[OPROJ_INNER] slicewait=0.44 mfma=4.00 bar=2.16 rmsnorm_router=1.48 topk=7.80 total=15.88
[OPROJ_INNER] slicewait=0.40 mfma=3.92 bar=2.12 rmsnorm_router=1.56 topk=3.52 total=11.52
[OPROJ_INNER] slicewait=0.40 mfma=3.96 bar=1.80 rmsnorm_router=1.52 topk=0.84 total=8.52
[OPROJ_INNER] slicewait=0.40 mfma=4.00 bar=1.96 rmsnorm_router=1.56 topk=3.72 total=11.64
[BAR_OBS] ep=40 xcd=2 drain=0.600 l1=0.320 wait=1.160 acq=0.080 obs=19135320052563 bar=2.160
[BAR_OBS] ep=40 xcd=3 drain=0.480 l1=0.280 wait=1.120 acq=0.080 obs=19135320052543 bar=1.960
[BAR_OBS] ep=40 xcd=5 drain=0.360 l1=0.240 wait=1.120 acq=0.080 obs=19135320052525 bar=1.800
[OPROJ_INNER] slicewait=0.40 mfma=3.96 bar=1.88 rmsnorm_router=1.56 topk=1.76 total=9.56
[BAR_ARR] ep=40 xcd=3 l1=0.280 l2=0.360
[BAR_ARR] ep=40 xcd=2 l1=0.320 l2=0.360
[BAR_REL] ep=40 xcd=2 rel=19135320052531
[OPROJ_INNER] slicewait=0.40 mfma=4.00 bar=1.96 rmsnorm_router=1.64 topk=2.64 total=10.64
[BAR_OBS] ep=40 xcd=0 drain=0.480 l1=0.280 wait=1.280 acq=0.080 obs=19135320052541 bar=2.120
[OPROJ_INNER] slicewait=0.40 mfma=3.88 bar=1.96 rmsnorm_router=1.40 topk=0.40 total=8.04
[BAR_ARR] ep=40 xcd=5 l1=0.240 l2=0.240
[BAR_OBS] ep=40 xcd=1 drain=0.440 l1=0.280 wait=1.200 acq=0.040 obs=19135320052539 bar=1.960
[BAR_OBS] ep=40 xcd=4 drain=0.400 l1=0.240 wait=1.160 acq=0.080 obs=19135320052530 bar=1.880
[BAR_ARR] ep=40 xcd=0 l1=0.280 l2=0.360
[BAR_ARR] ep=40 xcd=1 l1=0.280 l2=0.320
[BAR_OBS] ep=40 xcd=6 drain=0.480 l1=0.200 wait=1.200 acq=0.080 obs=19135320052528 bar=1.960
[BAR_ARR] ep=40 xcd=4 l1=0.240 l2=0.280
[BAR_OBS] ep=40 xcd=7 drain=0.480 l1=0.200 wait=1.200 acq=0.080 obs=19135320052527 bar=1.960
[BAR_ARR] ep=40 xcd=6 l1=0.200 l2=0.280
[BAR_ARR] ep=40 xcd=7 l1=0.200 l2=0.240
[OPROJ_INNER] slicewait=0.40 mfma=3.92 bar=1.80 rmsnorm_router=1.44 topk=0.36 total=7.92
[OPROJ_INNER] slicewait=0.40 mfma=4.00 bar=2.00 rmsnorm_router=1.40 topk=3.96 total=11.76
[OPROJ_INNER] slicewait=0.44 mfma=3.84 bar=1.76 rmsnorm_router=1.56 topk=1.56 total=9.16
[OPROJ_INNER] slicewait=0.40 mfma=3.96 bar=1.80 rmsnorm_router=1.56 topk=2.24 total=9.96
[OPROJ_INNER] slicewait=0.40 mfma=4.04 bar=1.76 rmsnorm_router=1.60 topk=2.60 total=10.40
[OPROJ_INNER] slicewait=0.40 mfma=4.00 bar=1.80 rmsnorm_router=1.60 topk=3.64 total=11.44
[BAR_OBS] ep=41 xcd=7 drain=0.440 l1=0.200 wait=1.080 acq=0.080 obs=19135320317955 bar=1.800
[OPROJ_INNER] slicewait=0.40 mfma=3.96 bar=1.64 rmsnorm_router=1.56 topk=1.84 total=9.40
[OPROJ_INNER] slicewait=0.40 mfma=3.96 bar=1.64 rmsnorm_router=1.48 topk=0.40 total=7.88
[BAR_OBS] ep=41 xcd=3 drain=0.480 l1=0.280 wait=1.000 acq=0.040 obs=19135320317967 bar=1.800
[BAR_OBS] ep=41 xcd=6 drain=0.480 l1=0.240 wait=1.000 acq=0.040 obs=19135320317956 bar=1.760
[BAR_OBS] ep=41 xcd=2 drain=0.440 l1=0.320 wait=1.000 acq=0.040 obs=19135320317971 bar=1.800
[BAR_OBS] ep=41 xcd=0 drain=0.480 l1=0.280 wait=1.160 acq=0.080 obs=19135320317989 bar=2.000
[BAR_ARR] ep=41 xcd=3 l1=0.280 l2=0.320
[BAR_OBS] ep=41 xcd=1 drain=0.440 l1=0.280 wait=1.000 acq=0.040 obs=19135320317967 bar=1.760
[BAR_ARR] ep=41 xcd=0 l1=0.280 l2=0.360
[BAR_ARR] ep=41 xcd=7 l1=0.200 l2=0.240
[BAR_REL] ep=41 xcd=0 rel=19135320317961
[BAR_ARR] ep=41 xcd=6 l1=0.240 l2=0.240
[BAR_ARR] ep=41 xcd=2 l1=0.320 l2=0.360
[BAR_ARR] ep=41 xcd=1 l1=0.280 l2=0.320
[BAR_OBS] ep=41 xcd=4 drain=0.440 l1=0.240 wait=0.880 acq=0.080 obs=19135320317954 bar=1.640
[BAR_OBS] ep=41 xcd=5 drain=0.400 l1=0.200 wait=1.000 acq=0.040 obs=19135320317953 bar=1.640
[BAR_ARR] ep=41 xcd=4 l1=0.240 l2=0.240
[BAR_ARR] ep=41 xcd=5 l1=0.200 l2=0.240
[OPROJ_INNER] slicewait=0.44 mfma=3.96 bar=2.04 rmsnorm_router=1.44 topk=6.96 total=14.84
[OPROJ_INNER] slicewait=0.40 mfma=4.04 bar=1.88 rmsnorm_router=1.52 topk=2.48 total=10.32
[OPROJ_INNER] slicewait=0.40 mfma=3.96 bar=1.80 rmsnorm_router=1.44 topk=0.40 total=8.00
[OPROJ_INNER] slicewait=0.40 mfma=4.00 bar=1.92 rmsnorm_router=1.60 topk=3.40 total=11.32
[OPROJ_INNER] slicewait=0.40 mfma=4.04 bar=1.80 rmsnorm_router=1.60 topk=3.04 total=10.88
[BAR_OBS] ep=42 xcd=2 drain=0.480 l1=0.320 wait=1.160 acq=0.080 obs=19135320596579 bar=2.040
[OPROJ_INNER] slicewait=0.36 mfma=3.96 bar=1.64 rmsnorm_router=1.52 topk=1.00 total=8.48
[BAR_OBS] ep=42 xcd=1 drain=0.440 l1=0.280 wait=1.080 acq=0.080 obs=19135320596555 bar=1.880
[OPROJ_INNER] slicewait=0.40 mfma=3.92 bar=1.76 rmsnorm_router=1.52 topk=1.20 total=8.80
[BAR_OBS] ep=42 xcd=0 drain=0.480 l1=0.280 wait=1.080 acq=0.080 obs=19135320596557 bar=1.920
[BAR_OBS] ep=42 xcd=3 drain=0.480 l1=0.280 wait=0.960 acq=0.080 obs=19135320596555 bar=1.800
[BAR_ARR] ep=42 xcd=2 l1=0.320 l2=0.360
[BAR_ARR] ep=42 xcd=1 l1=0.280 l2=0.360
[BAR_ARR] ep=42 xcd=0 l1=0.280 l2=0.360
[BAR_ARR] ep=42 xcd=3 l1=0.280 l2=0.320
[BAR_OBS] ep=42 xcd=7 drain=0.440 l1=0.200 wait=1.080 acq=0.080 obs=19135320596543 bar=1.800
[OPROJ_INNER] slicewait=0.40 mfma=4.00 bar=1.76 rmsnorm_router=1.48 topk=1.00 total=8.64
[BAR_REL] ep=42 xcd=2 rel=19135320596547
[BAR_OBS] ep=42 xcd=5 drain=0.400 l1=0.200 wait=1.000 acq=0.040 obs=19135320596545 bar=1.640
[BAR_ARR] ep=42 xcd=7 l1=0.200 l2=0.240
[BAR_ARR] ep=42 xcd=5 l1=0.200 l2=0.280
[BAR_OBS] ep=42 xcd=6 drain=0.480 l1=0.240 wait=0.960 acq=0.080 obs=19135320596544 bar=1.760
[BAR_OBS] ep=42 xcd=4 drain=0.440 l1=0.200 wait=1.040 acq=0.080 obs=19135320596546 bar=1.760
[BAR_ARR] ep=42 xcd=6 l1=0.240 l2=0.240
[BAR_ARR] ep=42 xcd=4 l1=0.200 l2=0.280
[OPROJ_INNER] slicewait=0.40 mfma=3.96 bar=1.96 rmsnorm_router=1.48 topk=6.96 total=14.76
[OPROJ_INNER] slicewait=0.40 mfma=3.96 bar=1.80 rmsnorm_router=1.52 topk=3.16 total=10.84
[OPROJ_INNER] slicewait=0.44 mfma=3.96 bar=1.64 rmsnorm_router=1.48 topk=0.36 total=7.88
[OPROJ_INNER] slicewait=0.40 mfma=4.00 bar=1.76 rmsnorm_router=1.56 topk=2.32 total=10.04
[OPROJ_INNER] slicewait=0.40 mfma=4.00 bar=1.68 rmsnorm_router=1.44 topk=1.16 total=8.68
[OPROJ_INNER] slicewait=0.40 mfma=3.92 bar=1.64 rmsnorm_router=1.48 topk=1.40 total=8.84
[OPROJ_INNER] slicewait=0.36 mfma=3.92 bar=1.68 rmsnorm_router=1.52 topk=1.16 total=8.64
[OPROJ_INNER] slicewait=0.40 mfma=3.96 bar=1.84 rmsnorm_router=1.52 topk=2.76 total=10.48
[BAR_OBS] ep=43 xcd=3 drain=0.480 l1=0.280 wait=1.120 acq=0.080 obs=19135320868911 bar=1.960
[BAR_OBS] ep=43 xcd=2 drain=0.480 l1=0.280 wait=0.960 acq=0.080 obs=19135320868891 bar=1.800
[BAR_ARR] ep=43 xcd=3 l1=0.280 l2=0.320
[BAR_OBS] ep=43 xcd=7 drain=0.480 l1=0.200 wait=0.880 acq=0.080 obs=19135320868871 bar=1.640
[BAR_OBS] ep=43 xcd=0 drain=0.440 l1=0.320 wait=1.000 acq=0.080 obs=19135320868889 bar=1.840
[BAR_ARR] ep=43 xcd=2 l1=0.280 l2=0.360
[BAR_ARR] ep=43 xcd=0 l1=0.320 l2=0.360
[BAR_REL] ep=43 xcd=3 rel=19135320868879
[BAR_OBS] ep=43 xcd=1 drain=0.480 l1=0.280 wait=0.920 acq=0.080 obs=19135320868887 bar=1.760
[BAR_OBS] ep=43 xcd=6 drain=0.480 l1=0.200 wait=0.920 acq=0.080 obs=19135320868876 bar=1.680
[BAR_ARR] ep=43 xcd=1 l1=0.280 l2=0.320
[BAR_ARR] ep=43 xcd=7 l1=0.200 l2=0.240
[BAR_ARR] ep=43 xcd=6 l1=0.200 l2=0.280
[BAR_OBS] ep=43 xcd=4 drain=0.400 l1=0.240 wait=0.920 acq=0.080 obs=19135320868878 bar=1.640
[BAR_OBS] ep=43 xcd=5 drain=0.360 l1=0.240 wait=1.000 acq=0.080 obs=19135320868873 bar=1.680
[BAR_ARR] ep=43 xcd=4 l1=0.240 l2=0.280
[BAR_ARR] ep=43 xcd=5 l1=0.240 l2=0.240
[OPROJ_INNER] slicewait=0.40 mfma=3.96 bar=1.60 rmsnorm_router=1.44 topk=0.80 total=8.20
[OPROJ_INNER] slicewait=0.44 mfma=3.96 bar=1.84 rmsnorm_router=1.64 topk=3.56 total=11.44
[OPROJ_INNER] slicewait=0.40 mfma=3.92 bar=1.92 rmsnorm_router=1.60 topk=2.64 total=10.48
[OPROJ_INNER] slicewait=0.40 mfma=4.00 bar=1.84 rmsnorm_router=1.60 topk=3.04 total=10.88
[OPROJ_INNER] slicewait=0.40 mfma=4.00 bar=1.68 rmsnorm_router=1.44 topk=0.40 total=7.92
[OPROJ_INNER] slicewait=0.40 mfma=3.96 bar=1.76 rmsnorm_router=1.52 topk=1.48 total=9.12
[BAR_OBS] ep=44 xcd=2 drain=0.480 l1=0.280 wait=1.000 acq=0.080 obs=19135321142579 bar=1.840
[OPROJ_INNER] slicewait=0.40 mfma=4.00 bar=2.00 rmsnorm_router=1.44 topk=7.64 total=15.48
[BAR_OBS] ep=44 xcd=5 drain=0.360 l1=0.200 wait=1.000 acq=0.040 obs=19135321142569 bar=1.600
[BAR_OBS] ep=44 xcd=0 drain=0.440 l1=0.320 wait=1.040 acq=0.040 obs=19135321142581 bar=1.840
[BAR_OBS] ep=44 xcd=1 drain=0.440 l1=0.280 wait=1.120 acq=0.080 obs=19135321142575 bar=1.920
[OPROJ_INNER] slicewait=0.40 mfma=3.92 bar=1.72 rmsnorm_router=1.56 topk=1.80 total=9.40
[BAR_ARR] ep=44 xcd=2 l1=0.280 l2=0.360
[BAR_ARR] ep=44 xcd=0 l1=0.320 l2=0.360
[BAR_ARR] ep=44 xcd=5 l1=0.200 l2=0.280
[BAR_OBS] ep=44 xcd=3 drain=0.520 l1=0.280 wait=1.120 acq=0.080 obs=19135321142599 bar=2.000
[BAR_OBS] ep=44 xcd=7 drain=0.440 l1=0.200 wait=0.960 acq=0.080 obs=19135321142563 bar=1.680
[BAR_ARR] ep=44 xcd=1 l1=0.280 l2=0.360
[BAR_OBS] ep=44 xcd=6 drain=0.480 l1=0.200 wait=1.000 acq=0.080 obs=19135321142568 bar=1.760
[BAR_ARR] ep=44 xcd=3 l1=0.280 l2=0.320
[BAR_REL] ep=44 xcd=3 rel=19135321142571
[BAR_ARR] ep=44 xcd=6 l1=0.200 l2=0.280
[BAR_ARR] ep=44 xcd=7 l1=0.200 l2=0.240
[BAR_OBS] ep=44 xcd=4 drain=0.400 l1=0.240 wait=1.000 acq=0.080 obs=19135321142566 bar=1.720
[BAR_ARR] ep=44 xcd=4 l1=0.240 l2=0.280
[OPROJ_INNER] slicewait=0.40 mfma=3.92 bar=1.84 rmsnorm_router=1.64 topk=3.68 total=11.48
[OPROJ_INNER] slicewait=0.36 mfma=3.92 bar=1.76 rmsnorm_router=1.64 topk=3.12 total=10.80
[OPROJ_INNER] slicewait=0.40 mfma=3.92 bar=2.00 rmsnorm_router=1.44 topk=7.80 total=15.56
[OPROJ_INNER] slicewait=0.40 mfma=3.92 bar=1.68 rmsnorm_router=1.44 topk=0.40 total=7.84
[OPROJ_INNER] slicewait=0.40 mfma=3.92 bar=1.64 rmsnorm_router=1.44 topk=1.12 total=8.52
[BAR_OBS] ep=45 xcd=0 drain=0.480 l1=0.280 wait=1.040 acq=0.040 obs=19135321411797 bar=1.840
[OPROJ_INNER] slicewait=0.36 mfma=3.96 bar=1.72 rmsnorm_router=1.56 topk=1.96 total=9.56
[BAR_ARR] ep=45 xcd=0 l1=0.280 l2=0.360
[OPROJ_INNER] slicewait=0.40 mfma=3.92 bar=1.68 rmsnorm_router=1.52 topk=1.60 total=9.12
[OPROJ_INNER] slicewait=0.36 mfma=4.04 bar=1.76 rmsnorm_router=1.60 topk=2.84 total=10.60
[BAR_OBS] ep=45 xcd=2 drain=0.440 l1=0.320 wait=1.160 acq=0.080 obs=19135321411815 bar=2.000
[BAR_OBS] ep=45 xcd=1 drain=0.440 l1=0.280 wait=0.960 acq=0.080 obs=19135321411791 bar=1.760
[BAR_OBS] ep=45 xcd=3 drain=0.480 l1=0.280 wait=0.960 acq=0.040 obs=19135321411795 bar=1.760
[BAR_ARR] ep=45 xcd=1 l1=0.280 l2=0.320
[BAR_ARR] ep=45 xcd=3 l1=0.280 l2=0.360
[BAR_OBS] ep=45 xcd=4 drain=0.440 l1=0.240 wait=1.000 acq=0.040 obs=19135321411786 bar=1.720
[BAR_OBS] ep=45 xcd=7 drain=0.440 l1=0.200 wait=0.960 acq=0.080 obs=19135321411779 bar=1.680
[BAR_OBS] ep=45 xcd=5 drain=0.360 l1=0.200 wait=1.000 acq=0.080 obs=19135321411781 bar=1.640
[BAR_ARR] ep=45 xcd=2 l1=0.320 l2=0.360
[BAR_ARR] ep=45 xcd=7 l1=0.200 l2=0.240
[BAR_REL] ep=45 xcd=2 rel=19135321411787
[BAR_ARR] ep=45 xcd=5 l1=0.200 l2=0.280
[BAR_ARR] ep=45 xcd=4 l1=0.240 l2=0.240
[BAR_OBS] ep=45 xcd=6 drain=0.480 l1=0.200 wait=0.920 acq=0.080 obs=19135321411780 bar=1.680
[BAR_ARR] ep=45 xcd=6 l1=0.200 l2=0.280
[OPROJ_INNER] slicewait=0.40 mfma=3.96 bar=2.00 rmsnorm_router=1.44 topk=7.16 total=14.96
[OPROJ_INNER] slicewait=0.40 mfma=3.92 bar=1.68 rmsnorm_router=1.52 topk=1.76 total=9.28
[OPROJ_INNER] slicewait=0.40 mfma=3.96 bar=1.84 rmsnorm_router=1.56 topk=2.56 total=10.32
[OPROJ_INNER] slicewait=0.44 mfma=3.88 bar=1.80 rmsnorm_router=1.60 topk=2.76 total=10.48
[OPROJ_INNER] slicewait=0.44 mfma=3.96 bar=1.64 rmsnorm_router=1.48 topk=1.12 total=8.64
[BAR_OBS] ep=46 xcd=1 drain=0.440 l1=0.320 wait=1.000 acq=0.080 obs=19135321674911 bar=1.840
[OPROJ_INNER] slicewait=0.36 mfma=3.92 bar=1.68 rmsnorm_router=1.44 topk=0.48 total=7.88
[BAR_OBS] ep=46 xcd=4 drain=0.440 l1=0.200 wait=0.960 acq=0.080 obs=19135321674902 bar=1.680
[OPROJ_INNER] slicewait=0.40 mfma=3.96 bar=1.80 rmsnorm_router=1.56 topk=3.60 total=11.32
[BAR_ARR] ep=46 xcd=4 l1=0.200 l2=0.280
[BAR_OBS] ep=46 xcd=3 drain=0.480 l1=0.320 wait=0.920 acq=0.080 obs=19135321674911 bar=1.800
[BAR_OBS] ep=46 xcd=2 drain=0.440 l1=0.320 wait=1.160 acq=0.080 obs=19135321674935 bar=2.000
[BAR_OBS] ep=46 xcd=0 drain=0.480 l1=0.280 wait=0.960 acq=0.080 obs=19135321674913 bar=1.800
[BAR_ARR] ep=46 xcd=1 l1=0.320 l2=0.320
[BAR_ARR] ep=46 xcd=0 l1=0.280 l2=0.360
[BAR_ARR] ep=46 xcd=2 l1=0.320 l2=0.360
[OPROJ_INNER] slicewait=0.44 mfma=3.96 bar=1.64 rmsnorm_router=1.44 topk=0.56 total=8.04
[BAR_ARR] ep=46 xcd=3 l1=0.320 l2=0.320
[BAR_REL] ep=46 xcd=2 rel=19135321674903
[BAR_OBS] ep=46 xcd=6 drain=0.480 l1=0.200 wait=0.880 acq=0.080 obs=19135321674900 bar=1.640
[BAR_OBS] ep=46 xcd=5 drain=0.400 l1=0.200 wait=1.000 acq=0.080 obs=19135321674897 bar=1.680
[BAR_ARR] ep=46 xcd=6 l1=0.200 l2=0.280
[BAR_OBS] ep=46 xcd=7 drain=0.440 l1=0.200 wait=0.960 acq=0.040 obs=19135321674903 bar=1.640
[BAR_ARR] ep=46 xcd=5 l1=0.200 l2=0.240
[BAR_ARR] ep=46 xcd=7 l1=0.200 l2=0.240
[OPROJ_INNER] slicewait=0.40 mfma=3.96 bar=1.96 rmsnorm_router=1.56 topk=3.60 total=11.48
[OPROJ_INNER] slicewait=0.40 mfma=4.00 bar=1.80 rmsnorm_router=1.60 topk=3.28 total=11.08
[OPROJ_INNER] slicewait=0.40 mfma=3.96 bar=1.92 rmsnorm_router=1.56 topk=2.52 total=10.36
[OPROJ_INNER] slicewait=0.44 mfma=3.88 bar=1.84 rmsnorm_router=1.52 topk=1.56 total=9.24
[OPROJ_INNER] slicewait=0.40 mfma=3.92 bar=1.72 rmsnorm_router=1.48 topk=0.88 total=8.40
[OPROJ_INNER] slicewait=0.40 mfma=3.88 bar=1.64 rmsnorm_router=1.48 topk=0.80 total=8.20
[OPROJ_INNER] slicewait=0.40 mfma=4.04 bar=2.00 rmsnorm_router=1.48 topk=8.40 total=16.32
[OPROJ_INNER] slicewait=0.40 mfma=4.00 bar=1.72 rmsnorm_router=1.48 topk=1.84 total=9.44
[BAR_OBS] ep=47 xcd=1 drain=0.440 l1=0.280 wait=1.160 acq=0.040 obs=19135321941547 bar=1.920
[BAR_OBS] ep=47 xcd=0 drain=0.440 l1=0.320 wait=1.120 acq=0.080 obs=19135321941549 bar=1.960
[BAR_OBS] ep=47 xcd=3 drain=0.480 l1=0.280 wait=0.960 acq=0.080 obs=19135321941547 bar=1.800
[BAR_ARR] ep=47 xcd=1 l1=0.280 l2=0.360
[BAR_OBS] ep=47 xcd=2 drain=0.480 l1=0.280 wait=1.200 acq=0.040 obs=19135321941571 bar=2.000
[BAR_OBS] ep=47 xcd=7 drain=0.480 l1=0.200 wait=0.880 acq=0.080 obs=19135321941531 bar=1.640
[BAR_ARR] ep=47 xcd=2 l1=0.280 l2=0.400
[BAR_ARR] ep=47 xcd=3 l1=0.280 l2=0.320
[BAR_ARR] ep=47 xcd=0 l1=0.320 l2=0.360
[BAR_OBS] ep=47 xcd=6 drain=0.480 l1=0.240 wait=1.040 acq=0.080 obs=19135321941536 bar=1.840
[BAR_REL] ep=47 xcd=2 rel=19135321941539
[BAR_OBS] ep=47 xcd=4 drain=0.400 l1=0.240 wait=1.000 acq=0.080 obs=19135321941538 bar=1.720
[BAR_OBS] ep=47 xcd=5 drain=0.400 l1=0.200 wait=1.040 acq=0.080 obs=19135321941533 bar=1.720
[BAR_ARR] ep=47 xcd=6 l1=0.240 l2=0.240
[BAR_ARR] ep=47 xcd=4 l1=0.240 l2=0.240
[BAR_ARR] ep=47 xcd=7 l1=0.200 l2=0.240
[BAR_ARR] ep=47 xcd=5 l1=0.200 l2=0.240
[OPROJ_INNER] slicewait=0.40 mfma=4.00 bar=1.84 rmsnorm_router=1.56 topk=2.72 total=10.52
[OPROJ_INNER] slicewait=0.44 mfma=3.96 bar=1.64 rmsnorm_router=1.48 topk=1.24 total=8.76
[OPROJ_INNER] slicewait=0.40 mfma=4.04 bar=1.56 rmsnorm_router=1.44 topk=0.36 total=7.80
[OPROJ_INNER] slicewait=0.36 mfma=4.00 bar=1.80 rmsnorm_router=1.56 topk=2.44 total=10.16
[OPROJ_INNER] slicewait=0.44 mfma=3.92 bar=1.76 rmsnorm_router=1.60 topk=2.84 total=10.56
[OPROJ_INNER] slicewait=0.40 mfma=3.96 bar=2.00 rmsnorm_router=1.40 topk=7.56 total=15.32
[OPROJ_INNER] slicewait=0.40 mfma=3.96 bar=1.72 rmsnorm_router=1.48 topk=0.48 total=8.04
[BAR_OBS] ep=48 xcd=0 drain=0.440 l1=0.320 wait=1.000 acq=0.080 obs=19135322212489 bar=1.840
[OPROJ_INNER] slicewait=0.40 mfma=3.96 bar=1.64 rmsnorm_router=1.52 topk=1.32 total=8.84
[BAR_OBS] ep=48 xcd=7 drain=0.440 l1=0.200 wait=0.840 acq=0.080 obs=19135322212475 bar=1.560
[BAR_OBS] ep=48 xcd=2 drain=0.480 l1=0.280 wait=1.160 acq=0.080 obs=19135322212511 bar=2.000
[BAR_OBS] ep=48 xcd=3 drain=0.480 l1=0.280 wait=0.920 acq=0.080 obs=19135322212487 bar=1.760
[BAR_ARR] ep=48 xcd=0 l1=0.320 l2=0.360
[BAR_ARR] ep=48 xcd=7 l1=0.200 l2=0.240
[BAR_ARR] ep=48 xcd=2 l1=0.280 l2=0.360
[BAR_OBS] ep=48 xcd=1 drain=0.440 l1=0.280 wait=1.000 acq=0.080 obs=19135322212487 bar=1.800
[BAR_ARR] ep=48 xcd=1 l1=0.280 l2=0.320
[BAR_REL] ep=48 xcd=2 rel=19135322212479
[BAR_ARR] ep=48 xcd=3 l1=0.280 l2=0.320
[BAR_OBS] ep=48 xcd=5 drain=0.400 l1=0.200 wait=1.080 acq=0.040 obs=19135322212477 bar=1.720
[BAR_OBS] ep=48 xcd=6 drain=0.480 l1=0.240 wait=0.840 acq=0.080 obs=19135322212476 bar=1.640
[BAR_ARR] ep=48 xcd=5 l1=0.200 l2=0.240
[BAR_OBS] ep=48 xcd=4 drain=0.440 l1=0.200 wait=0.920 acq=0.080 obs=19135322212478 bar=1.640
[BAR_ARR] ep=48 xcd=6 l1=0.240 l2=0.280
[BAR_ARR] ep=48 xcd=4 l1=0.200 l2=0.280
[OPROJ_INNER] slicewait=0.44 mfma=3.92 bar=1.56 rmsnorm_router=1.52 topk=0.36 total=7.80
[OPROJ_INNER] slicewait=0.40 mfma=4.00 bar=1.56 rmsnorm_router=1.44 topk=0.80 total=8.20
[OPROJ_INNER] slicewait=0.44 mfma=3.92 bar=1.76 rmsnorm_router=1.64 topk=3.84 total=11.60
[OPROJ_INNER] slicewait=0.40 mfma=3.92 bar=1.76 rmsnorm_router=1.60 topk=3.16 total=10.84
[OPROJ_INNER] slicewait=0.40 mfma=3.96 bar=1.76 rmsnorm_router=1.56 topk=3.40 total=11.08
[OPROJ_INNER] slicewait=0.40 mfma=4.00 bar=1.80 rmsnorm_router=1.56 topk=2.48 total=10.24
[BAR_OBS] ep=49 xcd=2 drain=0.480 l1=0.320 wait=0.880 acq=0.080 obs=19135322482815 bar=1.760
[BAR_OBS] ep=49 xcd=7 drain=0.480 l1=0.200 wait=0.840 acq=0.040 obs=19135322482799 bar=1.560
[BAR_ARR] ep=49 xcd=2 l1=0.320 l2=0.360
[OPROJ_INNER] slicewait=0.40 mfma=4.00 bar=1.72 rmsnorm_router=1.40 topk=2.72 total=10.24
[BAR_OBS] ep=49 xcd=5 drain=0.360 l1=0.200 wait=0.920 acq=0.080 obs=19135322482801 bar=1.560
[BAR_OBS] ep=49 xcd=0 drain=0.480 l1=0.280 wait=0.960 acq=0.040 obs=19135322482817 bar=1.760
[BAR_ARR] ep=49 xcd=5 l1=0.200 l2=0.280
[BAR_OBS] ep=49 xcd=1 drain=0.440 l1=0.280 wait=1.000 acq=0.080 obs=19135322482811 bar=1.800
[BAR_ARR] ep=49 xcd=0 l1=0.280 l2=0.360
[BAR_OBS] ep=49 xcd=3 drain=0.520 l1=0.280 wait=0.880 acq=0.080 obs=19135322482811 bar=1.760
[BAR_ARR] ep=49 xcd=1 l1=0.280 l2=0.320
[BAR_ARR] ep=49 xcd=3 l1=0.280 l2=0.320
[OPROJ_INNER] slicewait=0.44 mfma=3.88 bar=1.68 rmsnorm_router=1.52 topk=1.76 total=9.28
[BAR_ARR] ep=49 xcd=7 l1=0.200 l2=0.240
[BAR_OBS] ep=49 xcd=4 drain=0.400 l1=0.240 wait=1.040 acq=0.040 obs=19135322482834 bar=1.720
[BAR_OBS] ep=49 xcd=6 drain=0.480 l1=0.240 wait=0.880 acq=0.080 obs=19135322482800 bar=1.680
[BAR_ARR] ep=49 xcd=4 l1=0.240 l2=0.280
[BAR_REL] ep=49 xcd=4 rel=19135322482802
[BAR_ARR] ep=49 xcd=6 l1=0.240 l2=0.240
[OPROJ_INNER] slicewait=0.40 mfma=3.92 bar=1.80 rmsnorm_router=1.60 topk=2.24 total=9.96
[OPROJ_INNER] slicewait=0.40 mfma=3.96 bar=1.84 rmsnorm_router=1.56 topk=3.64 total=11.40
[OPROJ_INNER] slicewait=0.40 mfma=4.00 bar=1.72 rmsnorm_router=1.60 topk=2.44 total=10.16
[OPROJ_INNER] slicewait=0.40 mfma=3.96 bar=1.76 rmsnorm_router=1.44 topk=3.48 total=11.04
[OPROJ_INNER] slicewait=0.40 mfma=3.92 bar=1.76 rmsnorm_router=1.64 topk=3.84 total=11.56
[OPROJ_INNER] slicewait=0.40 mfma=3.92 bar=1.64 rmsnorm_router=1.44 topk=0.40 total=7.80
[BAR_OBS] ep=50 xcd=2 drain=0.480 l1=0.320 wait=0.880 acq=0.080 obs=19135322743343 bar=1.760
[OPROJ_INNER] slicewait=0.44 mfma=3.96 bar=1.60 rmsnorm_router=1.52 topk=0.68 total=8.20
[BAR_OBS] ep=50 xcd=3 drain=0.480 l1=0.280 wait=1.000 acq=0.040 obs=19135322743343 bar=1.800
[BAR_OBS] ep=50 xcd=6 drain=0.480 l1=0.240 wait=0.960 acq=0.080 obs=19135322743360 bar=1.760
[BAR_ARR] ep=50 xcd=2 l1=0.320 l2=0.320
[BAR_ARR] ep=50 xcd=6 l1=0.240 l2=0.240
[BAR_OBS] ep=50 xcd=0 drain=0.440 l1=0.320 wait=1.000 acq=0.080 obs=19135322743345 bar=1.840
[OPROJ_INNER] slicewait=0.36 mfma=4.00 bar=1.64 rmsnorm_router=1.56 topk=1.68 total=9.24
[BAR_OBS] ep=50 xcd=1 drain=0.440 l1=0.280 wait=0.960 acq=0.040 obs=19135322743343 bar=1.720
[BAR_OBS] ep=50 xcd=5 drain=0.360 l1=0.240 wait=0.960 acq=0.080 obs=19135322743329 bar=1.640
[BAR_ARR] ep=50 xcd=3 l1=0.280 l2=0.360
[BAR_ARR] ep=50 xcd=0 l1=0.320 l2=0.360
[BAR_ARR] ep=50 xcd=1 l1=0.280 l2=0.320
[BAR_ARR] ep=50 xcd=5 l1=0.240 l2=0.240
[BAR_OBS] ep=50 xcd=7 drain=0.480 l1=0.200 wait=0.880 acq=0.040 obs=19135322743331 bar=1.600
[BAR_REL] ep=50 xcd=6 rel=19135322743332
[BAR_ARR] ep=50 xcd=7 l1=0.200 l2=0.240
[BAR_OBS] ep=50 xcd=4 drain=0.400 l1=0.240 wait=0.920 acq=0.080 obs=19135322743334 bar=1.640
[BAR_ARR] ep=50 xcd=4 l1=0.240 l2=0.280
[OPROJ_INNER] slicewait=0.40 mfma=4.00 bar=1.88 rmsnorm_router=1.64 topk=3.64 total=11.56
[OPROJ_INNER] slicewait=0.40 mfma=3.96 bar=1.96 rmsnorm_router=1.56 topk=3.12 total=11.00
[OPROJ_INNER] slicewait=0.40 mfma=4.04 bar=1.96 rmsnorm_router=1.48 topk=7.20 total=15.08
[OPROJ_INNER] slicewait=0.40 mfma=3.96 bar=1.76 rmsnorm_router=1.44 topk=0.60 total=8.16
[OPROJ_INNER] slicewait=0.40 mfma=4.00 bar=1.68 rmsnorm_router=1.44 topk=0.44 total=7.96
[OPROJ_INNER] slicewait=0.40 mfma=4.00 bar=1.92 rmsnorm_router=1.52 topk=2.16 total=10.00
[BAR_OBS] ep=51 xcd=2 drain=0.480 l1=0.280 wait=1.040 acq=0.080 obs=19135323020735 bar=1.880
[OPROJ_INNER] slicewait=0.40 mfma=3.96 bar=1.60 rmsnorm_router=1.52 topk=1.88 total=9.36
[BAR_ARR] ep=51 xcd=2 l1=0.280 l2=0.360
[BAR_OBS] ep=51 xcd=5 drain=0.400 l1=0.200 wait=1.000 acq=0.080 obs=19135323020717 bar=1.680
[BAR_OBS] ep=51 xcd=0 drain=0.480 l1=0.280 wait=1.120 acq=0.080 obs=19135323020733 bar=1.960
[BAR_OBS] ep=51 xcd=1 drain=0.440 l1=0.280 wait=1.120 acq=0.080 obs=19135323020731 bar=1.920
[BAR_OBS] ep=51 xcd=3 drain=0.480 l1=0.280 wait=1.160 acq=0.040 obs=19135323020755 bar=1.960
[BAR_ARR] ep=51 xcd=0 l1=0.280 l2=0.360
[BAR_ARR] ep=51 xcd=3 l1=0.280 l2=0.360
[BAR_REL] ep=51 xcd=3 rel=19135323020723
[BAR_OBS] ep=51 xcd=6 drain=0.480 l1=0.200 wait=1.000 acq=0.080 obs=19135323020720 bar=1.760
[BAR_ARR] ep=51 xcd=5 l1=0.200 l2=0.240
[OPROJ_INNER] slicewait=0.44 mfma=3.92 bar=1.72 rmsnorm_router=1.40 topk=0.44 total=7.92
[BAR_ARR] ep=51 xcd=6 l1=0.200 l2=0.240
[BAR_ARR] ep=51 xcd=1 l1=0.280 l2=0.360
[BAR_OBS] ep=51 xcd=4 drain=0.400 l1=0.240 wait=0.920 acq=0.040 obs=19135323020722 bar=1.600
[BAR_OBS] ep=51 xcd=7 drain=0.480 l1=0.200 wait=0.960 acq=0.080 obs=19135323020715 bar=1.720
[BAR_ARR] ep=51 xcd=4 l1=0.240 l2=0.280
[BAR_ARR] ep=51 xcd=7 l1=0.200 l2=0.240
[OPROJ_INNER] slicewait=0.40 mfma=3.96 bar=1.64 rmsnorm_router=1.48 topk=1.08 total=8.56
[OPROJ_INNER] slicewait=0.40 mfma=3.96 bar=1.76 rmsnorm_router=1.60 topk=2.88 total=10.60
[OPROJ_INNER] slicewait=0.40 mfma=4.00 bar=1.76 rmsnorm_router=1.56 topk=2.76 total=10.48
[OPROJ_INNER] slicewait=0.40 mfma=3.92 bar=2.04 rmsnorm_router=1.44 topk=4.00 total=11.80
[OPROJ_INNER] slicewait=0.36 mfma=3.88 bar=1.80 rmsnorm_router=1.44 topk=0.40 total=7.88
[OPROJ_INNER] slicewait=0.40 mfma=3.96 bar=1.92 rmsnorm_router=1.56 topk=3.20 total=11.04
[BAR_OBS] ep=52 xcd=2 drain=0.480 l1=0.320 wait=1.160 acq=0.080 obs=19135323286091 bar=2.040
[OPROJ_INNER] slicewait=0.40 mfma=3.88 bar=1.76 rmsnorm_router=1.52 topk=1.00 total=8.56
[BAR_OBS] ep=52 xcd=3 drain=0.480 l1=0.280 wait=0.920 acq=0.080 obs=19135323286067 bar=1.760
[BAR_OBS] ep=52 xcd=1 drain=0.440 l1=0.280 wait=0.960 acq=0.080 obs=19135323286067 bar=1.760
[BAR_OBS] ep=52 xcd=5 drain=0.400 l1=0.200 wait=0.960 acq=0.080 obs=19135323286057 bar=1.640
[BAR_ARR] ep=52 xcd=1 l1=0.280 l2=0.320
[BAR_OBS] ep=52 xcd=0 drain=0.440 l1=0.320 wait=1.120 acq=0.040 obs=19135323286073 bar=1.920
[BAR_ARR] ep=52 xcd=5 l1=0.200 l2=0.240
[OPROJ_INNER] slicewait=0.40 mfma=3.92 bar=1.72 rmsnorm_router=1.56 topk=1.80 total=9.40
[BAR_ARR] ep=52 xcd=2 l1=0.320 l2=0.360
[BAR_ARR] ep=52 xcd=3 l1=0.280 l2=0.320
[BAR_ARR] ep=52 xcd=0 l1=0.320 l2=0.360
[BAR_REL] ep=52 xcd=2 rel=19135323286059
[BAR_OBS] ep=52 xcd=7 drain=0.440 l1=0.240 wait=1.080 acq=0.040 obs=19135323286055 bar=1.800
[BAR_ARR] ep=52 xcd=7 l1=0.240 l2=0.240
[BAR_OBS] ep=52 xcd=6 drain=0.480 l1=0.240 wait=0.960 acq=0.080 obs=19135323286056 bar=1.760
[BAR_OBS] ep=52 xcd=4 drain=0.440 l1=0.200 wait=1.000 acq=0.080 obs=19135323286058 bar=1.720
[BAR_ARR] ep=52 xcd=6 l1=0.240 l2=0.240
[BAR_ARR] ep=52 xcd=4 l1=0.200 l2=0.280
[OPROJ_INNER] slicewait=0.44 mfma=3.92 bar=1.84 rmsnorm_router=1.56 topk=3.68 total=11.44
[OPROJ_INNER] slicewait=0.36 mfma=4.00 bar=2.00 rmsnorm_router=1.44 topk=7.68 total=15.48
[OPROJ_INNER] slicewait=0.40 mfma=3.92 bar=1.72 rmsnorm_router=1.48 topk=0.72 total=8.24
[OPROJ_INNER] slicewait=0.40 mfma=4.00 bar=1.76 rmsnorm_router=1.52 topk=2.36 total=10.04
[OPROJ_INNER] slicewait=0.40 mfma=3.88 bar=1.72 rmsnorm_router=1.48 topk=1.68 total=9.16
[OPROJ_INNER] slicewait=0.40 mfma=3.96 bar=1.68 rmsnorm_router=1.56 topk=0.52 total=8.12
[OPROJ_INNER] slicewait=0.40 mfma=3.92 bar=1.88 rmsnorm_router=1.56 topk=3.56 total=11.32
[OPROJ_INNER] slicewait=0.40 mfma=3.96 bar=1.72 rmsnorm_router=1.52 topk=1.32 total=8.92
[BAR_OBS] ep=53 xcd=3 drain=0.480 l1=0.280 wait=1.160 acq=0.080 obs=19135323555447 bar=2.000
[BAR_OBS] ep=53 xcd=2 drain=0.480 l1=0.320 wait=0.960 acq=0.080 obs=19135323555427 bar=1.840
[BAR_OBS] ep=53 xcd=7 drain=0.480 l1=0.200 wait=0.920 acq=0.080 obs=19135323555407 bar=1.680
[BAR_OBS] ep=53 xcd=5 drain=0.400 l1=0.200 wait=1.040 acq=0.080 obs=19135323555409 bar=1.720
[BAR_OBS] ep=53 xcd=1 drain=0.440 l1=0.280 wait=0.960 acq=0.080 obs=19135323555423 bar=1.760
[BAR_OBS] ep=53 xcd=0 drain=0.480 l1=0.280 wait=1.080 acq=0.040 obs=19135323555429 bar=1.880
[BAR_ARR] ep=53 xcd=3 l1=0.280 l2=0.360
[BAR_ARR] ep=53 xcd=1 l1=0.280 l2=0.320
[BAR_ARR] ep=53 xcd=2 l1=0.320 l2=0.360
[BAR_ARR] ep=53 xcd=0 l1=0.280 l2=0.360
[BAR_OBS] ep=53 xcd=6 drain=0.480 l1=0.200 wait=0.960 acq=0.080 obs=19135323555412 bar=1.720
[BAR_REL] ep=53 xcd=3 rel=19135323555419
[BAR_ARR] ep=53 xcd=7 l1=0.200 l2=0.240
[BAR_ARR] ep=53 xcd=6 l1=0.200 l2=0.280
[BAR_ARR] ep=53 xcd=5 l1=0.200 l2=0.240
[BAR_OBS] ep=53 xcd=4 drain=0.440 l1=0.240 wait=0.960 acq=0.080 obs=19135323555414 bar=1.720
[BAR_ARR] ep=53 xcd=4 l1=0.240 l2=0.280
[OPROJ_INNER] slicewait=0.40 mfma=3.96 bar=1.76 rmsnorm_router=1.56 topk=2.44 total=10.12
[OPROJ_INNER] slicewait=0.40 mfma=3.96 bar=1.56 rmsnorm_router=1.48 topk=1.20 total=8.60
[OPROJ_INNER] slicewait=0.44 mfma=3.88 bar=2.00 rmsnorm_router=1.48 topk=7.80 total=15.60
[OPROJ_INNER] slicewait=0.44 mfma=3.92 bar=1.56 rmsnorm_router=1.44 topk=0.40 total=7.76
[OPROJ_INNER] slicewait=0.40 mfma=3.92 bar=1.72 rmsnorm_router=1.52 topk=1.84 total=9.40
[OPROJ_INNER] slicewait=0.40 mfma=3.92 bar=1.88 rmsnorm_router=1.64 topk=3.84 total=11.68
[OPROJ_INNER] slicewait=0.36 mfma=3.92 bar=1.76 rmsnorm_router=1.60 topk=3.24 total=10.88
[BAR_OBS] ep=54 xcd=1 drain=0.480 l1=0.280 wait=0.920 acq=0.080 obs=19135323841031 bar=1.760
[BAR_OBS] ep=54 xcd=7 drain=0.480 l1=0.200 wait=0.800 acq=0.080 obs=19135323841019 bar=1.560
[BAR_ARR] ep=54 xcd=1 l1=0.280 l2=0.320
[BAR_OBS] ep=54 xcd=6 drain=0.480 l1=0.240 wait=0.760 acq=0.080 obs=19135323841020 bar=1.560
[BAR_OBS] ep=54 xcd=2 drain=0.480 l1=0.280 wait=1.160 acq=0.080 obs=19135323841055 bar=2.000
[BAR_ARR] ep=54 xcd=7 l1=0.200 l2=0.200
[BAR_OBS] ep=54 xcd=3 drain=0.480 l1=0.280 wait=0.920 acq=0.080 obs=19135323841031 bar=1.760
[BAR_ARR] ep=54 xcd=2 l1=0.280 l2=0.360
[BAR_ARR] ep=54 xcd=3 l1=0.280 l2=0.320
[BAR_REL] ep=54 xcd=2 rel=19135323841027
[BAR_ARR] ep=54 xcd=6 l1=0.240 l2=0.240
[BAR_OBS] ep=54 xcd=5 drain=0.400 l1=0.200 wait=1.080 acq=0.040 obs=19135323841029 bar=1.720
[BAR_OBS] ep=54 xcd=0 drain=0.480 l1=0.280 wait=1.080 acq=0.040 obs=19135323841037 bar=1.880
[OPROJ_INNER] slicewait=0.40 mfma=3.92 bar=1.68 rmsnorm_router=1.44 topk=1.12 total=8.56
[BAR_ARR] ep=54 xcd=0 l1=0.280 l2=0.360
[BAR_ARR] ep=54 xcd=5 l1=0.200 l2=0.240
[BAR_OBS] ep=54 xcd=4 drain=0.400 l1=0.240 wait=0.960 acq=0.080 obs=19135323841022 bar=1.680
[BAR_ARR] ep=54 xcd=4 l1=0.240 l2=0.280
[OPROJ_INNER] slicewait=0.36 mfma=3.96 bar=2.04 rmsnorm_router=1.56 topk=2.00 total=9.92
[OPROJ_INNER] slicewait=0.44 mfma=3.92 bar=2.08 rmsnorm_router=1.60 topk=3.76 total=11.80
[OPROJ_INNER] slicewait=0.36 mfma=3.92 bar=1.76 rmsnorm_router=1.48 topk=1.52 total=9.04
[OPROJ_INNER] slicewait=0.44 mfma=4.00 bar=1.80 rmsnorm_router=1.48 topk=0.68 total=8.40
[OPROJ_INNER] slicewait=0.40 mfma=3.92 bar=1.88 rmsnorm_router=1.44 topk=0.56 total=8.20
[OPROJ_INNER] slicewait=0.40 mfma=3.96 bar=1.88 rmsnorm_router=1.48 topk=1.64 total=9.36
[BAR_OBS] ep=55 xcd=0 drain=0.440 l1=0.320 wait=1.240 acq=0.080 obs=19135324113309 bar=2.080
[OPROJ_INNER] slicewait=0.40 mfma=4.00 bar=2.08 rmsnorm_router=1.52 topk=7.48 total=15.48
[BAR_OBS] ep=55 xcd=1 drain=0.480 l1=0.280 wait=1.200 acq=0.080 obs=19135324113303 bar=2.040
[BAR_ARR] ep=55 xcd=0 l1=0.320 l2=0.320
[BAR_OBS] ep=55 xcd=5 drain=0.400 l1=0.200 wait=1.200 acq=0.080 obs=19135324113293 bar=1.880
[BAR_OBS] ep=55 xcd=7 drain=0.440 l1=0.200 wait=1.080 acq=0.080 obs=19135324113295 bar=1.800
[BAR_ARR] ep=55 xcd=5 l1=0.200 l2=0.240
[BAR_ARR] ep=55 xcd=7 l1=0.200 l2=0.240
[OPROJ_INNER] slicewait=0.40 mfma=4.04 bar=1.88 rmsnorm_router=1.56 topk=2.60 total=10.48
[BAR_ARR] ep=55 xcd=1 l1=0.280 l2=0.320
[BAR_OBS] ep=55 xcd=3 drain=0.480 l1=0.280 wait=1.040 acq=0.080 obs=19135324113307 bar=1.880
[BAR_ARR] ep=55 xcd=3 l1=0.280 l2=0.320
[BAR_OBS] ep=55 xcd=2 drain=0.560 l1=0.280 wait=1.160 acq=0.080 obs=19135324113327 bar=2.080
[BAR_OBS] ep=55 xcd=4 drain=0.440 l1=0.200 wait=1.080 acq=0.040 obs=19135324113298 bar=1.760
[BAR_ARR] ep=55 xcd=2 l1=0.280 l2=0.360
[BAR_OBS] ep=55 xcd=6 drain=0.480 l1=0.200 wait=1.120 acq=0.080 obs=19135324113296 bar=1.880
[BAR_REL] ep=55 xcd=2 rel=19135324113299
[BAR_ARR] ep=55 xcd=4 l1=0.200 l2=0.280
[BAR_ARR] ep=55 xcd=6 l1=0.200 l2=0.280
[OPROJ_INNER] slicewait=0.40 mfma=3.96 bar=1.76 rmsnorm_router=1.52 topk=2.32 total=9.96
[OPROJ_INNER] slicewait=0.40 mfma=4.00 bar=2.00 rmsnorm_router=1.48 topk=8.60 total=16.48
[OPROJ_INNER] slicewait=0.40 mfma=4.04 bar=1.56 rmsnorm_router=1.48 topk=0.40 total=7.88
[OPROJ_INNER] slicewait=0.40 mfma=3.96 bar=1.68 rmsnorm_router=1.48 topk=0.80 total=8.32
[OPROJ_INNER] slicewait=0.40 mfma=3.92 bar=1.68 rmsnorm_router=1.52 topk=1.80 total=9.32
[OPROJ_INNER] slicewait=0.40 mfma=3.96 bar=1.60 rmsnorm_router=1.44 topk=0.36 total=7.76
[BAR_OBS] ep=56 xcd=3 drain=0.480 l1=0.280 wait=0.920 acq=0.080 obs=19135324365867 bar=1.760
[BAR_OBS] ep=56 xcd=0 drain=0.480 l1=0.280 wait=1.160 acq=0.080 obs=19135324365889 bar=2.000
[OPROJ_INNER] slicewait=0.40 mfma=3.96 bar=1.80 rmsnorm_router=1.64 topk=3.92 total=11.72
[BAR_OBS] ep=56 xcd=7 drain=0.440 l1=0.200 wait=0.840 acq=0.080 obs=19135324365851 bar=1.560
[BAR_OBS] ep=56 xcd=4 drain=0.400 l1=0.240 wait=0.960 acq=0.080 obs=19135324365858 bar=1.680
[BAR_ARR] ep=56 xcd=0 l1=0.280 l2=0.360
[BAR_ARR] ep=56 xcd=3 l1=0.280 l2=0.320
[BAR_ARR] ep=56 xcd=7 l1=0.200 l2=0.240
[BAR_REL] ep=56 xcd=0 rel=19135324365861
[OPROJ_INNER] slicewait=0.40 mfma=4.00 bar=1.76 rmsnorm_router=1.56 topk=2.60 total=10.32
[BAR_OBS] ep=56 xcd=2 drain=0.480 l1=0.280 wait=1.000 acq=0.040 obs=19135324365871 bar=1.800
[BAR_OBS] ep=56 xcd=6 drain=0.480 l1=0.240 wait=0.880 acq=0.080 obs=19135324365856 bar=1.680
[BAR_ARR] ep=56 xcd=4 l1=0.240 l2=0.280
[BAR_ARR] ep=56 xcd=2 l1=0.280 l2=0.360
[BAR_OBS] ep=56 xcd=5 drain=0.360 l1=0.200 wait=0.960 acq=0.080 obs=19135324365853 bar=1.600
[BAR_OBS] ep=56 xcd=1 drain=0.440 l1=0.280 wait=0.960 acq=0.080 obs=19135324365867 bar=1.760
[BAR_ARR] ep=56 xcd=6 l1=0.240 l2=0.240
[BAR_ARR] ep=56 xcd=5 l1=0.200 l2=0.240
[BAR_ARR] ep=56 xcd=1 l1=0.280 l2=0.360
[OPROJ_INNER] slicewait=0.40 mfma=4.00 bar=1.60 rmsnorm_router=1.56 topk=1.32 total=8.88
[OPROJ_INNER] slicewait=0.40 mfma=3.92 bar=2.04 rmsnorm_router=1.56 topk=2.32 total=10.24
[OPROJ_INNER] slicewait=0.40 mfma=3.96 bar=1.92 rmsnorm_router=1.56 topk=3.76 total=11.60
[OPROJ_INNER] slicewait=0.40 mfma=3.96 bar=1.72 rmsnorm_router=1.44 topk=0.68 total=8.20
[OPROJ_INNER] slicewait=0.44 mfma=3.96 bar=1.72 rmsnorm_router=1.48 topk=0.36 total=7.96
[OPROJ_INNER] slicewait=0.40 mfma=4.00 bar=2.00 rmsnorm_router=1.48 topk=7.96 total=15.84
[OPROJ_INNER] slicewait=0.40 mfma=3.92 bar=1.76 rmsnorm_router=1.56 topk=1.68 total=9.32
[OPROJ_INNER] slicewait=0.44 mfma=3.96 bar=1.76 rmsnorm_router=1.64 topk=3.04 total=10.84
[BAR_OBS] ep=57 xcd=2 drain=0.480 l1=0.280 wait=1.160 acq=0.080 obs=19135324632803 bar=2.000
[BAR_OBS] ep=57 xcd=1 drain=0.440 l1=0.280 wait=1.240 acq=0.080 obs=19135324632779 bar=2.040
[BAR_OBS] ep=57 xcd=5 drain=0.360 l1=0.240 wait=1.040 acq=0.080 obs=19135324632769 bar=1.720
[BAR_OBS] ep=57 xcd=0 drain=0.480 l1=0.320 wait=1.040 acq=0.080 obs=19135324632785 bar=1.920
[BAR_ARR] ep=57 xcd=1 l1=0.280 l2=0.320
[BAR_ARR] ep=57 xcd=2 l1=0.280 l2=0.360
[BAR_ARR] ep=57 xcd=5 l1=0.240 l2=0.240
[BAR_OBS] ep=57 xcd=3 drain=0.480 l1=0.280 wait=0.960 acq=0.040 obs=19135324632783 bar=1.760
[BAR_REL] ep=57 xcd=2 rel=19135324632775
[BAR_ARR] ep=57 xcd=0 l1=0.320 l2=0.320
[BAR_OBS] ep=57 xcd=7 drain=0.480 l1=0.200 wait=0.960 acq=0.080 obs=19135324632767 bar=1.720
[BAR_OBS] ep=57 xcd=6 drain=0.480 l1=0.240 wait=0.840 acq=0.040 obs=19135324632772 bar=1.600
[BAR_ARR] ep=57 xcd=3 l1=0.280 l2=0.360
[BAR_OBS] ep=57 xcd=4 drain=0.400 l1=0.240 wait=1.080 acq=0.040 obs=19135324632774 bar=1.760
[BAR_ARR] ep=57 xcd=7 l1=0.200 l2=0.240
[BAR_ARR] ep=57 xcd=6 l1=0.240 l2=0.240
[BAR_ARR] ep=57 xcd=4 l1=0.240 l2=0.240
[OPROJ_INNER] slicewait=0.44 mfma=3.88 bar=1.68 rmsnorm_router=1.52 topk=1.12 total=8.64
[OPROJ_INNER] slicewait=0.40 mfma=3.88 bar=1.92 rmsnorm_router=1.52 topk=1.96 total=9.68
[OPROJ_INNER] slicewait=0.44 mfma=3.88 bar=1.92 rmsnorm_router=1.60 topk=3.40 total=11.24
[OPROJ_INNER] slicewait=0.40 mfma=4.00 bar=1.72 rmsnorm_router=1.48 topk=1.56 total=9.16
[OPROJ_INNER] slicewait=0.40 mfma=3.92 bar=1.84 rmsnorm_router=1.56 topk=3.76 total=11.48
[BAR_OBS] ep=58 xcd=0 drain=0.440 l1=0.320 wait=1.080 acq=0.080 obs=19135324905293 bar=1.920
[OPROJ_INNER] slicewait=0.40 mfma=3.96 bar=1.60 rmsnorm_router=1.48 topk=1.08 total=8.52
[BAR_ARR] ep=58 xcd=0 l1=0.320 l2=0.320
[OPROJ_INNER] slicewait=0.40 mfma=3.96 bar=2.00 rmsnorm_router=1.44 topk=7.40 total=15.20
[BAR_OBS] ep=58 xcd=2 drain=0.480 l1=0.320 wait=0.960 acq=0.080 obs=19135324905295 bar=1.840
[OPROJ_INNER] slicewait=0.40 mfma=3.96 bar=1.68 rmsnorm_router=1.48 topk=0.56 total=8.08
[BAR_OBS] ep=58 xcd=1 drain=0.440 l1=0.280 wait=1.120 acq=0.080 obs=19135324905291 bar=1.920
[BAR_ARR] ep=58 xcd=2 l1=0.320 l2=0.360
[BAR_OBS] ep=58 xcd=6 drain=0.480 l1=0.240 wait=0.920 acq=0.040 obs=19135324905280 bar=1.680
[BAR_OBS] ep=58 xcd=3 drain=0.480 l1=0.280 wait=1.160 acq=0.080 obs=19135324905315 bar=2.000
[BAR_ARR] ep=58 xcd=1 l1=0.280 l2=0.320
[BAR_OBS] ep=58 xcd=4 drain=0.400 l1=0.240 wait=1.040 acq=0.040 obs=19135324905294 bar=1.720
[BAR_ARR] ep=58 xcd=6 l1=0.240 l2=0.240
[BAR_ARR] ep=58 xcd=3 l1=0.280 l2=0.360
[BAR_REL] ep=58 xcd=3 rel=19135324905283
[BAR_OBS] ep=58 xcd=5 drain=0.360 l1=0.240 wait=0.920 acq=0.080 obs=19135324905277 bar=1.600
[BAR_ARR] ep=58 xcd=4 l1=0.240 l2=0.240
[BAR_OBS] ep=58 xcd=7 drain=0.480 l1=0.200 wait=0.920 acq=0.080 obs=19135324905279 bar=1.680
[BAR_ARR] ep=58 xcd=5 l1=0.240 l2=0.240
[BAR_ARR] ep=58 xcd=7 l1=0.200 l2=0.200
[OPROJ_INNER] slicewait=0.44 mfma=4.04 bar=1.92 rmsnorm_router=1.56 topk=3.84 total=11.80
[OPROJ_INNER] slicewait=0.40 mfma=4.04 bar=1.80 rmsnorm_router=1.44 topk=0.96 total=8.64
[OPROJ_INNER] slicewait=0.40 mfma=4.00 bar=1.92 rmsnorm_router=1.56 topk=3.04 total=10.92
[OPROJ_INNER] slicewait=0.40 mfma=4.00 bar=2.04 rmsnorm_router=1.44 topk=7.28 total=15.16
[BAR_OBS] ep=59 xcd=0 drain=0.480 l1=0.280 wait=1.080 acq=0.080 obs=19135325161645 bar=1.920
[OPROJ_INNER] slicewait=0.44 mfma=3.96 bar=1.76 rmsnorm_router=1.48 topk=0.88 total=8.52
[BAR_OBS] ep=59 xcd=7 drain=0.440 l1=0.200 wait=1.080 acq=0.080 obs=19135325161631 bar=1.800
[BAR_OBS] ep=59 xcd=3 drain=0.480 l1=0.280 wait=1.080 acq=0.080 obs=19135325161643 bar=1.920
[BAR_ARR] ep=59 xcd=0 l1=0.280 l2=0.360
[BAR_OBS] ep=59 xcd=2 drain=0.520 l1=0.280 wait=1.160 acq=0.080 obs=19135325161663 bar=2.040
[BAR_ARR] ep=59 xcd=3 l1=0.280 l2=0.360
[OPROJ_INNER] slicewait=0.44 mfma=4.04 bar=1.84 rmsnorm_router=1.56 topk=2.52 total=10.40
[OPROJ_INNER] slicewait=0.44 mfma=3.96 bar=1.76 rmsnorm_router=1.52 topk=1.56 total=9.24
[BAR_OBS] ep=59 xcd=5 drain=0.360 l1=0.240 wait=1.120 acq=0.040 obs=19135325161633 bar=1.760
[BAR_ARR] ep=59 xcd=7 l1=0.200 l2=0.240
[OPROJ_INNER] slicewait=0.40 mfma=4.00 bar=1.76 rmsnorm_router=1.52 topk=1.28 total=8.96
[BAR_OBS] ep=59 xcd=1 drain=0.440 l1=0.280 wait=1.040 acq=0.080 obs=19135325161639 bar=1.840
[BAR_ARR] ep=59 xcd=2 l1=0.280 l2=0.360
[BAR_ARR] ep=59 xcd=1 l1=0.280 l2=0.360
[BAR_REL] ep=59 xcd=2 rel=19135325161635
[BAR_OBS] ep=59 xcd=4 drain=0.440 l1=0.240 wait=1.000 acq=0.080 obs=19135325161630 bar=1.760
[BAR_ARR] ep=59 xcd=5 l1=0.240 l2=0.240
[BAR_OBS] ep=59 xcd=6 drain=0.480 l1=0.240 wait=0.960 acq=0.080 obs=19135325161628 bar=1.760
[BAR_ARR] ep=59 xcd=4 l1=0.240 l2=0.240
[BAR_ARR] ep=59 xcd=6 l1=0.240 l2=0.240
[OPROJ_INNER] slicewait=0.40 mfma=3.96 bar=1.80 rmsnorm_router=1.48 topk=0.80 total=8.44
[OPROJ_INNER] slicewait=0.40 mfma=3.96 bar=2.04 rmsnorm_router=1.44 topk=8.84 total=16.68
[OPROJ_INNER] slicewait=0.40 mfma=4.00 bar=1.72 rmsnorm_router=1.44 topk=0.44 total=8.00
[OPROJ_INNER] slicewait=0.44 mfma=3.92 bar=1.96 rmsnorm_router=1.56 topk=2.88 total=10.76
[OPROJ_INNER] slicewait=0.40 mfma=4.00 bar=1.88 rmsnorm_router=1.64 topk=3.68 total=11.60
[OPROJ_INNER] slicewait=0.40 mfma=4.00 bar=1.92 rmsnorm_router=1.56 topk=2.32 total=10.20
[BAR_OBS] ep=60 xcd=0 drain=0.440 l1=0.320 wait=1.040 acq=0.080 obs=19135325419809 bar=1.880
[OPROJ_INNER] slicewait=0.40 mfma=4.00 bar=1.72 rmsnorm_router=1.48 topk=1.32 total=8.92
[BAR_OBS] ep=60 xcd=7 drain=0.440 l1=0.200 wait=1.080 acq=0.080 obs=19135325419791 bar=1.800
[OPROJ_INNER] slicewait=0.44 mfma=3.88 bar=1.84 rmsnorm_router=1.52 topk=1.36 total=9.04
[BAR_ARR] ep=60 xcd=7 l1=0.200 l2=0.240
[BAR_OBS] ep=60 xcd=3 drain=0.480 l1=0.280 wait=1.160 acq=0.040 obs=19135325419811 bar=1.960
[BAR_ARR] ep=60 xcd=3 l1=0.280 l2=0.360
[BAR_OBS] ep=60 xcd=2 drain=0.520 l1=0.280 wait=1.160 acq=0.080 obs=19135325419827 bar=2.040
[BAR_OBS] ep=60 xcd=1 drain=0.440 l1=0.280 wait=1.120 acq=0.080 obs=19135325419803 bar=1.920
[BAR_ARR] ep=60 xcd=0 l1=0.320 l2=0.320
[BAR_OBS] ep=60 xcd=5 drain=0.360 l1=0.240 wait=1.040 acq=0.080 obs=19135325419793 bar=1.720
[BAR_OBS] ep=60 xcd=4 drain=0.400 l1=0.240 wait=1.040 acq=0.040 obs=19135325419798 bar=1.720
[BAR_ARR] ep=60 xcd=1 l1=0.280 l2=0.360
[BAR_ARR] ep=60 xcd=2 l1=0.280 l2=0.360
[BAR_OBS] ep=60 xcd=6 drain=0.480 l1=0.240 wait=1.040 acq=0.080 obs=19135325419796 bar=1.840
[BAR_REL] ep=60 xcd=2 rel=19135325419799
[BAR_ARR] ep=60 xcd=5 l1=0.240 l2=0.240
[BAR_ARR] ep=60 xcd=6 l1=0.240 l2=0.280
[BAR_ARR] ep=60 xcd=4 l1=0.240 l2=0.280
[OPROJ_INNER] slicewait=0.40 mfma=3.96 bar=1.84 rmsnorm_router=1.60 topk=3.36 total=11.16
[OPROJ_INNER] slicewait=0.40 mfma=3.96 bar=1.72 rmsnorm_router=1.56 topk=2.04 total=9.68
[OPROJ_INNER] slicewait=0.40 mfma=3.92 bar=1.80 rmsnorm_router=1.52 topk=2.84 total=10.48
[OPROJ_INNER] slicewait=0.40 mfma=3.96 bar=1.68 rmsnorm_router=1.44 topk=0.96 total=8.44
[OPROJ_INNER] slicewait=0.40 mfma=3.96 bar=1.60 rmsnorm_router=1.52 topk=0.44 total=7.92
[BAR_OBS] ep=61 xcd=0 drain=0.480 l1=0.320 wait=0.960 acq=0.080 obs=19135325684097 bar=1.840
[BAR_OBS] ep=61 xcd=2 drain=0.440 l1=0.320 wait=0.960 acq=0.080 obs=19135325684095 bar=1.800
[OPROJ_INNER] slicewait=0.40 mfma=4.00 bar=1.92 rmsnorm_router=1.48 topk=3.36 total=11.16
[OPROJ_INNER] slicewait=0.44 mfma=3.88 bar=1.64 rmsnorm_router=1.48 topk=0.72 total=8.16
[BAR_OBS] ep=61 xcd=3 drain=0.440 l1=0.280 wait=0.920 acq=0.080 obs=19135325684091 bar=1.720
[BAR_ARR] ep=61 xcd=2 l1=0.320 l2=0.360
[OPROJ_INNER] slicewait=0.40 mfma=3.92 bar=1.68 rmsnorm_router=1.52 topk=1.72 total=9.24
[BAR_OBS] ep=61 xcd=7 drain=0.440 l1=0.200 wait=0.920 acq=0.040 obs=19135325684079 bar=1.600
[BAR_ARR] ep=61 xcd=3 l1=0.280 l2=0.360
[BAR_ARR] ep=61 xcd=7 l1=0.200 l2=0.240
[BAR_OBS] ep=61 xcd=1 drain=0.440 l1=0.280 wait=1.120 acq=0.080 obs=19135325684115 bar=1.920
[BAR_ARR] ep=61 xcd=0 l1=0.320 l2=0.360
[BAR_OBS] ep=61 xcd=5 drain=0.400 l1=0.200 wait=1.000 acq=0.080 obs=19135325684081 bar=1.680
[BAR_ARR] ep=61 xcd=1 l1=0.280 l2=0.360
[BAR_ARR] ep=61 xcd=5 l1=0.200 l2=0.240
[BAR_REL] ep=61 xcd=1 rel=19135325684087
[BAR_OBS] ep=61 xcd=6 drain=0.480 l1=0.240 wait=0.840 acq=0.080 obs=19135325684080 bar=1.640
[BAR_OBS] ep=61 xcd=4 drain=0.440 l1=0.240 wait=0.920 acq=0.080 obs=19135325684082 bar=1.680
[BAR_ARR] ep=61 xcd=6 l1=0.240 l2=0.240
[BAR_ARR] ep=61 xcd=4 l1=0.240 l2=0.240
[OPROJ_INNER] slicewait=0.40 mfma=3.96 bar=1.76 rmsnorm_router=1.56 topk=2.76 total=10.44
[OPROJ_INNER] slicewait=0.40 mfma=4.00 bar=1.52 rmsnorm_router=1.48 topk=0.56 total=7.96
[OPROJ_INNER] slicewait=0.40 mfma=4.00 bar=1.92 rmsnorm_router=1.44 topk=3.40 total=11.16
[OPROJ_INNER] slicewait=0.40 mfma=3.96 bar=1.80 rmsnorm_router=1.60 topk=3.56 total=11.32
[OPROJ_INNER] slicewait=0.36 mfma=3.92 bar=1.68 rmsnorm_router=1.44 topk=0.40 total=7.80
[BAR_OBS] ep=62 xcd=2 drain=0.480 l1=0.280 wait=0.960 acq=0.080 obs=19135325946127 bar=1.800
[BAR_OBS] ep=62 xcd=1 drain=0.440 l1=0.280 wait=1.120 acq=0.080 obs=19135325946147 bar=1.920
[OPROJ_INNER] slicewait=0.40 mfma=3.96 bar=1.84 rmsnorm_router=1.56 topk=2.92 total=10.68
[BAR_OBS] ep=62 xcd=3 drain=0.480 l1=0.280 wait=0.920 acq=0.080 obs=19135325946123 bar=1.760
[BAR_ARR] ep=62 xcd=2 l1=0.280 l2=0.360
[BAR_ARR] ep=62 xcd=1 l1=0.280 l2=0.320
[BAR_OBS] ep=62 xcd=0 drain=0.480 l1=0.280 wait=1.000 acq=0.080 obs=19135325946125 bar=1.840
[OPROJ_INNER] slicewait=0.40 mfma=3.92 bar=1.72 rmsnorm_router=1.48 topk=1.68 total=9.20
[OPROJ_INNER] slicewait=0.40 mfma=3.96 bar=1.64 rmsnorm_router=1.52 topk=1.36 total=8.88
[BAR_REL] ep=62 xcd=1 rel=19135325946115
[BAR_ARR] ep=62 xcd=0 l1=0.280 l2=0.360
[BAR_ARR] ep=62 xcd=3 l1=0.280 l2=0.360
[BAR_OBS] ep=62 xcd=7 drain=0.440 l1=0.200 wait=0.800 acq=0.080 obs=19135325946107 bar=1.520
[BAR_OBS] ep=62 xcd=5 drain=0.400 l1=0.200 wait=1.000 acq=0.080 obs=19135325946109 bar=1.680
[BAR_ARR] ep=62 xcd=7 l1=0.200 l2=0.240
[BAR_ARR] ep=62 xcd=5 l1=0.200 l2=0.240
[BAR_OBS] ep=62 xcd=6 drain=0.520 l1=0.200 wait=0.840 acq=0.080 obs=19135325946112 bar=1.640
[BAR_ARR] ep=62 xcd=6 l1=0.200 l2=0.240
[BAR_OBS] ep=62 xcd=4 drain=0.400 l1=0.240 wait=1.000 acq=0.080 obs=19135325946114 bar=1.720
[BAR_ARR] ep=62 xcd=4 l1=0.240 l2=0.280
[OPROJ_INNER] slicewait=0.40 mfma=4.00 bar=1.72 rmsnorm_router=1.52 topk=2.44 total=10.08
[OPROJ_INNER] slicewait=0.40 mfma=3.96 bar=1.72 rmsnorm_router=1.48 topk=1.92 total=9.48
[OPROJ_INNER] slicewait=0.40 mfma=3.96 bar=1.76 rmsnorm_router=1.60 topk=3.60 total=11.32
[OPROJ_INNER] slicewait=0.40 mfma=3.92 bar=2.00 rmsnorm_router=1.44 topk=4.20 total=11.96
[OPROJ_INNER] slicewait=0.40 mfma=4.00 bar=1.76 rmsnorm_router=1.56 topk=3.92 total=11.64
[OPROJ_INNER] slicewait=0.44 mfma=3.96 bar=1.56 rmsnorm_router=1.52 topk=0.36 total=7.84
[OPROJ_INNER] slicewait=0.40 mfma=4.00 bar=1.52 rmsnorm_router=1.48 topk=0.72 total=8.12
[BAR_OBS] ep=63 xcd=3 drain=0.480 l1=0.280 wait=0.920 acq=0.080 obs=19135326217719 bar=1.760
[BAR_ARR] ep=63 xcd=3 l1=0.280 l2=0.320
[BAR_OBS] ep=63 xcd=5 drain=0.360 l1=0.240 wait=0.880 acq=0.040 obs=19135326217709 bar=1.520
[BAR_OBS] ep=63 xcd=1 drain=0.440 l1=0.280 wait=0.920 acq=0.080 obs=19135326217719 bar=1.720
[BAR_OBS] ep=63 xcd=4 drain=0.400 l1=0.240 wait=1.000 acq=0.080 obs=19135326217710 bar=1.720
[OPROJ_INNER] slicewait=0.40 mfma=3.96 bar=1.60 rmsnorm_router=1.52 topk=1.60 total=9.08
[BAR_ARR] ep=63 xcd=1 l1=0.280 l2=0.320
[BAR_OBS] ep=63 xcd=0 drain=0.440 l1=0.320 wait=0.960 acq=0.040 obs=19135326217725 bar=1.760
[BAR_OBS] ep=63 xcd=2 drain=0.480 l1=0.280 wait=1.160 acq=0.080 obs=19135326217743 bar=2.000
[BAR_ARR] ep=63 xcd=0 l1=0.320 l2=0.320
[BAR_ARR] ep=63 xcd=4 l1=0.240 l2=0.280
[BAR_ARR] ep=63 xcd=2 l1=0.280 l2=0.360
[BAR_OBS] ep=63 xcd=7 drain=0.440 l1=0.240 wait=0.840 acq=0.040 obs=19135326217707 bar=1.560
[BAR_REL] ep=63 xcd=2 rel=19135326217715
[BAR_ARR] ep=63 xcd=5 l1=0.240 l2=0.240
[BAR_ARR] ep=63 xcd=7 l1=0.240 l2=0.240
[BAR_OBS] ep=63 xcd=6 drain=0.480 l1=0.240 wait=0.800 acq=0.080 obs=19135326217708 bar=1.600
[BAR_ARR] ep=63 xcd=6 l1=0.240 l2=0.240
[OPROJ_INNER] slicewait=0.40 mfma=3.96 bar=1.84 rmsnorm_router=1.60 topk=3.08 total=10.88
[OPROJ_INNER] slicewait=0.40 mfma=3.96 bar=1.68 rmsnorm_router=1.44 topk=0.40 total=7.88
[OPROJ_INNER] slicewait=0.36 mfma=4.00 bar=1.80 rmsnorm_router=1.60 topk=3.24 total=11.00
[OPROJ_INNER] slicewait=0.40 mfma=3.96 bar=2.00 rmsnorm_router=1.44 topk=8.36 total=16.16
[BAR_OBS] ep=64 xcd=3 drain=0.480 l1=0.280 wait=0.960 acq=0.080 obs=19135326489803 bar=1.800
[OPROJ_INNER] slicewait=0.40 mfma=4.00 bar=1.76 rmsnorm_router=1.56 topk=2.24 total=9.96
[BAR_OBS] ep=64 xcd=2 drain=0.480 l1=0.280 wait=1.160 acq=0.080 obs=19135326489823 bar=2.000
[BAR_OBS] ep=64 xcd=7 drain=0.440 l1=0.200 wait=1.000 acq=0.040 obs=19135326489791 bar=1.680
[BAR_ARR] ep=64 xcd=3 l1=0.280 l2=0.360
[OPROJ_INNER] slicewait=0.40 mfma=3.92 bar=1.68 rmsnorm_router=1.44 topk=0.48 total=7.92
[BAR_OBS] ep=64 xcd=1 drain=0.440 l1=0.280 wait=0.960 acq=0.080 obs=19135326489799 bar=1.760
[BAR_ARR] ep=64 xcd=2 l1=0.280 l2=0.360
[BAR_ARR] ep=64 xcd=1 l1=0.280 l2=0.320
[OPROJ_INNER] slicewait=0.40 mfma=3.96 bar=1.68 rmsnorm_router=1.52 topk=1.36 total=8.92
[BAR_REL] ep=64 xcd=2 rel=19135326489795
[OPROJ_INNER] slicewait=0.40 mfma=3.96 bar=1.64 rmsnorm_router=1.52 topk=1.80 total=9.32
[BAR_OBS] ep=64 xcd=0 drain=0.480 l1=0.280 wait=1.040 acq=0.040 obs=19135326489805 bar=1.840
[BAR_ARR] ep=64 xcd=0 l1=0.280 l2=0.360
[BAR_ARR] ep=64 xcd=7 l1=0.200 l2=0.280
[BAR_OBS] ep=64 xcd=4 drain=0.400 l1=0.240 wait=0.920 acq=0.080 obs=19135326489790 bar=1.640
[BAR_OBS] ep=64 xcd=6 drain=0.480 l1=0.240 wait=0.920 acq=0.040 obs=19135326489792 bar=1.680
[BAR_OBS] ep=64 xcd=5 drain=0.360 l1=0.240 wait=1.000 acq=0.080 obs=19135326489789 bar=1.680
[BAR_ARR] ep=64 xcd=4 l1=0.240 l2=0.280
[BAR_ARR] ep=64 xcd=6 l1=0.240 l2=0.240
[BAR_ARR] ep=64 xcd=5 l1=0.240 l2=0.240
[OPROJ_INNER] slicewait=0.44 mfma=3.96 bar=1.64 rmsnorm_router=1.48 topk=0.44 total=7.96
[OPROJ_INNER] slicewait=0.40 mfma=3.92 bar=1.84 rmsnorm_router=1.60 topk=4.04 total=11.80
[OPROJ_INNER] slicewait=0.40 mfma=3.88 bar=1.88 rmsnorm_router=1.56 topk=3.24 total=10.96
[BAR_OBS] ep=65 xcd=2 drain=0.480 l1=0.280 wait=1.000 acq=0.080 obs=19135326746779 bar=1.840
[OPROJ_INNER] slicewait=0.44 mfma=4.00 bar=1.64 rmsnorm_router=1.44 topk=1.00 total=8.52
[OPROJ_INNER] slicewait=0.36 mfma=4.00 bar=1.84 rmsnorm_router=1.56 topk=2.64 total=10.40
[BAR_ARR] ep=65 xcd=2 l1=0.280 l2=0.360
[OPROJ_INNER] slicewait=0.36 mfma=4.04 bar=1.96 rmsnorm_router=1.44 topk=7.40 total=15.20
[BAR_OBS] ep=65 xcd=0 drain=0.480 l1=0.280 wait=1.040 acq=0.080 obs=19135326746781 bar=1.880
[BAR_ARR] ep=65 xcd=0 l1=0.280 l2=0.360
[BAR_OBS] ep=65 xcd=1 drain=0.440 l1=0.280 wait=1.040 acq=0.080 obs=19135326746775 bar=1.840
[OPROJ_INNER] slicewait=0.40 mfma=3.96 bar=1.68 rmsnorm_router=1.52 topk=1.92 total=9.48
[BAR_OBS] ep=65 xcd=3 drain=0.480 l1=0.280 wait=1.120 acq=0.080 obs=19135326746799 bar=1.960
[BAR_ARR] ep=65 xcd=1 l1=0.280 l2=0.320
[BAR_ARR] ep=65 xcd=3 l1=0.280 l2=0.320
[BAR_OBS] ep=65 xcd=4 drain=0.400 l1=0.240 wait=0.960 acq=0.080 obs=19135326746766 bar=1.680
[BAR_OBS] ep=65 xcd=5 drain=0.360 l1=0.240 wait=0.960 acq=0.080 obs=19135326746765 bar=1.640
[BAR_REL] ep=65 xcd=3 rel=19135326746771
[OPROJ_INNER] slicewait=0.40 mfma=4.00 bar=1.56 rmsnorm_router=1.48 topk=1.56 total=9.00
[BAR_ARR] ep=65 xcd=4 l1=0.240 l2=0.280
[BAR_ARR] ep=65 xcd=5 l1=0.240 l2=0.240
[BAR_OBS] ep=65 xcd=7 drain=0.480 l1=0.200 wait=0.880 acq=0.080 obs=19135326746763 bar=1.640
[BAR_OBS] ep=65 xcd=6 drain=0.480 l1=0.200 wait=0.800 acq=0.080 obs=19135326746764 bar=1.560
[BAR_ARR] ep=65 xcd=7 l1=0.200 l2=0.240
[BAR_ARR] ep=65 xcd=6 l1=0.200 l2=0.280
[OPROJ_INNER] slicewait=0.40 mfma=3.96 bar=1.92 rmsnorm_router=1.56 topk=3.36 total=11.20
[OPROJ_INNER] slicewait=0.40 mfma=3.96 bar=1.88 rmsnorm_router=1.56 topk=2.56 total=10.36
[OPROJ_INNER] slicewait=0.40 mfma=4.00 bar=1.60 rmsnorm_router=1.48 topk=1.08 total=8.56
[OPROJ_INNER] slicewait=0.40 mfma=3.96 bar=2.00 rmsnorm_router=1.48 topk=6.84 total=14.68
[OPROJ_INNER] slicewait=0.40 mfma=3.96 bar=1.68 rmsnorm_router=1.52 topk=0.44 total=8.00
[OPROJ_INNER] slicewait=0.40 mfma=3.96 bar=1.88 rmsnorm_router=1.60 topk=3.80 total=11.64
[BAR_OBS] ep=66 xcd=0 drain=0.480 l1=0.320 wait=1.040 acq=0.080 obs=19135326999625 bar=1.920
[OPROJ_INNER] slicewait=0.44 mfma=3.96 bar=1.72 rmsnorm_router=1.52 topk=1.44 total=9.08
[BAR_ARR] ep=66 xcd=0 l1=0.320 l2=0.320
[BAR_OBS] ep=66 xcd=1 drain=0.440 l1=0.280 wait=1.080 acq=0.080 obs=19135326999623 bar=1.880
[OPROJ_INNER] slicewait=0.44 mfma=3.92 bar=1.72 rmsnorm_router=1.48 topk=1.72 total=9.28
[BAR_ARR] ep=66 xcd=1 l1=0.280 l2=0.360
[BAR_OBS] ep=66 xcd=3 drain=0.480 l1=0.280 wait=1.160 acq=0.080 obs=19135326999647 bar=2.000
[BAR_OBS] ep=66 xcd=2 drain=0.480 l1=0.320 wait=1.000 acq=0.080 obs=19135326999627 bar=1.880
[BAR_OBS] ep=66 xcd=7 drain=0.480 l1=0.200 wait=0.920 acq=0.080 obs=19135326999607 bar=1.680
[BAR_ARR] ep=66 xcd=2 l1=0.320 l2=0.360
[BAR_OBS] ep=66 xcd=5 drain=0.400 l1=0.200 wait=0.920 acq=0.080 obs=19135326999609 bar=1.600
[BAR_ARR] ep=66 xcd=3 l1=0.280 l2=0.360
[BAR_ARR] ep=66 xcd=7 l1=0.200 l2=0.240
[BAR_REL] ep=66 xcd=3 rel=19135326999615
[BAR_ARR] ep=66 xcd=5 l1=0.200 l2=0.280
[BAR_OBS] ep=66 xcd=4 drain=0.440 l1=0.240 wait=0.960 acq=0.080 obs=19135326999614 bar=1.720
[BAR_OBS] ep=66 xcd=6 drain=0.520 l1=0.200 wait=0.920 acq=0.080 obs=19135326999612 bar=1.720
[BAR_ARR] ep=66 xcd=4 l1=0.240 l2=0.280
[BAR_ARR] ep=66 xcd=6 l1=0.200 l2=0.280
[OPROJ_INNER] slicewait=0.40 mfma=4.00 bar=1.52 rmsnorm_router=1.48 topk=0.44 total=7.84
[OPROJ_INNER] slicewait=0.40 mfma=4.00 bar=1.76 rmsnorm_router=1.44 topk=3.32 total=10.92
[OPROJ_INNER] slicewait=0.40 mfma=4.00 bar=1.56 rmsnorm_router=1.48 topk=1.52 total=8.96
[BAR_OBS] ep=67 xcd=5 drain=0.400 l1=0.200 wait=0.840 acq=0.080 obs=19135327258409 bar=1.520
[OPROJ_INNER] slicewait=0.40 mfma=3.96 bar=1.72 rmsnorm_router=1.56 topk=2.20 total=9.84
[OPROJ_INNER] slicewait=0.40 mfma=4.04 bar=1.72 rmsnorm_router=1.56 topk=2.20 total=9.92
[BAR_OBS] ep=67 xcd=6 drain=0.480 l1=0.240 wait=0.960 acq=0.080 obs=19135327258444 bar=1.760
[BAR_ARR] ep=67 xcd=5 l1=0.200 l2=0.240
[OPROJ_INNER] slicewait=0.40 mfma=3.92 bar=1.80 rmsnorm_router=1.56 topk=3.80 total=11.48
[OPROJ_INNER] slicewait=0.40 mfma=3.96 bar=1.72 rmsnorm_router=1.64 topk=3.76 total=11.48
[OPROJ_INNER] slicewait=0.44 mfma=3.96 bar=1.60 rmsnorm_router=1.52 topk=0.40 total=7.92
[BAR_OBS] ep=67 xcd=4 drain=0.400 l1=0.240 wait=0.840 acq=0.080 obs=19135327258414 bar=1.560
[BAR_OBS] ep=67 xcd=1 drain=0.480 l1=0.280 wait=0.880 acq=0.080 obs=19135327258423 bar=1.720
[BAR_OBS] ep=67 xcd=0 drain=0.480 l1=0.280 wait=0.920 acq=0.040 obs=19135327258429 bar=1.720
[BAR_ARR] ep=67 xcd=1 l1=0.280 l2=0.320
[BAR_OBS] ep=67 xcd=3 drain=0.440 l1=0.280 wait=0.920 acq=0.080 obs=19135327258423 bar=1.720
[BAR_ARR] ep=67 xcd=6 l1=0.240 l2=0.240
[BAR_ARR] ep=67 xcd=3 l1=0.280 l2=0.360
[BAR_ARR] ep=67 xcd=0 l1=0.280 l2=0.400
[BAR_ARR] ep=67 xcd=4 l1=0.240 l2=0.280
[BAR_OBS] ep=67 xcd=2 drain=0.480 l1=0.320 wait=0.920 acq=0.080 obs=19135327258427 bar=1.800
[BAR_OBS] ep=67 xcd=7 drain=0.440 l1=0.240 wait=0.840 acq=0.080 obs=19135327258411 bar=1.600
[BAR_REL] ep=67 xcd=6 rel=19135327258416
[BAR_ARR] ep=67 xcd=2 l1=0.320 l2=0.360
[BAR_ARR] ep=67 xcd=7 l1=0.240 l2=0.240
[OPROJ_INNER] slicewait=0.40 mfma=4.04 bar=1.80 rmsnorm_router=1.68 topk=3.84 total=11.76
[OPROJ_INNER] slicewait=0.44 mfma=3.96 bar=1.96 rmsnorm_router=1.56 topk=3.28 total=11.20
[OPROJ_INNER] slicewait=0.40 mfma=3.96 bar=1.56 rmsnorm_router=1.48 topk=0.40 total=7.80
[OPROJ_INNER] slicewait=0.40 mfma=3.92 bar=1.80 rmsnorm_router=1.48 topk=0.56 total=8.16
[OPROJ_INNER] slicewait=0.44 mfma=4.04 bar=1.96 rmsnorm_router=1.52 topk=7.92 total=15.88
[BAR_OBS] ep=68 xcd=2 drain=0.480 l1=0.280 wait=1.000 acq=0.040 obs=19135327519627 bar=1.800
[BAR_OBS] ep=68 xcd=0 drain=0.440 l1=0.280 wait=1.160 acq=0.080 obs=19135327519625 bar=1.960
[OPROJ_INNER] slicewait=0.44 mfma=3.92 bar=1.80 rmsnorm_router=1.52 topk=1.04 total=8.72
[BAR_ARR] ep=68 xcd=0 l1=0.280 l2=0.360
[OPROJ_INNER] slicewait=0.40 mfma=4.00 bar=1.88 rmsnorm_router=1.56 topk=2.04 total=9.88
[BAR_OBS] ep=68 xcd=7 drain=0.440 l1=0.200 wait=0.880 acq=0.040 obs=19135327519607 bar=1.560
[BAR_OBS] ep=68 xcd=3 drain=0.440 l1=0.320 wait=1.160 acq=0.040 obs=19135327519647 bar=1.960
[BAR_ARR] ep=68 xcd=7 l1=0.200 l2=0.280
[BAR_ARR] ep=68 xcd=3 l1=0.320 l2=0.320
[BAR_ARR] ep=68 xcd=2 l1=0.280 l2=0.360
[BAR_REL] ep=68 xcd=3 rel=19135327519615
[BAR_OBS] ep=68 xcd=1 drain=0.480 l1=0.280 wait=1.080 acq=0.040 obs=19135327519623 bar=1.880
[BAR_OBS] ep=68 xcd=5 drain=0.360 l1=0.200 wait=1.200 acq=0.040 obs=19135327519609 bar=1.800
[BAR_OBS] ep=68 xcd=6 drain=0.480 l1=0.200 wait=1.040 acq=0.080 obs=19135327519608 bar=1.800
[BAR_ARR] ep=68 xcd=1 l1=0.280 l2=0.360
[BAR_ARR] ep=68 xcd=5 l1=0.200 l2=0.240
[OPROJ_INNER] slicewait=0.40 mfma=3.96 bar=1.76 rmsnorm_router=1.52 topk=1.80 total=9.44
[BAR_ARR] ep=68 xcd=6 l1=0.200 l2=0.280
[BAR_OBS] ep=68 xcd=4 drain=0.400 l1=0.240 wait=1.040 acq=0.080 obs=19135327519610 bar=1.760
[BAR_ARR] ep=68 xcd=4 l1=0.240 l2=0.280
[OPROJ_INNER] slicewait=0.40 mfma=3.96 bar=1.84 rmsnorm_router=1.60 topk=2.24 total=10.04
[OPROJ_INNER] slicewait=0.44 mfma=3.92 bar=1.80 rmsnorm_router=1.64 topk=3.24 total=11.04
[OPROJ_INNER] slicewait=0.40 mfma=3.96 bar=2.04 rmsnorm_router=1.44 topk=3.56 total=11.40
[BAR_OBS] ep=69 xcd=1 drain=0.480 l1=0.280 wait=1.000 acq=0.080 obs=19135327793367 bar=1.840
[OPROJ_INNER] slicewait=0.40 mfma=4.00 bar=1.64 rmsnorm_router=1.48 topk=1.00 total=8.52
[BAR_ARR] ep=69 xcd=1 l1=0.280 l2=0.320
[OPROJ_INNER] slicewait=0.40 mfma=4.00 bar=1.68 rmsnorm_router=1.52 topk=1.56 total=9.16
[BAR_OBS] ep=69 xcd=2 drain=0.520 l1=0.280 wait=1.160 acq=0.080 obs=19135327793391 bar=2.040
[BAR_OBS] ep=69 xcd=3 drain=0.440 l1=0.280 wait=1.040 acq=0.040 obs=19135327793375 bar=1.800
[OPROJ_INNER] slicewait=0.40 mfma=4.00 bar=1.84 rmsnorm_router=1.56 topk=2.40 total=10.20
[BAR_ARR] ep=69 xcd=3 l1=0.280 l2=0.360
[OPROJ_INNER] slicewait=0.40 mfma=3.96 bar=1.72 rmsnorm_router=1.44 topk=0.56 total=8.08
[BAR_ARR] ep=69 xcd=2 l1=0.280 l2=0.360
[OPROJ_INNER] slicewait=0.44 mfma=3.92 bar=1.76 rmsnorm_router=1.56 topk=1.36 total=9.04
[BAR_OBS] ep=69 xcd=0 drain=0.440 l1=0.320 wait=1.040 acq=0.040 obs=19135327793373 bar=1.840
[BAR_REL] ep=69 xcd=2 rel=19135327793363
[BAR_OBS] ep=69 xcd=7 drain=0.440 l1=0.200 wait=1.000 acq=0.080 obs=19135327793355 bar=1.720
[BAR_ARR] ep=69 xcd=0 l1=0.320 l2=0.320
[BAR_OBS] ep=69 xcd=5 drain=0.360 l1=0.240 wait=0.960 acq=0.080 obs=19135327793357 bar=1.640
[BAR_ARR] ep=69 xcd=7 l1=0.200 l2=0.240
[BAR_OBS] ep=69 xcd=4 drain=0.400 l1=0.240 wait=1.000 acq=0.040 obs=19135327793362 bar=1.680
[BAR_ARR] ep=69 xcd=5 l1=0.240 l2=0.240
[BAR_OBS] ep=69 xcd=6 drain=0.480 l1=0.200 wait=1.040 acq=0.040 obs=19135327793360 bar=1.760
[BAR_ARR] ep=69 xcd=4 l1=0.240 l2=0.280
[BAR_ARR] ep=69 xcd=6 l1=0.200 l2=0.280
[OPROJ_INNER] slicewait=0.40 mfma=3.96 bar=2.00 rmsnorm_router=1.64 topk=3.84 total=11.84
[OPROJ_INNER] slicewait=0.44 mfma=3.92 bar=1.88 rmsnorm_router=1.48 topk=1.00 total=8.72
[OPROJ_INNER] slicewait=0.44 mfma=4.00 bar=2.04 rmsnorm_router=1.48 topk=7.76 total=15.72
[OPROJ_INNER] slicewait=0.40 mfma=4.00 bar=1.84 rmsnorm_router=1.44 topk=1.56 total=9.24
[OPROJ_INNER] slicewait=0.44 mfma=3.96 bar=1.88 rmsnorm_router=1.56 topk=2.12 total=9.96
[OPROJ_INNER] slicewait=0.44 mfma=4.00 bar=1.84 rmsnorm_router=1.56 topk=2.48 total=10.32
[BAR_OBS] ep=70 xcd=0 drain=0.480 l1=0.280 wait=1.160 acq=0.080 obs=19135328045985 bar=2.000
[BAR_OBS] ep=70 xcd=6 drain=0.480 l1=0.200 wait=1.080 acq=0.080 obs=19135328045984 bar=1.840
[BAR_ARR] ep=70 xcd=0 l1=0.280 l2=0.360
[OPROJ_INNER] slicewait=0.40 mfma=3.92 bar=1.80 rmsnorm_router=1.48 topk=0.84 total=8.44
[BAR_OBS] ep=70 xcd=2 drain=0.480 l1=0.320 wait=1.160 acq=0.080 obs=19135328046007 bar=2.040
[BAR_ARR] ep=70 xcd=6 l1=0.200 l2=0.280
[BAR_ARR] ep=70 xcd=2 l1=0.320 l2=0.360
[BAR_OBS] ep=70 xcd=1 drain=0.440 l1=0.280 wait=1.120 acq=0.040 obs=19135328045983 bar=1.880
[BAR_REL] ep=70 xcd=2 rel=19135328045975
[BAR_OBS] ep=70 xcd=7 drain=0.480 l1=0.200 wait=1.120 acq=0.080 obs=19135328045971 bar=1.880
[BAR_ARR] ep=70 xcd=1 l1=0.280 l2=0.360
[BAR_OBS] ep=70 xcd=5 drain=0.360 l1=0.200 wait=1.200 acq=0.040 obs=19135328045973 bar=1.800
[BAR_OBS] ep=70 xcd=3 drain=0.480 l1=0.280 wait=1.040 acq=0.040 obs=19135328045987 bar=1.840
[BAR_ARR] ep=70 xcd=7 l1=0.200 l2=0.240
[BAR_ARR] ep=70 xcd=3 l1=0.280 l2=0.360
[OPROJ_INNER] slicewait=0.40 mfma=4.00 bar=1.80 rmsnorm_router=1.48 topk=1.32 total=9.00
[BAR_ARR] ep=70 xcd=5 l1=0.200 l2=0.280
[BAR_OBS] ep=70 xcd=4 drain=0.400 l1=0.240 wait=1.080 acq=0.080 obs=19135328045974 bar=1.800
[BAR_ARR] ep=70 xcd=4 l1=0.240 l2=0.240
[OPROJ_INNER] slicewait=0.40 mfma=3.88 bar=1.88 rmsnorm_router=1.60 topk=3.52 total=11.28
[OPROJ_INNER] slicewait=0.44 mfma=3.88 bar=1.76 rmsnorm_router=1.56 topk=2.48 total=10.12
[BAR_OBS] ep=71 xcd=0 drain=0.480 l1=0.280 wait=1.040 acq=0.080 obs=19135328314177 bar=1.880
[OPROJ_INNER] slicewait=0.40 mfma=3.88 bar=1.68 rmsnorm_router=1.48 topk=1.60 total=9.04
[OPROJ_INNER] slicewait=0.40 mfma=3.88 bar=2.00 rmsnorm_router=1.44 topk=7.92 total=15.64
[OPROJ_INNER] slicewait=0.40 mfma=3.96 bar=1.64 rmsnorm_router=1.48 topk=1.44 total=8.92
[OPROJ_INNER] slicewait=0.40 mfma=3.96 bar=1.80 rmsnorm_router=1.56 topk=2.32 total=10.04
[OPROJ_INNER] slicewait=0.40 mfma=4.00 bar=1.64 rmsnorm_router=1.44 topk=1.28 total=8.76
[BAR_ARR] ep=71 xcd=0 l1=0.280 l2=0.360
[OPROJ_INNER] slicewait=0.44 mfma=3.92 bar=1.56 rmsnorm_router=1.48 topk=0.44 total=7.84
[BAR_OBS] ep=71 xcd=3 drain=0.480 l1=0.280 wait=0.920 acq=0.080 obs=19135328314175 bar=1.760
[BAR_OBS] ep=71 xcd=1 drain=0.440 l1=0.280 wait=1.000 acq=0.080 obs=19135328314175 bar=1.800
[BAR_OBS] ep=71 xcd=2 drain=0.480 l1=0.320 wait=1.160 acq=0.040 obs=19135328314199 bar=2.000
[BAR_ARR] ep=71 xcd=1 l1=0.280 l2=0.320
[BAR_ARR] ep=71 xcd=2 l1=0.320 l2=0.360
[BAR_ARR] ep=71 xcd=3 l1=0.280 l2=0.320
[BAR_REL] ep=71 xcd=2 rel=19135328314167
[BAR_OBS] ep=71 xcd=6 drain=0.480 l1=0.240 wait=0.880 acq=0.080 obs=19135328314164 bar=1.680
[BAR_OBS] ep=71 xcd=4 drain=0.400 l1=0.240 wait=0.920 acq=0.080 obs=19135328314166 bar=1.640
[BAR_ARR] ep=71 xcd=6 l1=0.240 l2=0.280
[BAR_OBS] ep=71 xcd=7 drain=0.440 l1=0.200 wait=0.840 acq=0.080 obs=19135328314159 bar=1.560
[BAR_ARR] ep=71 xcd=4 l1=0.240 l2=0.280
[BAR_OBS] ep=71 xcd=5 drain=0.360 l1=0.240 wait=0.960 acq=0.080 obs=19135328314165 bar=1.640
[BAR_ARR] ep=71 xcd=7 l1=0.200 l2=0.240
[BAR_ARR] ep=71 xcd=5 l1=0.240 l2=0.240
[OPROJ_INNER] slicewait=0.44 mfma=3.96 bar=1.96 rmsnorm_router=1.60 topk=3.84 total=11.80
[OPROJ_INNER] slicewait=0.40 mfma=4.04 bar=1.96 rmsnorm_router=1.44 topk=7.12 total=14.96
[OPROJ_INNER] slicewait=0.40 mfma=4.00 bar=1.92 rmsnorm_router=1.56 topk=2.20 total=10.08
[OPROJ_INNER] slicewait=0.44 mfma=3.96 bar=1.88 rmsnorm_router=1.60 topk=2.84 total=10.72
[OPROJ_INNER] slicewait=0.40 mfma=4.00 bar=1.76 rmsnorm_router=1.52 topk=1.64 total=9.32
[OPROJ_INNER] slicewait=0.40 mfma=3.92 bar=1.72 rmsnorm_router=1.48 topk=0.48 total=8.00
[OPROJ_INNER] slicewait=0.40 mfma=4.08 bar=1.64 rmsnorm_router=1.52 topk=0.72 total=8.36
[OPROJ_INNER] slicewait=0.36 mfma=3.92 bar=1.84 rmsnorm_router=1.48 topk=1.48 total=9.08
[BAR_OBS] ep=72 xcd=3 drain=0.480 l1=0.320 wait=1.000 acq=0.080 obs=19135328570339 bar=1.880
[BAR_OBS] ep=72 xcd=2 drain=0.440 l1=0.320 wait=1.160 acq=0.040 obs=19135328570363 bar=1.960
[BAR_OBS] ep=72 xcd=1 drain=0.440 l1=0.280 wait=1.120 acq=0.080 obs=19135328570339 bar=1.920
[BAR_ARR] ep=72 xcd=3 l1=0.320 l2=0.320
[BAR_ARR] ep=72 xcd=1 l1=0.280 l2=0.320
[BAR_OBS] ep=72 xcd=6 drain=0.480 l1=0.200 wait=1.000 acq=0.080 obs=19135328570328 bar=1.760
[BAR_ARR] ep=72 xcd=2 l1=0.320 l2=0.360
[BAR_REL] ep=72 xcd=2 rel=19135328570331
[BAR_OBS] ep=72 xcd=0 drain=0.440 l1=0.320 wait=1.120 acq=0.080 obs=19135328570341 bar=1.960
[BAR_ARR] ep=72 xcd=0 l1=0.320 l2=0.320
[BAR_ARR] ep=72 xcd=6 l1=0.200 l2=0.280
[BAR_OBS] ep=72 xcd=7 drain=0.440 l1=0.200 wait=0.920 acq=0.080 obs=19135328570327 bar=1.640
[BAR_OBS] ep=72 xcd=5 drain=0.360 l1=0.240 wait=1.040 acq=0.080 obs=19135328570325 bar=1.720
[BAR_OBS] ep=72 xcd=4 drain=0.400 l1=0.240 wait=1.120 acq=0.080 obs=19135328570330 bar=1.840
[BAR_ARR] ep=72 xcd=5 l1=0.240 l2=0.240
[BAR_ARR] ep=72 xcd=7 l1=0.200 l2=0.280
[BAR_ARR] ep=72 xcd=4 l1=0.240 l2=0.280
[OPROJ_INNER] slicewait=0.36 mfma=4.00 bar=1.76 rmsnorm_router=1.60 topk=2.64 total=10.36
[OPROJ_INNER] slicewait=0.40 mfma=3.92 bar=1.88 rmsnorm_router=1.48 topk=2.60 total=10.28
[OPROJ_INNER] slicewait=0.40 mfma=3.92 bar=2.00 rmsnorm_router=1.44 topk=7.76 total=15.52
[OPROJ_INNER] slicewait=0.40 mfma=3.88 bar=1.76 rmsnorm_router=1.48 topk=1.24 total=8.76
[OPROJ_INNER] slicewait=0.40 mfma=3.92 bar=1.84 rmsnorm_router=1.52 topk=2.76 total=10.44
[OPROJ_INNER] slicewait=0.44 mfma=3.88 bar=1.64 rmsnorm_router=1.48 topk=1.32 total=8.76
[OPROJ_INNER] slicewait=0.40 mfma=3.96 bar=1.68 rmsnorm_router=1.44 topk=0.40 total=7.88
[BAR_OBS] ep=73 xcd=0 drain=0.440 l1=0.320 wait=1.040 acq=0.080 obs=19135328841309 bar=1.880
[BAR_OBS] ep=73 xcd=1 drain=0.440 l1=0.280 wait=0.960 acq=0.080 obs=19135328841303 bar=1.760
[BAR_OBS] ep=73 xcd=5 drain=0.400 l1=0.200 wait=1.080 acq=0.080 obs=19135328841293 bar=1.760
[BAR_OBS] ep=73 xcd=2 drain=0.480 l1=0.280 wait=1.160 acq=0.080 obs=19135328841327 bar=2.000
[OPROJ_INNER] slicewait=0.40 mfma=3.92 bar=1.72 rmsnorm_router=1.52 topk=1.20 total=8.76
[BAR_OBS] ep=73 xcd=3 drain=0.480 l1=0.280 wait=1.000 acq=0.080 obs=19135328841307 bar=1.840
[BAR_OBS] ep=73 xcd=7 drain=0.440 l1=0.200 wait=0.960 acq=0.080 obs=19135328841291 bar=1.680
[BAR_ARR] ep=73 xcd=0 l1=0.320 l2=0.360
[BAR_ARR] ep=73 xcd=1 l1=0.280 l2=0.320
[BAR_ARR] ep=73 xcd=2 l1=0.280 l2=0.360
[BAR_ARR] ep=73 xcd=3 l1=0.280 l2=0.360
[BAR_REL] ep=73 xcd=2 rel=19135328841299
[BAR_ARR] ep=73 xcd=5 l1=0.200 l2=0.280
[BAR_ARR] ep=73 xcd=7 l1=0.200 l2=0.240
[BAR_OBS] ep=73 xcd=4 drain=0.400 l1=0.240 wait=0.920 acq=0.080 obs=19135328841294 bar=1.640
[BAR_OBS] ep=73 xcd=6 drain=0.480 l1=0.240 wait=0.960 acq=0.040 obs=19135328841296 bar=1.720
[BAR_ARR] ep=73 xcd=4 l1=0.240 l2=0.280
[BAR_ARR] ep=73 xcd=6 l1=0.240 l2=0.240
[OPROJ_INNER] slicewait=0.36 mfma=4.00 bar=1.96 rmsnorm_router=1.56 topk=2.48 total=10.36
[OPROJ_INNER] slicewait=0.44 mfma=3.96 bar=2.08 rmsnorm_router=1.48 topk=7.76 total=15.72
[OPROJ_INNER] slicewait=0.40 mfma=4.00 bar=1.96 rmsnorm_router=1.56 topk=2.92 total=10.84
[OPROJ_INNER] slicewait=0.44 mfma=3.92 bar=1.92 rmsnorm_router=1.60 topk=2.96 total=10.84
[OPROJ_INNER] slicewait=0.40 mfma=3.96 bar=1.72 rmsnorm_router=1.52 topk=0.68 total=8.28
[OPROJ_INNER] slicewait=0.40 mfma=4.00 bar=1.76 rmsnorm_router=1.52 topk=1.80 total=9.48
[OPROJ_INNER] slicewait=0.40 mfma=3.96 bar=1.64 rmsnorm_router=1.48 topk=1.48 total=8.96
[BAR_OBS] ep=74 xcd=0 drain=0.480 l1=0.280 wait=1.160 acq=0.040 obs=19135329118881 bar=1.960
[BAR_OBS] ep=74 xcd=3 drain=0.480 l1=0.280 wait=1.120 acq=0.040 obs=19135329118879 bar=1.920
[BAR_ARR] ep=74 xcd=0 l1=0.280 l2=0.360
[BAR_ARR] ep=74 xcd=3 l1=0.280 l2=0.360
[OPROJ_INNER] slicewait=0.40 mfma=3.96 bar=1.76 rmsnorm_router=1.52 topk=0.40 total=8.04
[BAR_OBS] ep=74 xcd=5 drain=0.400 l1=0.200 wait=1.040 acq=0.080 obs=19135329118861 bar=1.720
[BAR_OBS] ep=74 xcd=1 drain=0.440 l1=0.280 wait=1.160 acq=0.080 obs=19135329118875 bar=1.960
[BAR_ARR] ep=74 xcd=1 l1=0.280 l2=0.320
[BAR_ARR] ep=74 xcd=5 l1=0.200 l2=0.240
[BAR_OBS] ep=74 xcd=7 drain=0.440 l1=0.240 wait=1.040 acq=0.040 obs=19135329118863 bar=1.760
[BAR_OBS] ep=74 xcd=2 drain=0.520 l1=0.320 wait=1.160 acq=0.080 obs=19135329118899 bar=2.080
[BAR_OBS] ep=74 xcd=4 drain=0.400 l1=0.240 wait=1.040 acq=0.080 obs=19135329118866 bar=1.760
[BAR_ARR] ep=74 xcd=2 l1=0.320 l2=0.360
[BAR_ARR] ep=74 xcd=7 l1=0.240 l2=0.240
[BAR_REL] ep=74 xcd=2 rel=19135329118871
[BAR_ARR] ep=74 xcd=4 l1=0.240 l2=0.280
[BAR_OBS] ep=74 xcd=6 drain=0.480 l1=0.200 wait=0.880 acq=0.080 obs=19135329118864 bar=1.640
[BAR_ARR] ep=74 xcd=6 l1=0.200 l2=0.240
[OPROJ_INNER] slicewait=0.44 mfma=4.00 bar=1.60 rmsnorm_router=1.48 topk=0.60 total=8.12
[OPROJ_INNER] slicewait=0.44 mfma=3.84 bar=1.84 rmsnorm_router=1.64 topk=3.88 total=11.64
[OPROJ_INNER] slicewait=0.40 mfma=3.92 bar=1.92 rmsnorm_router=1.52 topk=2.80 total=10.56
[OPROJ_INNER] slicewait=0.40 mfma=3.96 bar=1.84 rmsnorm_router=1.56 topk=2.44 total=10.20
[BAR_OBS] ep=75 xcd=2 drain=0.480 l1=0.320 wait=1.000 acq=0.040 obs=19135329385183 bar=1.840
[OPROJ_INNER] slicewait=0.40 mfma=4.00 bar=1.76 rmsnorm_router=1.48 topk=3.40 total=11.04
[OPROJ_INNER] slicewait=0.40 mfma=3.92 bar=1.72 rmsnorm_router=1.48 topk=0.96 total=8.48
[BAR_ARR] ep=75 xcd=2 l1=0.320 l2=0.360
[OPROJ_INNER] slicewait=0.40 mfma=3.92 bar=1.84 rmsnorm_router=1.56 topk=3.04 total=10.76
[BAR_OBS] ep=75 xcd=0 drain=0.440 l1=0.320 wait=1.080 acq=0.080 obs=19135329385181 bar=1.920
[BAR_OBS] ep=75 xcd=7 drain=0.480 l1=0.200 wait=0.880 acq=0.040 obs=19135329385167 bar=1.600
[BAR_ARR] ep=75 xcd=0 l1=0.320 l2=0.360
[BAR_OBS] ep=75 xcd=1 drain=0.440 l1=0.280 wait=1.040 acq=0.080 obs=19135329385179 bar=1.840
[OPROJ_INNER] slicewait=0.36 mfma=3.96 bar=1.72 rmsnorm_router=1.52 topk=1.16 total=8.72
[BAR_ARR] ep=75 xcd=7 l1=0.200 l2=0.240
[BAR_ARR] ep=75 xcd=1 l1=0.280 l2=0.360
[BAR_OBS] ep=75 xcd=4 drain=0.440 l1=0.200 wait=1.000 acq=0.080 obs=19135329385170 bar=1.720
[BAR_OBS] ep=75 xcd=6 drain=0.480 l1=0.240 wait=1.000 acq=0.040 obs=19135329385200 bar=1.760
[BAR_OBS] ep=75 xcd=5 drain=0.360 l1=0.240 wait=1.040 acq=0.080 obs=19135329385165 bar=1.720
[BAR_OBS] ep=75 xcd=3 drain=0.480 l1=0.280 wait=1.000 acq=0.080 obs=19135329385179 bar=1.840
[BAR_ARR] ep=75 xcd=4 l1=0.200 l2=0.280
[BAR_ARR] ep=75 xcd=3 l1=0.280 l2=0.320
[BAR_ARR] ep=75 xcd=5 l1=0.240 l2=0.240
[BAR_ARR] ep=75 xcd=6 l1=0.240 l2=0.240
[BAR_REL] ep=75 xcd=6 rel=19135329385168
[OPROJ_INNER] slicewait=0.44 mfma=3.92 bar=1.84 rmsnorm_router=1.60 topk=2.08 total=9.88
[OPROJ_INNER] slicewait=0.36 mfma=4.00 bar=1.88 rmsnorm_router=1.60 topk=2.92 total=10.76
[OPROJ_INNER] slicewait=0.40 mfma=3.92 bar=1.76 rmsnorm_router=1.48 topk=1.36 total=8.92
[OPROJ_INNER] slicewait=0.40 mfma=4.04 bar=1.88 rmsnorm_router=1.60 topk=3.20 total=11.12
[OPROJ_INNER] slicewait=0.44 mfma=4.00 bar=2.00 rmsnorm_router=1.40 topk=3.80 total=11.64
[OPROJ_INNER] slicewait=0.40 mfma=3.92 bar=1.64 rmsnorm_router=1.52 topk=0.84 total=8.32
[BAR_OBS] ep=76 xcd=3 drain=0.480 l1=0.320 wait=0.960 acq=0.080 obs=19135329642639 bar=1.840
[BAR_OBS] ep=76 xcd=2 drain=0.480 l1=0.280 wait=1.040 acq=0.080 obs=19135329642643 bar=1.880
[BAR_OBS] ep=76 xcd=5 drain=0.400 l1=0.200 wait=1.080 acq=0.080 obs=19135329642629 bar=1.760
[BAR_ARR] ep=76 xcd=3 l1=0.320 l2=0.320
[OPROJ_INNER] slicewait=0.40 mfma=3.96 bar=1.80 rmsnorm_router=1.44 topk=0.40 total=8.00
[BAR_OBS] ep=76 xcd=1 drain=0.440 l1=0.280 wait=1.080 acq=0.080 obs=19135329642643 bar=1.880
[BAR_ARR] ep=76 xcd=1 l1=0.280 l2=0.320
[BAR_ARR] ep=76 xcd=2 l1=0.280 l2=0.360
[BAR_OBS] ep=76 xcd=0 drain=0.480 l1=0.280 wait=1.160 acq=0.080 obs=19135329642665 bar=2.000
[OPROJ_INNER] slicewait=0.44 mfma=3.92 bar=1.76 rmsnorm_router=1.52 topk=1.44 total=9.08
[BAR_ARR] ep=76 xcd=0 l1=0.280 l2=0.360
[BAR_ARR] ep=76 xcd=5 l1=0.200 l2=0.280
[BAR_REL] ep=76 xcd=0 rel=19135329642637
[BAR_OBS] ep=76 xcd=7 drain=0.440 l1=0.200 wait=1.080 acq=0.080 obs=19135329642627 bar=1.800
[BAR_OBS] ep=76 xcd=6 drain=0.480 l1=0.200 wait=0.920 acq=0.040 obs=19135329642632 bar=1.640
[BAR_ARR] ep=76 xcd=7 l1=0.200 l2=0.240
[BAR_OBS] ep=76 xcd=4 drain=0.400 l1=0.240 wait=1.080 acq=0.040 obs=19135329642634 bar=1.760
[BAR_ARR] ep=76 xcd=6 l1=0.200 l2=0.280
[BAR_ARR] ep=76 xcd=4 l1=0.240 l2=0.280
[OPROJ_INNER] slicewait=0.40 mfma=3.96 bar=1.92 rmsnorm_router=1.60 topk=3.56 total=11.44
[OPROJ_INNER] slicewait=0.40 mfma=3.96 bar=2.00 rmsnorm_router=1.44 topk=7.44 total=15.24
[OPROJ_INNER] slicewait=0.40 mfma=3.92 bar=1.80 rmsnorm_router=1.56 topk=2.64 total=10.32
[OPROJ_INNER] slicewait=0.40 mfma=3.96 bar=1.68 rmsnorm_router=1.44 topk=0.40 total=7.88
[OPROJ_INNER] slicewait=0.36 mfma=4.04 bar=1.64 rmsnorm_router=1.52 topk=1.96 total=9.52
[BAR_OBS] ep=77 xcd=2 drain=0.440 l1=0.320 wait=1.160 acq=0.080 obs=19135329901071 bar=2.000
[OPROJ_INNER] slicewait=0.40 mfma=4.00 bar=1.76 rmsnorm_router=1.56 topk=2.52 total=10.24
[OPROJ_INNER] slicewait=0.40 mfma=3.96 bar=1.68 rmsnorm_router=1.48 topk=0.36 total=7.88
[BAR_ARR] ep=77 xcd=2 l1=0.320 l2=0.360
[BAR_OBS] ep=77 xcd=0 drain=0.440 l1=0.320 wait=1.080 acq=0.080 obs=19135329901053 bar=1.920
[BAR_OBS] ep=77 xcd=3 drain=0.480 l1=0.280 wait=0.960 acq=0.080 obs=19135329901051 bar=1.800
[BAR_OBS] ep=77 xcd=5 drain=0.400 l1=0.240 wait=0.960 acq=0.080 obs=19135329901037 bar=1.680
[BAR_OBS] ep=77 xcd=1 drain=0.440 l1=0.280 wait=1.000 acq=0.040 obs=19135329901051 bar=1.760
[BAR_ARR] ep=77 xcd=0 l1=0.320 l2=0.360
[BAR_OBS] ep=77 xcd=4 drain=0.440 l1=0.240 wait=0.880 acq=0.080 obs=19135329901042 bar=1.640
[BAR_REL] ep=77 xcd=2 rel=19135329901043
[BAR_ARR] ep=77 xcd=1 l1=0.280 l2=0.360
[OPROJ_INNER] slicewait=0.40 mfma=3.88 bar=1.80 rmsnorm_router=1.48 topk=1.24 total=8.80
[BAR_ARR] ep=77 xcd=5 l1=0.240 l2=0.240
[BAR_ARR] ep=77 xcd=3 l1=0.280 l2=0.360
[BAR_OBS] ep=77 xcd=7 drain=0.480 l1=0.200 wait=0.960 acq=0.040 obs=19135329901039 bar=1.680
[BAR_ARR] ep=77 xcd=4 l1=0.240 l2=0.280
[BAR_OBS] ep=77 xcd=6 drain=0.480 l1=0.240 wait=1.000 acq=0.080 obs=19135329901040 bar=1.800
[BAR_ARR] ep=77 xcd=7 l1=0.200 l2=0.240
[BAR_ARR] ep=77 xcd=6 l1=0.240 l2=0.240
[OPROJ_INNER] slicewait=0.40 mfma=4.00 bar=1.64 rmsnorm_router=1.40 topk=0.40 total=7.84
[OPROJ_INNER] slicewait=0.40 mfma=4.00 bar=1.80 rmsnorm_router=1.48 topk=3.56 total=11.24
[OPROJ_INNER] slicewait=0.40 mfma=3.96 bar=1.88 rmsnorm_router=1.56 topk=2.84 total=10.64
[OPROJ_INNER] slicewait=0.44 mfma=3.92 bar=1.80 rmsnorm_router=1.52 topk=3.44 total=11.12
[OPROJ_INNER] slicewait=0.40 mfma=3.92 bar=1.88 rmsnorm_router=1.56 topk=3.24 total=11.00
[OPROJ_INNER] slicewait=0.40 mfma=4.00 bar=1.68 rmsnorm_router=1.52 topk=0.40 total=8.00
[OPROJ_INNER] slicewait=0.36 mfma=4.00 bar=1.92 rmsnorm_router=1.52 topk=2.12 total=9.92
[BAR_OBS] ep=78 xcd=5 drain=0.360 l1=0.240 wait=0.960 acq=0.080 obs=19135330174513 bar=1.640
[OPROJ_INNER] slicewait=0.36 mfma=4.00 bar=1.72 rmsnorm_router=1.48 topk=1.16 total=8.72
[BAR_ARR] ep=78 xcd=5 l1=0.240 l2=0.240
[BAR_OBS] ep=78 xcd=4 drain=0.440 l1=0.240 wait=0.960 acq=0.080 obs=19135330174514 bar=1.720
[BAR_OBS] ep=78 xcd=0 drain=0.440 l1=0.320 wait=1.040 acq=0.080 obs=19135330174525 bar=1.880
[BAR_OBS] ep=78 xcd=1 drain=0.440 l1=0.320 wait=1.080 acq=0.080 obs=19135330174523 bar=1.920
[BAR_OBS] ep=78 xcd=2 drain=0.440 l1=0.320 wait=0.960 acq=0.080 obs=19135330174527 bar=1.800
[BAR_ARR] ep=78 xcd=1 l1=0.320 l2=0.320
[BAR_ARR] ep=78 xcd=2 l1=0.320 l2=0.360
[BAR_ARR] ep=78 xcd=0 l1=0.320 l2=0.360
[BAR_OBS] ep=78 xcd=6 drain=0.480 l1=0.240 wait=1.000 acq=0.080 obs=19135330174544 bar=1.800
[BAR_OBS] ep=78 xcd=3 drain=0.480 l1=0.280 wait=1.040 acq=0.080 obs=19135330174523 bar=1.880
[BAR_OBS] ep=78 xcd=7 drain=0.440 l1=0.200 wait=0.960 acq=0.080 obs=19135330174511 bar=1.680
[BAR_ARR] ep=78 xcd=3 l1=0.280 l2=0.360
[BAR_ARR] ep=78 xcd=6 l1=0.240 l2=0.280
[BAR_ARR] ep=78 xcd=7 l1=0.200 l2=0.280
[BAR_ARR] ep=78 xcd=4 l1=0.240 l2=0.280
[BAR_REL] ep=78 xcd=6 rel=19135330174512
[OPROJ_INNER] slicewait=0.40 mfma=3.96 bar=1.84 rmsnorm_router=1.60 topk=3.88 total=11.68
[OPROJ_INNER] slicewait=0.40 mfma=4.00 bar=1.88 rmsnorm_router=1.56 topk=3.32 total=11.16
[OPROJ_INNER] slicewait=0.40 mfma=4.00 bar=2.00 rmsnorm_router=1.44 topk=7.68 total=15.52
[OPROJ_INNER] slicewait=0.40 mfma=3.92 bar=1.72 rmsnorm_router=1.44 topk=0.36 total=7.84
[OPROJ_INNER] slicewait=0.40 mfma=3.96 bar=1.80 rmsnorm_router=1.52 topk=2.32 total=10.00
[OPROJ_INNER] slicewait=0.40 mfma=4.04 bar=1.60 rmsnorm_router=1.40 topk=0.56 total=8.00
[BAR_OBS] ep=79 xcd=1 drain=0.440 l1=0.280 wait=1.080 acq=0.080 obs=19135330442047 bar=1.880
[OPROJ_INNER] slicewait=0.44 mfma=3.92 bar=1.68 rmsnorm_router=1.48 topk=1.12 total=8.64
[BAR_ARR] ep=79 xcd=1 l1=0.280 l2=0.360
[BAR_OBS] ep=79 xcd=2 drain=0.480 l1=0.280 wait=1.000 acq=0.080 obs=19135330442047 bar=1.840
[BAR_OBS] ep=79 xcd=0 drain=0.480 l1=0.320 wait=1.160 acq=0.040 obs=19135330442069 bar=2.000
[BAR_OBS] ep=79 xcd=3 drain=0.440 l1=0.320 wait=0.960 acq=0.080 obs=19135330442043 bar=1.800
[BAR_ARR] ep=79 xcd=0 l1=0.320 l2=0.320
[BAR_ARR] ep=79 xcd=2 l1=0.280 l2=0.360
[BAR_REL] ep=79 xcd=0 rel=19135330442037
[BAR_ARR] ep=79 xcd=3 l1=0.320 l2=0.320
[BAR_OBS] ep=79 xcd=5 drain=0.360 l1=0.200 wait=0.960 acq=0.080 obs=19135330442033 bar=1.600
[OPROJ_INNER] slicewait=0.40 mfma=3.96 bar=1.72 rmsnorm_router=1.52 topk=1.68 total=9.28
[BAR_ARR] ep=79 xcd=5 l1=0.200 l2=0.240
[BAR_OBS] ep=79 xcd=7 drain=0.480 l1=0.200 wait=0.960 acq=0.080 obs=19135330442027 bar=1.720
[BAR_OBS] ep=79 xcd=6 drain=0.480 l1=0.200 wait=0.920 acq=0.080 obs=19135330442032 bar=1.680
[BAR_ARR] ep=79 xcd=6 l1=0.200 l2=0.280
[BAR_ARR] ep=79 xcd=7 l1=0.200 l2=0.240
[BAR_OBS] ep=79 xcd=4 drain=0.400 l1=0.240 wait=1.000 acq=0.080 obs=19135330442034 bar=1.720
[BAR_ARR] ep=79 xcd=4 l1=0.240 l2=0.280
[OPROJ_INNER] slicewait=0.40 mfma=3.96 bar=1.80 rmsnorm_router=1.52 topk=2.16 total=9.84
[OPROJ_INNER] slicewait=0.40 mfma=4.00 bar=1.88 rmsnorm_router=1.52 topk=3.04 total=10.84
[OPROJ_INNER] slicewait=0.40 mfma=3.96 bar=2.00 rmsnorm_router=1.48 topk=7.08 total=14.92
[OPROJ_INNER] slicewait=0.44 mfma=3.96 bar=1.64 rmsnorm_router=1.48 topk=0.84 total=8.36
[OPROJ_INNER] slicewait=0.40 mfma=3.96 bar=1.76 rmsnorm_router=1.60 topk=2.92 total=10.64
[OPROJ_INNER] slicewait=0.40 mfma=4.00 bar=1.60 rmsnorm_router=1.44 topk=0.40 total=7.84
[BAR_OBS] ep=80 xcd=1 drain=0.440 l1=0.280 wait=1.000 acq=0.080 obs=19135330703307 bar=1.800
[BAR_OBS] ep=80 xcd=2 drain=0.480 l1=0.320 wait=1.120 acq=0.080 obs=19135330703331 bar=2.000
[OPROJ_INNER] slicewait=0.44 mfma=4.00 bar=1.60 rmsnorm_router=1.52 topk=1.40 total=8.96
[BAR_OBS] ep=80 xcd=5 drain=0.360 l1=0.240 wait=0.960 acq=0.080 obs=19135330703297 bar=1.640
[BAR_ARR] ep=80 xcd=2 l1=0.320 l2=0.320
[OPROJ_INNER] slicewait=0.40 mfma=3.96 bar=1.64 rmsnorm_router=1.52 topk=1.84 total=9.36
[BAR_OBS] ep=80 xcd=3 drain=0.480 l1=0.280 wait=0.960 acq=0.040 obs=19135330703311 bar=1.760
[BAR_ARR] ep=80 xcd=1 l1=0.280 l2=0.360
[BAR_OBS] ep=80 xcd=0 drain=0.480 l1=0.280 wait=1.040 acq=0.080 obs=19135330703313 bar=1.880
[BAR_ARR] ep=80 xcd=3 l1=0.280 l2=0.360
[BAR_ARR] ep=80 xcd=5 l1=0.240 l2=0.240
[BAR_ARR] ep=80 xcd=0 l1=0.280 l2=0.360
[BAR_REL] ep=80 xcd=2 rel=19135330703303
[BAR_OBS] ep=80 xcd=6 drain=0.480 l1=0.200 wait=0.880 acq=0.040 obs=19135330703300 bar=1.600
[BAR_OBS] ep=80 xcd=7 drain=0.440 l1=0.240 wait=0.840 acq=0.080 obs=19135330703295 bar=1.600
[BAR_OBS] ep=80 xcd=4 drain=0.400 l1=0.240 wait=0.960 acq=0.040 obs=19135330703302 bar=1.640
[BAR_ARR] ep=80 xcd=6 l1=0.200 l2=0.280
[BAR_ARR] ep=80 xcd=7 l1=0.240 l2=0.200
[BAR_ARR] ep=80 xcd=4 l1=0.240 l2=0.280
[OPROJ_INNER] slicewait=0.44 mfma=3.92 bar=1.88 rmsnorm_router=1.60 topk=2.04 total=9.88
[OPROJ_INNER] slicewait=0.40 mfma=4.00 bar=1.68 rmsnorm_router=1.44 topk=0.40 total=7.92
[OPROJ_INNER] slicewait=0.40 mfma=3.92 bar=2.00 rmsnorm_router=1.64 topk=3.20 total=11.16
[OPROJ_INNER] slicewait=0.44 mfma=3.92 bar=1.88 rmsnorm_router=1.60 topk=2.76 total=10.60
[OPROJ_INNER] slicewait=0.36 mfma=3.96 bar=1.76 rmsnorm_router=1.48 topk=0.68 total=8.24
[BAR_OBS] ep=81 xcd=7 drain=0.480 l1=0.200 wait=0.960 acq=0.040 obs=19135330971951 bar=1.680
[BAR_OBS] ep=81 xcd=3 drain=0.520 l1=0.280 wait=1.000 acq=0.080 obs=19135330971967 bar=1.880
[BAR_OBS] ep=81 xcd=1 drain=0.480 l1=0.280 wait=1.040 acq=0.080 obs=19135330971963 bar=1.880
[BAR_ARR] ep=81 xcd=3 l1=0.280 l2=0.320
[OPROJ_INNER] slicewait=0.40 mfma=4.00 bar=1.72 rmsnorm_router=1.48 topk=1.12 total=8.72
[BAR_ARR] ep=81 xcd=7 l1=0.200 l2=0.240
[BAR_ARR] ep=81 xcd=1 l1=0.280 l2=0.320
[BAR_OBS] ep=81 xcd=5 drain=0.360 l1=0.240 wait=1.080 acq=0.080 obs=19135330971953 bar=1.760
[OPROJ_INNER] slicewait=0.36 mfma=4.00 bar=1.72 rmsnorm_router=1.48 topk=1.52 total=9.08
[OPROJ_INNER] slicewait=0.44 mfma=3.96 bar=2.04 rmsnorm_router=1.44 topk=7.36 total=15.24
[BAR_ARR] ep=81 xcd=5 l1=0.240 l2=0.240
[BAR_OBS] ep=81 xcd=2 drain=0.480 l1=0.320 wait=1.160 acq=0.080 obs=19135330971987 bar=2.040
[BAR_OBS] ep=81 xcd=0 drain=0.480 l1=0.320 wait=1.160 acq=0.040 obs=19135330971969 bar=2.000
[BAR_OBS] ep=81 xcd=4 drain=0.400 l1=0.240 wait=1.000 acq=0.080 obs=19135330971954 bar=1.720
[BAR_ARR] ep=81 xcd=0 l1=0.320 l2=0.320
[BAR_ARR] ep=81 xcd=2 l1=0.320 l2=0.360
[BAR_OBS] ep=81 xcd=6 drain=0.480 l1=0.200 wait=0.960 acq=0.080 obs=19135330971952 bar=1.720
[BAR_REL] ep=81 xcd=2 rel=19135330971959
[BAR_ARR] ep=81 xcd=4 l1=0.240 l2=0.280
[BAR_ARR] ep=81 xcd=6 l1=0.200 l2=0.280
[OPROJ_INNER] slicewait=0.40 mfma=3.92 bar=1.56 rmsnorm_router=1.48 topk=0.40 total=7.76
[OPROJ_INNER] slicewait=0.36 mfma=3.92 bar=1.84 rmsnorm_router=1.64 topk=2.88 total=10.64
[OPROJ_INNER] slicewait=0.36 mfma=3.96 bar=1.72 rmsnorm_router=1.52 topk=1.12 total=8.68
[OPROJ_INNER] slicewait=0.40 mfma=3.96 bar=1.72 rmsnorm_router=1.48 topk=1.28 total=8.84
[OPROJ_INNER] slicewait=0.40 mfma=3.96 bar=1.96 rmsnorm_router=1.48 topk=3.64 total=11.44
[OPROJ_INNER] slicewait=0.40 mfma=3.92 bar=1.92 rmsnorm_router=1.56 topk=2.40 total=10.20
[OPROJ_INNER] slicewait=0.40 mfma=3.92 bar=1.76 rmsnorm_router=1.56 topk=1.56 total=9.20
[OPROJ_INNER] slicewait=0.44 mfma=3.84 bar=1.92 rmsnorm_router=1.60 topk=3.08 total=10.88
[BAR_OBS] ep=82 xcd=0 drain=0.440 l1=0.320 wait=1.160 acq=0.040 obs=19135331229441 bar=1.960
[BAR_ARR] ep=82 xcd=0 l1=0.320 l2=0.360
[BAR_OBS] ep=82 xcd=3 drain=0.480 l1=0.280 wait=1.000 acq=0.080 obs=19135331229415 bar=1.840
[BAR_OBS] ep=82 xcd=1 drain=0.440 l1=0.280 wait=1.120 acq=0.080 obs=19135331229415 bar=1.920
[BAR_REL] ep=82 xcd=0 rel=19135331229409
[BAR_OBS] ep=82 xcd=2 drain=0.480 l1=0.320 wait=1.040 acq=0.080 obs=19135331229419 bar=1.920
[BAR_OBS] ep=82 xcd=4 drain=0.400 l1=0.240 wait=1.040 acq=0.080 obs=19135331229406 bar=1.760
[BAR_ARR] ep=82 xcd=3 l1=0.280 l2=0.320
[BAR_OBS] ep=82 xcd=5 drain=0.360 l1=0.200 wait=1.120 acq=0.040 obs=19135331229405 bar=1.720
[BAR_OBS] ep=82 xcd=6 drain=0.480 l1=0.240 wait=0.920 acq=0.080 obs=19135331229404 bar=1.720
[BAR_ARR] ep=82 xcd=1 l1=0.280 l2=0.320
[BAR_ARR] ep=82 xcd=2 l1=0.320 l2=0.320
[BAR_ARR] ep=82 xcd=5 l1=0.200 l2=0.280
[BAR_ARR] ep=82 xcd=4 l1=0.240 l2=0.280
[BAR_OBS] ep=82 xcd=7 drain=0.440 l1=0.240 wait=0.840 acq=0.040 obs=19135331229403 bar=1.560
[BAR_ARR] ep=82 xcd=6 l1=0.240 l2=0.240
[BAR_ARR] ep=82 xcd=7 l1=0.240 l2=0.240
[OPROJ_INNER] slicewait=0.40 mfma=3.96 bar=1.92 rmsnorm_router=1.60 topk=4.00 total=11.88
[OPROJ_INNER] slicewait=0.40 mfma=3.96 bar=1.72 rmsnorm_router=1.52 topk=2.04 total=9.64
[OPROJ_INNER] slicewait=0.40 mfma=4.00 bar=1.56 rmsnorm_router=1.44 topk=0.48 total=7.88
[OPROJ_INNER] slicewait=0.40 mfma=3.96 bar=1.88 rmsnorm_router=1.52 topk=2.28 total=10.04
[OPROJ_INNER] slicewait=0.40 mfma=4.00 bar=1.68 rmsnorm_router=1.48 topk=1.44 total=9.00
[BAR_OBS] ep=83 xcd=0 drain=0.480 l1=0.280 wait=1.120 acq=0.040 obs=19135331511233 bar=1.920
[BAR_OBS] ep=83 xcd=4 drain=0.400 l1=0.240 wait=1.000 acq=0.080 obs=19135331511218 bar=1.720
[OPROJ_INNER] slicewait=0.44 mfma=3.96 bar=2.00 rmsnorm_router=1.44 topk=8.44 total=16.28
[OPROJ_INNER] slicewait=0.40 mfma=3.92 bar=1.68 rmsnorm_router=1.52 topk=0.76 total=8.28
[BAR_OBS] ep=83 xcd=1 drain=0.440 l1=0.280 wait=1.080 acq=0.080 obs=19135331511227 bar=1.880
[BAR_OBS] ep=83 xcd=2 drain=0.480 l1=0.280 wait=1.160 acq=0.080 obs=19135331511251 bar=2.000
[OPROJ_INNER] slicewait=0.44 mfma=3.96 bar=1.76 rmsnorm_router=1.60 topk=3.00 total=10.76
[BAR_ARR] ep=83 xcd=0 l1=0.280 l2=0.360
[BAR_OBS] ep=83 xcd=7 drain=0.440 l1=0.200 wait=0.840 acq=0.080 obs=19135331511219 bar=1.560
[BAR_ARR] ep=83 xcd=1 l1=0.280 l2=0.320
[BAR_ARR] ep=83 xcd=2 l1=0.280 l2=0.360
[BAR_OBS] ep=83 xcd=5 drain=0.400 l1=0.240 wait=1.000 acq=0.040 obs=19135331511217 bar=1.680
[BAR_OBS] ep=83 xcd=3 drain=0.480 l1=0.280 wait=0.920 acq=0.080 obs=19135331511227 bar=1.760
[BAR_ARR] ep=83 xcd=4 l1=0.240 l2=0.280
[BAR_ARR] ep=83 xcd=7 l1=0.200 l2=0.240
[BAR_ARR] ep=83 xcd=3 l1=0.280 l2=0.360
[BAR_REL] ep=83 xcd=2 rel=19135331511223
[BAR_ARR] ep=83 xcd=5 l1=0.240 l2=0.240
[BAR_OBS] ep=83 xcd=6 drain=0.480 l1=0.200 wait=0.960 acq=0.040 obs=19135331511220 bar=1.680
[BAR_ARR] ep=83 xcd=6 l1=0.200 l2=0.280
[OPROJ_INNER] slicewait=0.40 mfma=3.96 bar=1.84 rmsnorm_router=1.44 topk=0.40 total=8.04
[OPROJ_INNER] slicewait=0.36 mfma=3.96 bar=2.00 rmsnorm_router=1.52 topk=3.08 total=10.92
[OPROJ_INNER] slicewait=0.40 mfma=3.92 bar=2.04 rmsnorm_router=1.52 topk=2.04 total=9.92
[OPROJ_INNER] slicewait=0.40 mfma=3.92 bar=1.72 rmsnorm_router=1.44 topk=0.96 total=8.44
[OPROJ_INNER] slicewait=0.40 mfma=3.92 bar=2.24 rmsnorm_router=1.48 topk=6.84 total=14.88
[OPROJ_INNER] slicewait=0.40 mfma=3.92 bar=2.04 rmsnorm_router=1.60 topk=3.16 total=11.12
[OPROJ_INNER] slicewait=0.36 mfma=3.92 bar=1.88 rmsnorm_router=1.52 topk=1.20 total=8.88
[BAR_OBS] ep=84 xcd=7 drain=0.440 l1=0.200 wait=1.120 acq=0.080 obs=19135331795471 bar=1.840
[BAR_OBS] ep=84 xcd=3 drain=0.480 l1=0.280 wait=1.200 acq=0.080 obs=19135331795487 bar=2.040
[BAR_OBS] ep=84 xcd=0 drain=0.480 l1=0.280 wait=1.160 acq=0.080 obs=19135331795489 bar=2.000
[OPROJ_INNER] slicewait=0.40 mfma=3.92 bar=1.92 rmsnorm_router=1.52 topk=1.64 total=9.40
[BAR_ARR] ep=84 xcd=7 l1=0.200 l2=0.240
[BAR_ARR] ep=84 xcd=3 l1=0.280 l2=0.320
[BAR_OBS] ep=84 xcd=1 drain=0.440 l1=0.280 wait=1.240 acq=0.080 obs=19135331795483 bar=2.040
[BAR_ARR] ep=84 xcd=0 l1=0.280 l2=0.360
[BAR_OBS] ep=84 xcd=2 drain=0.720 l1=0.320 wait=1.120 acq=0.080 obs=19135331795507 bar=2.240
[BAR_ARR] ep=84 xcd=1 l1=0.280 l2=0.360
[BAR_OBS] ep=84 xcd=5 drain=0.400 l1=0.200 wait=1.200 acq=0.080 obs=19135331795473 bar=1.880
[BAR_ARR] ep=84 xcd=2 l1=0.320 l2=0.320
[BAR_REL] ep=84 xcd=2 rel=19135331795479
[BAR_OBS] ep=84 xcd=6 drain=0.480 l1=0.200 wait=0.960 acq=0.080 obs=19135331795476 bar=1.720
[BAR_ARR] ep=84 xcd=5 l1=0.200 l2=0.240
[BAR_OBS] ep=84 xcd=4 drain=0.400 l1=0.240 wait=1.240 acq=0.040 obs=19135331795478 bar=1.920
[BAR_ARR] ep=84 xcd=6 l1=0.200 l2=0.280
[BAR_ARR] ep=84 xcd=4 l1=0.240 l2=0.280
[OPROJ_INNER] slicewait=0.40 mfma=3.96 bar=1.84 rmsnorm_router=1.56 topk=3.56 total=11.32
[OPROJ_INNER] slicewait=0.36 mfma=4.00 bar=1.88 rmsnorm_router=1.52 topk=2.88 total=10.64
[OPROJ_INNER] slicewait=0.44 mfma=4.00 bar=1.60 rmsnorm_router=1.48 topk=0.76 total=8.28
[OPROJ_INNER] slicewait=0.44 mfma=4.00 bar=1.96 rmsnorm_router=1.44 topk=7.36 total=15.20
[OPROJ_INNER] slicewait=0.40 mfma=4.00 bar=1.56 rmsnorm_router=1.48 topk=1.68 total=9.12
[BAR_OBS] ep=85 xcd=0 drain=0.440 l1=0.320 wait=1.080 acq=0.040 obs=19135332063873 bar=1.880
[OPROJ_INNER] slicewait=0.40 mfma=4.00 bar=1.80 rmsnorm_router=1.56 topk=2.52 total=10.28
[BAR_OBS] ep=85 xcd=2 drain=0.480 l1=0.320 wait=0.960 acq=0.080 obs=19135332063871 bar=1.840
[OPROJ_INNER] slicewait=0.44 mfma=3.96 bar=1.60 rmsnorm_router=1.52 topk=0.48 total=8.00
[BAR_ARR] ep=85 xcd=0 l1=0.320 l2=0.360
[BAR_ARR] ep=85 xcd=2 l1=0.320 l2=0.360
[BAR_OBS] ep=85 xcd=5 drain=0.360 l1=0.200 wait=1.000 acq=0.040 obs=19135332063861 bar=1.600
[BAR_OBS] ep=85 xcd=3 drain=0.440 l1=0.320 wait=1.120 acq=0.080 obs=19135332063891 bar=1.960
[BAR_ARR] ep=85 xcd=3 l1=0.320 l2=0.320
[BAR_OBS] ep=85 xcd=1 drain=0.440 l1=0.280 wait=1.000 acq=0.080 obs=19135332063867 bar=1.800
[BAR_REL] ep=85 xcd=3 rel=19135332063863
[BAR_ARR] ep=85 xcd=1 l1=0.280 l2=0.320
[BAR_OBS] ep=85 xcd=7 drain=0.480 l1=0.200 wait=0.880 acq=0.040 obs=19135332063855 bar=1.600
[OPROJ_INNER] slicewait=0.44 mfma=3.96 bar=1.68 rmsnorm_router=1.48 topk=1.36 total=8.92
[BAR_ARR] ep=85 xcd=5 l1=0.200 l2=0.240
[BAR_ARR] ep=85 xcd=7 l1=0.200 l2=0.240
[BAR_OBS] ep=85 xcd=4 drain=0.400 l1=0.240 wait=0.840 acq=0.080 obs=19135332063858 bar=1.560
[BAR_ARR] ep=85 xcd=4 l1=0.240 l2=0.280
[BAR_OBS] ep=85 xcd=6 drain=0.480 l1=0.200 wait=0.920 acq=0.080 obs=19135332063856 bar=1.680
[BAR_ARR] ep=85 xcd=6 l1=0.200 l2=0.280
[OPROJ_INNER] slicewait=0.40 mfma=3.96 bar=1.92 rmsnorm_router=1.56 topk=2.64 total=10.48
[OPROJ_INNER] slicewait=0.40 mfma=3.92 bar=1.96 rmsnorm_router=1.56 topk=3.60 total=11.44
[OPROJ_INNER] slicewait=0.40 mfma=3.92 bar=1.88 rmsnorm_router=1.52 topk=2.60 total=10.32
[OPROJ_INNER] slicewait=0.40 mfma=3.96 bar=1.72 rmsnorm_router=1.52 topk=0.40 total=8.00
[OPROJ_INNER] slicewait=0.44 mfma=4.00 bar=2.00 rmsnorm_router=1.44 topk=7.12 total=15.00
[OPROJ_INNER] slicewait=0.40 mfma=3.96 bar=1.68 rmsnorm_router=1.48 topk=0.64 total=8.16
[OPROJ_INNER] slicewait=0.40 mfma=3.96 bar=1.80 rmsnorm_router=1.52 topk=1.80 total=9.48
[BAR_OBS] ep=86 xcd=2 drain=0.480 l1=0.280 wait=1.120 acq=0.080 obs=19135332327175 bar=1.960
[BAR_OBS] ep=86 xcd=1 drain=0.440 l1=0.280 wait=1.120 acq=0.080 obs=19135332327171 bar=1.920
[OPROJ_INNER] slicewait=0.44 mfma=3.92 bar=1.80 rmsnorm_router=1.52 topk=1.72 total=9.40
[BAR_OBS] ep=86 xcd=7 drain=0.440 l1=0.240 wait=1.000 acq=0.040 obs=19135332327159 bar=1.720
[BAR_ARR] ep=86 xcd=7 l1=0.240 l2=0.200
[BAR_ARR] ep=86 xcd=1 l1=0.280 l2=0.360
[BAR_ARR] ep=86 xcd=2 l1=0.280 l2=0.360
[BAR_OBS] ep=86 xcd=4 drain=0.400 l1=0.240 wait=1.120 acq=0.040 obs=19135332327166 bar=1.800
[BAR_OBS] ep=86 xcd=3 drain=0.480 l1=0.280 wait=1.040 acq=0.080 obs=19135332327171 bar=1.880
[BAR_OBS] ep=86 xcd=0 drain=0.440 l1=0.320 wait=1.160 acq=0.080 obs=19135332327197 bar=2.000
[BAR_ARR] ep=86 xcd=3 l1=0.280 l2=0.320
[BAR_ARR] ep=86 xcd=0 l1=0.320 l2=0.360
[BAR_REL] ep=86 xcd=0 rel=19135332327165
[BAR_OBS] ep=86 xcd=5 drain=0.360 l1=0.200 wait=1.080 acq=0.040 obs=19135332327161 bar=1.680
[BAR_ARR] ep=86 xcd=4 l1=0.240 l2=0.280
[BAR_ARR] ep=86 xcd=5 l1=0.200 l2=0.240
[BAR_OBS] ep=86 xcd=6 drain=0.480 l1=0.240 wait=1.000 acq=0.080 obs=19135332327160 bar=1.800
[BAR_ARR] ep=86 xcd=6 l1=0.240 l2=0.240
[OPROJ_INNER] slicewait=0.40 mfma=4.00 bar=1.72 rmsnorm_router=1.60 topk=3.08 total=10.80
[OPROJ_INNER] slicewait=0.40 mfma=3.96 bar=1.92 rmsnorm_router=1.52 topk=2.84 total=10.64
[OPROJ_INNER] slicewait=0.40 mfma=3.96 bar=1.88 rmsnorm_router=1.56 topk=2.40 total=10.20
[OPROJ_INNER] slicewait=0.40 mfma=3.96 bar=1.88 rmsnorm_router=1.60 topk=3.76 total=11.60
[OPROJ_INNER] slicewait=0.40 mfma=3.92 bar=1.76 rmsnorm_router=1.48 topk=0.80 total=8.36
[OPROJ_INNER] slicewait=0.40 mfma=4.04 bar=1.64 rmsnorm_router=1.52 topk=1.04 total=8.64
[OPROJ_INNER] slicewait=0.40 mfma=4.00 bar=1.80 rmsnorm_router=1.52 topk=3.80 total=11.52
[BAR_OBS] ep=87 xcd=0 drain=0.440 l1=0.280 wait=1.120 acq=0.080 obs=19135332596009 bar=1.920
[OPROJ_INNER] slicewait=0.36 mfma=4.00 bar=1.68 rmsnorm_router=1.44 topk=0.40 total=7.88
[BAR_OBS] ep=87 xcd=1 drain=0.440 l1=0.280 wait=1.080 acq=0.080 obs=19135332596007 bar=1.880
[BAR_OBS] ep=87 xcd=3 drain=0.480 l1=0.280 wait=0.880 acq=0.080 obs=19135332596007 bar=1.720
[BAR_ARR] ep=87 xcd=1 l1=0.280 l2=0.320
[BAR_ARR] ep=87 xcd=0 l1=0.280 l2=0.360
[BAR_OBS] ep=87 xcd=6 drain=0.480 l1=0.240 wait=1.000 acq=0.080 obs=19135332596028 bar=1.800
[BAR_ARR] ep=87 xcd=3 l1=0.280 l2=0.320
[BAR_ARR] ep=87 xcd=6 l1=0.240 l2=0.280
[BAR_OBS] ep=87 xcd=7 drain=0.440 l1=0.200 wait=0.920 acq=0.080 obs=19135332595995 bar=1.640
[BAR_OBS] ep=87 xcd=5 drain=0.360 l1=0.240 wait=1.000 acq=0.080 obs=19135332595993 bar=1.680
[BAR_REL] ep=87 xcd=6 rel=19135332595996
[BAR_ARR] ep=87 xcd=7 l1=0.200 l2=0.240
[BAR_OBS] ep=87 xcd=2 drain=0.480 l1=0.320 wait=1.000 acq=0.080 obs=19135332596011 bar=1.880
[BAR_ARR] ep=87 xcd=5 l1=0.240 l2=0.240
[BAR_OBS] ep=87 xcd=4 drain=0.400 l1=0.240 wait=1.040 acq=0.080 obs=19135332595998 bar=1.760
[BAR_ARR] ep=87 xcd=2 l1=0.320 l2=0.360
[BAR_ARR] ep=87 xcd=4 l1=0.240 l2=0.280
[OPROJ_INNER] slicewait=0.44 mfma=3.88 bar=1.72 rmsnorm_router=1.52 topk=1.96 total=9.52
[OPROJ_INNER] slicewait=0.40 mfma=3.92 bar=1.80 rmsnorm_router=1.56 topk=2.84 total=10.52
[OPROJ_INNER] slicewait=0.44 mfma=3.84 bar=1.80 rmsnorm_router=1.56 topk=2.96 total=10.60
[OPROJ_INNER] slicewait=0.40 mfma=3.96 bar=1.56 rmsnorm_router=1.48 topk=0.52 total=7.92
[BAR_OBS] ep=88 xcd=3 drain=0.440 l1=0.320 wait=0.960 acq=0.080 obs=19135332864883 bar=1.800
[OPROJ_INNER] slicewait=0.40 mfma=3.92 bar=1.84 rmsnorm_router=1.56 topk=4.12 total=11.84
[BAR_ARR] ep=88 xcd=3 l1=0.320 l2=0.320
[BAR_OBS] ep=88 xcd=6 drain=0.480 l1=0.240 wait=0.960 acq=0.040 obs=19135332864876 bar=1.720
[OPROJ_INNER] slicewait=0.40 mfma=3.88 bar=2.00 rmsnorm_router=1.44 topk=3.88 total=11.60
[BAR_OBS] ep=88 xcd=5 drain=0.360 l1=0.240 wait=0.880 acq=0.080 obs=19135332864869 bar=1.560
[BAR_OBS] ep=88 xcd=1 drain=0.440 l1=0.280 wait=1.000 acq=0.080 obs=19135332864883 bar=1.800
[OPROJ_INNER] slicewait=0.44 mfma=3.92 bar=1.60 rmsnorm_router=1.44 topk=0.40 total=7.80
[BAR_OBS] ep=88 xcd=0 drain=0.480 l1=0.280 wait=1.000 acq=0.080 obs=19135332864885 bar=1.840
[BAR_OBS] ep=88 xcd=2 drain=0.480 l1=0.320 wait=1.160 acq=0.040 obs=19135332864907 bar=2.000
[BAR_ARR] ep=88 xcd=0 l1=0.280 l2=0.400
[BAR_ARR] ep=88 xcd=6 l1=0.240 l2=0.240
[BAR_ARR] ep=88 xcd=1 l1=0.280 l2=0.320
[BAR_ARR] ep=88 xcd=2 l1=0.320 l2=0.360
[OPROJ_INNER] slicewait=0.44 mfma=3.96 bar=1.56 rmsnorm_router=1.48 topk=1.64 total=9.08
[BAR_REL] ep=88 xcd=2 rel=19135332864875
[BAR_ARR] ep=88 xcd=5 l1=0.240 l2=0.240
[BAR_OBS] ep=88 xcd=7 drain=0.480 l1=0.200 wait=0.840 acq=0.080 obs=19135332864867 bar=1.600
[BAR_OBS] ep=88 xcd=4 drain=0.400 l1=0.240 wait=0.840 acq=0.080 obs=19135332864874 bar=1.560
[BAR_ARR] ep=88 xcd=7 l1=0.200 l2=0.240
[BAR_ARR] ep=88 xcd=4 l1=0.240 l2=0.320
[OPROJ_INNER] slicewait=0.44 mfma=3.92 bar=1.88 rmsnorm_router=1.60 topk=2.76 total=10.60
[OPROJ_INNER] slicewait=0.40 mfma=3.96 bar=2.04 rmsnorm_router=1.44 topk=7.28 total=15.12
[OPROJ_INNER] slicewait=0.40 mfma=3.96 bar=1.72 rmsnorm_router=1.52 topk=1.00 total=8.60
[OPROJ_INNER] slicewait=0.40 mfma=3.96 bar=1.68 rmsnorm_router=1.44 topk=0.44 total=7.92
[BAR_OBS] ep=89 xcd=1 drain=0.480 l1=0.280 wait=1.040 acq=0.080 obs=19135333130939 bar=1.880
[OPROJ_INNER] slicewait=0.44 mfma=3.96 bar=1.92 rmsnorm_router=1.60 topk=3.84 total=11.76
[BAR_ARR] ep=89 xcd=1 l1=0.280 l2=0.320
[BAR_OBS] ep=89 xcd=6 drain=0.480 l1=0.200 wait=0.960 acq=0.080 obs=19135333130928 bar=1.720
[OPROJ_INNER] slicewait=0.44 mfma=3.88 bar=1.72 rmsnorm_router=1.48 topk=0.60 total=8.12
[OPROJ_INNER] slicewait=0.40 mfma=3.92 bar=1.88 rmsnorm_router=1.60 topk=3.88 total=11.68
[BAR_OBS] ep=89 xcd=2 drain=0.520 l1=0.280 wait=1.160 acq=0.080 obs=19135333130963 bar=2.040
[BAR_OBS] ep=89 xcd=0 drain=0.480 l1=0.280 wait=1.080 acq=0.080 obs=19135333130945 bar=1.920
[BAR_ARR] ep=89 xcd=0 l1=0.280 l2=0.360
[BAR_OBS] ep=89 xcd=3 drain=0.480 l1=0.280 wait=1.040 acq=0.080 obs=19135333130943 bar=1.880
[BAR_OBS] ep=89 xcd=7 drain=0.440 l1=0.200 wait=0.960 acq=0.080 obs=19135333130927 bar=1.680
[BAR_ARR] ep=89 xcd=3 l1=0.280 l2=0.360
[OPROJ_INNER] slicewait=0.40 mfma=4.00 bar=1.72 rmsnorm_router=1.52 topk=1.68 total=9.32
[BAR_ARR] ep=89 xcd=7 l1=0.200 l2=0.280
[BAR_ARR] ep=89 xcd=2 l1=0.280 l2=0.360
[BAR_OBS] ep=89 xcd=5 drain=0.400 l1=0.200 wait=1.040 acq=0.080 obs=19135333130925 bar=1.720
[BAR_REL] ep=89 xcd=2 rel=19135333130935
[BAR_ARR] ep=89 xcd=6 l1=0.200 l2=0.280
[BAR_ARR] ep=89 xcd=5 l1=0.200 l2=0.280
[BAR_OBS] ep=89 xcd=4 drain=0.400 l1=0.240 wait=1.000 acq=0.080 obs=19135333130930 bar=1.720
[BAR_ARR] ep=89 xcd=4 l1=0.240 l2=0.280
[OPROJ_INNER] slicewait=0.40 mfma=3.96 bar=1.80 rmsnorm_router=1.60 topk=3.72 total=11.48
[OPROJ_INNER] slicewait=0.40 mfma=4.00 bar=1.76 rmsnorm_router=1.56 topk=1.96 total=9.68
[OPROJ_INNER] slicewait=0.40 mfma=4.00 bar=1.96 rmsnorm_router=1.44 topk=7.56 total=15.36
[OPROJ_INNER] slicewait=0.40 mfma=3.96 bar=1.64 rmsnorm_router=1.48 topk=0.52 total=8.00
[OPROJ_INNER] slicewait=0.40 mfma=3.96 bar=1.92 rmsnorm_router=1.60 topk=3.36 total=11.24
[OPROJ_INNER] slicewait=0.40 mfma=3.88 bar=1.80 rmsnorm_router=1.40 topk=0.40 total=7.88
[BAR_OBS] ep=90 xcd=5 drain=0.400 l1=0.200 wait=1.000 acq=0.040 obs=19135333394769 bar=1.640
[OPROJ_INNER] slicewait=0.40 mfma=3.92 bar=1.76 rmsnorm_router=1.52 topk=1.52 total=9.12
[BAR_OBS] ep=90 xcd=2 drain=0.480 l1=0.320 wait=0.960 acq=0.040 obs=19135333394787 bar=1.800
[OPROJ_INNER] slicewait=0.36 mfma=3.92 bar=1.72 rmsnorm_router=1.48 topk=1.76 total=9.24
[BAR_ARR] ep=90 xcd=2 l1=0.320 l2=0.320
[BAR_OBS] ep=90 xcd=3 drain=0.480 l1=0.280 wait=1.120 acq=0.080 obs=19135333394803 bar=1.960
[BAR_ARR] ep=90 xcd=5 l1=0.200 l2=0.240
[BAR_OBS] ep=90 xcd=0 drain=0.440 l1=0.320 wait=1.080 acq=0.080 obs=19135333394785 bar=1.920
[BAR_ARR] ep=90 xcd=3 l1=0.280 l2=0.320
[BAR_REL] ep=90 xcd=3 rel=19135333394775
[BAR_ARR] ep=90 xcd=0 l1=0.320 l2=0.360
[BAR_OBS] ep=90 xcd=1 drain=0.440 l1=0.280 wait=1.000 acq=0.040 obs=19135333394783 bar=1.760
[BAR_OBS] ep=90 xcd=6 drain=0.480 l1=0.240 wait=1.000 acq=0.040 obs=19135333394772 bar=1.760
[BAR_ARR] ep=90 xcd=1 l1=0.280 l2=0.360
[BAR_OBS] ep=90 xcd=7 drain=0.480 l1=0.200 wait=1.040 acq=0.080 obs=19135333394767 bar=1.800
[BAR_ARR] ep=90 xcd=6 l1=0.240 l2=0.240
[BAR_OBS] ep=90 xcd=4 drain=0.400 l1=0.240 wait=1.000 acq=0.080 obs=19135333394774 bar=1.720
[BAR_ARR] ep=90 xcd=7 l1=0.200 l2=0.240
[BAR_ARR] ep=90 xcd=4 l1=0.240 l2=0.280
[OPROJ_INNER] slicewait=0.44 mfma=3.96 bar=2.00 rmsnorm_router=1.44 topk=6.48 total=14.32
[OPROJ_INNER] slicewait=0.44 mfma=3.92 bar=1.84 rmsnorm_router=1.64 topk=3.24 total=11.08
[BAR_OBS] ep=91 xcd=3 drain=0.480 l1=0.280 wait=1.000 acq=0.080 obs=19135333655359 bar=1.840
[OPROJ_INNER] slicewait=0.36 mfma=3.96 bar=1.88 rmsnorm_router=1.56 topk=2.20 total=9.96
[OPROJ_INNER] slicewait=0.40 mfma=4.00 bar=1.60 rmsnorm_router=1.48 topk=0.40 total=7.88
[OPROJ_INNER] slicewait=0.40 mfma=3.88 bar=1.92 rmsnorm_router=1.60 topk=2.60 total=10.40
[OPROJ_INNER] slicewait=0.40 mfma=4.00 bar=1.64 rmsnorm_router=1.44 topk=0.72 total=8.20
[OPROJ_INNER] slicewait=0.40 mfma=3.96 bar=1.64 rmsnorm_router=1.48 topk=0.48 total=7.96
[BAR_ARR] ep=91 xcd=3 l1=0.280 l2=0.320
[BAR_OBS] ep=91 xcd=2 drain=0.440 l1=0.320 wait=1.160 acq=0.080 obs=19135333655379 bar=2.000
[BAR_OBS] ep=91 xcd=0 drain=0.480 l1=0.280 wait=1.120 acq=0.040 obs=19135333655361 bar=1.920
[BAR_OBS] ep=91 xcd=1 drain=0.440 l1=0.280 wait=1.080 acq=0.080 obs=19135333655355 bar=1.880
[BAR_ARR] ep=91 xcd=0 l1=0.280 l2=0.360
[BAR_ARR] ep=91 xcd=1 l1=0.280 l2=0.360
[BAR_OBS] ep=91 xcd=7 drain=0.440 l1=0.200 wait=0.920 acq=0.040 obs=19135333655343 bar=1.600
[OPROJ_INNER] slicewait=0.36 mfma=4.00 bar=1.64 rmsnorm_router=1.52 topk=1.40 total=8.92
[BAR_OBS] ep=91 xcd=6 drain=0.520 l1=0.200 wait=0.840 acq=0.080 obs=19135333655344 bar=1.640
[BAR_ARR] ep=91 xcd=7 l1=0.200 l2=0.240
[BAR_OBS] ep=91 xcd=5 drain=0.360 l1=0.240 wait=0.960 acq=0.080 obs=19135333655341 bar=1.640
[BAR_ARR] ep=91 xcd=2 l1=0.320 l2=0.360
[BAR_OBS] ep=91 xcd=4 drain=0.400 l1=0.240 wait=0.920 acq=0.080 obs=19135333655346 bar=1.640
[BAR_REL] ep=91 xcd=2 rel=19135333655351
[BAR_ARR] ep=91 xcd=5 l1=0.240 l2=0.240
[BAR_ARR] ep=91 xcd=6 l1=0.200 l2=0.280
[BAR_ARR] ep=91 xcd=4 l1=0.240 l2=0.240
[OPROJ_INNER] slicewait=0.40 mfma=3.92 bar=1.80 rmsnorm_router=1.56 topk=2.60 total=10.28
[OPROJ_INNER] slicewait=0.44 mfma=3.88 bar=1.72 rmsnorm_router=1.56 topk=1.88 total=9.48
[OPROJ_INNER] slicewait=0.40 mfma=3.96 bar=1.84 rmsnorm_router=1.56 topk=2.36 total=10.12
[OPROJ_INNER] slicewait=0.40 mfma=3.88 bar=1.72 rmsnorm_router=1.40 topk=0.40 total=7.80
[OPROJ_INNER] slicewait=0.40 mfma=3.88 bar=1.76 rmsnorm_router=1.48 topk=1.40 total=8.92
[OPROJ_INNER] slicewait=0.40 mfma=3.88 bar=1.92 rmsnorm_router=1.56 topk=3.24 total=11.00
[OPROJ_INNER] slicewait=0.44 mfma=3.92 bar=2.00 rmsnorm_router=1.48 topk=7.00 total=14.84
[OPROJ_INNER] slicewait=0.40 mfma=3.96 bar=1.64 rmsnorm_router=1.52 topk=1.12 total=8.64
[BAR_OBS] ep=92 xcd=3 drain=0.480 l1=0.280 wait=1.000 acq=0.080 obs=19135333911567 bar=1.840
[BAR_OBS] ep=92 xcd=6 drain=0.480 l1=0.240 wait=0.960 acq=0.080 obs=19135333911556 bar=1.760
[BAR_OBS] ep=92 xcd=1 drain=0.440 l1=0.280 wait=1.040 acq=0.040 obs=19135333911567 bar=1.800
[BAR_OBS] ep=92 xcd=7 drain=0.480 l1=0.200 wait=0.960 acq=0.080 obs=19135333911555 bar=1.720
[BAR_ARR] ep=92 xcd=3 l1=0.280 l2=0.360
[BAR_OBS] ep=92 xcd=2 drain=0.480 l1=0.320 wait=1.160 acq=0.040 obs=19135333911591 bar=2.000
[BAR_ARR] ep=92 xcd=6 l1=0.240 l2=0.280
[BAR_OBS] ep=92 xcd=0 drain=0.480 l1=0.320 wait=1.040 acq=0.080 obs=19135333911569 bar=1.920
[BAR_ARR] ep=92 xcd=1 l1=0.280 l2=0.320
[BAR_ARR] ep=92 xcd=0 l1=0.320 l2=0.320
[BAR_ARR] ep=92 xcd=7 l1=0.200 l2=0.240
[BAR_OBS] ep=92 xcd=4 drain=0.400 l1=0.200 wait=1.080 acq=0.040 obs=19135333911558 bar=1.720
[BAR_ARR] ep=92 xcd=2 l1=0.320 l2=0.320
[BAR_OBS] ep=92 xcd=5 drain=0.360 l1=0.240 wait=0.960 acq=0.080 obs=19135333911553 bar=1.640
[BAR_REL] ep=92 xcd=2 rel=19135333911559
[BAR_ARR] ep=92 xcd=4 l1=0.200 l2=0.280
[BAR_ARR] ep=92 xcd=5 l1=0.240 l2=0.280
[OPROJ_INNER] slicewait=0.44 mfma=4.04 bar=1.52 rmsnorm_router=1.40 topk=0.40 total=7.80
[OPROJ_INNER] slicewait=0.40 mfma=3.96 bar=1.84 rmsnorm_router=1.56 topk=2.40 total=10.16
[OPROJ_INNER] slicewait=0.40 mfma=3.92 bar=2.00 rmsnorm_router=1.44 topk=7.60 total=15.36
[OPROJ_INNER] slicewait=0.40 mfma=3.92 bar=1.80 rmsnorm_router=1.60 topk=4.20 total=11.92
[OPROJ_INNER] slicewait=0.40 mfma=3.92 bar=1.60 rmsnorm_router=1.48 topk=1.08 total=8.48
[OPROJ_INNER] slicewait=0.40 mfma=3.96 bar=1.92 rmsnorm_router=1.56 topk=3.48 total=11.32
[OPROJ_INNER] slicewait=0.40 mfma=4.04 bar=1.60 rmsnorm_router=1.44 topk=1.40 total=8.88
[BAR_OBS] ep=93 xcd=1 drain=0.440 l1=0.280 wait=1.080 acq=0.040 obs=19135334182807 bar=1.840
[BAR_OBS] ep=93 xcd=3 drain=0.520 l1=0.280 wait=1.160 acq=0.040 obs=19135334182831 bar=2.000
[OPROJ_INNER] slicewait=0.40 mfma=3.96 bar=1.64 rmsnorm_router=1.56 topk=2.00 total=9.56
[BAR_OBS] ep=93 xcd=7 drain=0.440 l1=0.200 wait=0.800 acq=0.080 obs=19135334182791 bar=1.520
[BAR_OBS] ep=93 xcd=2 drain=0.480 l1=0.280 wait=1.000 acq=0.040 obs=19135334182811 bar=1.800
[BAR_OBS] ep=93 xcd=0 drain=0.440 l1=0.320 wait=1.080 acq=0.080 obs=19135334182809 bar=1.920
[BAR_ARR] ep=93 xcd=3 l1=0.280 l2=0.320
[BAR_ARR] ep=93 xcd=2 l1=0.280 l2=0.360
[BAR_ARR] ep=93 xcd=7 l1=0.200 l2=0.240
[BAR_ARR] ep=93 xcd=1 l1=0.280 l2=0.320
[BAR_ARR] ep=93 xcd=0 l1=0.320 l2=0.320
[BAR_REL] ep=93 xcd=3 rel=19135334182799
[BAR_OBS] ep=93 xcd=5 drain=0.400 l1=0.200 wait=0.920 acq=0.080 obs=19135334182793 bar=1.600
[BAR_OBS] ep=93 xcd=6 drain=0.440 l1=0.240 wait=0.840 acq=0.080 obs=19135334182796 bar=1.600
[BAR_OBS] ep=93 xcd=4 drain=0.400 l1=0.240 wait=0.920 acq=0.080 obs=19135334182794 bar=1.640
[BAR_ARR] ep=93 xcd=5 l1=0.200 l2=0.240
[BAR_ARR] ep=93 xcd=6 l1=0.240 l2=0.280
[BAR_ARR] ep=93 xcd=4 l1=0.240 l2=0.280
[OPROJ_INNER] slicewait=0.40 mfma=3.96 bar=1.60 rmsnorm_router=1.56 topk=1.96 total=9.48
[OPROJ_INNER] slicewait=0.36 mfma=4.00 bar=1.88 rmsnorm_router=1.60 topk=3.16 total=11.00
[OPROJ_INNER] slicewait=0.40 mfma=3.92 bar=1.68 rmsnorm_router=1.48 topk=0.92 total=8.40
[OPROJ_INNER] slicewait=0.40 mfma=3.96 bar=1.64 rmsnorm_router=1.40 topk=0.80 total=8.20
[OPROJ_INNER] slicewait=0.40 mfma=3.92 bar=2.04 rmsnorm_router=1.40 topk=4.04 total=11.80
[BAR_OBS] ep=94 xcd=7 drain=0.440 l1=0.200 wait=0.960 acq=0.080 obs=19135334452351 bar=1.680
[OPROJ_INNER] slicewait=0.40 mfma=3.92 bar=1.84 rmsnorm_router=1.56 topk=2.36 total=10.08
[OPROJ_INNER] slicewait=0.40 mfma=3.96 bar=1.80 rmsnorm_router=1.52 topk=2.84 total=10.52
[BAR_OBS] ep=94 xcd=0 drain=0.480 l1=0.280 wait=1.040 acq=0.080 obs=19135334452369 bar=1.880
[OPROJ_INNER] slicewait=0.44 mfma=3.84 bar=1.80 rmsnorm_router=1.52 topk=1.72 total=9.32
[BAR_ARR] ep=94 xcd=7 l1=0.200 l2=0.240
[BAR_ARR] ep=94 xcd=0 l1=0.280 l2=0.400
[BAR_OBS] ep=94 xcd=1 drain=0.440 l1=0.280 wait=1.040 acq=0.080 obs=19135334452367 bar=1.840
[BAR_OBS] ep=94 xcd=3 drain=0.440 l1=0.320 wait=0.960 acq=0.080 obs=19135334452371 bar=1.800
[BAR_ARR] ep=94 xcd=1 l1=0.280 l2=0.320
[BAR_OBS] ep=94 xcd=4 drain=0.440 l1=0.200 wait=0.880 acq=0.080 obs=19135334452358 bar=1.600
[BAR_ARR] ep=94 xcd=3 l1=0.320 l2=0.320
[BAR_OBS] ep=94 xcd=2 drain=0.480 l1=0.320 wait=1.160 acq=0.080 obs=19135334452391 bar=2.040
[BAR_OBS] ep=94 xcd=6 drain=0.480 l1=0.240 wait=1.000 acq=0.080 obs=19135334452356 bar=1.800
[BAR_ARR] ep=94 xcd=2 l1=0.320 l2=0.360
[BAR_OBS] ep=94 xcd=5 drain=0.360 l1=0.240 wait=0.960 acq=0.080 obs=19135334452357 bar=1.640
[BAR_ARR] ep=94 xcd=6 l1=0.240 l2=0.240
[BAR_REL] ep=94 xcd=2 rel=19135334452359
[BAR_ARR] ep=94 xcd=4 l1=0.200 l2=0.280
[BAR_ARR] ep=94 xcd=5 l1=0.240 l2=0.240
[OPROJ_INNER] slicewait=0.44 mfma=3.96 bar=1.48 rmsnorm_router=1.52 topk=0.64 total=8.04
[OPROJ_INNER] slicewait=0.40 mfma=3.92 bar=1.56 rmsnorm_router=1.56 topk=1.60 total=9.04
[OPROJ_INNER] slicewait=0.40 mfma=4.00 bar=1.64 rmsnorm_router=1.60 topk=2.92 total=10.56
[OPROJ_INNER] slicewait=0.40 mfma=3.88 bar=1.76 rmsnorm_router=1.60 topk=3.84 total=11.48
[OPROJ_INNER] slicewait=0.40 mfma=4.00 bar=1.52 rmsnorm_router=1.52 topk=0.96 total=8.40
[OPROJ_INNER] slicewait=0.40 mfma=3.96 bar=1.72 rmsnorm_router=1.60 topk=3.68 total=11.36
[OPROJ_INNER] slicewait=0.40 mfma=4.04 bar=1.60 rmsnorm_router=1.44 topk=3.04 total=10.52
[OPROJ_INNER] slicewait=0.36 mfma=3.96 bar=1.68 rmsnorm_router=1.60 topk=2.52 total=10.12
[BAR_OBS] ep=95 xcd=4 drain=0.440 l1=0.240 wait=0.800 acq=0.080 obs=19135334708726 bar=1.560
[BAR_OBS] ep=95 xcd=1 drain=0.440 l1=0.280 wait=0.840 acq=0.080 obs=19135334708735 bar=1.640
[BAR_OBS] ep=95 xcd=7 drain=0.480 l1=0.200 wait=0.720 acq=0.080 obs=19135334708719 bar=1.480
[BAR_OBS] ep=95 xcd=0 drain=0.480 l1=0.280 wait=0.880 acq=0.080 obs=19135334708737 bar=1.720
[BAR_OBS] ep=95 xcd=2 drain=0.480 l1=0.280 wait=0.920 acq=0.080 obs=19135334708739 bar=1.760
[BAR_ARR] ep=95 xcd=1 l1=0.280 l2=0.320
[BAR_OBS] ep=95 xcd=6 drain=0.480 l1=0.200 wait=0.760 acq=0.080 obs=19135334708724 bar=1.520
[BAR_ARR] ep=95 xcd=2 l1=0.280 l2=0.360
[BAR_OBS] ep=95 xcd=5 drain=0.360 l1=0.240 wait=0.920 acq=0.080 obs=19135334708753 bar=1.600
[BAR_ARR] ep=95 xcd=6 l1=0.200 l2=0.280
[BAR_OBS] ep=95 xcd=3 drain=0.480 l1=0.280 wait=0.840 acq=0.080 obs=19135334708735 bar=1.680
[BAR_ARR] ep=95 xcd=5 l1=0.240 l2=0.240
[BAR_ARR] ep=95 xcd=7 l1=0.200 l2=0.240
[BAR_ARR] ep=95 xcd=3 l1=0.280 l2=0.360
[BAR_ARR] ep=95 xcd=4 l1=0.240 l2=0.280
[BAR_REL] ep=95 xcd=5 rel=19135334708725
[BAR_ARR] ep=95 xcd=0 l1=0.280 l2=0.360
[OPROJ_INNER] slicewait=0.44 mfma=3.96 bar=1.76 rmsnorm_router=1.64 topk=2.80 total=10.60
[OPROJ_INNER] slicewait=0.40 mfma=3.96 bar=1.84 rmsnorm_router=1.64 topk=3.72 total=11.56
[OPROJ_INNER] slicewait=0.40 mfma=4.00 bar=1.64 rmsnorm_router=1.52 topk=1.24 total=8.80
[OPROJ_INNER] slicewait=0.40 mfma=3.96 bar=2.04 rmsnorm_router=1.48 topk=8.12 total=16.00
[OPROJ_INNER] slicewait=0.40 mfma=3.96 bar=1.72 rmsnorm_router=1.48 topk=0.36 total=7.92
[BAR_OBS] ep=96 xcd=6 drain=0.440 l1=0.240 wait=0.920 acq=0.040 obs=19135334982120 bar=1.640
[OPROJ_INNER] slicewait=0.40 mfma=4.00 bar=1.68 rmsnorm_router=1.44 topk=0.44 total=7.96
[OPROJ_INNER] slicewait=0.40 mfma=4.00 bar=1.84 rmsnorm_router=1.52 topk=2.12 total=9.88
[BAR_OBS] ep=96 xcd=0 drain=0.480 l1=0.320 wait=1.160 acq=0.080 obs=19135334982153 bar=2.040
[BAR_OBS] ep=96 xcd=2 drain=0.480 l1=0.320 wait=0.960 acq=0.080 obs=19135334982131 bar=1.840
[BAR_OBS] ep=96 xcd=3 drain=0.480 l1=0.280 wait=0.920 acq=0.080 obs=19135334982127 bar=1.760
[BAR_ARR] ep=96 xcd=0 l1=0.320 l2=0.360
[BAR_ARR] ep=96 xcd=2 l1=0.320 l2=0.320
[OPROJ_INNER] slicewait=0.36 mfma=4.00 bar=1.84 rmsnorm_router=1.40 topk=1.40 total=9.00
[BAR_OBS] ep=96 xcd=1 drain=0.440 l1=0.280 wait=1.040 acq=0.080 obs=19135334982127 bar=1.840
[BAR_ARR] ep=96 xcd=3 l1=0.280 l2=0.360
[BAR_REL] ep=96 xcd=0 rel=19135334982121
[BAR_OBS] ep=96 xcd=7 drain=0.440 l1=0.200 wait=1.040 acq=0.040 obs=19135334982115 bar=1.720
[BAR_ARR] ep=96 xcd=1 l1=0.280 l2=0.360
[BAR_ARR] ep=96 xcd=7 l1=0.200 l2=0.240
[BAR_OBS] ep=96 xcd=5 drain=0.400 l1=0.200 wait=1.000 acq=0.080 obs=19135334982117 bar=1.680
[BAR_ARR] ep=96 xcd=6 l1=0.240 l2=0.280
[BAR_OBS] ep=96 xcd=4 drain=0.400 l1=0.240 wait=1.120 acq=0.080 obs=19135334982130 bar=1.840
[BAR_ARR] ep=96 xcd=5 l1=0.200 l2=0.280
[BAR_ARR] ep=96 xcd=4 l1=0.240 l2=0.280
[OPROJ_INNER] slicewait=0.40 mfma=3.96 bar=1.96 rmsnorm_router=1.44 topk=3.80 total=11.56
[OPROJ_INNER] slicewait=0.40 mfma=3.92 bar=1.80 rmsnorm_router=1.52 topk=2.12 total=9.76
[OPROJ_INNER] slicewait=0.44 mfma=3.92 bar=1.64 rmsnorm_router=1.52 topk=0.96 total=8.48
[BAR_OBS] ep=97 xcd=2 drain=0.440 l1=0.320 wait=1.160 acq=0.040 obs=19135335256943 bar=1.960
[OPROJ_INNER] slicewait=0.44 mfma=3.96 bar=1.60 rmsnorm_router=1.48 topk=0.36 total=7.84
[OPROJ_INNER] slicewait=0.40 mfma=3.96 bar=1.80 rmsnorm_router=1.56 topk=2.92 total=10.64
[OPROJ_INNER] slicewait=0.40 mfma=4.00 bar=1.56 rmsnorm_router=1.52 topk=1.76 total=9.24
[OPROJ_INNER] slicewait=0.40 mfma=4.00 bar=1.60 rmsnorm_router=1.52 topk=1.52 total=9.04
[OPROJ_INNER] slicewait=0.40 mfma=3.96 bar=1.80 rmsnorm_router=1.64 topk=3.56 total=11.36
[BAR_OBS] ep=97 xcd=1 drain=0.480 l1=0.280 wait=0.960 acq=0.080 obs=19135335256919 bar=1.800
[BAR_ARR] ep=97 xcd=2 l1=0.320 l2=0.360
[BAR_ARR] ep=97 xcd=1 l1=0.280 l2=0.320
[BAR_OBS] ep=97 xcd=3 drain=0.440 l1=0.280 wait=1.000 acq=0.080 obs=19135335256923 bar=1.800
[BAR_OBS] ep=97 xcd=0 drain=0.480 l1=0.280 wait=0.960 acq=0.080 obs=19135335256921 bar=1.800
[BAR_ARR] ep=97 xcd=3 l1=0.280 l2=0.360
[BAR_OBS] ep=97 xcd=6 drain=0.480 l1=0.240 wait=0.800 acq=0.080 obs=19135335256908 bar=1.600
[BAR_ARR] ep=97 xcd=0 l1=0.280 l2=0.360
[BAR_OBS] ep=97 xcd=7 drain=0.480 l1=0.200 wait=0.840 acq=0.080 obs=19135335256903 bar=1.600
[BAR_ARR] ep=97 xcd=6 l1=0.240 l2=0.240
[BAR_OBS] ep=97 xcd=5 drain=0.360 l1=0.240 wait=0.960 acq=0.080 obs=19135335256905 bar=1.640
[BAR_REL] ep=97 xcd=2 rel=19135335256911
[BAR_ARR] ep=97 xcd=7 l1=0.200 l2=0.240
[BAR_OBS] ep=97 xcd=4 drain=0.400 l1=0.240 wait=0.840 acq=0.080 obs=19135335256910 bar=1.560
[BAR_ARR] ep=97 xcd=5 l1=0.240 l2=0.240
[BAR_ARR] ep=97 xcd=4 l1=0.240 l2=0.280
[OPROJ_INNER] slicewait=0.44 mfma=4.00 bar=1.84 rmsnorm_router=1.64 topk=3.24 total=11.16
[OPROJ_INNER] slicewait=0.40 mfma=4.00 bar=2.04 rmsnorm_router=1.48 topk=8.40 total=16.32
[OPROJ_INNER] slicewait=0.44 mfma=3.92 bar=1.84 rmsnorm_router=1.60 topk=3.08 total=10.88
[BAR_OBS] ep=98 xcd=2 drain=0.480 l1=0.320 wait=0.960 acq=0.080 obs=19135335532943 bar=1.840
[OPROJ_INNER] slicewait=0.44 mfma=3.92 bar=1.68 rmsnorm_router=1.48 topk=0.40 total=7.92
[BAR_ARR] ep=98 xcd=2 l1=0.320 l2=0.360
[OPROJ_INNER] slicewait=0.40 mfma=4.00 bar=1.76 rmsnorm_router=1.60 topk=3.00 total=10.76
[BAR_OBS] ep=98 xcd=0 drain=0.520 l1=0.280 wait=1.160 acq=0.080 obs=19135335532965 bar=2.040
[OPROJ_INNER] slicewait=0.40 mfma=3.96 bar=1.68 rmsnorm_router=1.52 topk=1.44 total=9.00
[BAR_OBS] ep=98 xcd=1 drain=0.440 l1=0.280 wait=0.960 acq=0.080 obs=19135335532939 bar=1.760
[OPROJ_INNER] slicewait=0.40 mfma=3.88 bar=1.80 rmsnorm_router=1.48 topk=0.88 total=8.44
[OPROJ_INNER] slicewait=0.40 mfma=3.96 bar=1.80 rmsnorm_router=1.48 topk=1.64 total=9.28
[BAR_OBS] ep=98 xcd=7 drain=0.440 l1=0.200 wait=0.960 acq=0.080 obs=19135335532923 bar=1.680
[BAR_ARR] ep=98 xcd=7 l1=0.200 l2=0.240
[BAR_ARR] ep=98 xcd=0 l1=0.280 l2=0.320
[BAR_ARR] ep=98 xcd=1 l1=0.280 l2=0.320
[BAR_OBS] ep=98 xcd=5 drain=0.400 l1=0.200 wait=1.160 acq=0.040 obs=19135335532929 bar=1.800
[BAR_REL] ep=98 xcd=0 rel=19135335532933
[BAR_OBS] ep=98 xcd=3 drain=0.480 l1=0.280 wait=1.000 acq=0.080 obs=19135335532939 bar=1.840
[BAR_ARR] ep=98 xcd=3 l1=0.280 l2=0.360
[BAR_OBS] ep=98 xcd=4 drain=0.400 l1=0.240 wait=1.080 acq=0.080 obs=19135335532930 bar=1.800
[BAR_OBS] ep=98 xcd=6 drain=0.480 l1=0.200 wait=0.920 acq=0.080 obs=19135335532928 bar=1.680
[BAR_ARR] ep=98 xcd=5 l1=0.200 l2=0.240
[BAR_ARR] ep=98 xcd=4 l1=0.240 l2=0.280
[BAR_ARR] ep=98 xcd=6 l1=0.200 l2=0.280
[OPROJ_INNER] slicewait=0.44 mfma=4.00 bar=1.52 rmsnorm_router=1.44 topk=0.96 total=8.36
[OPROJ_INNER] slicewait=0.40 mfma=3.92 bar=1.72 rmsnorm_router=1.56 topk=3.52 total=11.12
[OPROJ_INNER] slicewait=0.40 mfma=4.00 bar=1.72 rmsnorm_router=1.52 topk=2.36 total=10.00
[OPROJ_INNER] slicewait=0.40 mfma=3.96 bar=1.72 rmsnorm_router=1.60 topk=4.36 total=12.04
[OPROJ_INNER] slicewait=0.40 mfma=3.96 bar=1.72 rmsnorm_router=1.44 topk=3.48 total=11.00
[OPROJ_INNER] slicewait=0.44 mfma=3.92 bar=1.60 rmsnorm_router=1.48 topk=0.36 total=7.80
[OPROJ_INNER] slicewait=0.40 mfma=3.92 bar=1.80 rmsnorm_router=1.60 topk=4.20 total=11.92
[BAR_OBS] ep=99 xcd=1 drain=0.440 l1=0.280 wait=0.920 acq=0.080 obs=19135335788211 bar=1.720
[OPROJ_INNER] slicewait=0.40 mfma=3.96 bar=1.56 rmsnorm_router=1.52 topk=1.88 total=9.32
[BAR_OBS] ep=99 xcd=5 drain=0.400 l1=0.200 wait=0.840 acq=0.080 obs=19135335788201 bar=1.520
[BAR_OBS] ep=99 xcd=3 drain=0.480 l1=0.280 wait=0.880 acq=0.080 obs=19135335788211 bar=1.720
[BAR_OBS] ep=99 xcd=6 drain=0.440 l1=0.240 wait=0.960 acq=0.080 obs=19135335788228 bar=1.720
[BAR_ARR] ep=99 xcd=1 l1=0.280 l2=0.360
[BAR_ARR] ep=99 xcd=3 l1=0.280 l2=0.360
[BAR_OBS] ep=99 xcd=0 drain=0.440 l1=0.320 wait=0.920 acq=0.040 obs=19135335788217 bar=1.720
[BAR_OBS] ep=99 xcd=2 drain=0.520 l1=0.280 wait=0.920 acq=0.080 obs=19135335788215 bar=1.800
[BAR_ARR] ep=99 xcd=0 l1=0.320 l2=0.360
[BAR_OBS] ep=99 xcd=7 drain=0.440 l1=0.240 wait=0.880 acq=0.040 obs=19135335788199 bar=1.600
[BAR_ARR] ep=99 xcd=2 l1=0.280 l2=0.360
[BAR_ARR] ep=99 xcd=6 l1=0.240 l2=0.280
[BAR_OBS] ep=99 xcd=4 drain=0.440 l1=0.200 wait=0.840 acq=0.080 obs=19135335788202 bar=1.560
[BAR_ARR] ep=99 xcd=7 l1=0.240 l2=0.200
[BAR_ARR] ep=99 xcd=5 l1=0.200 l2=0.240
[BAR_REL] ep=99 xcd=6 rel=19135335788200
[BAR_ARR] ep=99 xcd=4 l1=0.200 l2=0.320
[OPROJ_INNER] slicewait=0.40 mfma=3.92 bar=1.84 rmsnorm_router=1.48 topk=1.36 total=9.00
[OPROJ_INNER] slicewait=0.44 mfma=4.00 bar=1.84 rmsnorm_router=1.60 topk=3.44 total=11.32
[OPROJ_INNER] slicewait=0.40 mfma=3.96 bar=2.00 rmsnorm_router=1.56 topk=3.24 total=11.16
[OPROJ_INNER] slicewait=0.44 mfma=3.92 bar=1.80 rmsnorm_router=1.44 topk=0.92 total=8.52
[BAR_OBS] ep=100 xcd=0 drain=0.480 l1=0.280 wait=1.160 acq=0.080 obs=19135336059589 bar=2.000
[OPROJ_INNER] slicewait=0.40 mfma=4.00 bar=2.00 rmsnorm_router=1.48 topk=7.24 total=15.12
[BAR_OBS] ep=100 xcd=7 drain=0.480 l1=0.200 wait=1.080 acq=0.080 obs=19135336059575 bar=1.840
[OPROJ_INNER] slicewait=0.44 mfma=3.88 bar=1.80 rmsnorm_router=1.48 topk=0.60 total=8.20
[BAR_ARR] ep=100 xcd=0 l1=0.280 l2=0.360
[OPROJ_INNER] slicewait=0.44 mfma=3.96 bar=1.72 rmsnorm_router=1.52 topk=1.76 total=9.40
[OPROJ_INNER] slicewait=0.40 mfma=3.96 bar=1.88 rmsnorm_router=1.64 topk=2.76 total=10.64
[BAR_OBS] ep=100 xcd=2 drain=0.480 l1=0.320 wait=1.160 acq=0.040 obs=19135336059611 bar=2.000
[BAR_OBS] ep=100 xcd=3 drain=0.480 l1=0.280 wait=1.000 acq=0.080 obs=19135336059587 bar=1.840
[BAR_ARR] ep=100 xcd=2 l1=0.320 l2=0.360
[BAR_ARR] ep=100 xcd=7 l1=0.200 l2=0.200
[BAR_OBS] ep=100 xcd=6 drain=0.440 l1=0.240 wait=1.040 acq=0.080 obs=19135336059576 bar=1.800
[BAR_OBS] ep=100 xcd=5 drain=0.400 l1=0.200 wait=1.120 acq=0.080 obs=19135336059573 bar=1.800
[BAR_REL] ep=100 xcd=2 rel=19135336059579
[BAR_OBS] ep=100 xcd=4 drain=0.400 l1=0.240 wait=1.000 acq=0.080 obs=19135336059578 bar=1.720
[BAR_ARR] ep=100 xcd=5 l1=0.200 l2=0.280
[BAR_ARR] ep=100 xcd=3 l1=0.280 l2=0.320
[BAR_ARR] ep=100 xcd=6 l1=0.240 l2=0.280
[BAR_OBS] ep=100 xcd=1 drain=0.440 l1=0.280 wait=1.120 acq=0.040 obs=19135336059587 bar=1.880
[BAR_ARR] ep=100 xcd=4 l1=0.240 l2=0.280
[BAR_ARR] ep=100 xcd=1 l1=0.280 l2=0.320
[OPROJ_INNER] slicewait=0.40 mfma=3.92 bar=1.96 rmsnorm_router=1.48 topk=7.76 total=15.52
[OPROJ_INNER] slicewait=0.40 mfma=3.88 bar=1.84 rmsnorm_router=1.56 topk=3.60 total=11.28
[OPROJ_INNER] slicewait=0.40 mfma=3.92 bar=1.56 rmsnorm_router=1.52 topk=0.76 total=8.16
[OPROJ_INNER] slicewait=0.40 mfma=3.96 bar=1.64 rmsnorm_router=1.52 topk=1.44 total=8.96
[OPROJ_INNER] slicewait=0.40 mfma=3.96 bar=1.88 rmsnorm_router=1.64 topk=3.28 total=11.16
[OPROJ_INNER] slicewait=0.40 mfma=3.92 bar=1.76 rmsnorm_router=1.52 topk=2.20 total=9.80
[BAR_OBS] ep=101 xcd=0 drain=0.480 l1=0.280 wait=1.160 acq=0.040 obs=19135336325385 bar=1.960
[OPROJ_INNER] slicewait=0.44 mfma=3.96 bar=1.56 rmsnorm_router=1.40 topk=0.40 total=7.76
[BAR_OBS] ep=101 xcd=1 drain=0.400 l1=0.320 wait=1.120 acq=0.040 obs=19135336325363 bar=1.880
[BAR_OBS] ep=101 xcd=5 drain=0.400 l1=0.200 wait=0.920 acq=0.040 obs=19135336325349 bar=1.560
[BAR_OBS] ep=101 xcd=2 drain=0.440 l1=0.320 wait=1.000 acq=0.080 obs=19135336325363 bar=1.840
[BAR_ARR] ep=101 xcd=1 l1=0.320 l2=0.320
[BAR_OBS] ep=101 xcd=3 drain=0.480 l1=0.280 wait=0.920 acq=0.080 obs=19135336325359 bar=1.760
[OPROJ_INNER] slicewait=0.36 mfma=3.96 bar=1.60 rmsnorm_router=1.52 topk=1.16 total=8.60
[BAR_ARR] ep=101 xcd=2 l1=0.320 l2=0.320
[BAR_ARR] ep=101 xcd=0 l1=0.280 l2=0.360
[BAR_OBS] ep=101 xcd=6 drain=0.480 l1=0.200 wait=0.880 acq=0.080 obs=19135336325348 bar=1.640
[BAR_ARR] ep=101 xcd=3 l1=0.280 l2=0.320
[BAR_REL] ep=101 xcd=0 rel=19135336325353
[BAR_ARR] ep=101 xcd=6 l1=0.200 l2=0.280
[BAR_ARR] ep=101 xcd=5 l1=0.200 l2=0.240
[BAR_OBS] ep=101 xcd=7 drain=0.480 l1=0.200 wait=0.800 acq=0.080 obs=19135336325347 bar=1.560
[BAR_OBS] ep=101 xcd=4 drain=0.400 l1=0.240 wait=0.880 acq=0.080 obs=19135336325350 bar=1.600
[BAR_ARR] ep=101 xcd=7 l1=0.200 l2=0.240
[BAR_ARR] ep=101 xcd=4 l1=0.240 l2=0.280
[OPROJ_INNER] slicewait=0.40 mfma=3.96 bar=1.88 rmsnorm_router=1.52 topk=3.24 total=11.00
[OPROJ_INNER] slicewait=0.44 mfma=3.96 bar=1.72 rmsnorm_router=1.56 topk=1.24 total=8.92
[OPROJ_INNER] slicewait=0.40 mfma=3.88 bar=1.80 rmsnorm_router=1.48 topk=0.88 total=8.44
[OPROJ_INNER] slicewait=0.40 mfma=3.96 bar=1.72 rmsnorm_router=1.44 topk=0.40 total=7.92
[BAR_OBS] ep=102 xcd=6 drain=0.480 l1=0.240 wait=0.960 acq=0.040 obs=19135336598556 bar=1.720
[OPROJ_INNER] slicewait=0.40 mfma=3.92 bar=1.88 rmsnorm_router=1.56 topk=2.56 total=10.32
[OPROJ_INNER] slicewait=0.40 mfma=3.96 bar=1.92 rmsnorm_router=1.56 topk=2.16 total=10.00
[OPROJ_INNER] slicewait=0.36 mfma=3.92 bar=1.80 rmsnorm_router=1.52 topk=1.92 total=9.52
[BAR_OBS] ep=102 xcd=7 drain=0.440 l1=0.240 wait=0.960 acq=0.080 obs=19135336598551 bar=1.720
[OPROJ_INNER] slicewait=0.40 mfma=3.96 bar=2.04 rmsnorm_router=1.48 topk=7.08 total=14.96
[BAR_ARR] ep=102 xcd=6 l1=0.240 l2=0.280
[BAR_ARR] ep=102 xcd=7 l1=0.240 l2=0.240
[BAR_OBS] ep=102 xcd=0 drain=0.480 l1=0.280 wait=1.040 acq=0.080 obs=19135336598569 bar=1.880
[BAR_OBS] ep=102 xcd=3 drain=0.480 l1=0.280 wait=1.040 acq=0.080 obs=19135336598571 bar=1.880
[BAR_ARR] ep=102 xcd=0 l1=0.280 l2=0.360
[BAR_ARR] ep=102 xcd=3 l1=0.280 l2=0.360
[BAR_OBS] ep=102 xcd=5 drain=0.360 l1=0.240 wait=1.120 acq=0.080 obs=19135336598553 bar=1.800
[BAR_OBS] ep=102 xcd=1 drain=0.440 l1=0.280 wait=1.160 acq=0.040 obs=19135336598567 bar=1.920
[BAR_ARR] ep=102 xcd=1 l1=0.280 l2=0.320
[BAR_ARR] ep=102 xcd=5 l1=0.240 l2=0.240
[BAR_OBS] ep=102 xcd=2 drain=0.520 l1=0.280 wait=1.160 acq=0.080 obs=19135336598587 bar=2.040
[BAR_OBS] ep=102 xcd=4 drain=0.440 l1=0.240 wait=1.080 acq=0.040 obs=19135336598558 bar=1.800
[BAR_ARR] ep=102 xcd=2 l1=0.280 l2=0.360
[BAR_ARR] ep=102 xcd=4 l1=0.240 l2=0.240
[BAR_REL] ep=102 xcd=2 rel=19135336598559
[OPROJ_INNER] slicewait=0.44 mfma=3.92 bar=1.68 rmsnorm_router=1.44 topk=0.48 total=7.96
[OPROJ_INNER] slicewait=0.44 mfma=3.92 bar=1.88 rmsnorm_router=1.56 topk=2.48 total=10.28
[OPROJ_INNER] slicewait=0.36 mfma=3.96 bar=1.76 rmsnorm_router=1.48 topk=1.92 total=9.48
[OPROJ_INNER] slicewait=0.40 mfma=3.96 bar=1.72 rmsnorm_router=1.48 topk=0.36 total=7.92
[OPROJ_INNER] slicewait=0.40 mfma=4.00 bar=2.00 rmsnorm_router=1.48 topk=8.04 total=15.92
[OPROJ_INNER] slicewait=0.36 mfma=3.92 bar=1.88 rmsnorm_router=1.56 topk=3.00 total=10.72
[OPROJ_INNER] slicewait=0.40 mfma=3.92 bar=1.84 rmsnorm_router=1.52 topk=3.60 total=11.28
[OPROJ_INNER] slicewait=0.40 mfma=3.92 bar=1.64 rmsnorm_router=1.48 topk=1.16 total=8.60
[BAR_OBS] ep=103 xcd=1 drain=0.440 l1=0.280 wait=1.080 acq=0.080 obs=19135336861035 bar=1.880
[BAR_OBS] ep=103 xcd=0 drain=0.480 l1=0.280 wait=1.160 acq=0.080 obs=19135336861057 bar=2.000
[BAR_ARR] ep=103 xcd=1 l1=0.280 l2=0.360
[BAR_OBS] ep=103 xcd=7 drain=0.440 l1=0.200 wait=1.000 acq=0.080 obs=19135336861019 bar=1.720
[BAR_OBS] ep=103 xcd=2 drain=0.440 l1=0.320 wait=1.000 acq=0.080 obs=19135336861039 bar=1.840
[BAR_ARR] ep=103 xcd=7 l1=0.200 l2=0.240
[BAR_ARR] ep=103 xcd=2 l1=0.320 l2=0.320
[BAR_ARR] ep=103 xcd=0 l1=0.280 l2=0.360
[BAR_OBS] ep=103 xcd=5 drain=0.400 l1=0.200 wait=1.000 acq=0.080 obs=19135336861021 bar=1.680
[BAR_REL] ep=103 xcd=0 rel=19135336861029
[BAR_OBS] ep=103 xcd=4 drain=0.400 l1=0.240 wait=1.040 acq=0.080 obs=19135336861026 bar=1.760
[BAR_OBS] ep=103 xcd=3 drain=0.440 l1=0.320 wait=1.080 acq=0.040 obs=19135336861035 bar=1.880
[BAR_ARR] ep=103 xcd=5 l1=0.200 l2=0.240
[BAR_ARR] ep=103 xcd=3 l1=0.320 l2=0.320
[BAR_ARR] ep=103 xcd=4 l1=0.240 l2=0.280
[BAR_OBS] ep=103 xcd=6 drain=0.480 l1=0.240 wait=0.840 acq=0.080 obs=19135336861024 bar=1.640
[BAR_ARR] ep=103 xcd=6 l1=0.240 l2=0.280
[OPROJ_INNER] slicewait=0.40 mfma=4.04 bar=1.52 rmsnorm_router=1.48 topk=0.48 total=7.92
[OPROJ_INNER] slicewait=0.40 mfma=3.96 bar=1.84 rmsnorm_router=1.52 topk=2.68 total=10.40
[OPROJ_INNER] slicewait=0.44 mfma=3.92 bar=1.80 rmsnorm_router=1.56 topk=2.68 total=10.40
[OPROJ_INNER] slicewait=0.40 mfma=3.96 bar=1.76 rmsnorm_router=1.48 topk=3.64 total=11.24
[OPROJ_INNER] slicewait=0.40 mfma=4.00 bar=1.72 rmsnorm_router=1.48 topk=1.92 total=9.52
[OPROJ_INNER] slicewait=0.40 mfma=3.92 bar=1.72 rmsnorm_router=1.52 topk=1.12 total=8.68
[BAR_OBS] ep=104 xcd=0 drain=0.440 l1=0.320 wait=1.000 acq=0.080 obs=19135337133045 bar=1.840
[OPROJ_INNER] slicewait=0.44 mfma=3.96 bar=1.80 rmsnorm_router=1.56 topk=2.40 total=10.16
[BAR_OBS] ep=104 xcd=5 drain=0.360 l1=0.240 wait=0.840 acq=0.080 obs=19135337133029 bar=1.520
[BAR_ARR] ep=104 xcd=0 l1=0.320 l2=0.320
[BAR_OBS] ep=104 xcd=3 drain=0.480 l1=0.280 wait=0.960 acq=0.080 obs=19135337133043 bar=1.800
[BAR_ARR] ep=104 xcd=5 l1=0.240 l2=0.240
[BAR_ARR] ep=104 xcd=3 l1=0.280 l2=0.360
[BAR_OBS] ep=104 xcd=1 drain=0.440 l1=0.280 wait=1.040 acq=0.040 obs=19135337133043 bar=1.800
[BAR_OBS] ep=104 xcd=7 drain=0.480 l1=0.200 wait=0.960 acq=0.080 obs=19135337133031 bar=1.720
[BAR_OBS] ep=104 xcd=4 drain=0.400 l1=0.240 wait=1.040 acq=0.040 obs=19135337133046 bar=1.720
[BAR_ARR] ep=104 xcd=1 l1=0.280 l2=0.360
[OPROJ_INNER] slicewait=0.44 mfma=3.96 bar=1.76 rmsnorm_router=1.56 topk=3.40 total=11.12
[BAR_ARR] ep=104 xcd=7 l1=0.200 l2=0.240
[BAR_ARR] ep=104 xcd=4 l1=0.240 l2=0.280
[BAR_OBS] ep=104 xcd=6 drain=0.480 l1=0.240 wait=1.000 acq=0.040 obs=19135337133064 bar=1.760
[BAR_OBS] ep=104 xcd=2 drain=0.480 l1=0.320 wait=0.880 acq=0.080 obs=19135337133047 bar=1.760
[BAR_ARR] ep=104 xcd=6 l1=0.240 l2=0.280
[BAR_ARR] ep=104 xcd=2 l1=0.320 l2=0.360
[BAR_REL] ep=104 xcd=6 rel=19135337133032
[OPROJ_INNER] slicewait=0.40 mfma=3.96 bar=1.84 rmsnorm_router=1.60 topk=2.24 total=10.04
[OPROJ_INNER] slicewait=0.40 mfma=3.96 bar=2.00 rmsnorm_router=1.40 topk=3.76 total=11.52
[OPROJ_INNER] slicewait=0.40 mfma=3.92 bar=1.84 rmsnorm_router=1.40 topk=0.80 total=8.36
[OPROJ_INNER] slicewait=0.40 mfma=3.92 bar=1.68 rmsnorm_router=1.48 topk=1.48 total=8.96
[OPROJ_INNER] slicewait=0.40 mfma=3.96 bar=1.64 rmsnorm_router=1.44 topk=0.56 total=8.00
[OPROJ_INNER] slicewait=0.44 mfma=3.92 bar=1.84 rmsnorm_router=1.60 topk=3.52 total=11.32
[OPROJ_INNER] slicewait=0.44 mfma=3.88 bar=1.88 rmsnorm_router=1.52 topk=2.76 total=10.48
[OPROJ_INNER] slicewait=0.40 mfma=4.00 bar=1.64 rmsnorm_router=1.56 topk=1.84 total=9.44
[BAR_OBS] ep=105 xcd=0 drain=0.480 l1=0.320 wait=1.000 acq=0.040 obs=19135337394137 bar=1.840
[BAR_OBS] ep=105 xcd=1 drain=0.440 l1=0.280 wait=1.040 acq=0.080 obs=19135337394131 bar=1.840
[BAR_OBS] ep=105 xcd=2 drain=0.440 l1=0.320 wait=1.160 acq=0.080 obs=19135337394155 bar=2.000
[BAR_ARR] ep=105 xcd=1 l1=0.280 l2=0.360
[BAR_ARR] ep=105 xcd=2 l1=0.320 l2=0.360
[BAR_REL] ep=105 xcd=2 rel=19135337394127
[BAR_OBS] ep=105 xcd=6 drain=0.480 l1=0.240 wait=0.920 acq=0.040 obs=19135337394124 bar=1.680
[BAR_OBS] ep=105 xcd=7 drain=0.480 l1=0.200 wait=1.080 acq=0.080 obs=19135337394123 bar=1.840
[BAR_OBS] ep=105 xcd=3 drain=0.480 l1=0.320 wait=1.000 acq=0.080 obs=19135337394135 bar=1.880
[BAR_OBS] ep=105 xcd=5 drain=0.400 l1=0.200 wait=1.000 acq=0.040 obs=19135337394125 bar=1.640
[BAR_OBS] ep=105 xcd=4 drain=0.400 l1=0.240 wait=0.960 acq=0.040 obs=19135337394126 bar=1.640
[BAR_ARR] ep=105 xcd=3 l1=0.320 l2=0.320
[BAR_ARR] ep=105 xcd=7 l1=0.200 l2=0.240
[BAR_ARR] ep=105 xcd=0 l1=0.320 l2=0.320
[BAR_ARR] ep=105 xcd=4 l1=0.240 l2=0.280
[BAR_ARR] ep=105 xcd=6 l1=0.240 l2=0.280
[BAR_ARR] ep=105 xcd=5 l1=0.200 l2=0.280
[OPROJ_INNER] slicewait=0.40 mfma=4.00 bar=2.04 rmsnorm_router=1.48 topk=3.76 total=11.68
[OPROJ_INNER] slicewait=0.36 mfma=3.96 bar=1.84 rmsnorm_router=1.64 topk=3.60 total=11.40
[OPROJ_INNER] slicewait=0.44 mfma=4.00 bar=1.60 rmsnorm_router=1.48 topk=0.40 total=7.92
[OPROJ_INNER] slicewait=0.40 mfma=4.00 bar=1.84 rmsnorm_router=1.52 topk=2.00 total=9.76
[OPROJ_INNER] slicewait=0.40 mfma=3.92 bar=1.84 rmsnorm_router=1.52 topk=0.84 total=8.52
[BAR_OBS] ep=106 xcd=0 drain=0.480 l1=0.280 wait=1.040 acq=0.040 obs=19135337666149 bar=1.840
[OPROJ_INNER] slicewait=0.44 mfma=4.00 bar=1.80 rmsnorm_router=1.56 topk=2.56 total=10.36
[BAR_OBS] ep=106 xcd=2 drain=0.480 l1=0.320 wait=1.160 acq=0.080 obs=19135337666167 bar=2.040
[OPROJ_INNER] slicewait=0.36 mfma=3.96 bar=1.76 rmsnorm_router=1.48 topk=1.00 total=8.56
[BAR_OBS] ep=106 xcd=7 drain=0.440 l1=0.240 wait=0.840 acq=0.080 obs=19135337666131 bar=1.600
[BAR_ARR] ep=106 xcd=0 l1=0.280 l2=0.360
[BAR_OBS] ep=106 xcd=5 drain=0.400 l1=0.200 wait=1.160 acq=0.080 obs=19135337666133 bar=1.840
[BAR_ARR] ep=106 xcd=2 l1=0.320 l2=0.360
[BAR_OBS] ep=106 xcd=1 drain=0.440 l1=0.280 wait=1.040 acq=0.080 obs=19135337666143 bar=1.840
[BAR_ARR] ep=106 xcd=7 l1=0.240 l2=0.200
[BAR_ARR] ep=106 xcd=1 l1=0.280 l2=0.320
[BAR_REL] ep=106 xcd=2 rel=19135337666139
[OPROJ_INNER] slicewait=0.44 mfma=4.00 bar=1.64 rmsnorm_router=1.56 topk=1.36 total=9.00
[BAR_ARR] ep=106 xcd=5 l1=0.200 l2=0.240
[BAR_OBS] ep=106 xcd=3 drain=0.440 l1=0.320 wait=0.960 acq=0.080 obs=19135337666147 bar=1.800
[BAR_OBS] ep=106 xcd=4 drain=0.400 l1=0.240 wait=1.080 acq=0.040 obs=19135337666138 bar=1.760
[BAR_ARR] ep=106 xcd=3 l1=0.320 l2=0.320
[BAR_ARR] ep=106 xcd=4 l1=0.240 l2=0.280
[BAR_OBS] ep=106 xcd=6 drain=0.480 l1=0.240 wait=0.840 acq=0.080 obs=19135337666132 bar=1.640
[BAR_ARR] ep=106 xcd=6 l1=0.240 l2=0.280
[OPROJ_INNER] slicewait=0.44 mfma=4.00 bar=2.00 rmsnorm_router=1.48 topk=7.20 total=15.12
[OPROJ_INNER] slicewait=0.40 mfma=3.96 bar=1.88 rmsnorm_router=1.60 topk=2.64 total=10.48
[OPROJ_INNER] slicewait=0.40 mfma=3.92 bar=1.64 rmsnorm_router=1.44 topk=0.64 total=8.04
[OPROJ_INNER] slicewait=0.40 mfma=3.96 bar=1.92 rmsnorm_router=1.52 topk=3.24 total=11.04
[OPROJ_INNER] slicewait=0.44 mfma=3.96 bar=1.76 rmsnorm_router=1.48 topk=1.56 total=9.20
[OPROJ_INNER] slicewait=0.36 mfma=4.00 bar=1.72 rmsnorm_router=1.56 topk=1.56 total=9.20
[OPROJ_INNER] slicewait=0.40 mfma=3.96 bar=1.76 rmsnorm_router=1.40 topk=0.40 total=7.92
[BAR_OBS] ep=107 xcd=0 drain=0.480 l1=0.280 wait=1.160 acq=0.080 obs=19135337942361 bar=2.000
[BAR_OBS] ep=107 xcd=5 drain=0.400 l1=0.240 wait=1.040 acq=0.080 obs=19135337942333 bar=1.760
[OPROJ_INNER] slicewait=0.40 mfma=4.00 bar=1.92 rmsnorm_router=1.60 topk=3.20 total=11.12
[BAR_ARR] ep=107 xcd=0 l1=0.280 l2=0.360
[BAR_REL] ep=107 xcd=0 rel=19135337942333
[BAR_ARR] ep=107 xcd=5 l1=0.240 l2=0.240
[BAR_OBS] ep=107 xcd=3 drain=0.480 l1=0.280 wait=1.080 acq=0.040 obs=19135337942339 bar=1.880
[BAR_OBS] ep=107 xcd=2 drain=0.480 l1=0.320 wait=1.080 acq=0.040 obs=19135337942343 bar=1.920
[BAR_ARR] ep=107 xcd=2 l1=0.320 l2=0.360
[BAR_OBS] ep=107 xcd=4 drain=0.400 l1=0.240 wait=1.040 acq=0.040 obs=19135337942330 bar=1.720
[BAR_OBS] ep=107 xcd=7 drain=0.440 l1=0.200 wait=1.040 acq=0.080 obs=19135337942323 bar=1.760
[BAR_ARR] ep=107 xcd=3 l1=0.280 l2=0.320
[BAR_OBS] ep=107 xcd=1 drain=0.440 l1=0.280 wait=1.120 acq=0.080 obs=19135337942339 bar=1.920
[BAR_OBS] ep=107 xcd=6 drain=0.480 l1=0.240 wait=0.840 acq=0.080 obs=19135337942328 bar=1.640
[BAR_ARR] ep=107 xcd=1 l1=0.280 l2=0.360
[BAR_ARR] ep=107 xcd=4 l1=0.240 l2=0.280
[BAR_ARR] ep=107 xcd=6 l1=0.240 l2=0.280
[BAR_ARR] ep=107 xcd=7 l1=0.200 l2=0.240
[OPROJ_INNER] slicewait=0.40 mfma=3.92 bar=1.56 rmsnorm_router=1.44 topk=0.72 total=8.04
[OPROJ_INNER] slicewait=0.40 mfma=3.92 bar=1.68 rmsnorm_router=1.44 topk=2.80 total=10.24
[OPROJ_INNER] slicewait=0.44 mfma=3.88 bar=1.68 rmsnorm_router=1.60 topk=2.32 total=9.92
[OPROJ_INNER] slicewait=0.40 mfma=3.96 bar=1.68 rmsnorm_router=1.52 topk=2.80 total=10.36
[OPROJ_INNER] slicewait=0.40 mfma=3.92 bar=1.56 rmsnorm_router=1.52 topk=1.52 total=8.92
[OPROJ_INNER] slicewait=0.40 mfma=4.00 bar=1.64 rmsnorm_router=1.60 topk=2.64 total=10.28
[BAR_OBS] ep=108 xcd=6 drain=0.480 l1=0.240 wait=0.760 acq=0.080 obs=19135338204448 bar=1.560
[BAR_OBS] ep=108 xcd=0 drain=0.440 l1=0.280 wait=0.880 acq=0.080 obs=19135338204461 bar=1.680
[OPROJ_INNER] slicewait=0.40 mfma=3.92 bar=1.56 rmsnorm_router=1.44 topk=0.60 total=7.92
[OPROJ_INNER] slicewait=0.44 mfma=3.92 bar=1.68 rmsnorm_router=1.60 topk=3.92 total=11.56
[BAR_OBS] ep=108 xcd=3 drain=0.480 l1=0.280 wait=0.880 acq=0.040 obs=19135338204459 bar=1.680
[BAR_OBS] ep=108 xcd=4 drain=0.400 l1=0.240 wait=0.840 acq=0.080 obs=19135338204450 bar=1.560
[BAR_ARR] ep=108 xcd=0 l1=0.280 l2=0.360
[BAR_OBS] ep=108 xcd=7 drain=0.440 l1=0.200 wait=0.960 acq=0.080 obs=19135338204475 bar=1.680
[BAR_OBS] ep=108 xcd=1 drain=0.440 l1=0.280 wait=0.880 acq=0.040 obs=19135338204459 bar=1.640
[BAR_ARR] ep=108 xcd=6 l1=0.240 l2=0.280
[BAR_OBS] ep=108 xcd=2 drain=0.440 l1=0.320 wait=0.880 acq=0.040 obs=19135338204463 bar=1.680
[BAR_ARR] ep=108 xcd=4 l1=0.240 l2=0.240
[BAR_ARR] ep=108 xcd=2 l1=0.320 l2=0.360
[BAR_ARR] ep=108 xcd=1 l1=0.280 l2=0.320
[BAR_OBS] ep=108 xcd=5 drain=0.360 l1=0.200 wait=0.920 acq=0.080 obs=19135338204445 bar=1.560
[BAR_ARR] ep=108 xcd=3 l1=0.280 l2=0.320
[BAR_ARR] ep=108 xcd=7 l1=0.200 l2=0.280
[BAR_ARR] ep=108 xcd=5 l1=0.200 l2=0.280
[BAR_REL] ep=108 xcd=7 rel=19135338204447
[OPROJ_INNER] slicewait=0.40 mfma=3.92 bar=1.72 rmsnorm_router=1.48 topk=1.12 total=8.64
[OPROJ_INNER] slicewait=0.40 mfma=3.92 bar=1.88 rmsnorm_router=1.64 topk=4.04 total=11.88
[OPROJ_INNER] slicewait=0.44 mfma=3.92 bar=1.72 rmsnorm_router=1.44 topk=0.40 total=7.92
[OPROJ_INNER] slicewait=0.40 mfma=3.96 bar=1.68 rmsnorm_router=1.44 topk=0.40 total=7.88
[OPROJ_INNER] slicewait=0.40 mfma=4.00 bar=1.92 rmsnorm_router=1.56 topk=3.40 total=11.28
[OPROJ_INNER] slicewait=0.40 mfma=3.92 bar=1.80 rmsnorm_router=1.48 topk=1.68 total=9.28
[OPROJ_INNER] slicewait=0.40 mfma=4.00 bar=1.96 rmsnorm_router=1.48 topk=8.08 total=15.92
[OPROJ_INNER] slicewait=0.40 mfma=4.00 bar=1.76 rmsnorm_router=1.60 topk=2.68 total=10.44
[BAR_OBS] ep=109 xcd=5 drain=0.400 l1=0.200 wait=1.040 acq=0.040 obs=19135338477813 bar=1.680
[BAR_OBS] ep=109 xcd=7 drain=0.440 l1=0.240 wait=0.960 acq=0.080 obs=19135338477811 bar=1.720
[BAR_OBS] ep=109 xcd=0 drain=0.440 l1=0.320 wait=1.080 acq=0.080 obs=19135338477829 bar=1.920
[BAR_OBS] ep=109 xcd=4 drain=0.400 l1=0.240 wait=1.040 acq=0.040 obs=19135338477818 bar=1.720
[BAR_ARR] ep=109 xcd=0 l1=0.320 l2=0.360
[BAR_OBS] ep=109 xcd=2 drain=0.480 l1=0.320 wait=1.040 acq=0.040 obs=19135338477831 bar=1.880
[BAR_OBS] ep=109 xcd=3 drain=0.480 l1=0.280 wait=1.160 acq=0.040 obs=19135338477851 bar=1.960
[BAR_ARR] ep=109 xcd=2 l1=0.320 l2=0.360
[BAR_ARR] ep=109 xcd=3 l1=0.280 l2=0.320
[BAR_REL] ep=109 xcd=3 rel=19135338477819
[BAR_ARR] ep=109 xcd=4 l1=0.240 l2=0.280
[BAR_ARR] ep=109 xcd=7 l1=0.240 l2=0.240
[BAR_ARR] ep=109 xcd=5 l1=0.200 l2=0.240
[BAR_OBS] ep=109 xcd=1 drain=0.440 l1=0.280 wait=1.000 acq=0.040 obs=19135338477827 bar=1.760
[BAR_OBS] ep=109 xcd=6 drain=0.440 l1=0.240 wait=1.040 acq=0.080 obs=19135338477816 bar=1.800
[BAR_ARR] ep=109 xcd=1 l1=0.280 l2=0.320
[BAR_ARR] ep=109 xcd=6 l1=0.240 l2=0.280
[OPROJ_INNER] slicewait=0.44 mfma=3.92 bar=1.72 rmsnorm_router=1.48 topk=0.56 total=8.12
[OPROJ_INNER] slicewait=0.36 mfma=3.96 bar=1.88 rmsnorm_router=1.56 topk=3.08 total=10.84
[OPROJ_INNER] slicewait=0.40 mfma=4.00 bar=1.84 rmsnorm_router=1.56 topk=2.44 total=10.24
[BAR_OBS] ep=110 xcd=1 drain=0.440 l1=0.240 wait=1.080 acq=0.080 obs=19135338753731 bar=1.840
[BAR_OBS] ep=110 xcd=0 drain=0.480 l1=0.280 wait=1.080 acq=0.040 obs=19135338753737 bar=1.880
[OPROJ_INNER] slicewait=0.40 mfma=3.92 bar=1.84 rmsnorm_router=1.52 topk=2.88 total=10.56
[OPROJ_INNER] slicewait=0.36 mfma=3.92 bar=1.72 rmsnorm_router=1.52 topk=1.08 total=8.60
[OPROJ_INNER] slicewait=0.40 mfma=4.00 bar=1.60 rmsnorm_router=1.52 topk=1.56 total=9.08
[OPROJ_INNER] slicewait=0.44 mfma=3.92 bar=2.00 rmsnorm_router=1.44 topk=8.20 total=16.00
[BAR_OBS] ep=110 xcd=7 drain=0.480 l1=0.200 wait=0.960 acq=0.080 obs=19135338753719 bar=1.720
[BAR_ARR] ep=110 xcd=0 l1=0.280 l2=0.360
[OPROJ_INNER] slicewait=0.40 mfma=3.96 bar=1.68 rmsnorm_router=1.48 topk=1.68 total=9.20
[BAR_OBS] ep=110 xcd=2 drain=0.480 l1=0.280 wait=1.160 acq=0.080 obs=19135338753755 bar=2.000
[BAR_ARR] ep=110 xcd=2 l1=0.280 l2=0.360
[BAR_OBS] ep=110 xcd=6 drain=0.480 l1=0.200 wait=0.840 acq=0.080 obs=19135338753720 bar=1.600
[BAR_ARR] ep=110 xcd=1 l1=0.240 l2=0.360
[BAR_OBS] ep=110 xcd=3 drain=0.440 l1=0.280 wait=1.040 acq=0.080 obs=19135338753735 bar=1.840
[BAR_REL] ep=110 xcd=2 rel=19135338753727
[BAR_ARR] ep=110 xcd=3 l1=0.280 l2=0.320
[BAR_ARR] ep=110 xcd=7 l1=0.200 l2=0.240
[BAR_ARR] ep=110 xcd=6 l1=0.200 l2=0.240
[BAR_OBS] ep=110 xcd=5 drain=0.400 l1=0.240 wait=1.000 acq=0.080 obs=19135338753717 bar=1.720
[BAR_OBS] ep=110 xcd=4 drain=0.400 l1=0.240 wait=1.000 acq=0.040 obs=19135338753726 bar=1.680
[BAR_ARR] ep=110 xcd=5 l1=0.240 l2=0.240
[BAR_ARR] ep=110 xcd=4 l1=0.240 l2=0.280
[OPROJ_INNER] slicewait=0.36 mfma=3.92 bar=2.12 rmsnorm_router=1.56 topk=3.72 total=11.68
[OPROJ_INNER] slicewait=0.40 mfma=3.96 bar=1.84 rmsnorm_router=1.52 topk=1.84 total=9.56
[OPROJ_INNER] slicewait=0.40 mfma=4.04 bar=1.72 rmsnorm_router=1.44 topk=0.44 total=8.04
[OPROJ_INNER] slicewait=0.44 mfma=4.00 bar=1.72 rmsnorm_router=1.56 topk=1.44 total=9.16
[OPROJ_INNER] slicewait=0.44 mfma=3.96 bar=1.84 rmsnorm_router=1.64 topk=3.20 total=11.08
[OPROJ_INNER] slicewait=0.36 mfma=4.00 bar=2.00 rmsnorm_router=1.56 topk=2.76 total=10.68
[OPROJ_INNER] slicewait=0.40 mfma=4.00 bar=2.08 rmsnorm_router=1.48 topk=7.88 total=15.84
[OPROJ_INNER] slicewait=0.36 mfma=3.96 bar=1.80 rmsnorm_router=1.48 topk=1.00 total=8.60
[BAR_OBS] ep=111 xcd=0 drain=0.480 l1=0.280 wait=1.320 acq=0.040 obs=19135339020833 bar=2.120
[BAR_OBS] ep=111 xcd=2 drain=0.520 l1=0.320 wait=1.160 acq=0.080 obs=19135339020851 bar=2.080
[BAR_ARR] ep=111 xcd=2 l1=0.320 l2=0.360
[BAR_OBS] ep=111 xcd=1 drain=0.440 l1=0.280 wait=1.200 acq=0.080 obs=19135339020827 bar=2.000
[BAR_ARR] ep=111 xcd=0 l1=0.280 l2=0.320
[BAR_OBS] ep=111 xcd=7 drain=0.480 l1=0.200 wait=0.960 acq=0.080 obs=19135339020815 bar=1.720
[BAR_OBS] ep=111 xcd=3 drain=0.480 l1=0.280 wait=1.040 acq=0.040 obs=19135339020831 bar=1.840
[BAR_REL] ep=111 xcd=2 rel=19135339020823
[BAR_OBS] ep=111 xcd=6 drain=0.480 l1=0.240 wait=0.920 acq=0.080 obs=19135339020816 bar=1.720
[BAR_ARR] ep=111 xcd=3 l1=0.280 l2=0.360
[BAR_ARR] ep=111 xcd=7 l1=0.200 l2=0.240
[BAR_ARR] ep=111 xcd=1 l1=0.280 l2=0.320
[BAR_ARR] ep=111 xcd=6 l1=0.240 l2=0.280
[BAR_OBS] ep=111 xcd=5 drain=0.360 l1=0.240 wait=1.120 acq=0.080 obs=19135339020817 bar=1.800
[BAR_OBS] ep=111 xcd=4 drain=0.440 l1=0.200 wait=1.160 acq=0.040 obs=19135339020822 bar=1.840
[BAR_ARR] ep=111 xcd=5 l1=0.240 l2=0.240
[BAR_ARR] ep=111 xcd=4 l1=0.200 l2=0.280
[OPROJ_INNER] slicewait=0.40 mfma=3.88 bar=1.88 rmsnorm_router=1.64 topk=3.96 total=11.76
[OPROJ_INNER] slicewait=0.40 mfma=4.00 bar=1.76 rmsnorm_router=1.52 topk=1.96 total=9.64
[OPROJ_INNER] slicewait=0.40 mfma=3.92 bar=1.92 rmsnorm_router=1.60 topk=3.44 total=11.28
[OPROJ_INNER] slicewait=0.44 mfma=3.92 bar=1.64 rmsnorm_router=1.48 topk=0.88 total=8.36
[OPROJ_INNER] slicewait=0.40 mfma=4.00 bar=1.68 rmsnorm_router=1.48 topk=1.16 total=8.72
[OPROJ_INNER] slicewait=0.40 mfma=3.96 bar=1.68 rmsnorm_router=1.48 topk=0.40 total=7.92
[OPROJ_INNER] slicewait=0.40 mfma=3.96 bar=1.68 rmsnorm_router=1.52 topk=1.44 total=9.00
[BAR_OBS] ep=112 xcd=5 drain=0.360 l1=0.200 wait=1.040 acq=0.080 obs=19135339294541 bar=1.680
[BAR_OBS] ep=112 xcd=6 drain=0.480 l1=0.240 wait=0.840 acq=0.080 obs=19135339294540 bar=1.640
[BAR_ARR] ep=112 xcd=5 l1=0.200 l2=0.280
[OPROJ_INNER] slicewait=0.40 mfma=3.92 bar=2.00 rmsnorm_router=1.48 topk=7.04 total=14.84
[BAR_OBS] ep=112 xcd=4 drain=0.400 l1=0.240 wait=1.000 acq=0.040 obs=19135339294546 bar=1.680
[BAR_OBS] ep=112 xcd=3 drain=0.480 l1=0.280 wait=1.040 acq=0.080 obs=19135339294555 bar=1.880
[BAR_OBS] ep=112 xcd=1 drain=0.440 l1=0.280 wait=0.960 acq=0.080 obs=19135339294551 bar=1.760
[BAR_ARR] ep=112 xcd=3 l1=0.280 l2=0.320
[BAR_ARR] ep=112 xcd=1 l1=0.280 l2=0.320
[BAR_OBS] ep=112 xcd=0 drain=0.480 l1=0.280 wait=1.120 acq=0.040 obs=19135339294557 bar=1.920
[BAR_OBS] ep=112 xcd=2 drain=0.440 l1=0.320 wait=1.160 acq=0.080 obs=19135339294575 bar=2.000
[BAR_OBS] ep=112 xcd=7 drain=0.440 l1=0.240 wait=0.960 acq=0.040 obs=19135339294539 bar=1.680
[BAR_ARR] ep=112 xcd=0 l1=0.280 l2=0.360
[BAR_ARR] ep=112 xcd=2 l1=0.320 l2=0.360
[BAR_ARR] ep=112 xcd=4 l1=0.240 l2=0.280
[BAR_REL] ep=112 xcd=2 rel=19135339294547
[BAR_ARR] ep=112 xcd=6 l1=0.240 l2=0.240
[BAR_ARR] ep=112 xcd=7 l1=0.240 l2=0.200
[OPROJ_INNER] slicewait=0.40 mfma=4.04 bar=1.84 rmsnorm_router=1.60 topk=2.40 total=10.28
[OPROJ_INNER] slicewait=0.40 mfma=3.96 bar=1.76 rmsnorm_router=1.48 topk=1.72 total=9.32
[OPROJ_INNER] slicewait=0.40 mfma=4.00 bar=1.92 rmsnorm_router=1.60 topk=2.60 total=10.52
[OPROJ_INNER] slicewait=0.40 mfma=3.92 bar=1.84 rmsnorm_router=1.52 topk=0.84 total=8.52
[OPROJ_INNER] slicewait=0.40 mfma=3.92 bar=1.80 rmsnorm_router=1.52 topk=1.12 total=8.76
[OPROJ_INNER] slicewait=0.40 mfma=4.00 bar=2.08 rmsnorm_router=1.44 topk=8.44 total=16.36
[OPROJ_INNER] slicewait=0.40 mfma=3.96 bar=1.96 rmsnorm_router=1.52 topk=2.60 total=10.44
[BAR_OBS] ep=113 xcd=3 drain=0.480 l1=0.280 wait=1.080 acq=0.080 obs=19135339554443 bar=1.920
[OPROJ_INNER] slicewait=0.40 mfma=3.92 bar=1.84 rmsnorm_router=1.52 topk=1.36 total=9.04
[BAR_OBS] ep=113 xcd=7 drain=0.480 l1=0.200 wait=1.080 acq=0.080 obs=19135339554427 bar=1.840
[BAR_ARR] ep=113 xcd=3 l1=0.280 l2=0.360
[BAR_OBS] ep=113 xcd=2 drain=0.520 l1=0.320 wait=1.160 acq=0.080 obs=19135339554467 bar=2.080
[BAR_OBS] ep=113 xcd=1 drain=0.440 l1=0.280 wait=1.040 acq=0.080 obs=19135339554443 bar=1.840
[BAR_ARR] ep=113 xcd=2 l1=0.320 l2=0.360
[BAR_ARR] ep=113 xcd=1 l1=0.280 l2=0.320
[BAR_REL] ep=113 xcd=2 rel=19135339554435
[BAR_OBS] ep=113 xcd=5 drain=0.400 l1=0.200 wait=1.120 acq=0.080 obs=19135339554429 bar=1.800
[BAR_ARR] ep=113 xcd=7 l1=0.200 l2=0.240
[BAR_OBS] ep=113 xcd=0 drain=0.480 l1=0.280 wait=1.120 acq=0.080 obs=19135339554445 bar=1.960
[BAR_OBS] ep=113 xcd=6 drain=0.480 l1=0.200 wait=1.080 acq=0.080 obs=19135339554432 bar=1.840
[BAR_ARR] ep=113 xcd=5 l1=0.200 l2=0.240
[BAR_ARR] ep=113 xcd=0 l1=0.280 l2=0.360
[BAR_ARR] ep=113 xcd=6 l1=0.200 l2=0.280
[BAR_OBS] ep=113 xcd=4 drain=0.400 l1=0.200 wait=1.080 acq=0.080 obs=19135339554434 bar=1.760
[BAR_ARR] ep=113 xcd=4 l1=0.200 l2=0.320
[OPROJ_INNER] slicewait=0.36 mfma=4.00 bar=1.64 rmsnorm_router=1.48 topk=0.92 total=8.40
[OPROJ_INNER] slicewait=0.40 mfma=3.96 bar=1.64 rmsnorm_router=1.44 topk=1.64 total=9.08
[OPROJ_INNER] slicewait=0.40 mfma=4.00 bar=2.00 rmsnorm_router=1.52 topk=8.20 total=16.12
[OPROJ_INNER] slicewait=0.44 mfma=3.96 bar=1.76 rmsnorm_router=1.60 topk=3.44 total=11.20
[OPROJ_INNER] slicewait=0.40 mfma=3.92 bar=1.80 rmsnorm_router=1.60 topk=3.52 total=11.24
[OPROJ_INNER] slicewait=0.40 mfma=3.92 bar=1.80 rmsnorm_router=1.56 topk=2.20 total=9.88
[BAR_OBS] ep=114 xcd=5 drain=0.400 l1=0.200 wait=0.960 acq=0.080 obs=19135339825677 bar=1.640
[OPROJ_INNER] slicewait=0.40 mfma=4.00 bar=1.64 rmsnorm_router=1.52 topk=1.60 total=9.16
[OPROJ_INNER] slicewait=0.40 mfma=4.00 bar=1.56 rmsnorm_router=1.44 topk=0.40 total=7.80
[BAR_ARR] ep=114 xcd=5 l1=0.200 l2=0.240
[BAR_OBS] ep=114 xcd=1 drain=0.440 l1=0.280 wait=1.000 acq=0.040 obs=19135339825695 bar=1.760
[BAR_OBS] ep=114 xcd=0 drain=0.480 l1=0.320 wait=1.120 acq=0.080 obs=19135339825713 bar=2.000
[BAR_ARR] ep=114 xcd=1 l1=0.280 l2=0.360
[BAR_ARR] ep=114 xcd=0 l1=0.320 l2=0.320
[BAR_REL] ep=114 xcd=0 rel=19135339825685
[BAR_OBS] ep=114 xcd=2 drain=0.480 l1=0.280 wait=1.000 acq=0.040 obs=19135339825695 bar=1.800
[BAR_OBS] ep=114 xcd=3 drain=0.480 l1=0.280 wait=0.960 acq=0.080 obs=19135339825691 bar=1.800
[BAR_ARR] ep=114 xcd=2 l1=0.280 l2=0.360
[BAR_OBS] ep=114 xcd=7 drain=0.480 l1=0.200 wait=0.800 acq=0.080 obs=19135339825675 bar=1.560
[BAR_ARR] ep=114 xcd=3 l1=0.280 l2=0.360
[BAR_OBS] ep=114 xcd=6 drain=0.480 l1=0.200 wait=0.880 acq=0.080 obs=19135339825680 bar=1.640
[BAR_OBS] ep=114 xcd=4 drain=0.400 l1=0.240 wait=0.920 acq=0.080 obs=19135339825682 bar=1.640
[BAR_ARR] ep=114 xcd=7 l1=0.200 l2=0.240
[BAR_ARR] ep=114 xcd=4 l1=0.240 l2=0.280
[BAR_ARR] ep=114 xcd=6 l1=0.200 l2=0.280
[OPROJ_INNER] slicewait=0.40 mfma=3.92 bar=1.72 rmsnorm_router=1.52 topk=1.76 total=9.32
[OPROJ_INNER] slicewait=0.44 mfma=3.96 bar=1.68 rmsnorm_router=1.44 topk=0.40 total=7.92
[OPROJ_INNER] slicewait=0.40 mfma=3.96 bar=1.88 rmsnorm_router=1.60 topk=3.28 total=11.12
[OPROJ_INNER] slicewait=0.40 mfma=3.92 bar=1.68 rmsnorm_router=1.48 topk=0.44 total=7.92
[OPROJ_INNER] slicewait=0.36 mfma=3.96 bar=2.00 rmsnorm_router=1.48 topk=6.80 total=14.60
[OPROJ_INNER] slicewait=0.40 mfma=3.92 bar=1.84 rmsnorm_router=1.68 topk=3.64 total=11.48
[BAR_OBS] ep=115 xcd=7 drain=0.440 l1=0.200 wait=0.960 acq=0.080 obs=19135340078531 bar=1.680
[OPROJ_INNER] slicewait=0.40 mfma=4.00 bar=1.68 rmsnorm_router=1.52 topk=1.60 total=9.20
[OPROJ_INNER] slicewait=0.40 mfma=3.92 bar=1.84 rmsnorm_router=1.60 topk=2.72 total=10.48
[BAR_OBS] ep=115 xcd=0 drain=0.480 l1=0.320 wait=1.000 acq=0.080 obs=19135340078549 bar=1.880
[BAR_ARR] ep=115 xcd=7 l1=0.200 l2=0.240
[BAR_OBS] ep=115 xcd=3 drain=0.480 l1=0.280 wait=1.200 acq=0.040 obs=19135340078571 bar=2.000
[BAR_OBS] ep=115 xcd=2 drain=0.480 l1=0.320 wait=1.000 acq=0.040 obs=19135340078551 bar=1.840
[BAR_OBS] ep=115 xcd=1 drain=0.440 l1=0.280 wait=1.040 acq=0.080 obs=19135340078543 bar=1.840
[BAR_ARR] ep=115 xcd=2 l1=0.320 l2=0.360
[BAR_OBS] ep=115 xcd=5 drain=0.400 l1=0.200 wait=1.000 acq=0.080 obs=19135340078529 bar=1.680
[BAR_ARR] ep=115 xcd=1 l1=0.280 l2=0.320
[BAR_OBS] ep=115 xcd=6 drain=0.480 l1=0.240 wait=0.880 acq=0.080 obs=19135340078532 bar=1.680
[BAR_ARR] ep=115 xcd=3 l1=0.280 l2=0.360
[BAR_REL] ep=115 xcd=3 rel=19135340078539
[BAR_OBS] ep=115 xcd=4 drain=0.440 l1=0.240 wait=0.960 acq=0.080 obs=19135340078534 bar=1.720
[BAR_ARR] ep=115 xcd=6 l1=0.240 l2=0.240
[BAR_ARR] ep=115 xcd=0 l1=0.320 l2=0.320
[BAR_ARR] ep=115 xcd=5 l1=0.200 l2=0.280
[BAR_ARR] ep=115 xcd=4 l1=0.240 l2=0.240
[OPROJ_INNER] slicewait=0.40 mfma=4.00 bar=1.92 rmsnorm_router=1.52 topk=3.48 total=11.32
[OPROJ_INNER] slicewait=0.44 mfma=4.00 bar=1.96 rmsnorm_router=1.52 topk=3.48 total=11.40
[OPROJ_INNER] slicewait=0.40 mfma=4.04 bar=1.56 rmsnorm_router=1.48 topk=0.52 total=8.00
[OPROJ_INNER] slicewait=0.40 mfma=3.92 bar=1.84 rmsnorm_router=1.48 topk=2.16 total=9.80
[OPROJ_INNER] slicewait=0.40 mfma=3.92 bar=1.84 rmsnorm_router=1.64 topk=3.32 total=11.12
[BAR_OBS] ep=116 xcd=1 drain=0.440 l1=0.280 wait=1.120 acq=0.080 obs=19135340355199 bar=1.920
[BAR_OBS] ep=116 xcd=2 drain=0.440 l1=0.320 wait=1.040 acq=0.040 obs=19135340355187 bar=1.840
[OPROJ_INNER] slicewait=0.40 mfma=4.04 bar=1.56 rmsnorm_router=1.48 topk=0.40 total=7.88
[BAR_OBS] ep=116 xcd=3 drain=0.480 l1=0.280 wait=1.000 acq=0.080 obs=19135340355183 bar=1.840
[BAR_OBS] ep=116 xcd=7 drain=0.440 l1=0.200 wait=0.840 acq=0.080 obs=19135340355167 bar=1.560
[BAR_OBS] ep=116 xcd=0 drain=0.440 l1=0.320 wait=1.120 acq=0.080 obs=19135340355205 bar=1.960
[BAR_ARR] ep=116 xcd=1 l1=0.280 l2=0.320
[BAR_ARR] ep=116 xcd=2 l1=0.320 l2=0.360
[BAR_ARR] ep=116 xcd=3 l1=0.280 l2=0.320
[BAR_ARR] ep=116 xcd=0 l1=0.320 l2=0.320
[OPROJ_INNER] slicewait=0.40 mfma=4.00 bar=1.60 rmsnorm_router=1.48 topk=1.76 total=9.24
[BAR_REL] ep=116 xcd=0 rel=19135340355177
[BAR_ARR] ep=116 xcd=7 l1=0.200 l2=0.280
[BAR_OBS] ep=116 xcd=5 drain=0.360 l1=0.240 wait=0.880 acq=0.080 obs=19135340355169 bar=1.560
[OPROJ_INNER] slicewait=0.40 mfma=4.04 bar=1.60 rmsnorm_router=1.52 topk=1.56 total=9.12
[BAR_OBS] ep=116 xcd=4 drain=0.440 l1=0.200 wait=0.880 acq=0.080 obs=19135340355174 bar=1.600
[BAR_ARR] ep=116 xcd=5 l1=0.240 l2=0.240
[BAR_ARR] ep=116 xcd=4 l1=0.200 l2=0.280
[BAR_OBS] ep=116 xcd=6 drain=0.480 l1=0.240 wait=0.800 acq=0.080 obs=19135340355172 bar=1.600
[BAR_ARR] ep=116 xcd=6 l1=0.240 l2=0.280
[OPROJ_INNER] slicewait=0.40 mfma=4.00 bar=1.96 rmsnorm_router=1.52 topk=7.36 total=15.24
[OPROJ_INNER] slicewait=0.40 mfma=3.96 bar=1.76 rmsnorm_router=1.48 topk=0.40 total=8.00
[OPROJ_INNER] slicewait=0.40 mfma=4.00 bar=1.92 rmsnorm_router=1.56 topk=3.36 total=11.24
[OPROJ_INNER] slicewait=0.40 mfma=4.00 bar=1.88 rmsnorm_router=1.60 topk=2.92 total=10.80
[OPROJ_INNER] slicewait=0.40 mfma=3.96 bar=1.60 rmsnorm_router=1.52 topk=1.52 total=9.00
[BAR_OBS] ep=117 xcd=0 drain=0.480 l1=0.320 wait=1.040 acq=0.080 obs=19135340619909 bar=1.920
[BAR_OBS] ep=117 xcd=2 drain=0.440 l1=0.320 wait=1.160 acq=0.040 obs=19135340619931 bar=1.960
[BAR_ARR] ep=117 xcd=0 l1=0.320 l2=0.360
[OPROJ_INNER] slicewait=0.40 mfma=3.96 bar=1.72 rmsnorm_router=1.48 topk=1.20 total=8.76
[BAR_OBS] ep=117 xcd=3 drain=0.440 l1=0.320 wait=1.040 acq=0.080 obs=19135340619911 bar=1.880
[OPROJ_INNER] slicewait=0.44 mfma=4.00 bar=1.80 rmsnorm_router=1.56 topk=2.36 total=10.16
[BAR_ARR] ep=117 xcd=3 l1=0.320 l2=0.320
[OPROJ_INNER] slicewait=0.40 mfma=3.92 bar=1.80 rmsnorm_router=1.56 topk=1.60 total=9.28
[BAR_OBS] ep=117 xcd=7 drain=0.480 l1=0.200 wait=1.000 acq=0.080 obs=19135340619891 bar=1.760
[BAR_OBS] ep=117 xcd=6 drain=0.520 l1=0.200 wait=0.800 acq=0.080 obs=19135340619896 bar=1.600
[BAR_OBS] ep=117 xcd=5 drain=0.400 l1=0.240 wait=1.000 acq=0.080 obs=19135340619893 bar=1.720
[BAR_ARR] ep=117 xcd=7 l1=0.200 l2=0.240
[BAR_ARR] ep=117 xcd=6 l1=0.200 l2=0.280
[BAR_ARR] ep=117 xcd=5 l1=0.240 l2=0.240
[BAR_ARR] ep=117 xcd=2 l1=0.320 l2=0.320
[BAR_OBS] ep=117 xcd=1 drain=0.440 l1=0.280 wait=1.040 acq=0.040 obs=19135340619907 bar=1.800
[BAR_REL] ep=117 xcd=2 rel=19135340619899
[BAR_ARR] ep=117 xcd=1 l1=0.280 l2=0.360
[BAR_OBS] ep=117 xcd=4 drain=0.440 l1=0.240 wait=1.080 acq=0.040 obs=19135340619898 bar=1.800
[BAR_ARR] ep=117 xcd=4 l1=0.240 l2=0.280
[OPROJ_INNER] slicewait=0.40 mfma=3.96 bar=1.72 rmsnorm_router=1.44 topk=0.44 total=7.96
[OPROJ_INNER] slicewait=0.40 mfma=3.96 bar=2.04 rmsnorm_router=1.44 topk=3.76 total=11.60
[OPROJ_INNER] slicewait=0.40 mfma=3.96 bar=1.68 rmsnorm_router=1.48 topk=0.88 total=8.40
[OPROJ_INNER] slicewait=0.40 mfma=3.96 bar=1.80 rmsnorm_router=1.56 topk=2.64 total=10.36
[OPROJ_INNER] slicewait=0.40 mfma=4.00 bar=1.92 rmsnorm_router=1.56 topk=3.44 total=11.32
[OPROJ_INNER] slicewait=0.44 mfma=3.92 bar=1.76 rmsnorm_router=1.52 topk=1.12 total=8.76
[BAR_OBS] ep=118 xcd=7 drain=0.440 l1=0.200 wait=1.000 acq=0.080 obs=19135340884435 bar=1.720
[OPROJ_INNER] slicewait=0.40 mfma=4.04 bar=1.76 rmsnorm_router=1.56 topk=2.24 total=10.00
[BAR_OBS] ep=118 xcd=0 drain=0.480 l1=0.320 wait=1.040 acq=0.080 obs=19135340884453 bar=1.920
[BAR_OBS] ep=118 xcd=2 drain=0.520 l1=0.280 wait=1.160 acq=0.080 obs=19135340884471 bar=2.040
[BAR_OBS] ep=118 xcd=3 drain=0.480 l1=0.280 wait=0.960 acq=0.080 obs=19135340884451 bar=1.800
[OPROJ_INNER] slicewait=0.44 mfma=3.96 bar=1.60 rmsnorm_router=1.52 topk=1.44 total=8.96
[BAR_OBS] ep=118 xcd=1 drain=0.440 l1=0.280 wait=0.960 acq=0.080 obs=19135340884447 bar=1.760
[BAR_ARR] ep=118 xcd=3 l1=0.280 l2=0.360
[BAR_ARR] ep=118 xcd=2 l1=0.280 l2=0.360
[BAR_OBS] ep=118 xcd=6 drain=0.480 l1=0.240 wait=1.000 acq=0.040 obs=19135340884440 bar=1.760
[BAR_REL] ep=118 xcd=2 rel=19135340884443
[BAR_ARR] ep=118 xcd=7 l1=0.200 l2=0.240
[BAR_ARR] ep=118 xcd=1 l1=0.280 l2=0.320
[BAR_ARR] ep=118 xcd=6 l1=0.240 l2=0.280
[BAR_OBS] ep=118 xcd=5 drain=0.360 l1=0.200 wait=1.040 acq=0.080 obs=19135340884437 bar=1.680
[BAR_ARR] ep=118 xcd=0 l1=0.320 l2=0.320
[BAR_OBS] ep=118 xcd=4 drain=0.440 l1=0.200 wait=0.880 acq=0.080 obs=19135340884438 bar=1.600
[BAR_ARR] ep=118 xcd=5 l1=0.200 l2=0.280
[BAR_ARR] ep=118 xcd=4 l1=0.200 l2=0.280
[OPROJ_INNER] slicewait=0.44 mfma=4.00 bar=2.00 rmsnorm_router=1.44 topk=8.20 total=16.08
[OPROJ_INNER] slicewait=0.44 mfma=3.92 bar=1.68 rmsnorm_router=1.48 topk=0.80 total=8.32
[OPROJ_INNER] slicewait=0.36 mfma=4.04 bar=1.72 rmsnorm_router=1.56 topk=2.60 total=10.28
[OPROJ_INNER] slicewait=0.40 mfma=3.96 bar=1.84 rmsnorm_router=1.56 topk=3.84 total=11.60
[OPROJ_INNER] slicewait=0.44 mfma=3.92 bar=1.68 rmsnorm_router=1.52 topk=0.40 total=7.96
[OPROJ_INNER] slicewait=0.40 mfma=4.00 bar=1.76 rmsnorm_router=1.56 topk=2.32 total=10.04
[BAR_OBS] ep=119 xcd=3 drain=0.440 l1=0.280 wait=0.960 acq=0.040 obs=19135341167283 bar=1.720
[BAR_OBS] ep=119 xcd=7 drain=0.480 l1=0.200 wait=0.960 acq=0.040 obs=19135341167271 bar=1.680
[BAR_ARR] ep=119 xcd=3 l1=0.280 l2=0.360
[OPROJ_INNER] slicewait=0.40 mfma=3.92 bar=1.76 rmsnorm_router=1.52 topk=1.36 total=8.96
[BAR_ARR] ep=119 xcd=7 l1=0.200 l2=0.240
[BAR_OBS] ep=119 xcd=5 drain=0.360 l1=0.200 wait=1.040 acq=0.080 obs=19135341167269 bar=1.680
[BAR_OBS] ep=119 xcd=0 drain=0.480 l1=0.280 wait=1.160 acq=0.080 obs=19135341167305 bar=2.000
[OPROJ_INNER] slicewait=0.40 mfma=3.92 bar=1.76 rmsnorm_router=1.44 topk=1.72 total=9.24
[BAR_OBS] ep=119 xcd=2 drain=0.440 l1=0.320 wait=1.000 acq=0.080 obs=19135341167287 bar=1.840
[BAR_ARR] ep=119 xcd=0 l1=0.280 l2=0.360
[BAR_REL] ep=119 xcd=0 rel=19135341167277
[BAR_OBS] ep=119 xcd=1 drain=0.440 l1=0.280 wait=1.000 acq=0.040 obs=19135341167283 bar=1.760
[BAR_ARR] ep=119 xcd=2 l1=0.320 l2=0.360
[BAR_ARR] ep=119 xcd=5 l1=0.200 l2=0.280
[BAR_ARR] ep=119 xcd=1 l1=0.280 l2=0.320
[BAR_OBS] ep=119 xcd=6 drain=0.480 l1=0.240 wait=0.960 acq=0.080 obs=19135341167272 bar=1.760
[BAR_ARR] ep=119 xcd=6 l1=0.240 l2=0.240
[BAR_OBS] ep=119 xcd=4 drain=0.400 l1=0.240 wait=1.080 acq=0.040 obs=19135341167286 bar=1.760
[BAR_ARR] ep=119 xcd=4 l1=0.240 l2=0.280
[OPROJ_INNER] slicewait=0.40 mfma=3.92 bar=1.92 rmsnorm_router=1.60 topk=3.48 total=11.32
[OPROJ_INNER] slicewait=0.44 mfma=3.96 bar=1.80 rmsnorm_router=1.52 topk=2.36 total=10.08
[OPROJ_INNER] slicewait=0.40 mfma=3.92 bar=1.76 rmsnorm_router=1.48 topk=1.68 total=9.24
[OPROJ_INNER] slicewait=0.40 mfma=3.92 bar=2.04 rmsnorm_router=1.44 topk=3.84 total=11.64
[OPROJ_INNER] slicewait=0.40 mfma=3.92 bar=1.72 rmsnorm_router=1.44 topk=0.40 total=7.88
[BAR_OBS] ep=120 xcd=1 drain=0.440 l1=0.280 wait=1.000 acq=0.080 obs=19135341429151 bar=1.800
[BAR_OBS] ep=120 xcd=4 drain=0.400 l1=0.240 wait=1.040 acq=0.080 obs=19135341429142 bar=1.760
[BAR_OBS] ep=120 xcd=0 drain=0.440 l1=0.320 wait=1.120 acq=0.040 obs=19135341429157 bar=1.920
[BAR_ARR] ep=120 xcd=1 l1=0.280 l2=0.320
[OPROJ_INNER] slicewait=0.44 mfma=3.88 bar=1.84 rmsnorm_router=1.56 topk=2.28 total=10.00
[BAR_ARR] ep=120 xcd=0 l1=0.320 l2=0.360
[OPROJ_INNER] slicewait=0.40 mfma=4.00 bar=1.72 rmsnorm_router=1.44 topk=0.52 total=8.08
[BAR_ARR] ep=120 xcd=4 l1=0.240 l2=0.280
[OPROJ_INNER] slicewait=0.40 mfma=3.88 bar=1.84 rmsnorm_router=1.52 topk=1.92 total=9.56
[BAR_OBS] ep=120 xcd=3 drain=0.480 l1=0.280 wait=1.000 acq=0.080 obs=19135341429155 bar=1.840
[BAR_ARR] ep=120 xcd=3 l1=0.280 l2=0.360
[BAR_OBS] ep=120 xcd=7 drain=0.440 l1=0.200 wait=1.040 acq=0.040 obs=19135341429139 bar=1.720
[BAR_OBS] ep=120 xcd=6 drain=0.440 l1=0.240 wait=0.960 acq=0.080 obs=19135341429144 bar=1.720
[BAR_OBS] ep=120 xcd=2 drain=0.480 l1=0.320 wait=1.160 acq=0.080 obs=19135341429175 bar=2.040
[BAR_ARR] ep=120 xcd=2 l1=0.320 l2=0.360
[BAR_ARR] ep=120 xcd=6 l1=0.240 l2=0.240
[BAR_OBS] ep=120 xcd=5 drain=0.400 l1=0.200 wait=1.200 acq=0.040 obs=19135341429149 bar=1.840
[BAR_REL] ep=120 xcd=2 rel=19135341429147
[BAR_ARR] ep=120 xcd=5 l1=0.200 l2=0.240
[BAR_ARR] ep=120 xcd=7 l1=0.200 l2=0.240
[OPROJ_INNER] slicewait=0.40 mfma=3.96 bar=1.68 rmsnorm_router=1.44 topk=0.48 total=7.96
[OPROJ_INNER] slicewait=0.36 mfma=4.00 bar=1.84 rmsnorm_router=1.56 topk=3.04 total=10.80
[OPROJ_INNER] slicewait=0.40 mfma=3.92 bar=1.92 rmsnorm_router=1.60 topk=3.92 total=11.76
[OPROJ_INNER] slicewait=0.40 mfma=3.92 bar=1.72 rmsnorm_router=1.44 topk=0.36 total=7.84
[OPROJ_INNER] slicewait=0.36 mfma=3.96 bar=1.84 rmsnorm_router=1.52 topk=2.40 total=10.08
[OPROJ_INNER] slicewait=0.44 mfma=3.88 bar=2.04 rmsnorm_router=1.40 topk=7.88 total=15.64
[BAR_OBS] ep=121 xcd=5 drain=0.360 l1=0.200 wait=1.040 acq=0.080 obs=19135341685249 bar=1.680
[OPROJ_INNER] slicewait=0.40 mfma=3.96 bar=1.72 rmsnorm_router=1.44 topk=1.68 total=9.20
[OPROJ_INNER] slicewait=0.36 mfma=3.96 bar=1.72 rmsnorm_router=1.44 topk=0.96 total=8.44
[BAR_ARR] ep=121 xcd=5 l1=0.200 l2=0.280
[BAR_OBS] ep=121 xcd=7 drain=0.440 l1=0.200 wait=1.000 acq=0.080 obs=19135341685247 bar=1.720
[BAR_OBS] ep=121 xcd=0 drain=0.480 l1=0.280 wait=1.080 acq=0.080 obs=19135341685265 bar=1.920
[BAR_OBS] ep=121 xcd=3 drain=0.440 l1=0.280 wait=1.040 acq=0.080 obs=19135341685263 bar=1.840
[BAR_OBS] ep=121 xcd=2 drain=0.480 l1=0.320 wait=1.160 acq=0.080 obs=19135341685287 bar=2.040
[BAR_ARR] ep=121 xcd=3 l1=0.280 l2=0.360
[BAR_ARR] ep=121 xcd=7 l1=0.200 l2=0.240
[BAR_OBS] ep=121 xcd=1 drain=0.440 l1=0.280 wait=1.040 acq=0.080 obs=19135341685263 bar=1.840
[BAR_ARR] ep=121 xcd=2 l1=0.320 l2=0.360
[BAR_ARR] ep=121 xcd=1 l1=0.280 l2=0.320
[BAR_REL] ep=121 xcd=2 rel=19135341685255
[BAR_ARR] ep=121 xcd=0 l1=0.280 l2=0.360
[BAR_OBS] ep=121 xcd=4 drain=0.440 l1=0.200 wait=1.000 acq=0.080 obs=19135341685254 bar=1.720
[BAR_OBS] ep=121 xcd=6 drain=0.480 l1=0.240 wait=0.960 acq=0.040 obs=19135341685264 bar=1.720
[BAR_ARR] ep=121 xcd=4 l1=0.200 l2=0.280
[BAR_ARR] ep=121 xcd=6 l1=0.240 l2=0.240
[OPROJ_INNER] slicewait=0.36 mfma=3.88 bar=1.80 rmsnorm_router=1.56 topk=2.64 total=10.24
[OPROJ_INNER] slicewait=0.40 mfma=3.92 bar=1.80 rmsnorm_router=1.64 topk=4.08 total=11.84
[OPROJ_INNER] slicewait=0.36 mfma=3.96 bar=1.80 rmsnorm_router=1.56 topk=2.48 total=10.16
[OPROJ_INNER] slicewait=0.40 mfma=3.96 bar=1.56 rmsnorm_router=1.52 topk=0.72 total=8.16
[OPROJ_INNER] slicewait=0.40 mfma=3.96 bar=1.80 rmsnorm_router=1.56 topk=3.00 total=10.72
[BAR_OBS] ep=122 xcd=3 drain=0.480 l1=0.280 wait=0.960 acq=0.080 obs=19135341951539 bar=1.800
[OPROJ_INNER] slicewait=0.40 mfma=4.00 bar=1.60 rmsnorm_router=1.44 topk=0.40 total=7.84
[BAR_OBS] ep=122 xcd=2 drain=0.480 l1=0.320 wait=0.920 acq=0.080 obs=19135341951543 bar=1.800
[BAR_ARR] ep=122 xcd=3 l1=0.280 l2=0.360
[BAR_OBS] ep=122 xcd=1 drain=0.480 l1=0.280 wait=0.960 acq=0.080 obs=19135341951539 bar=1.800
[BAR_OBS] ep=122 xcd=0 drain=0.480 l1=0.280 wait=0.960 acq=0.080 obs=19135341951541 bar=1.800
[BAR_ARR] ep=122 xcd=1 l1=0.280 l2=0.320
[BAR_ARR] ep=122 xcd=2 l1=0.320 l2=0.360
[BAR_ARR] ep=122 xcd=0 l1=0.280 l2=0.360
[OPROJ_INNER] slicewait=0.40 mfma=3.96 bar=1.68 rmsnorm_router=1.48 topk=1.04 total=8.56
[BAR_OBS] ep=122 xcd=7 drain=0.440 l1=0.240 wait=0.840 acq=0.080 obs=19135341951527 bar=1.600
[BAR_OBS] ep=122 xcd=5 drain=0.400 l1=0.200 wait=0.880 acq=0.080 obs=19135341951525 bar=1.560
[BAR_ARR] ep=122 xcd=7 l1=0.240 l2=0.240
[BAR_ARR] ep=122 xcd=5 l1=0.200 l2=0.240
[OPROJ_INNER] slicewait=0.40 mfma=4.00 bar=1.72 rmsnorm_router=1.52 topk=3.60 total=11.24
[BAR_OBS] ep=122 xcd=4 drain=0.400 l1=0.240 wait=0.960 acq=0.080 obs=19135341951530 bar=1.680
[BAR_ARR] ep=122 xcd=4 l1=0.240 l2=0.280
[BAR_OBS] ep=122 xcd=6 drain=0.480 l1=0.200 wait=1.000 acq=0.040 obs=19135341951560 bar=1.720
[BAR_ARR] ep=122 xcd=6 l1=0.200 l2=0.280
[BAR_REL] ep=122 xcd=6 rel=19135341951528
[OPROJ_INNER] slicewait=0.40 mfma=3.92 bar=2.00 rmsnorm_router=1.52 topk=2.80 total=10.64
[OPROJ_INNER] slicewait=0.40 mfma=3.92 bar=2.12 rmsnorm_router=1.44 topk=6.96 total=14.84
[OPROJ_INNER] slicewait=0.40 mfma=3.92 bar=1.80 rmsnorm_router=1.48 topk=1.00 total=8.60
[OPROJ_INNER] slicewait=0.40 mfma=3.92 bar=1.96 rmsnorm_router=1.60 topk=2.76 total=10.64
[OPROJ_INNER] slicewait=0.40 mfma=4.00 bar=1.80 rmsnorm_router=1.44 topk=0.72 total=8.36
[OPROJ_INNER] slicewait=0.36 mfma=3.96 bar=1.80 rmsnorm_router=1.48 topk=1.76 total=9.36
[OPROJ_INNER] slicewait=0.40 mfma=3.96 bar=1.64 rmsnorm_router=1.52 topk=1.12 total=8.64
[BAR_OBS] ep=123 xcd=0 drain=0.440 l1=0.320 wait=1.160 acq=0.080 obs=19135342216317 bar=2.000
[BAR_OBS] ep=123 xcd=7 drain=0.440 l1=0.200 wait=1.080 acq=0.080 obs=19135342216303 bar=1.800
[BAR_OBS] ep=123 xcd=4 drain=0.400 l1=0.240 wait=1.080 acq=0.080 obs=19135342216306 bar=1.800
[OPROJ_INNER] slicewait=0.40 mfma=3.92 bar=1.96 rmsnorm_router=1.52 topk=2.40 total=10.20
[BAR_ARR] ep=123 xcd=4 l1=0.240 l2=0.280
[BAR_ARR] ep=123 xcd=0 l1=0.320 l2=0.360
[BAR_OBS] ep=123 xcd=3 drain=0.480 l1=0.280 wait=1.160 acq=0.040 obs=19135342216319 bar=1.960
[BAR_OBS] ep=123 xcd=1 drain=0.440 l1=0.280 wait=1.160 acq=0.080 obs=19135342216315 bar=1.960
[BAR_ARR] ep=123 xcd=1 l1=0.280 l2=0.320
[BAR_ARR] ep=123 xcd=3 l1=0.280 l2=0.320
[BAR_ARR] ep=123 xcd=7 l1=0.200 l2=0.240
[BAR_OBS] ep=123 xcd=6 drain=0.480 l1=0.240 wait=0.840 acq=0.080 obs=19135342216304 bar=1.640
[BAR_OBS] ep=123 xcd=5 drain=0.400 l1=0.200 wait=1.120 acq=0.080 obs=19135342216305 bar=1.800
[BAR_OBS] ep=123 xcd=2 drain=0.560 l1=0.320 wait=1.160 acq=0.080 obs=19135342216339 bar=2.120
[BAR_ARR] ep=123 xcd=6 l1=0.240 l2=0.280
[BAR_ARR] ep=123 xcd=2 l1=0.320 l2=0.360
[BAR_ARR] ep=123 xcd=5 l1=0.200 l2=0.240
[BAR_REL] ep=123 xcd=2 rel=19135342216311
[OPROJ_INNER] slicewait=0.40 mfma=4.04 bar=1.80 rmsnorm_router=1.48 topk=0.92 total=8.64
[OPROJ_INNER] slicewait=0.44 mfma=3.88 bar=2.08 rmsnorm_router=1.56 topk=3.32 total=11.28
[OPROJ_INNER] slicewait=0.40 mfma=3.92 bar=1.88 rmsnorm_router=1.48 topk=0.40 total=8.08
[OPROJ_INNER] slicewait=0.40 mfma=4.00 bar=1.96 rmsnorm_router=1.56 topk=2.44 total=10.36
[BAR_OBS] ep=124 xcd=5 drain=0.360 l1=0.200 wait=1.160 acq=0.080 obs=19135342478993 bar=1.800
[OPROJ_INNER] slicewait=0.40 mfma=3.92 bar=1.92 rmsnorm_router=1.52 topk=1.60 total=9.36
[OPROJ_INNER] slicewait=0.40 mfma=3.96 bar=2.20 rmsnorm_router=1.44 topk=3.92 total=11.92
[OPROJ_INNER] slicewait=0.40 mfma=3.96 bar=1.96 rmsnorm_router=1.56 topk=2.32 total=10.20
[BAR_OBS] ep=124 xcd=0 drain=0.480 l1=0.280 wait=1.240 acq=0.080 obs=19135342479009 bar=2.080
[OPROJ_INNER] slicewait=0.40 mfma=3.96 bar=1.80 rmsnorm_router=1.56 topk=1.68 total=9.40
[BAR_ARR] ep=124 xcd=5 l1=0.200 l2=0.280
[BAR_OBS] ep=124 xcd=1 drain=0.440 l1=0.280 wait=1.160 acq=0.080 obs=19135342479007 bar=1.960
[BAR_ARR] ep=124 xcd=0 l1=0.280 l2=0.360
[BAR_ARR] ep=124 xcd=1 l1=0.280 l2=0.320
[BAR_OBS] ep=124 xcd=3 drain=0.480 l1=0.280 wait=1.120 acq=0.080 obs=19135342479007 bar=1.960
[BAR_OBS] ep=124 xcd=7 drain=0.480 l1=0.200 wait=1.160 acq=0.040 obs=19135342478995 bar=1.880
[BAR_ARR] ep=124 xcd=3 l1=0.280 l2=0.360
[BAR_OBS] ep=124 xcd=6 drain=0.520 l1=0.200 wait=1.120 acq=0.080 obs=19135342478996 bar=1.920
[BAR_OBS] ep=124 xcd=2 drain=0.640 l1=0.320 wait=1.160 acq=0.080 obs=19135342479031 bar=2.200
[BAR_ARR] ep=124 xcd=6 l1=0.200 l2=0.280
[BAR_ARR] ep=124 xcd=2 l1=0.320 l2=0.360
[BAR_ARR] ep=124 xcd=7 l1=0.200 l2=0.240
[BAR_OBS] ep=124 xcd=4 drain=0.440 l1=0.200 wait=1.080 acq=0.080 obs=19135342478998 bar=1.800
[BAR_REL] ep=124 xcd=2 rel=19135342479003
[BAR_ARR] ep=124 xcd=4 l1=0.200 l2=0.280
[OPROJ_INNER] slicewait=0.40 mfma=3.96 bar=1.76 rmsnorm_router=1.56 topk=1.80 total=9.48
[OPROJ_INNER] slicewait=0.40 mfma=4.04 bar=1.84 rmsnorm_router=1.52 topk=2.24 total=10.04
[OPROJ_INNER] slicewait=0.44 mfma=3.92 bar=1.68 rmsnorm_router=1.52 topk=0.36 total=7.92
[OPROJ_INNER] slicewait=0.40 mfma=3.96 bar=2.00 rmsnorm_router=1.40 topk=3.76 total=11.52
[OPROJ_INNER] slicewait=0.40 mfma=3.96 bar=1.72 rmsnorm_router=1.48 topk=1.32 total=8.88
[OPROJ_INNER] slicewait=0.44 mfma=3.96 bar=1.84 rmsnorm_router=1.60 topk=3.56 total=11.40
[OPROJ_INNER] slicewait=0.44 mfma=3.88 bar=1.88 rmsnorm_router=1.60 topk=3.72 total=11.52
[OPROJ_INNER] slicewait=0.40 mfma=3.96 bar=1.68 rmsnorm_router=1.40 topk=0.88 total=8.32
[BAR_OBS] ep=125 xcd=7 drain=0.480 l1=0.200 wait=0.920 acq=0.080 obs=19135342740491 bar=1.680
[BAR_OBS] ep=125 xcd=0 drain=0.480 l1=0.280 wait=1.040 acq=0.040 obs=19135342740513 bar=1.840
[BAR_OBS] ep=125 xcd=3 drain=0.480 l1=0.280 wait=1.160 acq=0.080 obs=19135342740531 bar=2.000
[BAR_ARR] ep=125 xcd=0 l1=0.280 l2=0.360
[BAR_OBS] ep=125 xcd=4 drain=0.440 l1=0.240 wait=1.000 acq=0.080 obs=19135342740498 bar=1.760
[BAR_ARR] ep=125 xcd=7 l1=0.200 l2=0.240
[BAR_ARR] ep=125 xcd=3 l1=0.280 l2=0.360
[BAR_OBS] ep=125 xcd=6 drain=0.440 l1=0.240 wait=0.960 acq=0.080 obs=19135342740496 bar=1.720
[BAR_OBS] ep=125 xcd=1 drain=0.440 l1=0.280 wait=1.040 acq=0.080 obs=19135342740507 bar=1.840
[BAR_ARR] ep=125 xcd=1 l1=0.280 l2=0.320
[BAR_OBS] ep=125 xcd=2 drain=0.480 l1=0.320 wait=1.040 acq=0.040 obs=19135342740515 bar=1.880
[BAR_ARR] ep=125 xcd=4 l1=0.240 l2=0.280
[BAR_REL] ep=125 xcd=3 rel=19135342740499
[BAR_ARR] ep=125 xcd=2 l1=0.320 l2=0.360
[BAR_OBS] ep=125 xcd=5 drain=0.400 l1=0.200 wait=1.000 acq=0.080 obs=19135342740497 bar=1.680
[BAR_ARR] ep=125 xcd=6 l1=0.240 l2=0.240
[BAR_ARR] ep=125 xcd=5 l1=0.200 l2=0.280
[OPROJ_INNER] slicewait=0.40 mfma=4.00 bar=2.00 rmsnorm_router=1.44 topk=3.60 total=11.44
[OPROJ_INNER] slicewait=0.40 mfma=4.04 bar=1.84 rmsnorm_router=1.60 topk=2.84 total=10.72
[OPROJ_INNER] slicewait=0.40 mfma=4.00 bar=1.80 rmsnorm_router=1.64 topk=2.76 total=10.60
[OPROJ_INNER] slicewait=0.40 mfma=3.92 bar=1.72 rmsnorm_router=1.48 topk=0.40 total=7.92
[OPROJ_INNER] slicewait=0.40 mfma=3.96 bar=1.84 rmsnorm_router=1.48 topk=1.40 total=9.08
[OPROJ_INNER] slicewait=0.40 mfma=4.04 bar=1.48 rmsnorm_router=1.52 topk=0.80 total=8.24
[BAR_OBS] ep=126 xcd=3 drain=0.480 l1=0.320 wait=0.920 acq=0.080 obs=19135343016135 bar=1.800
[OPROJ_INNER] slicewait=0.40 mfma=4.00 bar=1.84 rmsnorm_router=1.64 topk=3.44 total=11.32
[OPROJ_INNER] slicewait=0.40 mfma=4.00 bar=1.72 rmsnorm_router=1.56 topk=1.20 total=8.88
[BAR_OBS] ep=126 xcd=0 drain=0.480 l1=0.280 wait=1.200 acq=0.040 obs=19135343016161 bar=2.000
[BAR_OBS] ep=126 xcd=7 drain=0.480 l1=0.200 wait=0.960 acq=0.080 obs=19135343016119 bar=1.720
[BAR_OBS] ep=126 xcd=1 drain=0.440 l1=0.280 wait=1.040 acq=0.080 obs=19135343016135 bar=1.840
[BAR_ARR] ep=126 xcd=3 l1=0.320 l2=0.320
[BAR_ARR] ep=126 xcd=1 l1=0.280 l2=0.360
[BAR_OBS] ep=126 xcd=6 drain=0.480 l1=0.240 wait=1.080 acq=0.040 obs=19135343016136 bar=1.840
[BAR_ARR] ep=126 xcd=0 l1=0.280 l2=0.360
[BAR_OBS] ep=126 xcd=5 drain=0.360 l1=0.200 wait=0.840 acq=0.080 obs=19135343016121 bar=1.480
[BAR_REL] ep=126 xcd=0 rel=19135343016129
[BAR_OBS] ep=126 xcd=2 drain=0.480 l1=0.320 wait=0.960 acq=0.080 obs=19135343016139 bar=1.840
[BAR_ARR] ep=126 xcd=7 l1=0.200 l2=0.240
[BAR_ARR] ep=126 xcd=6 l1=0.240 l2=0.240
[BAR_ARR] ep=126 xcd=2 l1=0.320 l2=0.360
[BAR_ARR] ep=126 xcd=5 l1=0.200 l2=0.240
[BAR_OBS] ep=126 xcd=4 drain=0.400 l1=0.240 wait=1.000 acq=0.080 obs=19135343016126 bar=1.720
[BAR_ARR] ep=126 xcd=4 l1=0.240 l2=0.280
[OPROJ_INNER] slicewait=0.40 mfma=4.00 bar=1.76 rmsnorm_router=1.56 topk=2.32 total=10.04
[OPROJ_INNER] slicewait=0.36 mfma=3.96 bar=1.60 rmsnorm_router=1.48 topk=0.80 total=8.20
[OPROJ_INNER] slicewait=0.40 mfma=4.00 bar=1.60 rmsnorm_router=1.48 topk=1.20 total=8.68
[OPROJ_INNER] slicewait=0.36 mfma=3.96 bar=1.72 rmsnorm_router=1.48 topk=1.76 total=9.28
[OPROJ_INNER] slicewait=0.44 mfma=3.88 bar=1.84 rmsnorm_router=1.60 topk=3.76 total=11.52
[OPROJ_INNER] slicewait=0.40 mfma=4.00 bar=1.84 rmsnorm_router=1.56 topk=3.64 total=11.44
[BAR_OBS] ep=127 xcd=1 drain=0.440 l1=0.280 wait=0.960 acq=0.080 obs=19135343291915 bar=1.760
[BAR_OBS] ep=127 xcd=5 drain=0.400 l1=0.200 wait=0.920 acq=0.080 obs=19135343291901 bar=1.600
[BAR_ARR] ep=127 xcd=1 l1=0.280 l2=0.320
[BAR_OBS] ep=127 xcd=0 drain=0.440 l1=0.280 wait=1.040 acq=0.080 obs=19135343291921 bar=1.840
[OPROJ_INNER] slicewait=0.40 mfma=4.00 bar=1.96 rmsnorm_router=1.48 topk=8.28 total=16.12
[BAR_ARR] ep=127 xcd=5 l1=0.200 l2=0.240
[OPROJ_INNER] slicewait=0.40 mfma=4.00 bar=1.56 rmsnorm_router=1.48 topk=0.36 total=7.80
[BAR_OBS] ep=127 xcd=3 drain=0.440 l1=0.280 wait=1.160 acq=0.080 obs=19135343291939 bar=1.960
[BAR_OBS] ep=127 xcd=6 drain=0.480 l1=0.200 wait=0.880 acq=0.040 obs=19135343291908 bar=1.600
[BAR_ARR] ep=127 xcd=0 l1=0.280 l2=0.360
[BAR_ARR] ep=127 xcd=3 l1=0.280 l2=0.360
[BAR_REL] ep=127 xcd=3 rel=19135343291911
[BAR_ARR] ep=127 xcd=6 l1=0.200 l2=0.280
[BAR_OBS] ep=127 xcd=7 drain=0.440 l1=0.240 wait=0.800 acq=0.080 obs=19135343291903 bar=1.560
[BAR_OBS] ep=127 xcd=2 drain=0.480 l1=0.320 wait=0.960 acq=0.080 obs=19135343291919 bar=1.840
[BAR_OBS] ep=127 xcd=4 drain=0.400 l1=0.240 wait=1.000 acq=0.080 obs=19135343291906 bar=1.720
[BAR_ARR] ep=127 xcd=2 l1=0.320 l2=0.320
[BAR_ARR] ep=127 xcd=7 l1=0.240 l2=0.240
[BAR_ARR] ep=127 xcd=4 l1=0.240 l2=0.280
[OPROJ_INNER] slicewait=0.40 mfma=4.04 bar=2.00 rmsnorm_router=1.48 topk=6.72 total=14.64
[OPROJ_INNER] slicewait=0.36 mfma=4.04 bar=1.84 rmsnorm_router=1.52 topk=2.60 total=10.36
[OPROJ_INNER] slicewait=0.40 mfma=3.92 bar=1.80 rmsnorm_router=1.44 topk=0.40 total=7.96
[OPROJ_INNER] slicewait=0.36 mfma=3.92 bar=2.00 rmsnorm_router=1.56 topk=2.24 total=10.08
[OPROJ_INNER] slicewait=0.40 mfma=3.92 bar=1.88 rmsnorm_router=1.44 topk=1.36 total=9.00
[OPROJ_INNER] slicewait=0.40 mfma=3.92 bar=1.84 rmsnorm_router=1.44 topk=0.40 total=8.00
[BAR_OBS] ep=128 xcd=3 drain=0.480 l1=0.280 wait=1.000 acq=0.080 obs=19135343550895 bar=1.840
[OPROJ_INNER] slicewait=0.40 mfma=3.96 bar=2.00 rmsnorm_router=1.56 topk=3.28 total=11.20
[BAR_OBS] ep=128 xcd=2 drain=0.480 l1=0.320 wait=1.160 acq=0.040 obs=19135343550919 bar=2.000
[BAR_ARR] ep=128 xcd=3 l1=0.280 l2=0.320
[BAR_ARR] ep=128 xcd=2 l1=0.320 l2=0.360
[BAR_OBS] ep=128 xcd=0 drain=0.440 l1=0.320 wait=1.160 acq=0.080 obs=19135343550897 bar=2.000
[BAR_ARR] ep=128 xcd=0 l1=0.320 l2=0.320
[BAR_REL] ep=128 xcd=2 rel=19135343550887
[BAR_OBS] ep=128 xcd=7 drain=0.480 l1=0.200 wait=1.080 acq=0.080 obs=19135343550883 bar=1.840
[OPROJ_INNER] slicewait=0.40 mfma=3.92 bar=1.72 rmsnorm_router=1.48 topk=1.76 total=9.28
[BAR_OBS] ep=128 xcd=6 drain=0.440 l1=0.240 wait=1.120 acq=0.080 obs=19135343550884 bar=1.880
[BAR_OBS] ep=128 xcd=5 drain=0.400 l1=0.200 wait=1.120 acq=0.080 obs=19135343550881 bar=1.800
[BAR_ARR] ep=128 xcd=6 l1=0.240 l2=0.280
[BAR_ARR] ep=128 xcd=7 l1=0.200 l2=0.240
[BAR_OBS] ep=128 xcd=1 drain=0.480 l1=0.240 wait=1.200 acq=0.080 obs=19135343550891 bar=2.000
[BAR_ARR] ep=128 xcd=5 l1=0.200 l2=0.240
[BAR_ARR] ep=128 xcd=1 l1=0.240 l2=0.360
[BAR_OBS] ep=128 xcd=4 drain=0.400 l1=0.240 wait=1.000 acq=0.080 obs=19135343550886 bar=1.720
[BAR_ARR] ep=128 xcd=4 l1=0.240 l2=0.280
[OPROJ_INNER] slicewait=0.44 mfma=3.96 bar=1.56 rmsnorm_router=1.44 topk=0.40 total=7.80
[OPROJ_INNER] slicewait=0.40 mfma=3.88 bar=2.00 rmsnorm_router=1.48 topk=3.96 total=11.72
[OPROJ_INNER] slicewait=0.40 mfma=3.96 bar=1.96 rmsnorm_router=1.52 topk=7.68 total=15.52
[OPROJ_INNER] slicewait=0.40 mfma=3.92 bar=1.68 rmsnorm_router=1.40 topk=0.36 total=7.76
[OPROJ_INNER] slicewait=0.36 mfma=3.96 bar=1.84 rmsnorm_router=1.56 topk=3.48 total=11.20
[OPROJ_INNER] slicewait=0.44 mfma=3.96 bar=1.64 rmsnorm_router=1.52 topk=1.56 total=9.12
[OPROJ_INNER] slicewait=0.44 mfma=3.88 bar=1.64 rmsnorm_router=1.56 topk=1.64 total=9.16
[BAR_OBS] ep=129 xcd=5 drain=0.400 l1=0.200 wait=0.880 acq=0.080 obs=19135343827733 bar=1.560
[BAR_OBS] ep=129 xcd=3 drain=0.440 l1=0.280 wait=1.160 acq=0.080 obs=19135343827767 bar=1.960
[BAR_OBS] ep=129 xcd=0 drain=0.440 l1=0.320 wait=1.000 acq=0.080 obs=19135343827749 bar=1.840
[BAR_OBS] ep=129 xcd=2 drain=0.440 l1=0.320 wait=1.160 acq=0.080 obs=19135343827767 bar=2.000
[BAR_ARR] ep=129 xcd=0 l1=0.320 l2=0.360
[BAR_ARR] ep=129 xcd=2 l1=0.320 l2=0.360
[OPROJ_INNER] slicewait=0.40 mfma=3.96 bar=1.80 rmsnorm_router=1.60 topk=2.96 total=10.72
[BAR_OBS] ep=129 xcd=7 drain=0.440 l1=0.200 wait=0.960 acq=0.080 obs=19135343827731 bar=1.680
[BAR_ARR] ep=129 xcd=3 l1=0.280 l2=0.360
[BAR_ARR] ep=129 xcd=7 l1=0.200 l2=0.240
[BAR_ARR] ep=129 xcd=5 l1=0.200 l2=0.240
[BAR_REL] ep=129 xcd=3 rel=19135343827739
[BAR_OBS] ep=129 xcd=1 drain=0.440 l1=0.280 wait=1.040 acq=0.040 obs=19135343827747 bar=1.800
[BAR_OBS] ep=129 xcd=6 drain=0.480 l1=0.200 wait=0.920 acq=0.040 obs=19135343827736 bar=1.640
[BAR_OBS] ep=129 xcd=4 drain=0.440 l1=0.240 wait=0.880 acq=0.080 obs=19135343827734 bar=1.640
[BAR_ARR] ep=129 xcd=1 l1=0.280 l2=0.360
[BAR_ARR] ep=129 xcd=4 l1=0.240 l2=0.280
[BAR_ARR] ep=129 xcd=6 l1=0.200 l2=0.280
[OPROJ_INNER] slicewait=0.40 mfma=3.96 bar=1.56 rmsnorm_router=1.48 topk=1.20 total=8.60
[OPROJ_INNER] slicewait=0.40 mfma=3.96 bar=1.84 rmsnorm_router=1.60 topk=3.84 total=11.64
[OPROJ_INNER] slicewait=0.44 mfma=3.92 bar=1.88 rmsnorm_router=1.52 topk=2.56 total=10.32
[OPROJ_INNER] slicewait=0.36 mfma=3.92 bar=2.00 rmsnorm_router=1.60 topk=3.64 total=11.52
[OPROJ_INNER] slicewait=0.40 mfma=4.04 bar=1.96 rmsnorm_router=1.44 topk=4.00 total=11.84
[OPROJ_INNER] slicewait=0.40 mfma=3.84 bar=1.84 rmsnorm_router=1.52 topk=1.36 total=8.96
[BAR_OBS] ep=130 xcd=2 drain=0.480 l1=0.320 wait=0.960 acq=0.080 obs=19135344097555 bar=1.840
[BAR_ARR] ep=130 xcd=2 l1=0.320 l2=0.360
[BAR_OBS] ep=130 xcd=1 drain=0.440 l1=0.280 wait=1.080 acq=0.080 obs=19135344097551 bar=1.880
[BAR_OBS] ep=130 xcd=0 drain=0.480 l1=0.280 wait=1.200 acq=0.040 obs=19135344097557 bar=2.000
[OPROJ_INNER] slicewait=0.40 mfma=3.96 bar=1.68 rmsnorm_router=1.48 topk=0.40 total=7.92
[BAR_ARR] ep=130 xcd=0 l1=0.280 l2=0.400
[OPROJ_INNER] slicewait=0.40 mfma=3.88 bar=1.80 rmsnorm_router=1.48 topk=1.84 total=9.40
[BAR_OBS] ep=130 xcd=3 drain=0.480 l1=0.280 wait=1.120 acq=0.080 obs=19135344097575 bar=1.960
[BAR_ARR] ep=130 xcd=1 l1=0.280 l2=0.320
[BAR_ARR] ep=130 xcd=3 l1=0.280 l2=0.320
[BAR_OBS] ep=130 xcd=5 drain=0.400 l1=0.200 wait=1.160 acq=0.080 obs=19135344097537 bar=1.840
[BAR_REL] ep=130 xcd=3 rel=19135344097547
[BAR_OBS] ep=130 xcd=6 drain=0.480 l1=0.240 wait=0.760 acq=0.080 obs=19135344097540 bar=1.560
[BAR_ARR] ep=130 xcd=5 l1=0.200 l2=0.280
[BAR_ARR] ep=130 xcd=6 l1=0.240 l2=0.240
[BAR_OBS] ep=130 xcd=4 drain=0.440 l1=0.240 wait=1.040 acq=0.080 obs=19135344097542 bar=1.800
[BAR_OBS] ep=130 xcd=7 drain=0.440 l1=0.200 wait=0.960 acq=0.080 obs=19135344097535 bar=1.680
[BAR_ARR] ep=130 xcd=4 l1=0.240 l2=0.280
[BAR_ARR] ep=130 xcd=7 l1=0.200 l2=0.240
[OPROJ_INNER] slicewait=0.40 mfma=3.88 bar=1.88 rmsnorm_router=1.56 topk=2.24 total=9.96
[OPROJ_INNER] slicewait=0.40 mfma=3.92 bar=1.92 rmsnorm_router=1.60 topk=3.24 total=11.08
[OPROJ_INNER] slicewait=0.40 mfma=3.96 bar=1.92 rmsnorm_router=1.52 topk=2.24 total=10.04
[OPROJ_INNER] slicewait=0.44 mfma=3.96 bar=1.64 rmsnorm_router=1.48 topk=1.20 total=8.72
[BAR_OBS] ep=131 xcd=3 drain=0.480 l1=0.280 wait=1.040 acq=0.080 obs=19135344355663 bar=1.880
[OPROJ_INNER] slicewait=0.40 mfma=3.88 bar=1.80 rmsnorm_router=1.52 topk=1.44 total=9.04
[OPROJ_INNER] slicewait=0.44 mfma=3.92 bar=2.00 rmsnorm_router=1.52 topk=7.96 total=15.84
[OPROJ_INNER] slicewait=0.40 mfma=3.92 bar=1.52 rmsnorm_router=1.48 topk=0.40 total=7.72
[OPROJ_INNER] slicewait=0.40 mfma=4.04 bar=1.52 rmsnorm_router=1.48 topk=0.96 total=8.40
[BAR_OBS] ep=131 xcd=1 drain=0.440 l1=0.280 wait=1.120 acq=0.080 obs=19135344355663 bar=1.920
[BAR_OBS] ep=131 xcd=0 drain=0.480 l1=0.280 wait=1.200 acq=0.040 obs=19135344355689 bar=2.000
[BAR_ARR] ep=131 xcd=1 l1=0.280 l2=0.360
[BAR_ARR] ep=131 xcd=0 l1=0.280 l2=0.360
[BAR_OBS] ep=131 xcd=2 drain=0.480 l1=0.280 wait=1.080 acq=0.080 obs=19135344355667 bar=1.920
[BAR_ARR] ep=131 xcd=3 l1=0.280 l2=0.320
[BAR_REL] ep=131 xcd=0 rel=19135344355657
[BAR_ARR] ep=131 xcd=2 l1=0.280 l2=0.360
[BAR_OBS] ep=131 xcd=5 drain=0.400 l1=0.200 wait=0.840 acq=0.080 obs=19135344355649 bar=1.520
[BAR_OBS] ep=131 xcd=6 drain=0.480 l1=0.240 wait=1.000 acq=0.080 obs=19135344355652 bar=1.800
[BAR_OBS] ep=131 xcd=4 drain=0.440 l1=0.200 wait=0.920 acq=0.080 obs=19135344355654 bar=1.640
[BAR_ARR] ep=131 xcd=6 l1=0.240 l2=0.240
[BAR_ARR] ep=131 xcd=5 l1=0.200 l2=0.240
[BAR_ARR] ep=131 xcd=4 l1=0.200 l2=0.280
[BAR_OBS] ep=131 xcd=7 drain=0.440 l1=0.200 wait=0.800 acq=0.080 obs=19135344355647 bar=1.520
[BAR_ARR] ep=131 xcd=7 l1=0.200 l2=0.240
[OPROJ_INNER] slicewait=0.44 mfma=3.96 bar=1.96 rmsnorm_router=1.56 topk=3.80 total=11.72
[OPROJ_INNER] slicewait=0.40 mfma=4.04 bar=1.84 rmsnorm_router=1.56 topk=2.64 total=10.48
[OPROJ_INNER] slicewait=0.40 mfma=4.00 bar=2.08 rmsnorm_router=1.44 topk=7.92 total=15.84
[OPROJ_INNER] slicewait=0.44 mfma=3.96 bar=1.92 rmsnorm_router=1.56 topk=2.96 total=10.84
[BAR_OBS] ep=132 xcd=0 drain=0.480 l1=0.280 wait=1.120 acq=0.080 obs=19135344632477 bar=1.960
[BAR_OBS] ep=132 xcd=2 drain=0.520 l1=0.320 wait=1.160 acq=0.080 obs=19135344632499 bar=2.080
[BAR_OBS] ep=132 xcd=1 drain=0.440 l1=0.280 wait=1.120 acq=0.080 obs=19135344632475 bar=1.920
[BAR_ARR] ep=132 xcd=0 l1=0.280 l2=0.360
[OPROJ_INNER] slicewait=0.40 mfma=3.92 bar=1.80 rmsnorm_router=1.48 topk=0.92 total=8.52
[OPROJ_INNER] slicewait=0.40 mfma=3.92 bar=1.84 rmsnorm_router=1.48 topk=0.40 total=8.04
[BAR_OBS] ep=132 xcd=3 drain=0.480 l1=0.280 wait=1.000 acq=0.080 obs=19135344632475 bar=1.840
[BAR_ARR] ep=132 xcd=1 l1=0.280 l2=0.320
[BAR_ARR] ep=132 xcd=3 l1=0.280 l2=0.320
[BAR_ARR] ep=132 xcd=2 l1=0.320 l2=0.360
[OPROJ_INNER] slicewait=0.40 mfma=3.92 bar=1.84 rmsnorm_router=1.48 topk=1.00 total=8.64
[BAR_REL] ep=132 xcd=2 rel=19135344632467
[BAR_OBS] ep=132 xcd=7 drain=0.440 l1=0.240 wait=1.080 acq=0.080 obs=19135344632459 bar=1.840
[OPROJ_INNER] slicewait=0.40 mfma=3.88 bar=1.88 rmsnorm_router=1.52 topk=1.80 total=9.48
[BAR_OBS] ep=132 xcd=5 drain=0.360 l1=0.240 wait=1.160 acq=0.040 obs=19135344632465 bar=1.800
[BAR_ARR] ep=132 xcd=7 l1=0.240 l2=0.240
[BAR_OBS] ep=132 xcd=6 drain=0.480 l1=0.240 wait=1.040 acq=0.080 obs=19135344632464 bar=1.840
[BAR_ARR] ep=132 xcd=5 l1=0.240 l2=0.240
[BAR_OBS] ep=132 xcd=4 drain=0.400 l1=0.240 wait=1.160 acq=0.080 obs=19135344632466 bar=1.880
[BAR_ARR] ep=132 xcd=6 l1=0.240 l2=0.240
[BAR_ARR] ep=132 xcd=4 l1=0.240 l2=0.280
[OPROJ_INNER] slicewait=0.40 mfma=4.04 bar=1.60 rmsnorm_router=1.44 topk=0.40 total=7.88
[OPROJ_INNER] slicewait=0.40 mfma=3.96 bar=1.84 rmsnorm_router=1.60 topk=2.80 total=10.60
[OPROJ_INNER] slicewait=0.40 mfma=3.96 bar=1.72 rmsnorm_router=1.52 topk=1.44 total=9.04
[OPROJ_INNER] slicewait=0.40 mfma=3.96 bar=2.00 rmsnorm_router=1.48 topk=7.72 total=15.56
[OPROJ_INNER] slicewait=0.40 mfma=3.96 bar=1.88 rmsnorm_router=1.60 topk=3.48 total=11.32
[OPROJ_INNER] slicewait=0.40 mfma=4.00 bar=1.56 rmsnorm_router=1.52 topk=0.60 total=8.08
[OPROJ_INNER] slicewait=0.36 mfma=4.04 bar=1.80 rmsnorm_router=1.60 topk=2.48 total=10.28
[OPROJ_INNER] slicewait=0.44 mfma=3.96 bar=1.64 rmsnorm_router=1.44 topk=0.48 total=7.96
[BAR_OBS] ep=133 xcd=2 drain=0.440 l1=0.320 wait=1.160 acq=0.080 obs=19135344888043 bar=2.000
[BAR_ARR] ep=133 xcd=2 l1=0.320 l2=0.360
[BAR_OBS] ep=133 xcd=6 drain=0.480 l1=0.240 wait=0.760 acq=0.080 obs=19135344888008 bar=1.560
[BAR_OBS] ep=133 xcd=7 drain=0.440 l1=0.200 wait=0.880 acq=0.080 obs=19135344888007 bar=1.600
[BAR_OBS] ep=133 xcd=0 drain=0.440 l1=0.320 wait=1.040 acq=0.080 obs=19135344888025 bar=1.880
[BAR_REL] ep=133 xcd=2 rel=19135344888015
[BAR_ARR] ep=133 xcd=7 l1=0.200 l2=0.240
[BAR_OBS] ep=133 xcd=1 drain=0.440 l1=0.280 wait=1.040 acq=0.040 obs=19135344888023 bar=1.800
[BAR_ARR] ep=133 xcd=6 l1=0.240 l2=0.280
[BAR_OBS] ep=133 xcd=4 drain=0.440 l1=0.200 wait=1.040 acq=0.040 obs=19135344888014 bar=1.720
[BAR_ARR] ep=133 xcd=1 l1=0.280 l2=0.320
[BAR_ARR] ep=133 xcd=0 l1=0.320 l2=0.360
[BAR_OBS] ep=133 xcd=3 drain=0.480 l1=0.280 wait=1.000 acq=0.080 obs=19135344888023 bar=1.840
[BAR_OBS] ep=133 xcd=5 drain=0.400 l1=0.200 wait=0.960 acq=0.080 obs=19135344888009 bar=1.640
[BAR_ARR] ep=133 xcd=3 l1=0.280 l2=0.320
[BAR_ARR] ep=133 xcd=4 l1=0.200 l2=0.280
[BAR_ARR] ep=133 xcd=5 l1=0.200 l2=0.240
[OPROJ_INNER] slicewait=0.40 mfma=3.92 bar=1.80 rmsnorm_router=1.44 topk=0.40 total=7.96
[OPROJ_INNER] slicewait=0.40 mfma=3.96 bar=1.92 rmsnorm_router=1.56 topk=2.16 total=10.00
[OPROJ_INNER] slicewait=0.40 mfma=3.92 bar=1.92 rmsnorm_router=1.68 topk=3.80 total=11.72
[OPROJ_INNER] slicewait=0.40 mfma=3.96 bar=2.04 rmsnorm_router=1.44 topk=6.96 total=14.80
[OPROJ_INNER] slicewait=0.40 mfma=3.92 bar=1.64 rmsnorm_router=1.52 topk=0.88 total=8.36
[OPROJ_INNER] slicewait=0.40 mfma=3.92 bar=2.00 rmsnorm_router=1.52 topk=2.56 total=10.40
[BAR_OBS] ep=134 xcd=2 drain=0.480 l1=0.320 wait=1.160 acq=0.080 obs=19135345160731 bar=2.040
[BAR_OBS] ep=134 xcd=3 drain=0.480 l1=0.280 wait=1.080 acq=0.080 obs=19135345160711 bar=1.920
[BAR_OBS] ep=134 xcd=7 drain=0.440 l1=0.200 wait=1.080 acq=0.080 obs=19135345160695 bar=1.800
[BAR_OBS] ep=134 xcd=0 drain=0.480 l1=0.280 wait=1.160 acq=0.080 obs=19135345160709 bar=2.000
[BAR_ARR] ep=134 xcd=3 l1=0.280 l2=0.360
[OPROJ_INNER] slicewait=0.40 mfma=3.88 bar=1.88 rmsnorm_router=1.52 topk=1.20 total=8.88
[BAR_ARR] ep=134 xcd=0 l1=0.280 l2=0.400
[BAR_ARR] ep=134 xcd=7 l1=0.200 l2=0.240
[BAR_ARR] ep=134 xcd=2 l1=0.320 l2=0.360
[BAR_OBS] ep=134 xcd=5 drain=0.360 l1=0.240 wait=0.960 acq=0.080 obs=19135345160693 bar=1.640
[BAR_REL] ep=134 xcd=2 rel=19135345160699
[BAR_OBS] ep=134 xcd=1 drain=0.440 l1=0.280 wait=1.120 acq=0.080 obs=19135345160707 bar=1.920
[BAR_ARR] ep=134 xcd=5 l1=0.240 l2=0.240
[BAR_ARR] ep=134 xcd=1 l1=0.280 l2=0.360
[BAR_OBS] ep=134 xcd=6 drain=0.480 l1=0.200 wait=1.160 acq=0.040 obs=19135345160700 bar=1.880
[OPROJ_INNER] slicewait=0.40 mfma=3.96 bar=1.76 rmsnorm_router=1.48 topk=1.96 total=9.56
[BAR_ARR] ep=134 xcd=6 l1=0.200 l2=0.280
[BAR_OBS] ep=134 xcd=4 drain=0.400 l1=0.240 wait=1.040 acq=0.080 obs=19135345160698 bar=1.760
[BAR_ARR] ep=134 xcd=4 l1=0.240 l2=0.280
[OPROJ_INNER] slicewait=0.40 mfma=4.00 bar=1.80 rmsnorm_router=1.56 topk=3.48 total=11.24
[OPROJ_INNER] slicewait=0.40 mfma=3.92 bar=1.76 rmsnorm_router=1.56 topk=2.32 total=9.96
[OPROJ_INNER] slicewait=0.40 mfma=3.92 bar=1.80 rmsnorm_router=1.56 topk=3.24 total=10.92
[OPROJ_INNER] slicewait=0.36 mfma=3.96 bar=1.60 rmsnorm_router=1.48 topk=1.80 total=9.20
[BAR_OBS] ep=135 xcd=2 drain=0.440 l1=0.320 wait=0.960 acq=0.080 obs=19135345431987 bar=1.800
[OPROJ_INNER] slicewait=0.40 mfma=4.04 bar=1.52 rmsnorm_router=1.44 topk=0.40 total=7.80
[BAR_OBS] ep=135 xcd=0 drain=0.440 l1=0.320 wait=0.960 acq=0.080 obs=19135345431989 bar=1.800
[OPROJ_INNER] slicewait=0.40 mfma=3.96 bar=1.56 rmsnorm_router=1.48 topk=0.52 total=7.92
[OPROJ_INNER] slicewait=0.40 mfma=4.04 bar=1.56 rmsnorm_router=1.48 topk=0.84 total=8.32
[BAR_ARR] ep=135 xcd=2 l1=0.320 l2=0.360
[OPROJ_INNER] slicewait=0.40 mfma=4.00 bar=1.92 rmsnorm_router=1.52 topk=7.16 total=15.00
[BAR_ARR] ep=135 xcd=0 l1=0.320 l2=0.360
[BAR_OBS] ep=135 xcd=3 drain=0.440 l1=0.320 wait=0.920 acq=0.080 obs=19135345431983 bar=1.760
[BAR_OBS] ep=135 xcd=7 drain=0.440 l1=0.200 wait=0.800 acq=0.080 obs=19135345431971 bar=1.520
[BAR_ARR] ep=135 xcd=3 l1=0.320 l2=0.320
[BAR_OBS] ep=135 xcd=1 drain=0.440 l1=0.280 wait=1.120 acq=0.080 obs=19135345432007 bar=1.920
[BAR_ARR] ep=135 xcd=7 l1=0.200 l2=0.240
[BAR_OBS] ep=135 xcd=5 drain=0.400 l1=0.200 wait=0.920 acq=0.040 obs=19135345431973 bar=1.560
[BAR_ARR] ep=135 xcd=1 l1=0.280 l2=0.320
[BAR_OBS] ep=135 xcd=4 drain=0.400 l1=0.240 wait=0.880 acq=0.080 obs=19135345431974 bar=1.600
[BAR_REL] ep=135 xcd=1 rel=19135345431979
[BAR_OBS] ep=135 xcd=6 drain=0.480 l1=0.200 wait=0.800 acq=0.080 obs=19135345431972 bar=1.560
[BAR_ARR] ep=135 xcd=5 l1=0.200 l2=0.240
[BAR_ARR] ep=135 xcd=4 l1=0.240 l2=0.280
[BAR_ARR] ep=135 xcd=6 l1=0.200 l2=0.280
[OPROJ_INNER] slicewait=0.44 mfma=3.92 bar=1.88 rmsnorm_router=1.52 topk=1.92 total=9.68
[OPROJ_INNER] slicewait=0.40 mfma=3.92 bar=1.88 rmsnorm_router=1.60 topk=3.76 total=11.56
[OPROJ_INNER] slicewait=0.44 mfma=3.96 bar=1.60 rmsnorm_router=1.56 topk=0.36 total=7.92
[OPROJ_INNER] slicewait=0.40 mfma=4.00 bar=1.76 rmsnorm_router=1.60 topk=2.64 total=10.40
[OPROJ_INNER] slicewait=0.40 mfma=4.00 bar=2.00 rmsnorm_router=1.44 topk=8.12 total=15.96
[OPROJ_INNER] slicewait=0.40 mfma=3.92 bar=1.68 rmsnorm_router=1.44 topk=0.40 total=7.84
[OPROJ_INNER] slicewait=0.40 mfma=4.04 bar=1.64 rmsnorm_router=1.48 topk=1.12 total=8.68
[BAR_OBS] ep=136 xcd=3 drain=0.440 l1=0.280 wait=0.960 acq=0.080 obs=19135345693915 bar=1.760
[BAR_OBS] ep=136 xcd=2 drain=0.440 l1=0.320 wait=1.040 acq=0.080 obs=19135345693919 bar=1.880
[BAR_ARR] ep=136 xcd=3 l1=0.280 l2=0.360
[BAR_ARR] ep=136 xcd=2 l1=0.320 l2=0.360
[BAR_OBS] ep=136 xcd=7 drain=0.480 l1=0.200 wait=0.880 acq=0.040 obs=19135345693903 bar=1.600
[OPROJ_INNER] slicewait=0.36 mfma=3.96 bar=1.72 rmsnorm_router=1.52 topk=1.28 total=8.84
[BAR_OBS] ep=136 xcd=5 drain=0.360 l1=0.240 wait=1.040 acq=0.040 obs=19135345693905 bar=1.680
[BAR_ARR] ep=136 xcd=7 l1=0.200 l2=0.280
[BAR_OBS] ep=136 xcd=1 drain=0.440 l1=0.280 wait=1.120 acq=0.040 obs=19135345693919 bar=1.880
[BAR_ARR] ep=136 xcd=5 l1=0.240 l2=0.240
[BAR_ARR] ep=136 xcd=1 l1=0.280 l2=0.320
[BAR_OBS] ep=136 xcd=6 drain=0.480 l1=0.200 wait=0.880 acq=0.080 obs=19135345693904 bar=1.640
[BAR_OBS] ep=136 xcd=0 drain=0.440 l1=0.320 wait=1.160 acq=0.080 obs=19135345693941 bar=2.000
[BAR_OBS] ep=136 xcd=4 drain=0.400 l1=0.240 wait=1.000 acq=0.080 obs=19135345693906 bar=1.720
[BAR_ARR] ep=136 xcd=0 l1=0.320 l2=0.360
[BAR_REL] ep=136 xcd=0 rel=19135345693909
[BAR_ARR] ep=136 xcd=6 l1=0.200 l2=0.280
[BAR_ARR] ep=136 xcd=4 l1=0.240 l2=0.280
[OPROJ_INNER] slicewait=0.40 mfma=3.92 bar=2.00 rmsnorm_router=1.56 topk=2.84 total=10.72
[OPROJ_INNER] slicewait=0.40 mfma=4.00 bar=1.76 rmsnorm_router=1.52 topk=1.24 total=8.92
[OPROJ_INNER] slicewait=0.40 mfma=4.00 bar=2.00 rmsnorm_router=1.44 topk=3.76 total=11.60
[OPROJ_INNER] slicewait=0.40 mfma=4.00 bar=1.80 rmsnorm_router=1.60 topk=2.88 total=10.68
[OPROJ_INNER] slicewait=0.40 mfma=3.96 bar=1.72 rmsnorm_router=1.44 topk=0.40 total=7.92
[OPROJ_INNER] slicewait=0.40 mfma=3.96 bar=1.88 rmsnorm_router=1.52 topk=2.24 total=10.00
[OPROJ_INNER] slicewait=0.36 mfma=4.00 bar=1.76 rmsnorm_router=1.48 topk=1.36 total=8.96
[BAR_OBS] ep=137 xcd=2 drain=0.440 l1=0.320 wait=1.200 acq=0.040 obs=19135345954791 bar=2.000
[OPROJ_INNER] slicewait=0.40 mfma=3.96 bar=1.72 rmsnorm_router=1.52 topk=1.16 total=8.76
[BAR_OBS] ep=137 xcd=1 drain=0.440 l1=0.280 wait=1.120 acq=0.040 obs=19135345954767 bar=1.880
[BAR_OBS] ep=137 xcd=0 drain=0.480 l1=0.280 wait=1.160 acq=0.080 obs=19135345954769 bar=2.000
[BAR_OBS] ep=137 xcd=4 drain=0.400 l1=0.240 wait=1.040 acq=0.080 obs=19135345954758 bar=1.760
[BAR_ARR] ep=137 xcd=2 l1=0.320 l2=0.360
[BAR_ARR] ep=137 xcd=0 l1=0.280 l2=0.360
[BAR_ARR] ep=137 xcd=1 l1=0.280 l2=0.360
[BAR_OBS] ep=137 xcd=7 drain=0.440 l1=0.200 wait=1.000 acq=0.080 obs=19135345954751 bar=1.720
[BAR_REL] ep=137 xcd=2 rel=19135345954759
[BAR_ARR] ep=137 xcd=4 l1=0.240 l2=0.280
[BAR_ARR] ep=137 xcd=7 l1=0.200 l2=0.240
[BAR_OBS] ep=137 xcd=3 drain=0.440 l1=0.320 wait=0.960 acq=0.080 obs=19135345954767 bar=1.800
[BAR_OBS] ep=137 xcd=6 drain=0.480 l1=0.200 wait=1.000 acq=0.080 obs=19135345954756 bar=1.760
[BAR_OBS] ep=137 xcd=5 drain=0.400 l1=0.240 wait=1.000 acq=0.080 obs=19135345954753 bar=1.720
[BAR_ARR] ep=137 xcd=3 l1=0.320 l2=0.320
[BAR_ARR] ep=137 xcd=5 l1=0.240 l2=0.240
[BAR_ARR] ep=137 xcd=6 l1=0.200 l2=0.280
[OPROJ_INNER] slicewait=0.40 mfma=3.92 bar=2.00 rmsnorm_router=1.44 topk=0.52 total=8.28
[OPROJ_INNER] slicewait=0.36 mfma=3.96 bar=2.16 rmsnorm_router=1.52 topk=2.20 total=10.20
[OPROJ_INNER] slicewait=0.40 mfma=4.00 bar=1.84 rmsnorm_router=1.48 topk=0.76 total=8.48
[OPROJ_INNER] slicewait=0.40 mfma=3.88 bar=2.20 rmsnorm_router=1.60 topk=3.72 total=11.80
[OPROJ_INNER] slicewait=0.40 mfma=4.00 bar=2.20 rmsnorm_router=1.48 topk=7.56 total=15.64
[BAR_OBS] ep=138 xcd=1 drain=0.440 l1=0.280 wait=1.360 acq=0.080 obs=19135346228523 bar=2.160
[OPROJ_INNER] slicewait=0.40 mfma=3.96 bar=2.12 rmsnorm_router=1.56 topk=2.56 total=10.60
[BAR_OBS] ep=138 xcd=0 drain=0.480 l1=0.280 wait=1.360 acq=0.080 obs=19135346228525 bar=2.200
[BAR_OBS] ep=138 xcd=7 drain=0.480 l1=0.200 wait=1.240 acq=0.080 obs=19135346228507 bar=2.000
[BAR_ARR] ep=138 xcd=1 l1=0.280 l2=0.320
[BAR_ARR] ep=138 xcd=0 l1=0.280 l2=0.400
[BAR_ARR] ep=138 xcd=7 l1=0.200 l2=0.240
[OPROJ_INNER] slicewait=0.36 mfma=4.00 bar=1.92 rmsnorm_router=1.52 topk=1.92 total=9.72
[OPROJ_INNER] slicewait=0.40 mfma=3.92 bar=1.84 rmsnorm_router=1.52 topk=1.52 total=9.20
[BAR_OBS] ep=138 xcd=3 drain=0.480 l1=0.320 wait=1.240 acq=0.080 obs=19135346228523 bar=2.120
[BAR_OBS] ep=138 xcd=5 drain=0.400 l1=0.200 wait=1.160 acq=0.080 obs=19135346228509 bar=1.840
[BAR_OBS] ep=138 xcd=2 drain=0.640 l1=0.320 wait=1.160 acq=0.080 obs=19135346228547 bar=2.200
[BAR_ARR] ep=138 xcd=2 l1=0.320 l2=0.360
[BAR_ARR] ep=138 xcd=5 l1=0.200 l2=0.240
[BAR_REL] ep=138 xcd=2 rel=19135346228515
[BAR_ARR] ep=138 xcd=3 l1=0.320 l2=0.280
[BAR_OBS] ep=138 xcd=4 drain=0.400 l1=0.240 wait=1.200 acq=0.080 obs=19135346228514 bar=1.920
[BAR_OBS] ep=138 xcd=6 drain=0.480 l1=0.240 wait=1.040 acq=0.080 obs=19135346228512 bar=1.840
[BAR_ARR] ep=138 xcd=4 l1=0.240 l2=0.320
[BAR_ARR] ep=138 xcd=6 l1=0.240 l2=0.280
[OPROJ_INNER] slicewait=0.44 mfma=4.00 bar=1.64 rmsnorm_router=1.52 topk=1.08 total=8.68
[OPROJ_INNER] slicewait=0.36 mfma=4.00 bar=1.88 rmsnorm_router=1.60 topk=3.32 total=11.16
[OPROJ_INNER] slicewait=0.40 mfma=4.00 bar=1.92 rmsnorm_router=1.56 topk=2.76 total=10.64
[OPROJ_INNER] slicewait=0.40 mfma=4.00 bar=1.84 rmsnorm_router=1.60 topk=2.48 total=10.32
[OPROJ_INNER] slicewait=0.44 mfma=3.92 bar=1.80 rmsnorm_router=1.48 topk=0.40 total=8.04
[OPROJ_INNER] slicewait=0.40 mfma=4.00 bar=2.04 rmsnorm_router=1.44 topk=7.16 total=15.04
[OPROJ_INNER] slicewait=0.44 mfma=3.96 bar=1.60 rmsnorm_router=1.48 topk=1.48 total=8.96
[BAR_OBS] ep=139 xcd=0 drain=0.480 l1=0.280 wait=1.080 acq=0.080 obs=19135346480281 bar=1.920
[BAR_OBS] ep=139 xcd=5 drain=0.400 l1=0.200 wait=0.960 acq=0.080 obs=19135346480265 bar=1.640
[BAR_OBS] ep=139 xcd=3 drain=0.480 l1=0.280 wait=1.040 acq=0.080 obs=19135346480283 bar=1.880
[OPROJ_INNER] slicewait=0.40 mfma=4.00 bar=1.76 rmsnorm_router=1.48 topk=1.84 total=9.48
[BAR_OBS] ep=139 xcd=1 drain=0.440 l1=0.280 wait=1.080 acq=0.040 obs=19135346480279 bar=1.840
[BAR_ARR] ep=139 xcd=0 l1=0.280 l2=0.360
[BAR_ARR] ep=139 xcd=5 l1=0.200 l2=0.240
[BAR_ARR] ep=139 xcd=1 l1=0.280 l2=0.320
[BAR_OBS] ep=139 xcd=2 drain=0.480 l1=0.320 wait=1.160 acq=0.080 obs=19135346480303 bar=2.040
[BAR_ARR] ep=139 xcd=2 l1=0.320 l2=0.360
[BAR_OBS] ep=139 xcd=6 drain=0.440 l1=0.240 wait=0.840 acq=0.080 obs=19135346480268 bar=1.600
[BAR_REL] ep=139 xcd=2 rel=19135346480271
[BAR_ARR] ep=139 xcd=3 l1=0.280 l2=0.360
[BAR_OBS] ep=139 xcd=7 drain=0.480 l1=0.200 wait=1.040 acq=0.080 obs=19135346480263 bar=1.800
[BAR_ARR] ep=139 xcd=6 l1=0.240 l2=0.280
[BAR_OBS] ep=139 xcd=4 drain=0.400 l1=0.240 wait=1.040 acq=0.080 obs=19135346480270 bar=1.760
[BAR_ARR] ep=139 xcd=7 l1=0.200 l2=0.240
[BAR_ARR] ep=139 xcd=4 l1=0.240 l2=0.280
[OPROJ_INNER] slicewait=0.40 mfma=4.00 bar=1.84 rmsnorm_router=1.60 topk=3.60 total=11.44
[OPROJ_INNER] slicewait=0.40 mfma=3.96 bar=1.72 rmsnorm_router=1.48 topk=0.40 total=7.96
[OPROJ_INNER] slicewait=0.40 mfma=3.92 bar=1.68 rmsnorm_router=1.44 topk=0.80 total=8.24
[OPROJ_INNER] slicewait=0.40 mfma=3.92 bar=1.80 rmsnorm_router=1.48 topk=1.36 total=8.96
[OPROJ_INNER] slicewait=0.40 mfma=4.00 bar=2.00 rmsnorm_router=1.40 topk=3.72 total=11.52
[OPROJ_INNER] slicewait=0.40 mfma=3.92 bar=1.92 rmsnorm_router=1.60 topk=3.52 total=11.36
[OPROJ_INNER] slicewait=0.40 mfma=4.00 bar=1.64 rmsnorm_router=1.48 topk=1.76 total=9.28
[OPROJ_INNER] slicewait=0.40 mfma=4.00 bar=1.84 rmsnorm_router=1.52 topk=2.44 total=10.20
[BAR_OBS] ep=140 xcd=2 drain=0.480 l1=0.320 wait=1.040 acq=0.080 obs=19135346750127 bar=1.920
[BAR_OBS] ep=140 xcd=5 drain=0.400 l1=0.200 wait=1.000 acq=0.080 obs=19135346750109 bar=1.680
[BAR_OBS] ep=140 xcd=3 drain=0.480 l1=0.280 wait=1.160 acq=0.080 obs=19135346750147 bar=2.000
[BAR_OBS] ep=140 xcd=7 drain=0.440 l1=0.200 wait=1.000 acq=0.080 obs=19135346750107 bar=1.720
[BAR_OBS] ep=140 xcd=0 drain=0.480 l1=0.320 wait=1.000 acq=0.040 obs=19135346750129 bar=1.840
[BAR_ARR] ep=140 xcd=2 l1=0.320 l2=0.360
[BAR_ARR] ep=140 xcd=3 l1=0.280 l2=0.360
[BAR_ARR] ep=140 xcd=7 l1=0.200 l2=0.240
[BAR_OBS] ep=140 xcd=1 drain=0.440 l1=0.280 wait=1.040 acq=0.080 obs=19135346750123 bar=1.840
[BAR_REL] ep=140 xcd=3 rel=19135346750119
[BAR_ARR] ep=140 xcd=0 l1=0.320 l2=0.320
[BAR_ARR] ep=140 xcd=1 l1=0.280 l2=0.320
[BAR_OBS] ep=140 xcd=6 drain=0.480 l1=0.240 wait=1.000 acq=0.080 obs=19135346750112 bar=1.800
[BAR_ARR] ep=140 xcd=5 l1=0.200 l2=0.240
[BAR_OBS] ep=140 xcd=4 drain=0.400 l1=0.240 wait=0.920 acq=0.080 obs=19135346750114 bar=1.640
[BAR_ARR] ep=140 xcd=6 l1=0.240 l2=0.240
[BAR_ARR] ep=140 xcd=4 l1=0.240 l2=0.280
[OPROJ_INNER] slicewait=0.40 mfma=4.00 bar=1.80 rmsnorm_router=1.56 topk=2.40 total=10.16
[OPROJ_INNER] slicewait=0.40 mfma=3.96 bar=1.72 rmsnorm_router=1.48 topk=1.28 total=8.84
[OPROJ_INNER] slicewait=0.40 mfma=3.92 bar=1.80 rmsnorm_router=1.44 topk=1.20 total=8.76
[OPROJ_INNER] slicewait=0.40 mfma=4.00 bar=1.88 rmsnorm_router=1.60 topk=3.72 total=11.60
[OPROJ_INNER] slicewait=0.40 mfma=3.92 bar=1.88 rmsnorm_router=1.56 topk=3.16 total=10.92
[OPROJ_INNER] slicewait=0.40 mfma=4.00 bar=1.68 rmsnorm_router=1.48 topk=0.40 total=7.96
[BAR_OBS] ep=141 xcd=1 drain=0.440 l1=0.280 wait=1.000 acq=0.080 obs=19135347027051 bar=1.800
[OPROJ_INNER] slicewait=0.40 mfma=3.96 bar=2.00 rmsnorm_router=1.44 topk=8.24 total=16.04
[BAR_ARR] ep=141 xcd=1 l1=0.280 l2=0.320
[BAR_OBS] ep=141 xcd=7 drain=0.440 l1=0.200 wait=0.960 acq=0.080 obs=19135347027039 bar=1.680
[BAR_OBS] ep=141 xcd=2 drain=0.480 l1=0.280 wait=1.160 acq=0.080 obs=19135347027075 bar=2.000
[BAR_OBS] ep=141 xcd=0 drain=0.440 l1=0.320 wait=1.040 acq=0.080 obs=19135347027057 bar=1.880
[BAR_ARR] ep=141 xcd=2 l1=0.280 l2=0.360
[BAR_ARR] ep=141 xcd=0 l1=0.320 l2=0.320
[BAR_OBS] ep=141 xcd=5 drain=0.400 l1=0.200 wait=1.040 acq=0.080 obs=19135347027041 bar=1.720
[BAR_OBS] ep=141 xcd=3 drain=0.480 l1=0.280 wait=1.040 acq=0.080 obs=19135347027059 bar=1.880
[OPROJ_INNER] slicewait=0.40 mfma=3.96 bar=1.68 rmsnorm_router=1.52 topk=1.88 total=9.44
[BAR_ARR] ep=141 xcd=3 l1=0.280 l2=0.360
[BAR_ARR] ep=141 xcd=5 l1=0.200 l2=0.280
[BAR_OBS] ep=141 xcd=6 drain=0.480 l1=0.240 wait=1.000 acq=0.080 obs=19135347027044 bar=1.800
[BAR_REL] ep=141 xcd=2 rel=19135347027047
[BAR_ARR] ep=141 xcd=7 l1=0.200 l2=0.240
[BAR_ARR] ep=141 xcd=6 l1=0.240 l2=0.280
[BAR_OBS] ep=141 xcd=4 drain=0.400 l1=0.240 wait=1.000 acq=0.040 obs=19135347027046 bar=1.680
[BAR_ARR] ep=141 xcd=4 l1=0.240 l2=0.240
[OPROJ_INNER] slicewait=0.40 mfma=4.00 bar=1.60 rmsnorm_router=1.44 topk=0.40 total=7.84
[OPROJ_INNER] slicewait=0.40 mfma=4.04 bar=1.92 rmsnorm_router=1.48 topk=7.68 total=15.52
[OPROJ_INNER] slicewait=0.40 mfma=3.88 bar=1.84 rmsnorm_router=1.60 topk=3.24 total=10.96
[OPROJ_INNER] slicewait=0.40 mfma=4.04 bar=1.76 rmsnorm_router=1.60 topk=3.96 total=11.76
[OPROJ_INNER] slicewait=0.40 mfma=3.96 bar=1.64 rmsnorm_router=1.44 topk=1.16 total=8.60
[OPROJ_INNER] slicewait=0.40 mfma=3.92 bar=1.80 rmsnorm_router=1.56 topk=4.12 total=11.80
[BAR_OBS] ep=142 xcd=0 drain=0.440 l1=0.320 wait=0.960 acq=0.040 obs=19135347297793 bar=1.760
[BAR_OBS] ep=142 xcd=7 drain=0.480 l1=0.200 wait=0.840 acq=0.080 obs=19135347297771 bar=1.600
[BAR_OBS] ep=142 xcd=1 drain=0.440 l1=0.280 wait=1.120 acq=0.080 obs=19135347297811 bar=1.920
[OPROJ_INNER] slicewait=0.44 mfma=3.92 bar=1.64 rmsnorm_router=1.48 topk=1.04 total=8.52
[BAR_ARR] ep=142 xcd=1 l1=0.280 l2=0.320
[BAR_OBS] ep=142 xcd=3 drain=0.480 l1=0.280 wait=1.000 acq=0.080 obs=19135347297787 bar=1.840
[BAR_OBS] ep=142 xcd=5 drain=0.400 l1=0.200 wait=0.960 acq=0.080 obs=19135347297777 bar=1.640
[BAR_REL] ep=142 xcd=1 rel=19135347297783
[BAR_ARR] ep=142 xcd=3 l1=0.280 l2=0.360
[BAR_OBS] ep=142 xcd=2 drain=0.440 l1=0.320 wait=0.960 acq=0.080 obs=19135347297791 bar=1.800
[OPROJ_INNER] slicewait=0.40 mfma=3.96 bar=1.60 rmsnorm_router=1.56 topk=1.84 total=9.36
[BAR_ARR] ep=142 xcd=5 l1=0.200 l2=0.240
[BAR_ARR] ep=142 xcd=2 l1=0.320 l2=0.360
[BAR_ARR] ep=142 xcd=7 l1=0.200 l2=0.240
[BAR_ARR] ep=142 xcd=0 l1=0.320 l2=0.360
[BAR_OBS] ep=142 xcd=6 drain=0.480 l1=0.240 wait=0.840 acq=0.080 obs=19135347297776 bar=1.640
[BAR_OBS] ep=142 xcd=4 drain=0.400 l1=0.240 wait=0.880 acq=0.080 obs=19135347297778 bar=1.600
[BAR_ARR] ep=142 xcd=6 l1=0.240 l2=0.240
[BAR_ARR] ep=142 xcd=4 l1=0.240 l2=0.280
[OPROJ_INNER] slicewait=0.44 mfma=4.00 bar=1.96 rmsnorm_router=1.48 topk=6.88 total=14.76
[OPROJ_INNER] slicewait=0.40 mfma=3.96 bar=1.76 rmsnorm_router=1.52 topk=1.28 total=8.92
[OPROJ_INNER] slicewait=0.40 mfma=3.96 bar=1.92 rmsnorm_router=1.56 topk=3.64 total=11.48
[OPROJ_INNER] slicewait=0.40 mfma=3.92 bar=1.84 rmsnorm_router=1.44 topk=0.36 total=7.96
[OPROJ_INNER] slicewait=0.44 mfma=3.96 bar=1.80 rmsnorm_router=1.64 topk=4.04 total=11.88
[OPROJ_INNER] slicewait=0.44 mfma=3.96 bar=1.84 rmsnorm_router=1.60 topk=2.32 total=10.16
[BAR_OBS] ep=143 xcd=0 drain=0.440 l1=0.320 wait=1.080 acq=0.080 obs=19135347569653 bar=1.920
[BAR_OBS] ep=143 xcd=3 drain=0.480 l1=0.280 wait=1.120 acq=0.080 obs=19135347569671 bar=1.960
[OPROJ_INNER] slicewait=0.40 mfma=4.00 bar=1.68 rmsnorm_router=1.52 topk=0.92 total=8.52
[BAR_ARR] ep=143 xcd=0 l1=0.320 l2=0.320
[BAR_OBS] ep=143 xcd=6 drain=0.480 l1=0.200 wait=1.040 acq=0.040 obs=19135347569640 bar=1.760
[BAR_OBS] ep=143 xcd=2 drain=0.480 l1=0.280 wait=0.960 acq=0.080 obs=19135347569651 bar=1.800
[BAR_OBS] ep=143 xcd=7 drain=0.480 l1=0.200 wait=1.080 acq=0.080 obs=19135347569639 bar=1.840
[BAR_ARR] ep=143 xcd=3 l1=0.280 l2=0.320
[BAR_ARR] ep=143 xcd=2 l1=0.280 l2=0.360
[BAR_REL] ep=143 xcd=3 rel=19135347569643
[OPROJ_INNER] slicewait=0.40 mfma=3.96 bar=1.72 rmsnorm_router=1.56 topk=1.84 total=9.48
[BAR_OBS] ep=143 xcd=5 drain=0.400 l1=0.200 wait=1.000 acq=0.080 obs=19135347569633 bar=1.680
[BAR_OBS] ep=143 xcd=1 drain=0.440 l1=0.280 wait=1.040 acq=0.080 obs=19135347569647 bar=1.840
[BAR_ARR] ep=143 xcd=7 l1=0.200 l2=0.240
[BAR_ARR] ep=143 xcd=6 l1=0.200 l2=0.320
[BAR_ARR] ep=143 xcd=1 l1=0.280 l2=0.360
[BAR_ARR] ep=143 xcd=5 l1=0.200 l2=0.280
[BAR_OBS] ep=143 xcd=4 drain=0.400 l1=0.240 wait=1.000 acq=0.080 obs=19135347569638 bar=1.720
[BAR_ARR] ep=143 xcd=4 l1=0.240 l2=0.280
[OPROJ_INNER] slicewait=0.40 mfma=3.96 bar=1.76 rmsnorm_router=1.64 topk=3.04 total=10.80
[OPROJ_INNER] slicewait=0.36 mfma=4.04 bar=2.00 rmsnorm_router=1.44 topk=6.64 total=14.48
[OPROJ_INNER] slicewait=0.36 mfma=3.92 bar=1.68 rmsnorm_router=1.52 topk=0.96 total=8.44
[OPROJ_INNER] slicewait=0.40 mfma=3.92 bar=1.84 rmsnorm_router=1.56 topk=2.80 total=10.52
[OPROJ_INNER] slicewait=0.40 mfma=3.96 bar=1.56 rmsnorm_router=1.44 topk=0.44 total=7.80
[OPROJ_INNER] slicewait=0.40 mfma=3.88 bar=1.84 rmsnorm_router=1.52 topk=2.44 total=10.08
[OPROJ_INNER] slicewait=0.40 mfma=3.96 bar=1.72 rmsnorm_router=1.52 topk=1.28 total=8.88
[BAR_OBS] ep=144 xcd=1 drain=0.440 l1=0.280 wait=0.960 acq=0.080 obs=19135347840763 bar=1.760
[OPROJ_INNER] slicewait=0.40 mfma=3.96 bar=1.64 rmsnorm_router=1.48 topk=1.44 total=8.92
[BAR_OBS] ep=144 xcd=0 drain=0.440 l1=0.320 wait=1.160 acq=0.080 obs=19135347840789 bar=2.000
[BAR_OBS] ep=144 xcd=2 drain=0.440 l1=0.320 wait=1.000 acq=0.080 obs=19135347840767 bar=1.840
[BAR_ARR] ep=144 xcd=0 l1=0.320 l2=0.360
[BAR_ARR] ep=144 xcd=2 l1=0.320 l2=0.360
[BAR_REL] ep=144 xcd=0 rel=19135347840757
[BAR_OBS] ep=144 xcd=7 drain=0.440 l1=0.200 wait=0.840 acq=0.080 obs=19135347840747 bar=1.560
[BAR_ARR] ep=144 xcd=1 l1=0.280 l2=0.320
[BAR_OBS] ep=144 xcd=3 drain=0.480 l1=0.280 wait=1.000 acq=0.080 obs=19135347840763 bar=1.840
[BAR_OBS] ep=144 xcd=5 drain=0.360 l1=0.240 wait=1.040 acq=0.040 obs=19135347840753 bar=1.680
[BAR_ARR] ep=144 xcd=3 l1=0.280 l2=0.360
[BAR_ARR] ep=144 xcd=7 l1=0.200 l2=0.240
[BAR_ARR] ep=144 xcd=5 l1=0.240 l2=0.240
[BAR_OBS] ep=144 xcd=4 drain=0.400 l1=0.240 wait=1.000 acq=0.080 obs=19135347840754 bar=1.720
[BAR_OBS] ep=144 xcd=6 drain=0.480 l1=0.200 wait=0.880 acq=0.080 obs=19135347840752 bar=1.640
[BAR_ARR] ep=144 xcd=4 l1=0.240 l2=0.280
[BAR_ARR] ep=144 xcd=6 l1=0.200 l2=0.240
[OPROJ_INNER] slicewait=0.40 mfma=3.96 bar=1.72 rmsnorm_router=1.60 topk=2.96 total=10.64
[OPROJ_INNER] slicewait=0.40 mfma=4.00 bar=1.60 rmsnorm_router=1.52 topk=1.00 total=8.52
[OPROJ_INNER] slicewait=0.40 mfma=3.96 bar=1.76 rmsnorm_router=1.60 topk=3.76 total=11.48
[OPROJ_INNER] slicewait=0.40 mfma=4.00 bar=1.76 rmsnorm_router=1.44 topk=3.12 total=10.72
[OPROJ_INNER] slicewait=0.44 mfma=3.96 bar=1.72 rmsnorm_router=1.56 topk=2.52 total=10.20
[OPROJ_INNER] slicewait=0.40 mfma=4.00 bar=1.84 rmsnorm_router=1.52 topk=2.72 total=10.48
[OPROJ_INNER] slicewait=0.40 mfma=3.88 bar=1.76 rmsnorm_router=1.44 topk=0.44 total=7.92
[BAR_OBS] ep=145 xcd=3 drain=0.440 l1=0.280 wait=0.960 acq=0.040 obs=19135348113143 bar=1.720
[BAR_OBS] ep=145 xcd=6 drain=0.480 l1=0.240 wait=0.960 acq=0.080 obs=19135348113160 bar=1.760
[BAR_ARR] ep=145 xcd=6 l1=0.240 l2=0.240
[OPROJ_INNER] slicewait=0.40 mfma=3.96 bar=1.72 rmsnorm_router=1.52 topk=1.64 total=9.24
[BAR_OBS] ep=145 xcd=2 drain=0.480 l1=0.280 wait=0.960 acq=0.040 obs=19135348113147 bar=1.760
[BAR_OBS] ep=145 xcd=5 drain=0.400 l1=0.200 wait=1.120 acq=0.040 obs=19135348113133 bar=1.760
[BAR_ARR] ep=145 xcd=3 l1=0.280 l2=0.360
[BAR_OBS] ep=145 xcd=1 drain=0.440 l1=0.280 wait=0.960 acq=0.040 obs=19135348113143 bar=1.720
[BAR_OBS] ep=145 xcd=7 drain=0.440 l1=0.200 wait=0.920 acq=0.040 obs=19135348113131 bar=1.600
[BAR_OBS] ep=145 xcd=0 drain=0.480 l1=0.280 wait=1.000 acq=0.080 obs=19135348113145 bar=1.840
[BAR_ARR] ep=145 xcd=1 l1=0.280 l2=0.360
[BAR_ARR] ep=145 xcd=0 l1=0.280 l2=0.360
[BAR_ARR] ep=145 xcd=2 l1=0.280 l2=0.400
[BAR_REL] ep=145 xcd=6 rel=19135348113132
[BAR_ARR] ep=145 xcd=5 l1=0.200 l2=0.240
[BAR_ARR] ep=145 xcd=7 l1=0.200 l2=0.240
[BAR_OBS] ep=145 xcd=4 drain=0.400 l1=0.240 wait=1.000 acq=0.080 obs=19135348113134 bar=1.720
[BAR_ARR] ep=145 xcd=4 l1=0.240 l2=0.280
[OPROJ_INNER] slicewait=0.40 mfma=3.96 bar=2.12 rmsnorm_router=1.40 topk=7.76 total=15.64
[OPROJ_INNER] slicewait=0.40 mfma=4.00 bar=1.96 rmsnorm_router=1.56 topk=3.16 total=11.08
[BAR_OBS] ep=146 xcd=0 drain=0.440 l1=0.320 wait=1.120 acq=0.080 obs=19135348394709 bar=1.960
[OPROJ_INNER] slicewait=0.44 mfma=3.96 bar=1.96 rmsnorm_router=1.56 topk=2.24 total=10.16
[OPROJ_INNER] slicewait=0.40 mfma=3.88 bar=2.04 rmsnorm_router=1.60 topk=2.80 total=10.72
[OPROJ_INNER] slicewait=0.40 mfma=3.88 bar=1.92 rmsnorm_router=1.48 topk=0.40 total=8.08
[OPROJ_INNER] slicewait=0.40 mfma=3.96 bar=1.84 rmsnorm_router=1.48 topk=0.84 total=8.52
[OPROJ_INNER] slicewait=0.40 mfma=3.96 bar=1.92 rmsnorm_router=1.44 topk=0.92 total=8.64
[BAR_OBS] ep=146 xcd=2 drain=0.560 l1=0.320 wait=1.160 acq=0.080 obs=19135348394731 bar=2.120
[BAR_ARR] ep=146 xcd=0 l1=0.320 l2=0.360
[BAR_ARR] ep=146 xcd=2 l1=0.320 l2=0.360
[BAR_OBS] ep=146 xcd=1 drain=0.440 l1=0.280 wait=1.160 acq=0.080 obs=19135348394707 bar=1.960
[BAR_ARR] ep=146 xcd=1 l1=0.280 l2=0.320
[BAR_REL] ep=146 xcd=2 rel=19135348394703
[OPROJ_INNER] slicewait=0.40 mfma=3.92 bar=1.88 rmsnorm_router=1.52 topk=1.96 total=9.68
[BAR_OBS] ep=146 xcd=5 drain=0.360 l1=0.200 wait=1.280 acq=0.080 obs=19135348394693 bar=1.920
[BAR_OBS] ep=146 xcd=6 drain=0.440 l1=0.240 wait=1.080 acq=0.080 obs=19135348394696 bar=1.840
[BAR_ARR] ep=146 xcd=5 l1=0.200 l2=0.240
[BAR_OBS] ep=146 xcd=4 drain=0.400 l1=0.240 wait=1.160 acq=0.080 obs=19135348394698 bar=1.880
[BAR_ARR] ep=146 xcd=6 l1=0.240 l2=0.280
[BAR_OBS] ep=146 xcd=3 drain=0.480 l1=0.280 wait=1.200 acq=0.080 obs=19135348394707 bar=2.040
[BAR_ARR] ep=146 xcd=4 l1=0.240 l2=0.280
[BAR_OBS] ep=146 xcd=7 drain=0.440 l1=0.200 wait=1.200 acq=0.080 obs=19135348394695 bar=1.920
[BAR_ARR] ep=146 xcd=3 l1=0.280 l2=0.360
[BAR_ARR] ep=146 xcd=7 l1=0.200 l2=0.240
[OPROJ_INNER] slicewait=0.40 mfma=3.92 bar=1.72 rmsnorm_router=1.40 topk=0.36 total=7.80
[OPROJ_INNER] slicewait=0.40 mfma=4.00 bar=1.88 rmsnorm_router=1.56 topk=3.88 total=11.72
[OPROJ_INNER] slicewait=0.40 mfma=3.92 bar=1.88 rmsnorm_router=1.60 topk=4.08 total=11.88
[OPROJ_INNER] slicewait=0.44 mfma=3.96 bar=1.96 rmsnorm_router=1.48 topk=7.84 total=15.68
[OPROJ_INNER] slicewait=0.40 mfma=4.00 bar=1.68 rmsnorm_router=1.44 topk=0.68 total=8.20
[OPROJ_INNER] slicewait=0.40 mfma=3.92 bar=1.80 rmsnorm_router=1.48 topk=0.80 total=8.40
[OPROJ_INNER] slicewait=0.40 mfma=3.96 bar=1.76 rmsnorm_router=1.44 topk=1.32 total=8.88
[BAR_OBS] ep=147 xcd=0 drain=0.440 l1=0.280 wait=1.080 acq=0.080 obs=19135348651505 bar=1.880
[OPROJ_INNER] slicewait=0.40 mfma=3.92 bar=1.88 rmsnorm_router=1.64 topk=2.92 total=10.76
[BAR_OBS] ep=147 xcd=7 drain=0.480 l1=0.200 wait=0.960 acq=0.080 obs=19135348651491 bar=1.720
[BAR_ARR] ep=147 xcd=0 l1=0.280 l2=0.360
[BAR_OBS] ep=147 xcd=2 drain=0.480 l1=0.320 wait=1.040 acq=0.040 obs=19135348651507 bar=1.880
[BAR_ARR] ep=147 xcd=7 l1=0.200 l2=0.240
[BAR_ARR] ep=147 xcd=2 l1=0.320 l2=0.360
[BAR_OBS] ep=147 xcd=3 drain=0.480 l1=0.280 wait=1.160 acq=0.040 obs=19135348651527 bar=1.960
[BAR_OBS] ep=147 xcd=1 drain=0.440 l1=0.280 wait=1.120 acq=0.040 obs=19135348651503 bar=1.880
[BAR_ARR] ep=147 xcd=3 l1=0.280 l2=0.360
[BAR_ARR] ep=147 xcd=1 l1=0.280 l2=0.360
[BAR_REL] ep=147 xcd=3 rel=19135348651495
[BAR_OBS] ep=147 xcd=5 drain=0.400 l1=0.200 wait=1.000 acq=0.080 obs=19135348651489 bar=1.680
[BAR_OBS] ep=147 xcd=6 drain=0.480 l1=0.240 wait=1.000 acq=0.080 obs=19135348651492 bar=1.800
[BAR_OBS] ep=147 xcd=4 drain=0.400 l1=0.240 wait=1.040 acq=0.080 obs=19135348651494 bar=1.760
[BAR_ARR] ep=147 xcd=5 l1=0.200 l2=0.240
[BAR_ARR] ep=147 xcd=6 l1=0.240 l2=0.280
[BAR_ARR] ep=147 xcd=4 l1=0.240 l2=0.280
[OPROJ_INNER] slicewait=0.40 mfma=4.04 bar=1.80 rmsnorm_router=1.48 topk=1.52 total=9.24
[OPROJ_INNER] slicewait=0.40 mfma=4.04 bar=1.84 rmsnorm_router=1.44 topk=0.40 total=8.12
[OPROJ_INNER] slicewait=0.40 mfma=3.96 bar=2.16 rmsnorm_router=1.44 topk=3.64 total=11.60
[OPROJ_INNER] slicewait=0.40 mfma=3.96 bar=2.00 rmsnorm_router=1.56 topk=2.36 total=10.28
[OPROJ_INNER] slicewait=0.40 mfma=3.92 bar=2.12 rmsnorm_router=1.56 topk=3.04 total=11.04
[OPROJ_INNER] slicewait=0.40 mfma=3.92 bar=2.08 rmsnorm_router=1.52 topk=2.04 total=9.96
[OPROJ_INNER] slicewait=0.40 mfma=3.96 bar=1.88 rmsnorm_router=1.48 topk=1.28 total=9.00
[BAR_OBS] ep=148 xcd=2 drain=0.640 l1=0.280 wait=1.160 acq=0.080 obs=19135348916931 bar=2.160
[BAR_OBS] ep=148 xcd=0 drain=0.480 l1=0.280 wait=1.320 acq=0.040 obs=19135348916913 bar=2.120
[BAR_ARR] ep=148 xcd=2 l1=0.280 l2=0.360
[BAR_ARR] ep=148 xcd=0 l1=0.280 l2=0.360
[BAR_OBS] ep=148 xcd=7 drain=0.440 l1=0.200 wait=1.120 acq=0.080 obs=19135348916899 bar=1.840
[BAR_REL] ep=148 xcd=2 rel=19135348916903
[BAR_OBS] ep=148 xcd=3 drain=0.480 l1=0.280 wait=1.160 acq=0.080 obs=19135348916911 bar=2.000
[OPROJ_INNER] slicewait=0.44 mfma=3.96 bar=1.76 rmsnorm_router=1.52 topk=1.40 total=9.08
[BAR_OBS] ep=148 xcd=1 drain=0.440 l1=0.280 wait=1.280 acq=0.080 obs=19135348916907 bar=2.080
[BAR_OBS] ep=148 xcd=5 drain=0.360 l1=0.200 wait=1.240 acq=0.080 obs=19135348916897 bar=1.880
[BAR_OBS] ep=148 xcd=6 drain=0.480 l1=0.200 wait=1.040 acq=0.080 obs=19135348916896 bar=1.800
[BAR_ARR] ep=148 xcd=1 l1=0.280 l2=0.320
[BAR_ARR] ep=148 xcd=3 l1=0.280 l2=0.360
[BAR_ARR] ep=148 xcd=5 l1=0.200 l2=0.280
[BAR_ARR] ep=148 xcd=7 l1=0.200 l2=0.240
[BAR_ARR] ep=148 xcd=6 l1=0.200 l2=0.280
[BAR_OBS] ep=148 xcd=4 drain=0.400 l1=0.240 wait=1.040 acq=0.080 obs=19135348916898 bar=1.760
[BAR_ARR] ep=148 xcd=4 l1=0.240 l2=0.240
[OPROJ_INNER] slicewait=0.40 mfma=3.96 bar=1.96 rmsnorm_router=1.48 topk=8.76 total=16.56
[OPROJ_INNER] slicewait=0.44 mfma=3.92 bar=1.80 rmsnorm_router=1.64 topk=4.00 total=11.80
[OPROJ_INNER] slicewait=0.40 mfma=3.92 bar=1.72 rmsnorm_router=1.44 topk=0.36 total=7.84
[OPROJ_INNER] slicewait=0.40 mfma=3.92 bar=1.64 rmsnorm_router=1.48 topk=0.44 total=7.88
[OPROJ_INNER] slicewait=0.40 mfma=3.96 bar=1.80 rmsnorm_router=1.64 topk=3.16 total=10.96
[OPROJ_INNER] slicewait=0.40 mfma=4.00 bar=1.64 rmsnorm_router=1.52 topk=1.60 total=9.16
[BAR_OBS] ep=149 xcd=3 drain=0.440 l1=0.320 wait=1.120 acq=0.080 obs=19135349194995 bar=1.960
[BAR_OBS] ep=149 xcd=5 drain=0.360 l1=0.240 wait=1.000 acq=0.040 obs=19135349194961 bar=1.640
[OPROJ_INNER] slicewait=0.44 mfma=3.92 bar=1.88 rmsnorm_router=1.56 topk=3.52 total=11.32
[BAR_OBS] ep=149 xcd=1 drain=0.440 l1=0.280 wait=1.000 acq=0.080 obs=19135349194971 bar=1.800
[BAR_ARR] ep=149 xcd=3 l1=0.320 l2=0.320
[BAR_OBS] ep=149 xcd=2 drain=0.440 l1=0.320 wait=1.000 acq=0.040 obs=19135349194979 bar=1.800
[BAR_ARR] ep=149 xcd=1 l1=0.280 l2=0.320
[BAR_OBS] ep=149 xcd=0 drain=0.480 l1=0.320 wait=1.000 acq=0.080 obs=19135349194977 bar=1.880
[BAR_OBS] ep=149 xcd=4 drain=0.400 l1=0.240 wait=0.920 acq=0.080 obs=19135349194962 bar=1.640
[BAR_ARR] ep=149 xcd=2 l1=0.320 l2=0.360
[BAR_ARR] ep=149 xcd=0 l1=0.320 l2=0.320
[OPROJ_INNER] slicewait=0.40 mfma=3.88 bar=1.72 rmsnorm_router=1.48 topk=0.88 total=8.36
[BAR_ARR] ep=149 xcd=5 l1=0.240 l2=0.240
[BAR_REL] ep=149 xcd=3 rel=19135349194967
[BAR_ARR] ep=149 xcd=4 l1=0.240 l2=0.280
[BAR_OBS] ep=149 xcd=7 drain=0.480 l1=0.200 wait=0.960 acq=0.080 obs=19135349194959 bar=1.720
[BAR_OBS] ep=149 xcd=6 drain=0.480 l1=0.240 wait=0.920 acq=0.080 obs=19135349194960 bar=1.720
[BAR_ARR] ep=149 xcd=7 l1=0.200 l2=0.240
[BAR_ARR] ep=149 xcd=6 l1=0.240 l2=0.280
[OPROJ_INNER] slicewait=0.40 mfma=4.00 bar=1.64 rmsnorm_router=1.48 topk=0.56 total=8.08
[OPROJ_INNER] slicewait=0.44 mfma=4.00 bar=1.80 rmsnorm_router=1.60 topk=3.88 total=11.72
[OPROJ_INNER] slicewait=0.40 mfma=3.92 bar=2.00 rmsnorm_router=1.52 topk=3.00 total=10.84
[OPROJ_INNER] slicewait=0.40 mfma=3.88 bar=1.64 rmsnorm_router=1.52 topk=1.44 total=8.88
[BAR_OBS] ep=150 xcd=0 drain=0.480 l1=0.320 wait=1.120 acq=0.080 obs=19135349470517 bar=2.000
[OPROJ_INNER] slicewait=0.36 mfma=4.00 bar=1.76 rmsnorm_router=1.56 topk=1.88 total=9.56
[OPROJ_INNER] slicewait=0.40 mfma=3.92 bar=1.92 rmsnorm_router=1.52 topk=2.12 total=9.88
[BAR_ARR] ep=150 xcd=0 l1=0.320 l2=0.320
[OPROJ_INNER] slicewait=0.40 mfma=4.04 bar=1.96 rmsnorm_router=1.44 topk=7.20 total=15.04
[OPROJ_INNER] slicewait=0.40 mfma=3.96 bar=1.80 rmsnorm_router=1.48 topk=0.36 total=8.00
[BAR_OBS] ep=150 xcd=2 drain=0.480 l1=0.280 wait=1.000 acq=0.040 obs=19135349470519 bar=1.800
[BAR_OBS] ep=150 xcd=1 drain=0.440 l1=0.280 wait=1.120 acq=0.080 obs=19135349470511 bar=1.920
[BAR_OBS] ep=150 xcd=5 drain=0.360 l1=0.240 wait=1.000 acq=0.040 obs=19135349470501 bar=1.640
[BAR_OBS] ep=150 xcd=6 drain=0.520 l1=0.200 wait=0.840 acq=0.080 obs=19135349470500 bar=1.640
[BAR_ARR] ep=150 xcd=2 l1=0.280 l2=0.360
[BAR_ARR] ep=150 xcd=1 l1=0.280 l2=0.320
[BAR_OBS] ep=150 xcd=4 drain=0.400 l1=0.240 wait=1.040 acq=0.080 obs=19135349470502 bar=1.760
[BAR_ARR] ep=150 xcd=6 l1=0.200 l2=0.280
[BAR_ARR] ep=150 xcd=5 l1=0.240 l2=0.240
[BAR_OBS] ep=150 xcd=7 drain=0.440 l1=0.200 wait=1.080 acq=0.080 obs=19135349470499 bar=1.800
[BAR_OBS] ep=150 xcd=3 drain=0.440 l1=0.320 wait=1.120 acq=0.080 obs=19135349470535 bar=1.960
[BAR_ARR] ep=150 xcd=4 l1=0.240 l2=0.280
[BAR_ARR] ep=150 xcd=7 l1=0.200 l2=0.240
[BAR_ARR] ep=150 xcd=3 l1=0.320 l2=0.320
[BAR_REL] ep=150 xcd=3 rel=19135349470507
[nps1] blocks per XCD: 23 23 23 23 23 23 23 23
[nps1] wall 411.49 ms / 150 layers = 2743.25 us per layer
[nps1] hash attn_proj_out=8c80e2966041a783 rmsnorm_out=a1cf01ab958675cb
[nps1] attn_out(in)       7680/8192 nonzero bytes  head 40004000 40004000 40004000 40004000
[nps1] weight_data(in)     256/256 nonzero bytes  head 22222222 22222222 22222222 22222222
[nps1] weight_scale(in)    256/256 nonzero bytes  head 77777777 77777777 77777777 77777777
[nps1] norm_weight(in)     256/256 nonzero bytes  head 3c3c3c3c 3c3c3c3c 3c3c3c3c 3c3c3c3c
[nps1] attn_proj_out      5888/5888 nonzero bytes  head 421c421a 4220421e 42244222 42284226
[nps1] rmsnorm_out        2903/5760 nonzero bytes  head 7c7c7c7c 7d7c7c7c 7b7b7d7d 7b7b7b7b
[nps1] topk_weight           8/4096 nonzero bytes  head 3e800000 3e800000 3e800000 3e800000
[nps1] routing_indices       4/4096 nonzero bytes  head 00000000 00000000 00000000 00000000
[nps1] logits_scratch        0/4096 nonzero bytes  head 00000000 00000000 00000000 00000000
[nps1] counters             26/4096 nonzero bytes  head 00000096 00000000 00000000 00000000
