"Correlation_Id","Dispatch_Id","Agent_Id","Queue_Id","Process_Id","Thread_Id","Grid_Size","Kernel_Id","Kernel_Name","Workgroup_Size","LDS_Block_Size","Scratch_Size","VGPR_Count","Accum_VGPR_Count","SGPR_Count","Counter_Name","Counter_Value","Start_Timestamp","End_Timestamp"
1,1,"Agent 2",1,1321600,1321600,512,10,"__amd_rocclr_fillBufferAligned",256,0,0,8,0,48,"TCC_EA0_RDREQ_32B",0.00000000e+00,222897699569446,222897699571166
1,1,"Agent 2",1,1321600,1321600,512,10,"__amd_rocclr_fillBufferAligned",256,0,0,8,0,48,"TCC_EA0_RDREQ_GMI_32B",0.00000000e+00,222897699569446,222897699571166
2,2,"Agent 2",1,1321600,1321600,2048,10,"__amd_rocclr_fillBufferAligned",256,0,0,8,0,48,"TCC_EA0_RDREQ_32B",0.00000000e+00,222897699660806,222897699662726
2,2,"Agent 2",1,1321600,1321600,2048,10,"__amd_rocclr_fillBufferAligned",256,0,0,8,0,48,"TCC_EA0_RDREQ_GMI_32B",0.00000000e+00,222897699660806,222897699662726
3,3,"Agent 2",1,1321600,1321600,256,10,"__amd_rocclr_fillBufferAligned",256,0,0,8,0,48,"TCC_EA0_RDREQ_32B",0.00000000e+00,222897699725447,222897699726607
3,3,"Agent 2",1,1321600,1321600,256,10,"__amd_rocclr_fillBufferAligned",256,0,0,8,0,48,"TCC_EA0_RDREQ_GMI_32B",0.00000000e+00,222897699725447,222897699726607
4,4,"Agent 2",1,1321600,1321600,2048,10,"__amd_rocclr_fillBufferAligned",256,0,0,8,0,48,"TCC_EA0_RDREQ_32B",0.00000000e+00,222897699860570,222897699862490
4,4,"Agent 2",1,1321600,1321600,2048,10,"__amd_rocclr_fillBufferAligned",256,0,0,8,0,48,"TCC_EA0_RDREQ_GMI_32B",0.00000000e+00,222897699860570,222897699862490
5,5,"Agent 2",1,1321600,1321600,256,10,"__amd_rocclr_fillBufferAligned",256,0,0,8,0,48,"TCC_EA0_RDREQ_32B",0.00000000e+00,222897699940851,222897699942131
5,5,"Agent 2",1,1321600,1321600,256,10,"__amd_rocclr_fillBufferAligned",256,0,0,8,0,48,"TCC_EA0_RDREQ_GMI_32B",0.00000000e+00,222897699940851,222897699942131
6,6,"Agent 2",1,1321600,1321600,2048,10,"__amd_rocclr_fillBufferAligned",256,0,0,8,0,48,"TCC_EA0_RDREQ_32B",0.00000000e+00,222897700117534,222897700119374
6,6,"Agent 2",1,1321600,1321600,2048,10,"__amd_rocclr_fillBufferAligned",256,0,0,8,0,48,"TCC_EA0_RDREQ_GMI_32B",0.00000000e+00,222897700117534,222897700119374
7,7,"Agent 2",1,1321600,1321600,256,10,"__amd_rocclr_fillBufferAligned",256,0,0,8,0,48,"TCC_EA0_RDREQ_32B",0.00000000e+00,222897700242776,222897700243976
7,7,"Agent 2",1,1321600,1321600,256,10,"__amd_rocclr_fillBufferAligned",256,0,0,8,0,48,"TCC_EA0_RDREQ_GMI_32B",0.00000000e+00,222897700242776,222897700243976
8,8,"Agent 2",1,1321600,1321600,2048,10,"__amd_rocclr_fillBufferAligned",256,0,0,8,0,48,"TCC_EA0_RDREQ_32B",0.00000000e+00,222897700366058,222897700367818
8,8,"Agent 2",1,1321600,1321600,2048,10,"__amd_rocclr_fillBufferAligned",256,0,0,8,0,48,"TCC_EA0_RDREQ_GMI_32B",0.00000000e+00,222897700366058,222897700367818
9,9,"Agent 2",1,1321600,1321600,256,10,"__amd_rocclr_fillBufferAligned",256,0,0,8,0,48,"TCC_EA0_RDREQ_32B",0.00000000e+00,222897700490580,222897700491820
9,9,"Agent 2",1,1321600,1321600,256,10,"__amd_rocclr_fillBufferAligned",256,0,0,8,0,48,"TCC_EA0_RDREQ_GMI_32B",0.00000000e+00,222897700490580,222897700491820
10,10,"Agent 2",1,1321600,1321600,2048,10,"__amd_rocclr_fillBufferAligned",256,0,0,8,0,48,"TCC_EA0_RDREQ_32B",0.00000000e+00,222897700610182,222897700611902
10,10,"Agent 2",1,1321600,1321600,2048,10,"__amd_rocclr_fillBufferAligned",256,0,0,8,0,48,"TCC_EA0_RDREQ_GMI_32B",0.00000000e+00,222897700610182,222897700611902
11,11,"Agent 2",1,1321600,1321600,256,10,"__amd_rocclr_fillBufferAligned",256,0,0,8,0,48,"TCC_EA0_RDREQ_32B",0.00000000e+00,222897700733704,222897700735064
11,11,"Agent 2",1,1321600,1321600,256,10,"__amd_rocclr_fillBufferAligned",256,0,0,8,0,48,"TCC_EA0_RDREQ_GMI_32B",0.00000000e+00,222897700733704,222897700735064
12,12,"Agent 2",1,1321600,1321600,2048,10,"__amd_rocclr_fillBufferAligned",256,0,0,8,0,48,"TCC_EA0_RDREQ_32B",0.00000000e+00,222897700853186,222897700855106
12,12,"Agent 2",1,1321600,1321600,2048,10,"__amd_rocclr_fillBufferAligned",256,0,0,8,0,48,"TCC_EA0_RDREQ_GMI_32B",0.00000000e+00,222897700853186,222897700855106
13,13,"Agent 2",1,1321600,1321600,256,10,"__amd_rocclr_fillBufferAligned",256,0,0,8,0,48,"TCC_EA0_RDREQ_32B",0.00000000e+00,222897700975468,222897700976788
13,13,"Agent 2",1,1321600,1321600,256,10,"__amd_rocclr_fillBufferAligned",256,0,0,8,0,48,"TCC_EA0_RDREQ_GMI_32B",0.00000000e+00,222897700975468,222897700976788
14,14,"Agent 2",1,1321600,1321600,2048,10,"__amd_rocclr_fillBufferAligned",256,0,0,8,0,48,"TCC_EA0_RDREQ_32B",0.00000000e+00,222897701096270,222897701098150
14,14,"Agent 2",1,1321600,1321600,2048,10,"__amd_rocclr_fillBufferAligned",256,0,0,8,0,48,"TCC_EA0_RDREQ_GMI_32B",0.00000000e+00,222897701096270,222897701098150
15,15,"Agent 2",1,1321600,1321600,256,10,"__amd_rocclr_fillBufferAligned",256,0,0,8,0,48,"TCC_EA0_RDREQ_32B",0.00000000e+00,222897701223513,222897701224833
15,15,"Agent 2",1,1321600,1321600,256,10,"__amd_rocclr_fillBufferAligned",256,0,0,8,0,48,"TCC_EA0_RDREQ_GMI_32B",0.00000000e+00,222897701223513,222897701224833
16,16,"Agent 2",1,1321600,1321600,2048,10,"__amd_rocclr_fillBufferAligned",256,0,0,8,0,48,"TCC_EA0_RDREQ_32B",0.00000000e+00,222897701345395,222897701347235
16,16,"Agent 2",1,1321600,1321600,2048,10,"__amd_rocclr_fillBufferAligned",256,0,0,8,0,48,"TCC_EA0_RDREQ_GMI_32B",0.00000000e+00,222897701345395,222897701347235
17,17,"Agent 2",1,1321600,1321600,256,10,"__amd_rocclr_fillBufferAligned",256,0,0,8,0,48,"TCC_EA0_RDREQ_32B",0.00000000e+00,222897701465797,222897701467157
17,17,"Agent 2",1,1321600,1321600,256,10,"__amd_rocclr_fillBufferAligned",256,0,0,8,0,48,"TCC_EA0_RDREQ_GMI_32B",0.00000000e+00,222897701465797,222897701467157
18,18,"Agent 2",1,1321600,1321600,2048,10,"__amd_rocclr_fillBufferAligned",256,0,0,8,0,48,"TCC_EA0_RDREQ_32B",0.00000000e+00,222897701587799,222897701589439
18,18,"Agent 2",1,1321600,1321600,2048,10,"__amd_rocclr_fillBufferAligned",256,0,0,8,0,48,"TCC_EA0_RDREQ_GMI_32B",0.00000000e+00,222897701587799,222897701589439
19,19,"Agent 2",1,1321600,1321600,256,10,"__amd_rocclr_fillBufferAligned",256,0,0,8,0,48,"TCC_EA0_RDREQ_32B",0.00000000e+00,222897701713481,222897701714681
19,19,"Agent 2",1,1321600,1321600,256,10,"__amd_rocclr_fillBufferAligned",256,0,0,8,0,48,"TCC_EA0_RDREQ_GMI_32B",0.00000000e+00,222897701713481,222897701714681
20,20,"Agent 2",1,1321600,1321600,2048,10,"__amd_rocclr_fillBufferAligned",256,0,0,8,0,48,"TCC_EA0_RDREQ_32B",0.00000000e+00,222897701833243,222897701834923
20,20,"Agent 2",1,1321600,1321600,2048,10,"__amd_rocclr_fillBufferAligned",256,0,0,8,0,48,"TCC_EA0_RDREQ_GMI_32B",0.00000000e+00,222897701833243,222897701834923
21,21,"Agent 2",1,1321600,1321600,256,10,"__amd_rocclr_fillBufferAligned",256,0,0,8,0,48,"TCC_EA0_RDREQ_32B",0.00000000e+00,222897701952685,222897701953885
21,21,"Agent 2",1,1321600,1321600,256,10,"__amd_rocclr_fillBufferAligned",256,0,0,8,0,48,"TCC_EA0_RDREQ_GMI_32B",0.00000000e+00,222897701952685,222897701953885
22,22,"Agent 2",1,1321600,1321600,2048,10,"__amd_rocclr_fillBufferAligned",256,0,0,8,0,48,"TCC_EA0_RDREQ_32B",0.00000000e+00,222897702076407,222897702078127
22,22,"Agent 2",1,1321600,1321600,2048,10,"__amd_rocclr_fillBufferAligned",256,0,0,8,0,48,"TCC_EA0_RDREQ_GMI_32B",0.00000000e+00,222897702076407,222897702078127
23,23,"Agent 2",1,1321600,1321600,256,10,"__amd_rocclr_fillBufferAligned",256,0,0,8,0,48,"TCC_EA0_RDREQ_32B",0.00000000e+00,222897702156448,222897702157688
23,23,"Agent 2",1,1321600,1321600,256,10,"__amd_rocclr_fillBufferAligned",256,0,0,8,0,48,"TCC_EA0_RDREQ_GMI_32B",0.00000000e+00,222897702156448,222897702157688
24,24,"Agent 2",1,1321600,1321600,2048,10,"__amd_rocclr_fillBufferAligned",256,0,0,8,0,48,"TCC_EA0_RDREQ_32B",0.00000000e+00,222897702246890,222897702248690
24,24,"Agent 2",1,1321600,1321600,2048,10,"__amd_rocclr_fillBufferAligned",256,0,0,8,0,48,"TCC_EA0_RDREQ_GMI_32B",0.00000000e+00,222897702246890,222897702248690
25,25,"Agent 2",1,1321600,1321600,256,10,"__amd_rocclr_fillBufferAligned",256,0,0,8,0,48,"TCC_EA0_RDREQ_32B",0.00000000e+00,222897702335331,222897702336491
25,25,"Agent 2",1,1321600,1321600,256,10,"__amd_rocclr_fillBufferAligned",256,0,0,8,0,48,"TCC_EA0_RDREQ_GMI_32B",0.00000000e+00,222897702335331,222897702336491
26,26,"Agent 2",1,1321600,1321600,2048,10,"__amd_rocclr_fillBufferAligned",256,0,0,8,0,48,"TCC_EA0_RDREQ_32B",0.00000000e+00,222897702425413,222897702427093
26,26,"Agent 2",1,1321600,1321600,2048,10,"__amd_rocclr_fillBufferAligned",256,0,0,8,0,48,"TCC_EA0_RDREQ_GMI_32B",0.00000000e+00,222897702425413,222897702427093
27,27,"Agent 2",1,1321600,1321600,256,10,"__amd_rocclr_fillBufferAligned",256,0,0,8,0,48,"TCC_EA0_RDREQ_32B",0.00000000e+00,222897702513174,222897702514574
27,27,"Agent 2",1,1321600,1321600,256,10,"__amd_rocclr_fillBufferAligned",256,0,0,8,0,48,"TCC_EA0_RDREQ_GMI_32B",0.00000000e+00,222897702513174,222897702514574
28,28,"Agent 2",1,1321600,1321600,2048,10,"__amd_rocclr_fillBufferAligned",256,0,0,8,0,48,"TCC_EA0_RDREQ_32B",0.00000000e+00,222897702601256,222897702602896
28,28,"Agent 2",1,1321600,1321600,2048,10,"__amd_rocclr_fillBufferAligned",256,0,0,8,0,48,"TCC_EA0_RDREQ_GMI_32B",0.00000000e+00,222897702601256,222897702602896
29,29,"Agent 2",1,1321600,1321600,256,10,"__amd_rocclr_fillBufferAligned",256,0,0,8,0,48,"TCC_EA0_RDREQ_32B",0.00000000e+00,222897702692737,222897702694097
29,29,"Agent 2",1,1321600,1321600,256,10,"__amd_rocclr_fillBufferAligned",256,0,0,8,0,48,"TCC_EA0_RDREQ_GMI_32B",0.00000000e+00,222897702692737,222897702694097
30,30,"Agent 2",1,1321600,1321600,2048,10,"__amd_rocclr_fillBufferAligned",256,0,0,8,0,48,"TCC_EA0_RDREQ_32B",0.00000000e+00,222897702782579,222897702784299
30,30,"Agent 2",1,1321600,1321600,2048,10,"__amd_rocclr_fillBufferAligned",256,0,0,8,0,48,"TCC_EA0_RDREQ_GMI_32B",0.00000000e+00,222897702782579,222897702784299
31,31,"Agent 2",1,1321600,1321600,256,10,"__amd_rocclr_fillBufferAligned",256,0,0,8,0,48,"TCC_EA0_RDREQ_32B",0.00000000e+00,222897702870420,222897702871820
31,31,"Agent 2",1,1321600,1321600,256,10,"__amd_rocclr_fillBufferAligned",256,0,0,8,0,48,"TCC_EA0_RDREQ_GMI_32B",0.00000000e+00,222897702870420,222897702871820
32,32,"Agent 2",1,1321600,1321600,2048,10,"__amd_rocclr_fillBufferAligned",256,0,0,8,0,48,"TCC_EA0_RDREQ_32B",0.00000000e+00,222897702965222,222897702966902
32,32,"Agent 2",1,1321600,1321600,2048,10,"__amd_rocclr_fillBufferAligned",256,0,0,8,0,48,"TCC_EA0_RDREQ_GMI_32B",0.00000000e+00,222897702965222,222897702966902
33,33,"Agent 2",1,1321600,1321600,256,10,"__amd_rocclr_fillBufferAligned",256,0,0,8,0,48,"TCC_EA0_RDREQ_32B",0.00000000e+00,222897703050623,222897703051943
33,33,"Agent 2",1,1321600,1321600,256,10,"__amd_rocclr_fillBufferAligned",256,0,0,8,0,48,"TCC_EA0_RDREQ_GMI_32B",0.00000000e+00,222897703050623,222897703051943
34,34,"Agent 2",1,1321600,1321600,2048,10,"__amd_rocclr_fillBufferAligned",256,0,0,8,0,48,"TCC_EA0_RDREQ_32B",0.00000000e+00,222897703137265,222897703139145
34,34,"Agent 2",1,1321600,1321600,2048,10,"__amd_rocclr_fillBufferAligned",256,0,0,8,0,48,"TCC_EA0_RDREQ_GMI_32B",0.00000000e+00,222897703137265,222897703139145
35,35,"Agent 2",1,1321600,1321600,256,10,"__amd_rocclr_fillBufferAligned",256,0,0,8,0,48,"TCC_EA0_RDREQ_32B",0.00000000e+00,222897703221386,222897703222546
35,35,"Agent 2",1,1321600,1321600,256,10,"__amd_rocclr_fillBufferAligned",256,0,0,8,0,48,"TCC_EA0_RDREQ_GMI_32B",0.00000000e+00,222897703221386,222897703222546
36,36,"Agent 2",1,1321600,1321600,2048,10,"__amd_rocclr_fillBufferAligned",256,0,0,8,0,48,"TCC_EA0_RDREQ_32B",0.00000000e+00,222897703309908,222897703311708
36,36,"Agent 2",1,1321600,1321600,2048,10,"__amd_rocclr_fillBufferAligned",256,0,0,8,0,48,"TCC_EA0_RDREQ_GMI_32B",0.00000000e+00,222897703309908,222897703311708
37,37,"Agent 2",1,1321600,1321600,256,10,"__amd_rocclr_fillBufferAligned",256,0,0,8,0,48,"TCC_EA0_RDREQ_32B",0.00000000e+00,222897703393829,222897703395069
37,37,"Agent 2",1,1321600,1321600,256,10,"__amd_rocclr_fillBufferAligned",256,0,0,8,0,48,"TCC_EA0_RDREQ_GMI_32B",0.00000000e+00,222897703393829,222897703395069
38,38,"Agent 2",1,1321600,1321600,2048,10,"__amd_rocclr_fillBufferAligned",256,0,0,8,0,48,"TCC_EA0_RDREQ_32B",0.00000000e+00,222897703478271,222897703479911
38,38,"Agent 2",1,1321600,1321600,2048,10,"__amd_rocclr_fillBufferAligned",256,0,0,8,0,48,"TCC_EA0_RDREQ_GMI_32B",0.00000000e+00,222897703478271,222897703479911
39,39,"Agent 2",1,1321600,1321600,256,10,"__amd_rocclr_fillBufferAligned",256,0,0,8,0,48,"TCC_EA0_RDREQ_32B",0.00000000e+00,222897703559872,222897703561152
39,39,"Agent 2",1,1321600,1321600,256,10,"__amd_rocclr_fillBufferAligned",256,0,0,8,0,48,"TCC_EA0_RDREQ_GMI_32B",0.00000000e+00,222897703559872,222897703561152
40,40,"Agent 2",1,1321600,1321600,2048,10,"__amd_rocclr_fillBufferAligned",256,0,0,8,0,48,"TCC_EA0_RDREQ_32B",0.00000000e+00,222897703648073,222897703649793
40,40,"Agent 2",1,1321600,1321600,2048,10,"__amd_rocclr_fillBufferAligned",256,0,0,8,0,48,"TCC_EA0_RDREQ_GMI_32B",0.00000000e+00,222897703648073,222897703649793
41,41,"Agent 2",1,1321600,1321600,256,10,"__amd_rocclr_fillBufferAligned",256,0,0,8,0,48,"TCC_EA0_RDREQ_32B",0.00000000e+00,222897703731275,222897703732475
41,41,"Agent 2",1,1321600,1321600,256,10,"__amd_rocclr_fillBufferAligned",256,0,0,8,0,48,"TCC_EA0_RDREQ_GMI_32B",0.00000000e+00,222897703731275,222897703732475
42,42,"Agent 2",1,1321600,1321600,2048,10,"__amd_rocclr_fillBufferAligned",256,0,0,8,0,48,"TCC_EA0_RDREQ_32B",0.00000000e+00,222897703815276,222897703816996
42,42,"Agent 2",1,1321600,1321600,2048,10,"__amd_rocclr_fillBufferAligned",256,0,0,8,0,48,"TCC_EA0_RDREQ_GMI_32B",0.00000000e+00,222897703815276,222897703816996
43,43,"Agent 2",1,1321600,1321600,256,10,"__amd_rocclr_fillBufferAligned",256,0,0,8,0,48,"TCC_EA0_RDREQ_32B",0.00000000e+00,222897703898158,222897703899518
43,43,"Agent 2",1,1321600,1321600,256,10,"__amd_rocclr_fillBufferAligned",256,0,0,8,0,48,"TCC_EA0_RDREQ_GMI_32B",0.00000000e+00,222897703898158,222897703899518
44,44,"Agent 2",1,1321600,1321600,2048,10,"__amd_rocclr_fillBufferAligned",256,0,0,8,0,48,"TCC_EA0_RDREQ_32B",0.00000000e+00,222897703987159,222897703988959
44,44,"Agent 2",1,1321600,1321600,2048,10,"__amd_rocclr_fillBufferAligned",256,0,0,8,0,48,"TCC_EA0_RDREQ_GMI_32B",0.00000000e+00,222897703987159,222897703988959
45,45,"Agent 2",1,1321600,1321600,256,10,"__amd_rocclr_fillBufferAligned",256,0,0,8,0,48,"TCC_EA0_RDREQ_32B",0.00000000e+00,222897704068361,222897704069721
45,45,"Agent 2",1,1321600,1321600,256,10,"__amd_rocclr_fillBufferAligned",256,0,0,8,0,48,"TCC_EA0_RDREQ_GMI_32B",0.00000000e+00,222897704068361,222897704069721
46,46,"Agent 2",1,1321600,1321600,2048,10,"__amd_rocclr_fillBufferAligned",256,0,0,8,0,48,"TCC_EA0_RDREQ_32B",0.00000000e+00,222897704162242,222897704164042
46,46,"Agent 2",1,1321600,1321600,2048,10,"__amd_rocclr_fillBufferAligned",256,0,0,8,0,48,"TCC_EA0_RDREQ_GMI_32B",0.00000000e+00,222897704162242,222897704164042
47,47,"Agent 2",1,1321600,1321600,256,10,"__amd_rocclr_fillBufferAligned",256,0,0,8,0,48,"TCC_EA0_RDREQ_32B",0.00000000e+00,222897704245044,222897704246404
47,47,"Agent 2",1,1321600,1321600,256,10,"__amd_rocclr_fillBufferAligned",256,0,0,8,0,48,"TCC_EA0_RDREQ_GMI_32B",0.00000000e+00,222897704245044,222897704246404
48,48,"Agent 2",1,1321600,1321600,2048,10,"__amd_rocclr_fillBufferAligned",256,0,0,8,0,48,"TCC_EA0_RDREQ_32B",0.00000000e+00,222897704332845,222897704334565
48,48,"Agent 2",1,1321600,1321600,2048,10,"__amd_rocclr_fillBufferAligned",256,0,0,8,0,48,"TCC_EA0_RDREQ_GMI_32B",0.00000000e+00,222897704332845,222897704334565
49,49,"Agent 2",1,1321600,1321600,256,10,"__amd_rocclr_fillBufferAligned",256,0,0,8,0,48,"TCC_EA0_RDREQ_32B",0.00000000e+00,222897704415926,222897704417286
49,49,"Agent 2",1,1321600,1321600,256,10,"__amd_rocclr_fillBufferAligned",256,0,0,8,0,48,"TCC_EA0_RDREQ_GMI_32B",0.00000000e+00,222897704415926,222897704417286
50,50,"Agent 2",1,1321600,1321600,2048,10,"__amd_rocclr_fillBufferAligned",256,0,0,8,0,48,"TCC_EA0_RDREQ_32B",0.00000000e+00,222897704503568,222897704505208
50,50,"Agent 2",1,1321600,1321600,2048,10,"__amd_rocclr_fillBufferAligned",256,0,0,8,0,48,"TCC_EA0_RDREQ_GMI_32B",0.00000000e+00,222897704503568,222897704505208
51,51,"Agent 2",1,1321600,1321600,256,10,"__amd_rocclr_fillBufferAligned",256,0,0,8,0,48,"TCC_EA0_RDREQ_32B",0.00000000e+00,222897704590729,222897704591969
51,51,"Agent 2",1,1321600,1321600,256,10,"__amd_rocclr_fillBufferAligned",256,0,0,8,0,48,"TCC_EA0_RDREQ_GMI_32B",0.00000000e+00,222897704590729,222897704591969
52,52,"Agent 2",1,1321600,1321600,2048,10,"__amd_rocclr_fillBufferAligned",256,0,0,8,0,48,"TCC_EA0_RDREQ_32B",0.00000000e+00,222897704674331,222897704676051
52,52,"Agent 2",1,1321600,1321600,2048,10,"__amd_rocclr_fillBufferAligned",256,0,0,8,0,48,"TCC_EA0_RDREQ_GMI_32B",0.00000000e+00,222897704674331,222897704676051
53,53,"Agent 2",1,1321600,1321600,256,10,"__amd_rocclr_fillBufferAligned",256,0,0,8,0,48,"TCC_EA0_RDREQ_32B",0.00000000e+00,222897704756012,222897704757212
53,53,"Agent 2",1,1321600,1321600,256,10,"__amd_rocclr_fillBufferAligned",256,0,0,8,0,48,"TCC_EA0_RDREQ_GMI_32B",0.00000000e+00,222897704756012,222897704757212
54,54,"Agent 2",1,1321600,1321600,2048,10,"__amd_rocclr_fillBufferAligned",256,0,0,8,0,48,"TCC_EA0_RDREQ_32B",0.00000000e+00,222897704842334,222897704843894
54,54,"Agent 2",1,1321600,1321600,2048,10,"__amd_rocclr_fillBufferAligned",256,0,0,8,0,48,"TCC_EA0_RDREQ_GMI_32B",0.00000000e+00,222897704842334,222897704843894
55,55,"Agent 2",1,1321600,1321600,256,10,"__amd_rocclr_fillBufferAligned",256,0,0,8,0,48,"TCC_EA0_RDREQ_32B",0.00000000e+00,222897704925575,222897704926855
55,55,"Agent 2",1,1321600,1321600,256,10,"__amd_rocclr_fillBufferAligned",256,0,0,8,0,48,"TCC_EA0_RDREQ_GMI_32B",0.00000000e+00,222897704925575,222897704926855
56,56,"Agent 2",1,1321600,1321600,2048,10,"__amd_rocclr_fillBufferAligned",256,0,0,8,0,48,"TCC_EA0_RDREQ_32B",0.00000000e+00,222897705013016,222897705014817
56,56,"Agent 2",1,1321600,1321600,2048,10,"__amd_rocclr_fillBufferAligned",256,0,0,8,0,48,"TCC_EA0_RDREQ_GMI_32B",0.00000000e+00,222897705013016,222897705014817
57,57,"Agent 2",1,1321600,1321600,256,10,"__amd_rocclr_fillBufferAligned",256,0,0,8,0,48,"TCC_EA0_RDREQ_32B",0.00000000e+00,222897705098658,222897705099898
57,57,"Agent 2",1,1321600,1321600,256,10,"__amd_rocclr_fillBufferAligned",256,0,0,8,0,48,"TCC_EA0_RDREQ_GMI_32B",0.00000000e+00,222897705098658,222897705099898
58,58,"Agent 2",1,1321600,1321600,2048,10,"__amd_rocclr_fillBufferAligned",256,0,0,8,0,48,"TCC_EA0_RDREQ_32B",0.00000000e+00,222897705191819,222897705193620
58,58,"Agent 2",1,1321600,1321600,2048,10,"__amd_rocclr_fillBufferAligned",256,0,0,8,0,48,"TCC_EA0_RDREQ_GMI_32B",0.00000000e+00,222897705191819,222897705193620
59,59,"Agent 2",1,1321600,1321600,256,10,"__amd_rocclr_fillBufferAligned",256,0,0,8,0,48,"TCC_EA0_RDREQ_32B",0.00000000e+00,222897705271141,222897705272461
59,59,"Agent 2",1,1321600,1321600,256,10,"__amd_rocclr_fillBufferAligned",256,0,0,8,0,48,"TCC_EA0_RDREQ_GMI_32B",0.00000000e+00,222897705271141,222897705272461
60,60,"Agent 2",1,1321600,1321600,2048,10,"__amd_rocclr_fillBufferAligned",256,0,0,8,0,48,"TCC_EA0_RDREQ_32B",0.00000000e+00,222897705359862,222897705361542
60,60,"Agent 2",1,1321600,1321600,2048,10,"__amd_rocclr_fillBufferAligned",256,0,0,8,0,48,"TCC_EA0_RDREQ_GMI_32B",0.00000000e+00,222897705359862,222897705361542
61,61,"Agent 2",1,1321600,1321600,256,10,"__amd_rocclr_fillBufferAligned",256,0,0,8,0,48,"TCC_EA0_RDREQ_32B",0.00000000e+00,222897705439304,222897705440664
61,61,"Agent 2",1,1321600,1321600,256,10,"__amd_rocclr_fillBufferAligned",256,0,0,8,0,48,"TCC_EA0_RDREQ_GMI_32B",0.00000000e+00,222897705439304,222897705440664
62,62,"Agent 2",1,1321600,1321600,2048,10,"__amd_rocclr_fillBufferAligned",256,0,0,8,0,48,"TCC_EA0_RDREQ_32B",0.00000000e+00,222897705527625,222897705529345
62,62,"Agent 2",1,1321600,1321600,2048,10,"__amd_rocclr_fillBufferAligned",256,0,0,8,0,48,"TCC_EA0_RDREQ_GMI_32B",0.00000000e+00,222897705527625,222897705529345
63,63,"Agent 2",1,1321600,1321600,256,10,"__amd_rocclr_fillBufferAligned",256,0,0,8,0,48,"TCC_EA0_RDREQ_32B",0.00000000e+00,222897705618427,222897705619787
63,63,"Agent 2",1,1321600,1321600,256,10,"__amd_rocclr_fillBufferAligned",256,0,0,8,0,48,"TCC_EA0_RDREQ_GMI_32B",0.00000000e+00,222897705618427,222897705619787
64,64,"Agent 2",1,1321600,1321600,2048,10,"__amd_rocclr_fillBufferAligned",256,0,0,8,0,48,"TCC_EA0_RDREQ_32B",0.00000000e+00,222897705703268,222897705704908
64,64,"Agent 2",1,1321600,1321600,2048,10,"__amd_rocclr_fillBufferAligned",256,0,0,8,0,48,"TCC_EA0_RDREQ_GMI_32B",0.00000000e+00,222897705703268,222897705704908
65,65,"Agent 2",1,1321600,1321600,256,10,"__amd_rocclr_fillBufferAligned",256,0,0,8,0,48,"TCC_EA0_RDREQ_32B",0.00000000e+00,222897705782269,222897705783669
65,65,"Agent 2",1,1321600,1321600,256,10,"__amd_rocclr_fillBufferAligned",256,0,0,8,0,48,"TCC_EA0_RDREQ_GMI_32B",0.00000000e+00,222897705782269,222897705783669
66,66,"Agent 2",1,1321600,1321600,2048,10,"__amd_rocclr_fillBufferAligned",256,0,0,8,0,48,"TCC_EA0_RDREQ_32B",0.00000000e+00,222897705866791,222897705868471
66,66,"Agent 2",1,1321600,1321600,2048,10,"__amd_rocclr_fillBufferAligned",256,0,0,8,0,48,"TCC_EA0_RDREQ_GMI_32B",0.00000000e+00,222897705866791,222897705868471
67,67,"Agent 2",1,1321600,1321600,256,10,"__amd_rocclr_fillBufferAligned",256,0,0,8,0,48,"TCC_EA0_RDREQ_32B",0.00000000e+00,222897705946272,222897705947472
67,67,"Agent 2",1,1321600,1321600,256,10,"__amd_rocclr_fillBufferAligned",256,0,0,8,0,48,"TCC_EA0_RDREQ_GMI_32B",0.00000000e+00,222897705946272,222897705947472
68,68,"Agent 2",1,1321600,1321600,2048,10,"__amd_rocclr_fillBufferAligned",256,0,0,8,0,48,"TCC_EA0_RDREQ_32B",0.00000000e+00,222897706036514,222897706038154
68,68,"Agent 2",1,1321600,1321600,2048,10,"__amd_rocclr_fillBufferAligned",256,0,0,8,0,48,"TCC_EA0_RDREQ_GMI_32B",0.00000000e+00,222897706036514,222897706038154
69,69,"Agent 2",1,1321600,1321600,256,10,"__amd_rocclr_fillBufferAligned",256,0,0,8,0,48,"TCC_EA0_RDREQ_32B",0.00000000e+00,222897706116235,222897706117475
69,69,"Agent 2",1,1321600,1321600,256,10,"__amd_rocclr_fillBufferAligned",256,0,0,8,0,48,"TCC_EA0_RDREQ_GMI_32B",0.00000000e+00,222897706116235,222897706117475
70,70,"Agent 2",1,1321600,1321600,2048,10,"__amd_rocclr_fillBufferAligned",256,0,0,8,0,48,"TCC_EA0_RDREQ_32B",0.00000000e+00,222897706205557,222897706207277
70,70,"Agent 2",1,1321600,1321600,2048,10,"__amd_rocclr_fillBufferAligned",256,0,0,8,0,48,"TCC_EA0_RDREQ_GMI_32B",0.00000000e+00,222897706205557,222897706207277
71,71,"Agent 2",1,1321600,1321600,256,10,"__amd_rocclr_fillBufferAligned",256,0,0,8,0,48,"TCC_EA0_RDREQ_32B",0.00000000e+00,222897706283358,222897706284598
71,71,"Agent 2",1,1321600,1321600,256,10,"__amd_rocclr_fillBufferAligned",256,0,0,8,0,48,"TCC_EA0_RDREQ_GMI_32B",0.00000000e+00,222897706283358,222897706284598
72,72,"Agent 2",1,1321600,1321600,2048,10,"__amd_rocclr_fillBufferAligned",256,0,0,8,0,48,"TCC_EA0_RDREQ_32B",0.00000000e+00,222897706368559,222897706370279
72,72,"Agent 2",1,1321600,1321600,2048,10,"__amd_rocclr_fillBufferAligned",256,0,0,8,0,48,"TCC_EA0_RDREQ_GMI_32B",0.00000000e+00,222897706368559,222897706370279
73,73,"Agent 2",1,1321600,1321600,256,10,"__amd_rocclr_fillBufferAligned",256,0,0,8,0,48,"TCC_EA0_RDREQ_32B",0.00000000e+00,222897706451521,222897706452721
73,73,"Agent 2",1,1321600,1321600,256,10,"__amd_rocclr_fillBufferAligned",256,0,0,8,0,48,"TCC_EA0_RDREQ_GMI_32B",0.00000000e+00,222897706451521,222897706452721
74,74,"Agent 2",1,1321600,1321600,2048,10,"__amd_rocclr_fillBufferAligned",256,0,0,8,0,48,"TCC_EA0_RDREQ_32B",0.00000000e+00,222897706539322,222897706540922
74,74,"Agent 2",1,1321600,1321600,2048,10,"__amd_rocclr_fillBufferAligned",256,0,0,8,0,48,"TCC_EA0_RDREQ_GMI_32B",0.00000000e+00,222897706539322,222897706540922
75,75,"Agent 2",1,1321600,1321600,256,10,"__amd_rocclr_fillBufferAligned",256,0,0,8,0,48,"TCC_EA0_RDREQ_32B",0.00000000e+00,222897706620884,222897706622204
75,75,"Agent 2",1,1321600,1321600,256,10,"__amd_rocclr_fillBufferAligned",256,0,0,8,0,48,"TCC_EA0_RDREQ_GMI_32B",0.00000000e+00,222897706620884,222897706622204
76,76,"Agent 2",1,1321600,1321600,2048,10,"__amd_rocclr_fillBufferAligned",256,0,0,8,0,48,"TCC_EA0_RDREQ_32B",0.00000000e+00,222897706708765,222897706710525
76,76,"Agent 2",1,1321600,1321600,2048,10,"__amd_rocclr_fillBufferAligned",256,0,0,8,0,48,"TCC_EA0_RDREQ_GMI_32B",0.00000000e+00,222897706708765,222897706710525
77,77,"Agent 2",1,1321600,1321600,256,10,"__amd_rocclr_fillBufferAligned",256,0,0,8,0,48,"TCC_EA0_RDREQ_32B",0.00000000e+00,222897706788686,222897706789966
77,77,"Agent 2",1,1321600,1321600,256,10,"__amd_rocclr_fillBufferAligned",256,0,0,8,0,48,"TCC_EA0_RDREQ_GMI_32B",0.00000000e+00,222897706788686,222897706789966
78,78,"Agent 2",1,1321600,1321600,2048,10,"__amd_rocclr_fillBufferAligned",256,0,0,8,0,48,"TCC_EA0_RDREQ_32B",0.00000000e+00,222897706876648,222897706878288
78,78,"Agent 2",1,1321600,1321600,2048,10,"__amd_rocclr_fillBufferAligned",256,0,0,8,0,48,"TCC_EA0_RDREQ_GMI_32B",0.00000000e+00,222897706876648,222897706878288
79,79,"Agent 2",1,1321600,1321600,256,10,"__amd_rocclr_fillBufferAligned",256,0,0,8,0,48,"TCC_EA0_RDREQ_32B",0.00000000e+00,222897706954849,222897706956209
79,79,"Agent 2",1,1321600,1321600,256,10,"__amd_rocclr_fillBufferAligned",256,0,0,8,0,48,"TCC_EA0_RDREQ_GMI_32B",0.00000000e+00,222897706954849,222897706956209
80,80,"Agent 2",1,1321600,1321600,2048,10,"__amd_rocclr_fillBufferAligned",256,0,0,8,0,48,"TCC_EA0_RDREQ_32B",0.00000000e+00,222897707043091,222897707044811
80,80,"Agent 2",1,1321600,1321600,2048,10,"__amd_rocclr_fillBufferAligned",256,0,0,8,0,48,"TCC_EA0_RDREQ_GMI_32B",0.00000000e+00,222897707043091,222897707044811
81,81,"Agent 2",1,1321600,1321600,256,10,"__amd_rocclr_fillBufferAligned",256,0,0,8,0,48,"TCC_EA0_RDREQ_32B",0.00000000e+00,222897707122532,222897707123892
81,81,"Agent 2",1,1321600,1321600,256,10,"__amd_rocclr_fillBufferAligned",256,0,0,8,0,48,"TCC_EA0_RDREQ_GMI_32B",0.00000000e+00,222897707122532,222897707123892
82,82,"Agent 2",1,1321600,1321600,2048,10,"__amd_rocclr_fillBufferAligned",256,0,0,8,0,48,"TCC_EA0_RDREQ_32B",0.00000000e+00,222897707213094,222897707214694
82,82,"Agent 2",1,1321600,1321600,2048,10,"__amd_rocclr_fillBufferAligned",256,0,0,8,0,48,"TCC_EA0_RDREQ_GMI_32B",0.00000000e+00,222897707213094,222897707214694
83,83,"Agent 2",1,1321600,1321600,256,10,"__amd_rocclr_fillBufferAligned",256,0,0,8,0,48,"TCC_EA0_RDREQ_32B",0.00000000e+00,222897707294975,222897707296175
83,83,"Agent 2",1,1321600,1321600,256,10,"__amd_rocclr_fillBufferAligned",256,0,0,8,0,48,"TCC_EA0_RDREQ_GMI_32B",0.00000000e+00,222897707294975,222897707296175
84,84,"Agent 2",1,1321600,1321600,2048,10,"__amd_rocclr_fillBufferAligned",256,0,0,8,0,48,"TCC_EA0_RDREQ_32B",0.00000000e+00,222897707382296,222897707383896
84,84,"Agent 2",1,1321600,1321600,2048,10,"__amd_rocclr_fillBufferAligned",256,0,0,8,0,48,"TCC_EA0_RDREQ_GMI_32B",0.00000000e+00,222897707382296,222897707383896
85,85,"Agent 2",1,1321600,1321600,256,10,"__amd_rocclr_fillBufferAligned",256,0,0,8,0,48,"TCC_EA0_RDREQ_32B",0.00000000e+00,222897707460498,222897707461698
85,85,"Agent 2",1,1321600,1321600,256,10,"__amd_rocclr_fillBufferAligned",256,0,0,8,0,48,"TCC_EA0_RDREQ_GMI_32B",0.00000000e+00,222897707460498,222897707461698
86,86,"Agent 2",1,1321600,1321600,2048,10,"__amd_rocclr_fillBufferAligned",256,0,0,8,0,48,"TCC_EA0_RDREQ_32B",0.00000000e+00,222897707549459,222897707551219
86,86,"Agent 2",1,1321600,1321600,2048,10,"__amd_rocclr_fillBufferAligned",256,0,0,8,0,48,"TCC_EA0_RDREQ_GMI_32B",0.00000000e+00,222897707549459,222897707551219
87,87,"Agent 2",1,1321600,1321600,256,10,"__amd_rocclr_fillBufferAligned",256,0,0,8,0,48,"TCC_EA0_RDREQ_32B",0.00000000e+00,222897707629541,222897707630781
87,87,"Agent 2",1,1321600,1321600,256,10,"__amd_rocclr_fillBufferAligned",256,0,0,8,0,48,"TCC_EA0_RDREQ_GMI_32B",0.00000000e+00,222897707629541,222897707630781
88,88,"Agent 2",1,1321600,1321600,2048,10,"__amd_rocclr_fillBufferAligned",256,0,0,8,0,48,"TCC_EA0_RDREQ_32B",0.00000000e+00,222897707716062,222897707717742
88,88,"Agent 2",1,1321600,1321600,2048,10,"__amd_rocclr_fillBufferAligned",256,0,0,8,0,48,"TCC_EA0_RDREQ_GMI_32B",0.00000000e+00,222897707716062,222897707717742
89,89,"Agent 2",1,1321600,1321600,256,10,"__amd_rocclr_fillBufferAligned",256,0,0,8,0,48,"TCC_EA0_RDREQ_32B",0.00000000e+00,222897707794303,222897707795463
89,89,"Agent 2",1,1321600,1321600,256,10,"__amd_rocclr_fillBufferAligned",256,0,0,8,0,48,"TCC_EA0_RDREQ_GMI_32B",0.00000000e+00,222897707794303,222897707795463
90,90,"Agent 2",1,1321600,1321600,2048,10,"__amd_rocclr_fillBufferAligned",256,0,0,8,0,48,"TCC_EA0_RDREQ_32B",0.00000000e+00,222897707887065,222897707888705
90,90,"Agent 2",1,1321600,1321600,2048,10,"__amd_rocclr_fillBufferAligned",256,0,0,8,0,48,"TCC_EA0_RDREQ_GMI_32B",0.00000000e+00,222897707887065,222897707888705
91,91,"Agent 2",1,1321600,1321600,256,10,"__amd_rocclr_fillBufferAligned",256,0,0,8,0,48,"TCC_EA0_RDREQ_32B",0.00000000e+00,222897707965226,222897707966586
91,91,"Agent 2",1,1321600,1321600,256,10,"__amd_rocclr_fillBufferAligned",256,0,0,8,0,48,"TCC_EA0_RDREQ_GMI_32B",0.00000000e+00,222897707965226,222897707966586
92,92,"Agent 2",1,1321600,1321600,2048,10,"__amd_rocclr_fillBufferAligned",256,0,0,8,0,48,"TCC_EA0_RDREQ_32B",0.00000000e+00,222897708050428,222897708052228
92,92,"Agent 2",1,1321600,1321600,2048,10,"__amd_rocclr_fillBufferAligned",256,0,0,8,0,48,"TCC_EA0_RDREQ_GMI_32B",0.00000000e+00,222897708050428,222897708052228
93,93,"Agent 2",1,1321600,1321600,256,10,"__amd_rocclr_fillBufferAligned",256,0,0,8,0,48,"TCC_EA0_RDREQ_32B",0.00000000e+00,222897708134109,222897708135429
93,93,"Agent 2",1,1321600,1321600,256,10,"__amd_rocclr_fillBufferAligned",256,0,0,8,0,48,"TCC_EA0_RDREQ_GMI_32B",0.00000000e+00,222897708134109,222897708135429
94,94,"Agent 2",1,1321600,1321600,2048,10,"__amd_rocclr_fillBufferAligned",256,0,0,8,0,48,"TCC_EA0_RDREQ_32B",0.00000000e+00,222897708224631,222897708226271
94,94,"Agent 2",1,1321600,1321600,2048,10,"__amd_rocclr_fillBufferAligned",256,0,0,8,0,48,"TCC_EA0_RDREQ_GMI_32B",0.00000000e+00,222897708224631,222897708226271
95,95,"Agent 2",1,1321600,1321600,256,10,"__amd_rocclr_fillBufferAligned",256,0,0,8,0,48,"TCC_EA0_RDREQ_32B",0.00000000e+00,222897708306552,222897708307912
95,95,"Agent 2",1,1321600,1321600,256,10,"__amd_rocclr_fillBufferAligned",256,0,0,8,0,48,"TCC_EA0_RDREQ_GMI_32B",0.00000000e+00,222897708306552,222897708307912
96,96,"Agent 2",1,1321600,1321600,2048,10,"__amd_rocclr_fillBufferAligned",256,0,0,8,0,48,"TCC_EA0_RDREQ_32B",0.00000000e+00,222897708393634,222897708395314
96,96,"Agent 2",1,1321600,1321600,2048,10,"__amd_rocclr_fillBufferAligned",256,0,0,8,0,48,"TCC_EA0_RDREQ_GMI_32B",0.00000000e+00,222897708393634,222897708395314
97,97,"Agent 2",1,1321600,1321600,256,10,"__amd_rocclr_fillBufferAligned",256,0,0,8,0,48,"TCC_EA0_RDREQ_32B",0.00000000e+00,222897708472795,222897708474155
97,97,"Agent 2",1,1321600,1321600,256,10,"__amd_rocclr_fillBufferAligned",256,0,0,8,0,48,"TCC_EA0_RDREQ_GMI_32B",0.00000000e+00,222897708472795,222897708474155
98,98,"Agent 2",1,1321600,1321600,2048,10,"__amd_rocclr_fillBufferAligned",256,0,0,8,0,48,"TCC_EA0_RDREQ_32B",0.00000000e+00,222897708560316,222897708562196
98,98,"Agent 2",1,1321600,1321600,2048,10,"__amd_rocclr_fillBufferAligned",256,0,0,8,0,48,"TCC_EA0_RDREQ_GMI_32B",0.00000000e+00,222897708560316,222897708562196
99,99,"Agent 2",1,1321600,1321600,256,10,"__amd_rocclr_fillBufferAligned",256,0,0,8,0,48,"TCC_EA0_RDREQ_32B",0.00000000e+00,222897708647318,222897708648558
99,99,"Agent 2",1,1321600,1321600,256,10,"__amd_rocclr_fillBufferAligned",256,0,0,8,0,48,"TCC_EA0_RDREQ_GMI_32B",0.00000000e+00,222897708647318,222897708648558
100,100,"Agent 2",1,1321600,1321600,2048,10,"__amd_rocclr_fillBufferAligned",256,0,0,8,0,48,"TCC_EA0_RDREQ_32B",0.00000000e+00,222897708736359,222897708738039
100,100,"Agent 2",1,1321600,1321600,2048,10,"__amd_rocclr_fillBufferAligned",256,0,0,8,0,48,"TCC_EA0_RDREQ_GMI_32B",0.00000000e+00,222897708736359,222897708738039
101,101,"Agent 2",1,1321600,1321600,256,10,"__amd_rocclr_fillBufferAligned",256,0,0,8,0,48,"TCC_EA0_RDREQ_32B",0.00000000e+00,222897708817361,222897708818601
101,101,"Agent 2",1,1321600,1321600,256,10,"__amd_rocclr_fillBufferAligned",256,0,0,8,0,48,"TCC_EA0_RDREQ_GMI_32B",0.00000000e+00,222897708817361,222897708818601
102,102,"Agent 2",1,1321600,1321600,2048,10,"__amd_rocclr_fillBufferAligned",256,0,0,8,0,48,"TCC_EA0_RDREQ_32B",0.00000000e+00,222897708902522,222897708904322
102,102,"Agent 2",1,1321600,1321600,2048,10,"__amd_rocclr_fillBufferAligned",256,0,0,8,0,48,"TCC_EA0_RDREQ_GMI_32B",0.00000000e+00,222897708902522,222897708904322
103,103,"Agent 2",1,1321600,1321600,256,10,"__amd_rocclr_fillBufferAligned",256,0,0,8,0,48,"TCC_EA0_RDREQ_32B",0.00000000e+00,222897708981043,222897708982283
103,103,"Agent 2",1,1321600,1321600,256,10,"__amd_rocclr_fillBufferAligned",256,0,0,8,0,48,"TCC_EA0_RDREQ_GMI_32B",0.00000000e+00,222897708981043,222897708982283
104,104,"Agent 2",1,1321600,1321600,2048,10,"__amd_rocclr_fillBufferAligned",256,0,0,8,0,48,"TCC_EA0_RDREQ_32B",0.00000000e+00,222897709069525,222897709071245
104,104,"Agent 2",1,1321600,1321600,2048,10,"__amd_rocclr_fillBufferAligned",256,0,0,8,0,48,"TCC_EA0_RDREQ_GMI_32B",0.00000000e+00,222897709069525,222897709071245
105,105,"Agent 2",1,1321600,1321600,256,10,"__amd_rocclr_fillBufferAligned",256,0,0,8,0,48,"TCC_EA0_RDREQ_32B",0.00000000e+00,222897709151126,222897709152326
105,105,"Agent 2",1,1321600,1321600,256,10,"__amd_rocclr_fillBufferAligned",256,0,0,8,0,48,"TCC_EA0_RDREQ_GMI_32B",0.00000000e+00,222897709151126,222897709152326
106,106,"Agent 2",1,1321600,1321600,2048,10,"__amd_rocclr_fillBufferAligned",256,0,0,8,0,48,"TCC_EA0_RDREQ_32B",0.00000000e+00,222897709238888,222897709240568
106,106,"Agent 2",1,1321600,1321600,2048,10,"__amd_rocclr_fillBufferAligned",256,0,0,8,0,48,"TCC_EA0_RDREQ_GMI_32B",0.00000000e+00,222897709238888,222897709240568
107,107,"Agent 2",1,1321600,1321600,256,10,"__amd_rocclr_fillBufferAligned",256,0,0,8,0,48,"TCC_EA0_RDREQ_32B",0.00000000e+00,222897709317569,222897709318889
107,107,"Agent 2",1,1321600,1321600,256,10,"__amd_rocclr_fillBufferAligned",256,0,0,8,0,48,"TCC_EA0_RDREQ_GMI_32B",0.00000000e+00,222897709317569,222897709318889
108,108,"Agent 2",1,1321600,1321600,2048,10,"__amd_rocclr_fillBufferAligned",256,0,0,8,0,48,"TCC_EA0_RDREQ_32B",0.00000000e+00,222897709403411,222897709405211
108,108,"Agent 2",1,1321600,1321600,2048,10,"__amd_rocclr_fillBufferAligned",256,0,0,8,0,48,"TCC_EA0_RDREQ_GMI_32B",0.00000000e+00,222897709403411,222897709405211
109,109,"Agent 2",1,1321600,1321600,256,10,"__amd_rocclr_fillBufferAligned",256,0,0,8,0,48,"TCC_EA0_RDREQ_32B",0.00000000e+00,222897709484532,222897709485892
109,109,"Agent 2",1,1321600,1321600,256,10,"__amd_rocclr_fillBufferAligned",256,0,0,8,0,48,"TCC_EA0_RDREQ_GMI_32B",0.00000000e+00,222897709484532,222897709485892
110,110,"Agent 2",1,1321600,1321600,2048,10,"__amd_rocclr_fillBufferAligned",256,0,0,8,0,48,"TCC_EA0_RDREQ_32B",0.00000000e+00,222897709568293,222897709569973
110,110,"Agent 2",1,1321600,1321600,2048,10,"__amd_rocclr_fillBufferAligned",256,0,0,8,0,48,"TCC_EA0_RDREQ_GMI_32B",0.00000000e+00,222897709568293,222897709569973
111,111,"Agent 2",1,1321600,1321600,256,10,"__amd_rocclr_fillBufferAligned",256,0,0,8,0,48,"TCC_EA0_RDREQ_32B",0.00000000e+00,222897709651495,222897709652855
111,111,"Agent 2",1,1321600,1321600,256,10,"__amd_rocclr_fillBufferAligned",256,0,0,8,0,48,"TCC_EA0_RDREQ_GMI_32B",0.00000000e+00,222897709651495,222897709652855
112,112,"Agent 2",1,1321600,1321600,2048,10,"__amd_rocclr_fillBufferAligned",256,0,0,8,0,48,"TCC_EA0_RDREQ_32B",0.00000000e+00,222897709736696,222897709738336
112,112,"Agent 2",1,1321600,1321600,2048,10,"__amd_rocclr_fillBufferAligned",256,0,0,8,0,48,"TCC_EA0_RDREQ_GMI_32B",0.00000000e+00,222897709736696,222897709738336
113,113,"Agent 2",1,1321600,1321600,256,10,"__amd_rocclr_fillBufferAligned",256,0,0,8,0,48,"TCC_EA0_RDREQ_32B",0.00000000e+00,222897709814738,222897709816098
113,113,"Agent 2",1,1321600,1321600,256,10,"__amd_rocclr_fillBufferAligned",256,0,0,8,0,48,"TCC_EA0_RDREQ_GMI_32B",0.00000000e+00,222897709814738,222897709816098
114,114,"Agent 2",1,1321600,1321600,2048,10,"__amd_rocclr_fillBufferAligned",256,0,0,8,0,48,"TCC_EA0_RDREQ_32B",0.00000000e+00,222897709903179,222897709904899
114,114,"Agent 2",1,1321600,1321600,2048,10,"__amd_rocclr_fillBufferAligned",256,0,0,8,0,48,"TCC_EA0_RDREQ_GMI_32B",0.00000000e+00,222897709903179,222897709904899
115,115,"Agent 2",1,1321600,1321600,256,10,"__amd_rocclr_fillBufferAligned",256,0,0,8,0,48,"TCC_EA0_RDREQ_32B",0.00000000e+00,222897709982020,222897709983300
115,115,"Agent 2",1,1321600,1321600,256,10,"__amd_rocclr_fillBufferAligned",256,0,0,8,0,48,"TCC_EA0_RDREQ_GMI_32B",0.00000000e+00,222897709982020,222897709983300
116,116,"Agent 2",1,1321600,1321600,2048,10,"__amd_rocclr_fillBufferAligned",256,0,0,8,0,48,"TCC_EA0_RDREQ_32B",0.00000000e+00,222897710070462,222897710072142
116,116,"Agent 2",1,1321600,1321600,2048,10,"__amd_rocclr_fillBufferAligned",256,0,0,8,0,48,"TCC_EA0_RDREQ_GMI_32B",0.00000000e+00,222897710070462,222897710072142
117,117,"Agent 2",1,1321600,1321600,256,10,"__amd_rocclr_fillBufferAligned",256,0,0,8,0,48,"TCC_EA0_RDREQ_32B",0.00000000e+00,222897710153063,222897710154263
117,117,"Agent 2",1,1321600,1321600,256,10,"__amd_rocclr_fillBufferAligned",256,0,0,8,0,48,"TCC_EA0_RDREQ_GMI_32B",0.00000000e+00,222897710153063,222897710154263
118,118,"Agent 2",1,1321600,1321600,2048,10,"__amd_rocclr_fillBufferAligned",256,0,0,8,0,48,"TCC_EA0_RDREQ_32B",0.00000000e+00,222897710242265,222897710243905
118,118,"Agent 2",1,1321600,1321600,2048,10,"__amd_rocclr_fillBufferAligned",256,0,0,8,0,48,"TCC_EA0_RDREQ_GMI_32B",0.00000000e+00,222897710242265,222897710243905
119,119,"Agent 2",1,1321600,1321600,256,10,"__amd_rocclr_fillBufferAligned",256,0,0,8,0,48,"TCC_EA0_RDREQ_32B",0.00000000e+00,222897710323986,222897710325226
119,119,"Agent 2",1,1321600,1321600,256,10,"__amd_rocclr_fillBufferAligned",256,0,0,8,0,48,"TCC_EA0_RDREQ_GMI_32B",0.00000000e+00,222897710323986,222897710325226
120,120,"Agent 2",1,1321600,1321600,2048,10,"__amd_rocclr_fillBufferAligned",256,0,0,8,0,48,"TCC_EA0_RDREQ_32B",0.00000000e+00,222897710410508,222897710412228
120,120,"Agent 2",1,1321600,1321600,2048,10,"__amd_rocclr_fillBufferAligned",256,0,0,8,0,48,"TCC_EA0_RDREQ_GMI_32B",0.00000000e+00,222897710410508,222897710412228
121,121,"Agent 2",1,1321600,1321600,256,10,"__amd_rocclr_fillBufferAligned",256,0,0,8,0,48,"TCC_EA0_RDREQ_32B",0.00000000e+00,222897710490789,222897710492069
121,121,"Agent 2",1,1321600,1321600,256,10,"__amd_rocclr_fillBufferAligned",256,0,0,8,0,48,"TCC_EA0_RDREQ_GMI_32B",0.00000000e+00,222897710490789,222897710492069
122,122,"Agent 2",1,1321600,1321600,2048,10,"__amd_rocclr_fillBufferAligned",256,0,0,8,0,48,"TCC_EA0_RDREQ_32B",0.00000000e+00,222897710573430,222897710575110
122,122,"Agent 2",1,1321600,1321600,2048,10,"__amd_rocclr_fillBufferAligned",256,0,0,8,0,48,"TCC_EA0_RDREQ_GMI_32B",0.00000000e+00,222897710573430,222897710575110
123,123,"Agent 2",1,1321600,1321600,256,10,"__amd_rocclr_fillBufferAligned",256,0,0,8,0,48,"TCC_EA0_RDREQ_32B",0.00000000e+00,222897710656392,222897710657632
123,123,"Agent 2",1,1321600,1321600,256,10,"__amd_rocclr_fillBufferAligned",256,0,0,8,0,48,"TCC_EA0_RDREQ_GMI_32B",0.00000000e+00,222897710656392,222897710657632
124,124,"Agent 2",1,1321600,1321600,2048,10,"__amd_rocclr_fillBufferAligned",256,0,0,8,0,48,"TCC_EA0_RDREQ_32B",0.00000000e+00,222897710741553,222897710743233
124,124,"Agent 2",1,1321600,1321600,2048,10,"__amd_rocclr_fillBufferAligned",256,0,0,8,0,48,"TCC_EA0_RDREQ_GMI_32B",0.00000000e+00,222897710741553,222897710743233
125,125,"Agent 2",1,1321600,1321600,256,10,"__amd_rocclr_fillBufferAligned",256,0,0,8,0,48,"TCC_EA0_RDREQ_32B",0.00000000e+00,222897710824315,222897710825555
125,125,"Agent 2",1,1321600,1321600,256,10,"__amd_rocclr_fillBufferAligned",256,0,0,8,0,48,"TCC_EA0_RDREQ_GMI_32B",0.00000000e+00,222897710824315,222897710825555
126,126,"Agent 2",1,1321600,1321600,2048,10,"__amd_rocclr_fillBufferAligned",256,0,0,8,0,48,"TCC_EA0_RDREQ_32B",0.00000000e+00,222897710911469,222897710913189
126,126,"Agent 2",1,1321600,1321600,2048,10,"__amd_rocclr_fillBufferAligned",256,0,0,8,0,48,"TCC_EA0_RDREQ_GMI_32B",0.00000000e+00,222897710911469,222897710913189
127,127,"Agent 2",1,1321600,1321600,256,10,"__amd_rocclr_fillBufferAligned",256,0,0,8,0,48,"TCC_EA0_RDREQ_32B",0.00000000e+00,222897710991709,222897710992909
127,127,"Agent 2",1,1321600,1321600,256,10,"__amd_rocclr_fillBufferAligned",256,0,0,8,0,48,"TCC_EA0_RDREQ_GMI_32B",0.00000000e+00,222897710991709,222897710992909
128,128,"Agent 2",1,1321600,1321600,2048,10,"__amd_rocclr_fillBufferAligned",256,0,0,8,0,48,"TCC_EA0_RDREQ_32B",0.00000000e+00,222897711078991,222897711080671
128,128,"Agent 2",1,1321600,1321600,2048,10,"__amd_rocclr_fillBufferAligned",256,0,0,8,0,48,"TCC_EA0_RDREQ_GMI_32B",0.00000000e+00,222897711078991,222897711080671
129,129,"Agent 2",1,1321600,1321600,256,10,"__amd_rocclr_fillBufferAligned",256,0,0,8,0,48,"TCC_EA0_RDREQ_32B",0.00000000e+00,222897711173672,222897711174912
129,129,"Agent 2",1,1321600,1321600,256,10,"__amd_rocclr_fillBufferAligned",256,0,0,8,0,48,"TCC_EA0_RDREQ_GMI_32B",0.00000000e+00,222897711173672,222897711174912
130,130,"Agent 2",1,1321600,1321600,2048,10,"__amd_rocclr_fillBufferAligned",256,0,0,8,0,48,"TCC_EA0_RDREQ_32B",0.00000000e+00,222897711261314,222897711263034
130,130,"Agent 2",1,1321600,1321600,2048,10,"__amd_rocclr_fillBufferAligned",256,0,0,8,0,48,"TCC_EA0_RDREQ_GMI_32B",0.00000000e+00,222897711261314,222897711263034
131,131,"Agent 2",1,1321600,1321600,256,10,"__amd_rocclr_fillBufferAligned",256,0,0,8,0,48,"TCC_EA0_RDREQ_32B",0.00000000e+00,222897711343195,222897711344555
131,131,"Agent 2",1,1321600,1321600,256,10,"__amd_rocclr_fillBufferAligned",256,0,0,8,0,48,"TCC_EA0_RDREQ_GMI_32B",0.00000000e+00,222897711343195,222897711344555
132,132,"Agent 2",1,1321600,1321600,2048,10,"__amd_rocclr_fillBufferAligned",256,0,0,8,0,48,"TCC_EA0_RDREQ_32B",0.00000000e+00,222897711428877,222897711430557
132,132,"Agent 2",1,1321600,1321600,2048,10,"__amd_rocclr_fillBufferAligned",256,0,0,8,0,48,"TCC_EA0_RDREQ_GMI_32B",0.00000000e+00,222897711428877,222897711430557
133,133,"Agent 2",1,1321600,1321600,256,10,"__amd_rocclr_fillBufferAligned",256,0,0,8,0,48,"TCC_EA0_RDREQ_32B",0.00000000e+00,222897711512838,222897711514158
133,133,"Agent 2",1,1321600,1321600,256,10,"__amd_rocclr_fillBufferAligned",256,0,0,8,0,48,"TCC_EA0_RDREQ_GMI_32B",0.00000000e+00,222897711512838,222897711514158
134,134,"Agent 2",1,1321600,1321600,2048,10,"__amd_rocclr_fillBufferAligned",256,0,0,8,0,48,"TCC_EA0_RDREQ_32B",0.00000000e+00,222897711600240,222897711601960
134,134,"Agent 2",1,1321600,1321600,2048,10,"__amd_rocclr_fillBufferAligned",256,0,0,8,0,48,"TCC_EA0_RDREQ_GMI_32B",0.00000000e+00,222897711600240,222897711601960
135,135,"Agent 2",1,1321600,1321600,256,10,"__amd_rocclr_fillBufferAligned",256,0,0,8,0,48,"TCC_EA0_RDREQ_32B",0.00000000e+00,222897711678041,222897711679361
135,135,"Agent 2",1,1321600,1321600,256,10,"__amd_rocclr_fillBufferAligned",256,0,0,8,0,48,"TCC_EA0_RDREQ_GMI_32B",0.00000000e+00,222897711678041,222897711679361
136,136,"Agent 2",1,1321600,1321600,2048,10,"__amd_rocclr_fillBufferAligned",256,0,0,8,0,48,"TCC_EA0_RDREQ_32B",0.00000000e+00,222897711766443,222897711768243
136,136,"Agent 2",1,1321600,1321600,2048,10,"__amd_rocclr_fillBufferAligned",256,0,0,8,0,48,"TCC_EA0_RDREQ_GMI_32B",0.00000000e+00,222897711766443,222897711768243
137,137,"Agent 2",1,1321600,1321600,256,10,"__amd_rocclr_fillBufferAligned",256,0,0,8,0,48,"TCC_EA0_RDREQ_32B",0.00000000e+00,222897711848564,222897711849924
137,137,"Agent 2",1,1321600,1321600,256,10,"__amd_rocclr_fillBufferAligned",256,0,0,8,0,48,"TCC_EA0_RDREQ_GMI_32B",0.00000000e+00,222897711848564,222897711849924
138,138,"Agent 2",1,1321600,1321600,2048,10,"__amd_rocclr_fillBufferAligned",256,0,0,8,0,48,"TCC_EA0_RDREQ_32B",0.00000000e+00,222897711937206,222897711938926
138,138,"Agent 2",1,1321600,1321600,2048,10,"__amd_rocclr_fillBufferAligned",256,0,0,8,0,48,"TCC_EA0_RDREQ_GMI_32B",0.00000000e+00,222897711937206,222897711938926
139,139,"Agent 2",1,1321600,1321600,256,10,"__amd_rocclr_fillBufferAligned",256,0,0,8,0,48,"TCC_EA0_RDREQ_32B",0.00000000e+00,222897712018527,222897712019767
139,139,"Agent 2",1,1321600,1321600,256,10,"__amd_rocclr_fillBufferAligned",256,0,0,8,0,48,"TCC_EA0_RDREQ_GMI_32B",0.00000000e+00,222897712018527,222897712019767
140,140,"Agent 2",1,1321600,1321600,2048,10,"__amd_rocclr_fillBufferAligned",256,0,0,8,0,48,"TCC_EA0_RDREQ_32B",0.00000000e+00,222897712109329,222897712111049
140,140,"Agent 2",1,1321600,1321600,2048,10,"__amd_rocclr_fillBufferAligned",256,0,0,8,0,48,"TCC_EA0_RDREQ_GMI_32B",0.00000000e+00,222897712109329,222897712111049
141,141,"Agent 2",1,1321600,1321600,256,10,"__amd_rocclr_fillBufferAligned",256,0,0,8,0,48,"TCC_EA0_RDREQ_32B",0.00000000e+00,222897712194050,222897712195330
141,141,"Agent 2",1,1321600,1321600,256,10,"__amd_rocclr_fillBufferAligned",256,0,0,8,0,48,"TCC_EA0_RDREQ_GMI_32B",0.00000000e+00,222897712194050,222897712195330
142,142,"Agent 2",1,1321600,1321600,2048,10,"__amd_rocclr_fillBufferAligned",256,0,0,8,0,48,"TCC_EA0_RDREQ_32B",0.00000000e+00,222897712279252,222897712280892
142,142,"Agent 2",1,1321600,1321600,2048,10,"__amd_rocclr_fillBufferAligned",256,0,0,8,0,48,"TCC_EA0_RDREQ_GMI_32B",0.00000000e+00,222897712279252,222897712280892
143,143,"Agent 2",1,1321600,1321600,256,10,"__amd_rocclr_fillBufferAligned",256,0,0,8,0,48,"TCC_EA0_RDREQ_32B",0.00000000e+00,222897712361173,222897712362413
143,143,"Agent 2",1,1321600,1321600,256,10,"__amd_rocclr_fillBufferAligned",256,0,0,8,0,48,"TCC_EA0_RDREQ_GMI_32B",0.00000000e+00,222897712361173,222897712362413
144,144,"Agent 2",1,1321600,1321600,2048,10,"__amd_rocclr_fillBufferAligned",256,0,0,8,0,48,"TCC_EA0_RDREQ_32B",0.00000000e+00,222897712451255,222897712452975
144,144,"Agent 2",1,1321600,1321600,2048,10,"__amd_rocclr_fillBufferAligned",256,0,0,8,0,48,"TCC_EA0_RDREQ_GMI_32B",0.00000000e+00,222897712451255,222897712452975
145,145,"Agent 2",1,1321600,1321600,256,10,"__amd_rocclr_fillBufferAligned",256,0,0,8,0,48,"TCC_EA0_RDREQ_32B",0.00000000e+00,222897712531376,222897712532656
145,145,"Agent 2",1,1321600,1321600,256,10,"__amd_rocclr_fillBufferAligned",256,0,0,8,0,48,"TCC_EA0_RDREQ_GMI_32B",0.00000000e+00,222897712531376,222897712532656
146,146,"Agent 2",1,1321600,1321600,2048,10,"__amd_rocclr_fillBufferAligned",256,0,0,8,0,48,"TCC_EA0_RDREQ_32B",0.00000000e+00,222897712621338,222897712623058
146,146,"Agent 2",1,1321600,1321600,2048,10,"__amd_rocclr_fillBufferAligned",256,0,0,8,0,48,"TCC_EA0_RDREQ_GMI_32B",0.00000000e+00,222897712621338,222897712623058
147,147,"Agent 2",1,1321600,1321600,256,10,"__amd_rocclr_fillBufferAligned",256,0,0,8,0,48,"TCC_EA0_RDREQ_32B",0.00000000e+00,222897712701259,222897712702619
147,147,"Agent 2",1,1321600,1321600,256,10,"__amd_rocclr_fillBufferAligned",256,0,0,8,0,48,"TCC_EA0_RDREQ_GMI_32B",0.00000000e+00,222897712701259,222897712702619
148,148,"Agent 2",1,1321600,1321600,2048,10,"__amd_rocclr_fillBufferAligned",256,0,0,8,0,48,"TCC_EA0_RDREQ_32B",0.00000000e+00,222897712790540,222897712792261
148,148,"Agent 2",1,1321600,1321600,2048,10,"__amd_rocclr_fillBufferAligned",256,0,0,8,0,48,"TCC_EA0_RDREQ_GMI_32B",0.00000000e+00,222897712790540,222897712792261
149,149,"Agent 2",1,1321600,1321600,256,10,"__amd_rocclr_fillBufferAligned",256,0,0,8,0,48,"TCC_EA0_RDREQ_32B",0.00000000e+00,222897712873542,222897712874862
149,149,"Agent 2",1,1321600,1321600,256,10,"__amd_rocclr_fillBufferAligned",256,0,0,8,0,48,"TCC_EA0_RDREQ_GMI_32B",0.00000000e+00,222897712873542,222897712874862
150,150,"Agent 2",1,1321600,1321600,2048,10,"__amd_rocclr_fillBufferAligned",256,0,0,8,0,48,"TCC_EA0_RDREQ_32B",0.00000000e+00,222897712960263,222897712962063
150,150,"Agent 2",1,1321600,1321600,2048,10,"__amd_rocclr_fillBufferAligned",256,0,0,8,0,48,"TCC_EA0_RDREQ_GMI_32B",0.00000000e+00,222897712960263,222897712962063
151,151,"Agent 2",1,1321600,1321600,256,10,"__amd_rocclr_fillBufferAligned",256,0,0,8,0,48,"TCC_EA0_RDREQ_32B",0.00000000e+00,222897713041225,222897713042545
151,151,"Agent 2",1,1321600,1321600,256,10,"__amd_rocclr_fillBufferAligned",256,0,0,8,0,48,"TCC_EA0_RDREQ_GMI_32B",0.00000000e+00,222897713041225,222897713042545
152,152,"Agent 2",1,1321600,1321600,2048,10,"__amd_rocclr_fillBufferAligned",256,0,0,8,0,48,"TCC_EA0_RDREQ_32B",0.00000000e+00,222897713128786,222897713130466
152,152,"Agent 2",1,1321600,1321600,2048,10,"__amd_rocclr_fillBufferAligned",256,0,0,8,0,48,"TCC_EA0_RDREQ_GMI_32B",0.00000000e+00,222897713128786,222897713130466
153,153,"Agent 2",1,1321600,1321600,256,10,"__amd_rocclr_fillBufferAligned",256,0,0,8,0,48,"TCC_EA0_RDREQ_32B",0.00000000e+00,222897713210428,222897713211788
153,153,"Agent 2",1,1321600,1321600,256,10,"__amd_rocclr_fillBufferAligned",256,0,0,8,0,48,"TCC_EA0_RDREQ_GMI_32B",0.00000000e+00,222897713210428,222897713211788
154,154,"Agent 2",1,1321600,1321600,2048,10,"__amd_rocclr_fillBufferAligned",256,0,0,8,0,48,"TCC_EA0_RDREQ_32B",0.00000000e+00,222897713295909,222897713297709
154,154,"Agent 2",1,1321600,1321600,2048,10,"__amd_rocclr_fillBufferAligned",256,0,0,8,0,48,"TCC_EA0_RDREQ_GMI_32B",0.00000000e+00,222897713295909,222897713297709
155,155,"Agent 2",1,1321600,1321600,256,10,"__amd_rocclr_fillBufferAligned",256,0,0,8,0,48,"TCC_EA0_RDREQ_32B",0.00000000e+00,222897713375831,222897713377111
155,155,"Agent 2",1,1321600,1321600,256,10,"__amd_rocclr_fillBufferAligned",256,0,0,8,0,48,"TCC_EA0_RDREQ_GMI_32B",0.00000000e+00,222897713375831,222897713377111
156,156,"Agent 2",1,1321600,1321600,2048,10,"__amd_rocclr_fillBufferAligned",256,0,0,8,0,48,"TCC_EA0_RDREQ_32B",0.00000000e+00,222897713465512,222897713467232
156,156,"Agent 2",1,1321600,1321600,2048,10,"__amd_rocclr_fillBufferAligned",256,0,0,8,0,48,"TCC_EA0_RDREQ_GMI_32B",0.00000000e+00,222897713465512,222897713467232
157,157,"Agent 2",1,1321600,1321600,256,10,"__amd_rocclr_fillBufferAligned",256,0,0,8,0,48,"TCC_EA0_RDREQ_32B",0.00000000e+00,222897713545074,222897713546354
157,157,"Agent 2",1,1321600,1321600,256,10,"__amd_rocclr_fillBufferAligned",256,0,0,8,0,48,"TCC_EA0_RDREQ_GMI_32B",0.00000000e+00,222897713545074,222897713546354
158,158,"Agent 2",1,1321600,1321600,2048,10,"__amd_rocclr_fillBufferAligned",256,0,0,8,0,48,"TCC_EA0_RDREQ_32B",0.00000000e+00,222897713629595,222897713631275
158,158,"Agent 2",1,1321600,1321600,2048,10,"__amd_rocclr_fillBufferAligned",256,0,0,8,0,48,"TCC_EA0_RDREQ_GMI_32B",0.00000000e+00,222897713629595,222897713631275
159,159,"Agent 2",1,1321600,1321600,256,10,"__amd_rocclr_fillBufferAligned",256,0,0,8,0,48,"TCC_EA0_RDREQ_32B",0.00000000e+00,222897713708356,222897713709597
159,159,"Agent 2",1,1321600,1321600,256,10,"__amd_rocclr_fillBufferAligned",256,0,0,8,0,48,"TCC_EA0_RDREQ_GMI_32B",0.00000000e+00,222897713708356,222897713709597
160,160,"Agent 2",1,1321600,1321600,2048,10,"__amd_rocclr_fillBufferAligned",256,0,0,8,0,48,"TCC_EA0_RDREQ_32B",0.00000000e+00,222897713796358,222897713798078
160,160,"Agent 2",1,1321600,1321600,2048,10,"__amd_rocclr_fillBufferAligned",256,0,0,8,0,48,"TCC_EA0_RDREQ_GMI_32B",0.00000000e+00,222897713796358,222897713798078
161,161,"Agent 2",1,1321600,1321600,256,10,"__amd_rocclr_fillBufferAligned",256,0,0,8,0,48,"TCC_EA0_RDREQ_32B",0.00000000e+00,222897713873879,222897713875159
161,161,"Agent 2",1,1321600,1321600,256,10,"__amd_rocclr_fillBufferAligned",256,0,0,8,0,48,"TCC_EA0_RDREQ_GMI_32B",0.00000000e+00,222897713873879,222897713875159
162,162,"Agent 2",1,1321600,1321600,2048,10,"__amd_rocclr_fillBufferAligned",256,0,0,8,0,48,"TCC_EA0_RDREQ_32B",0.00000000e+00,222897713961641,222897713963441
162,162,"Agent 2",1,1321600,1321600,2048,10,"__amd_rocclr_fillBufferAligned",256,0,0,8,0,48,"TCC_EA0_RDREQ_GMI_32B",0.00000000e+00,222897713961641,222897713963441
163,163,"Agent 2",1,1321600,1321600,256,10,"__amd_rocclr_fillBufferAligned",256,0,0,8,0,48,"TCC_EA0_RDREQ_32B",0.00000000e+00,222897714040682,222897714042082
163,163,"Agent 2",1,1321600,1321600,256,10,"__amd_rocclr_fillBufferAligned",256,0,0,8,0,48,"TCC_EA0_RDREQ_GMI_32B",0.00000000e+00,222897714040682,222897714042082
164,164,"Agent 2",1,1321600,1321600,2048,10,"__amd_rocclr_fillBufferAligned",256,0,0,8,0,48,"TCC_EA0_RDREQ_32B",0.00000000e+00,222897714127204,222897714128964
164,164,"Agent 2",1,1321600,1321600,2048,10,"__amd_rocclr_fillBufferAligned",256,0,0,8,0,48,"TCC_EA0_RDREQ_GMI_32B",0.00000000e+00,222897714127204,222897714128964
165,165,"Agent 2",1,1321600,1321600,256,10,"__amd_rocclr_fillBufferAligned",256,0,0,8,0,48,"TCC_EA0_RDREQ_32B",0.00000000e+00,222897714208085,222897714209405
165,165,"Agent 2",1,1321600,1321600,256,10,"__amd_rocclr_fillBufferAligned",256,0,0,8,0,48,"TCC_EA0_RDREQ_GMI_32B",0.00000000e+00,222897714208085,222897714209405
166,166,"Agent 2",1,1321600,1321600,2048,10,"__amd_rocclr_fillBufferAligned",256,0,0,8,0,48,"TCC_EA0_RDREQ_32B",0.00000000e+00,222897714294487,222897714296127
166,166,"Agent 2",1,1321600,1321600,2048,10,"__amd_rocclr_fillBufferAligned",256,0,0,8,0,48,"TCC_EA0_RDREQ_GMI_32B",0.00000000e+00,222897714294487,222897714296127
167,167,"Agent 2",1,1321600,1321600,256,10,"__amd_rocclr_fillBufferAligned",256,0,0,8,0,48,"TCC_EA0_RDREQ_32B",0.00000000e+00,222897714375608,222897714376928
167,167,"Agent 2",1,1321600,1321600,256,10,"__amd_rocclr_fillBufferAligned",256,0,0,8,0,48,"TCC_EA0_RDREQ_GMI_32B",0.00000000e+00,222897714375608,222897714376928
168,168,"Agent 2",1,1321600,1321600,2048,10,"__amd_rocclr_fillBufferAligned",256,0,0,8,0,48,"TCC_EA0_RDREQ_32B",0.00000000e+00,222897714459770,222897714461410
168,168,"Agent 2",1,1321600,1321600,2048,10,"__amd_rocclr_fillBufferAligned",256,0,0,8,0,48,"TCC_EA0_RDREQ_GMI_32B",0.00000000e+00,222897714459770,222897714461410
169,169,"Agent 2",1,1321600,1321600,256,10,"__amd_rocclr_fillBufferAligned",256,0,0,8,0,48,"TCC_EA0_RDREQ_32B",0.00000000e+00,222897714546131,222897714547451
169,169,"Agent 2",1,1321600,1321600,256,10,"__amd_rocclr_fillBufferAligned",256,0,0,8,0,48,"TCC_EA0_RDREQ_GMI_32B",0.00000000e+00,222897714546131,222897714547451
170,170,"Agent 2",1,1321600,1321600,2048,10,"__amd_rocclr_fillBufferAligned",256,0,0,8,0,48,"TCC_EA0_RDREQ_32B",0.00000000e+00,222897714632493,222897714634293
170,170,"Agent 2",1,1321600,1321600,2048,10,"__amd_rocclr_fillBufferAligned",256,0,0,8,0,48,"TCC_EA0_RDREQ_GMI_32B",0.00000000e+00,222897714632493,222897714634293
171,171,"Agent 2",1,1321600,1321600,256,10,"__amd_rocclr_fillBufferAligned",256,0,0,8,0,48,"TCC_EA0_RDREQ_32B",0.00000000e+00,222897714718454,222897714719694
171,171,"Agent 2",1,1321600,1321600,256,10,"__amd_rocclr_fillBufferAligned",256,0,0,8,0,48,"TCC_EA0_RDREQ_GMI_32B",0.00000000e+00,222897714718454,222897714719694
172,172,"Agent 2",1,1321600,1321600,2048,10,"__amd_rocclr_fillBufferAligned",256,0,0,8,0,48,"TCC_EA0_RDREQ_32B",0.00000000e+00,222897714803816,222897714805536
172,172,"Agent 2",1,1321600,1321600,2048,10,"__amd_rocclr_fillBufferAligned",256,0,0,8,0,48,"TCC_EA0_RDREQ_GMI_32B",0.00000000e+00,222897714803816,222897714805536
173,173,"Agent 2",1,1321600,1321600,256,10,"__amd_rocclr_fillBufferAligned",256,0,0,8,0,48,"TCC_EA0_RDREQ_32B",0.00000000e+00,222897714882657,222897714883897
173,173,"Agent 2",1,1321600,1321600,256,10,"__amd_rocclr_fillBufferAligned",256,0,0,8,0,48,"TCC_EA0_RDREQ_GMI_32B",0.00000000e+00,222897714882657,222897714883897
174,174,"Agent 2",1,1321600,1321600,2048,10,"__amd_rocclr_fillBufferAligned",256,0,0,8,0,48,"TCC_EA0_RDREQ_32B",0.00000000e+00,222897714972059,222897714973779
174,174,"Agent 2",1,1321600,1321600,2048,10,"__amd_rocclr_fillBufferAligned",256,0,0,8,0,48,"TCC_EA0_RDREQ_GMI_32B",0.00000000e+00,222897714972059,222897714973779
175,175,"Agent 2",1,1321600,1321600,256,10,"__amd_rocclr_fillBufferAligned",256,0,0,8,0,48,"TCC_EA0_RDREQ_32B",0.00000000e+00,222897715055180,222897715056420
175,175,"Agent 2",1,1321600,1321600,256,10,"__amd_rocclr_fillBufferAligned",256,0,0,8,0,48,"TCC_EA0_RDREQ_GMI_32B",0.00000000e+00,222897715055180,222897715056420
176,176,"Agent 2",1,1321600,1321600,2048,10,"__amd_rocclr_fillBufferAligned",256,0,0,8,0,48,"TCC_EA0_RDREQ_32B",0.00000000e+00,222897715139621,222897715141421
176,176,"Agent 2",1,1321600,1321600,2048,10,"__amd_rocclr_fillBufferAligned",256,0,0,8,0,48,"TCC_EA0_RDREQ_GMI_32B",0.00000000e+00,222897715139621,222897715141421
177,177,"Agent 2",1,1321600,1321600,256,10,"__amd_rocclr_fillBufferAligned",256,0,0,8,0,48,"TCC_EA0_RDREQ_32B",0.00000000e+00,222897715218023,222897715219183
177,177,"Agent 2",1,1321600,1321600,256,10,"__amd_rocclr_fillBufferAligned",256,0,0,8,0,48,"TCC_EA0_RDREQ_GMI_32B",0.00000000e+00,222897715218023,222897715219183
178,178,"Agent 2",1,1321600,1321600,2048,10,"__amd_rocclr_fillBufferAligned",256,0,0,8,0,48,"TCC_EA0_RDREQ_32B",0.00000000e+00,222897715307744,222897715309464
178,178,"Agent 2",1,1321600,1321600,2048,10,"__amd_rocclr_fillBufferAligned",256,0,0,8,0,48,"TCC_EA0_RDREQ_GMI_32B",0.00000000e+00,222897715307744,222897715309464
179,179,"Agent 2",1,1321600,1321600,256,10,"__amd_rocclr_fillBufferAligned",256,0,0,8,0,48,"TCC_EA0_RDREQ_32B",0.00000000e+00,222897715389506,222897715390866
179,179,"Agent 2",1,1321600,1321600,256,10,"__amd_rocclr_fillBufferAligned",256,0,0,8,0,48,"TCC_EA0_RDREQ_GMI_32B",0.00000000e+00,222897715389506,222897715390866
180,180,"Agent 2",1,1321600,1321600,2048,10,"__amd_rocclr_fillBufferAligned",256,0,0,8,0,48,"TCC_EA0_RDREQ_32B",0.00000000e+00,222897715475867,222897715477587
180,180,"Agent 2",1,1321600,1321600,2048,10,"__amd_rocclr_fillBufferAligned",256,0,0,8,0,48,"TCC_EA0_RDREQ_GMI_32B",0.00000000e+00,222897715475867,222897715477587
181,181,"Agent 2",1,1321600,1321600,256,10,"__amd_rocclr_fillBufferAligned",256,0,0,8,0,48,"TCC_EA0_RDREQ_32B",0.00000000e+00,222897715556909,222897715558229
181,181,"Agent 2",1,1321600,1321600,256,10,"__amd_rocclr_fillBufferAligned",256,0,0,8,0,48,"TCC_EA0_RDREQ_GMI_32B",0.00000000e+00,222897715556909,222897715558229
182,182,"Agent 2",1,1321600,1321600,2048,10,"__amd_rocclr_fillBufferAligned",256,0,0,8,0,48,"TCC_EA0_RDREQ_32B",0.00000000e+00,222897715645830,222897715647710
182,182,"Agent 2",1,1321600,1321600,2048,10,"__amd_rocclr_fillBufferAligned",256,0,0,8,0,48,"TCC_EA0_RDREQ_GMI_32B",0.00000000e+00,222897715645830,222897715647710
183,183,"Agent 2",1,1321600,1321600,256,10,"__amd_rocclr_fillBufferAligned",256,0,0,8,0,48,"TCC_EA0_RDREQ_32B",0.00000000e+00,222897715727472,222897715728832
183,183,"Agent 2",1,1321600,1321600,256,10,"__amd_rocclr_fillBufferAligned",256,0,0,8,0,48,"TCC_EA0_RDREQ_GMI_32B",0.00000000e+00,222897715727472,222897715728832
184,184,"Agent 2",1,1321600,1321600,2048,10,"__amd_rocclr_fillBufferAligned",256,0,0,8,0,48,"TCC_EA0_RDREQ_32B",0.00000000e+00,222897715814513,222897715816193
184,184,"Agent 2",1,1321600,1321600,2048,10,"__amd_rocclr_fillBufferAligned",256,0,0,8,0,48,"TCC_EA0_RDREQ_GMI_32B",0.00000000e+00,222897715814513,222897715816193
185,185,"Agent 2",1,1321600,1321600,256,10,"__amd_rocclr_fillBufferAligned",256,0,0,8,0,48,"TCC_EA0_RDREQ_32B",0.00000000e+00,222897715894675,222897715896035
185,185,"Agent 2",1,1321600,1321600,256,10,"__amd_rocclr_fillBufferAligned",256,0,0,8,0,48,"TCC_EA0_RDREQ_GMI_32B",0.00000000e+00,222897715894675,222897715896035
186,186,"Agent 2",1,1321600,1321600,2048,10,"__amd_rocclr_fillBufferAligned",256,0,0,8,0,48,"TCC_EA0_RDREQ_32B",0.00000000e+00,222897715985436,222897715987156
186,186,"Agent 2",1,1321600,1321600,2048,10,"__amd_rocclr_fillBufferAligned",256,0,0,8,0,48,"TCC_EA0_RDREQ_GMI_32B",0.00000000e+00,222897715985436,222897715987156
187,187,"Agent 2",1,1321600,1321600,256,10,"__amd_rocclr_fillBufferAligned",256,0,0,8,0,48,"TCC_EA0_RDREQ_32B",0.00000000e+00,222897716070958,222897716072198
187,187,"Agent 2",1,1321600,1321600,256,10,"__amd_rocclr_fillBufferAligned",256,0,0,8,0,48,"TCC_EA0_RDREQ_GMI_32B",0.00000000e+00,222897716070958,222897716072198
188,188,"Agent 2",1,1321600,1321600,2048,10,"__amd_rocclr_fillBufferAligned",256,0,0,8,0,48,"TCC_EA0_RDREQ_32B",0.00000000e+00,222897716165399,222897716167159
188,188,"Agent 2",1,1321600,1321600,2048,10,"__amd_rocclr_fillBufferAligned",256,0,0,8,0,48,"TCC_EA0_RDREQ_GMI_32B",0.00000000e+00,222897716165399,222897716167159
189,189,"Agent 2",1,1321600,1321600,256,10,"__amd_rocclr_fillBufferAligned",256,0,0,8,0,48,"TCC_EA0_RDREQ_32B",0.00000000e+00,222897716245521,222897716246761
189,189,"Agent 2",1,1321600,1321600,256,10,"__amd_rocclr_fillBufferAligned",256,0,0,8,0,48,"TCC_EA0_RDREQ_GMI_32B",0.00000000e+00,222897716245521,222897716246761
190,190,"Agent 2",1,1321600,1321600,2048,10,"__amd_rocclr_fillBufferAligned",256,0,0,8,0,48,"TCC_EA0_RDREQ_32B",0.00000000e+00,222897716333442,222897716335282
190,190,"Agent 2",1,1321600,1321600,2048,10,"__amd_rocclr_fillBufferAligned",256,0,0,8,0,48,"TCC_EA0_RDREQ_GMI_32B",0.00000000e+00,222897716333442,222897716335282
191,191,"Agent 2",1,1321600,1321600,256,10,"__amd_rocclr_fillBufferAligned",256,0,0,8,0,48,"TCC_EA0_RDREQ_32B",0.00000000e+00,222897716414764,222897716415964
191,191,"Agent 2",1,1321600,1321600,256,10,"__amd_rocclr_fillBufferAligned",256,0,0,8,0,48,"TCC_EA0_RDREQ_GMI_32B",0.00000000e+00,222897716414764,222897716415964
192,192,"Agent 2",1,1321600,1321600,2048,10,"__amd_rocclr_fillBufferAligned",256,0,0,8,0,48,"TCC_EA0_RDREQ_32B",0.00000000e+00,222897716500085,222897716501765
192,192,"Agent 2",1,1321600,1321600,2048,10,"__amd_rocclr_fillBufferAligned",256,0,0,8,0,48,"TCC_EA0_RDREQ_GMI_32B",0.00000000e+00,222897716500085,222897716501765
193,193,"Agent 2",1,1321600,1321600,256,10,"__amd_rocclr_fillBufferAligned",256,0,0,8,0,48,"TCC_EA0_RDREQ_32B",0.00000000e+00,222897716582447,222897716583687
193,193,"Agent 2",1,1321600,1321600,256,10,"__amd_rocclr_fillBufferAligned",256,0,0,8,0,48,"TCC_EA0_RDREQ_GMI_32B",0.00000000e+00,222897716582447,222897716583687
194,194,"Agent 2",1,1321600,1321600,2048,10,"__amd_rocclr_fillBufferAligned",256,0,0,8,0,48,"TCC_EA0_RDREQ_32B",0.00000000e+00,222897716670648,222897716672328
194,194,"Agent 2",1,1321600,1321600,2048,10,"__amd_rocclr_fillBufferAligned",256,0,0,8,0,48,"TCC_EA0_RDREQ_GMI_32B",0.00000000e+00,222897716670648,222897716672328
195,195,"Agent 2",1,1321600,1321600,256,10,"__amd_rocclr_fillBufferAligned",256,0,0,8,0,48,"TCC_EA0_RDREQ_32B",0.00000000e+00,222897716750330,222897716751690
195,195,"Agent 2",1,1321600,1321600,256,10,"__amd_rocclr_fillBufferAligned",256,0,0,8,0,48,"TCC_EA0_RDREQ_GMI_32B",0.00000000e+00,222897716750330,222897716751690
196,196,"Agent 2",1,1321600,1321600,2048,10,"__amd_rocclr_fillBufferAligned",256,0,0,8,0,48,"TCC_EA0_RDREQ_32B",0.00000000e+00,222897716837571,222897716839291
196,196,"Agent 2",1,1321600,1321600,2048,10,"__amd_rocclr_fillBufferAligned",256,0,0,8,0,48,"TCC_EA0_RDREQ_GMI_32B",0.00000000e+00,222897716837571,222897716839291
197,197,"Agent 2",1,1321600,1321600,256,10,"__amd_rocclr_fillBufferAligned",256,0,0,8,0,48,"TCC_EA0_RDREQ_32B",0.00000000e+00,222897716920893,222897716922253
197,197,"Agent 2",1,1321600,1321600,256,10,"__amd_rocclr_fillBufferAligned",256,0,0,8,0,48,"TCC_EA0_RDREQ_GMI_32B",0.00000000e+00,222897716920893,222897716922253
198,198,"Agent 2",1,1321600,1321600,2048,10,"__amd_rocclr_fillBufferAligned",256,0,0,8,0,48,"TCC_EA0_RDREQ_32B",0.00000000e+00,222897717007934,222897717009734
198,198,"Agent 2",1,1321600,1321600,2048,10,"__amd_rocclr_fillBufferAligned",256,0,0,8,0,48,"TCC_EA0_RDREQ_GMI_32B",0.00000000e+00,222897717007934,222897717009734
199,199,"Agent 2",1,1321600,1321600,256,10,"__amd_rocclr_fillBufferAligned",256,0,0,8,0,48,"TCC_EA0_RDREQ_32B",0.00000000e+00,222897717089455,222897717090775
199,199,"Agent 2",1,1321600,1321600,256,10,"__amd_rocclr_fillBufferAligned",256,0,0,8,0,48,"TCC_EA0_RDREQ_GMI_32B",0.00000000e+00,222897717089455,222897717090775
200,200,"Agent 2",1,1321600,1321600,2048,10,"__amd_rocclr_fillBufferAligned",256,0,0,8,0,48,"TCC_EA0_RDREQ_32B",0.00000000e+00,222897717179177,222897717180857
200,200,"Agent 2",1,1321600,1321600,2048,10,"__amd_rocclr_fillBufferAligned",256,0,0,8,0,48,"TCC_EA0_RDREQ_GMI_32B",0.00000000e+00,222897717179177,222897717180857
201,201,"Agent 2",1,1321600,1321600,256,10,"__amd_rocclr_fillBufferAligned",256,0,0,8,0,48,"TCC_EA0_RDREQ_32B",0.00000000e+00,222897717258858,222897717260218
201,201,"Agent 2",1,1321600,1321600,256,10,"__amd_rocclr_fillBufferAligned",256,0,0,8,0,48,"TCC_EA0_RDREQ_GMI_32B",0.00000000e+00,222897717258858,222897717260218
202,202,"Agent 2",1,1321600,1321600,2048,10,"__amd_rocclr_fillBufferAligned",256,0,0,8,0,48,"TCC_EA0_RDREQ_32B",0.00000000e+00,222897717347580,222897717349220
202,202,"Agent 2",1,1321600,1321600,2048,10,"__amd_rocclr_fillBufferAligned",256,0,0,8,0,48,"TCC_EA0_RDREQ_GMI_32B",0.00000000e+00,222897717347580,222897717349220
203,203,"Agent 2",1,1321600,1321600,256,10,"__amd_rocclr_fillBufferAligned",256,0,0,8,0,48,"TCC_EA0_RDREQ_32B",0.00000000e+00,222897717427341,222897717428581
203,203,"Agent 2",1,1321600,1321600,256,10,"__amd_rocclr_fillBufferAligned",256,0,0,8,0,48,"TCC_EA0_RDREQ_GMI_32B",0.00000000e+00,222897717427341,222897717428581
204,204,"Agent 2",1,1321600,1321600,2048,10,"__amd_rocclr_fillBufferAligned",256,0,0,8,0,48,"TCC_EA0_RDREQ_32B",0.00000000e+00,222897717517183,222897717518903
204,204,"Agent 2",1,1321600,1321600,2048,10,"__amd_rocclr_fillBufferAligned",256,0,0,8,0,48,"TCC_EA0_RDREQ_GMI_32B",0.00000000e+00,222897717517183,222897717518903
205,205,"Agent 2",1,1321600,1321600,256,10,"__amd_rocclr_fillBufferAligned",256,0,0,8,0,48,"TCC_EA0_RDREQ_32B",0.00000000e+00,222897717603024,222897717604264
205,205,"Agent 2",1,1321600,1321600,256,10,"__amd_rocclr_fillBufferAligned",256,0,0,8,0,48,"TCC_EA0_RDREQ_GMI_32B",0.00000000e+00,222897717603024,222897717604264
206,206,"Agent 2",1,1321600,1321600,2048,10,"__amd_rocclr_fillBufferAligned",256,0,0,8,0,48,"TCC_EA0_RDREQ_32B",0.00000000e+00,222897717692386,222897717694066
206,206,"Agent 2",1,1321600,1321600,2048,10,"__amd_rocclr_fillBufferAligned",256,0,0,8,0,48,"TCC_EA0_RDREQ_GMI_32B",0.00000000e+00,222897717692386,222897717694066
207,207,"Agent 2",1,1321600,1321600,256,10,"__amd_rocclr_fillBufferAligned",256,0,0,8,0,48,"TCC_EA0_RDREQ_32B",0.00000000e+00,222897717772227,222897717773507
207,207,"Agent 2",1,1321600,1321600,256,10,"__amd_rocclr_fillBufferAligned",256,0,0,8,0,48,"TCC_EA0_RDREQ_GMI_32B",0.00000000e+00,222897717772227,222897717773507
208,208,"Agent 2",1,1321600,1321600,2048,10,"__amd_rocclr_fillBufferAligned",256,0,0,8,0,48,"TCC_EA0_RDREQ_32B",0.00000000e+00,222897717854829,222897717856469
208,208,"Agent 2",1,1321600,1321600,2048,10,"__amd_rocclr_fillBufferAligned",256,0,0,8,0,48,"TCC_EA0_RDREQ_GMI_32B",0.00000000e+00,222897717854829,222897717856469
209,209,"Agent 2",1,1321600,1321600,256,10,"__amd_rocclr_fillBufferAligned",256,0,0,8,0,48,"TCC_EA0_RDREQ_32B",0.00000000e+00,222897717935310,222897717936510
209,209,"Agent 2",1,1321600,1321600,256,10,"__amd_rocclr_fillBufferAligned",256,0,0,8,0,48,"TCC_EA0_RDREQ_GMI_32B",0.00000000e+00,222897717935310,222897717936510
210,210,"Agent 2",1,1321600,1321600,2048,10,"__amd_rocclr_fillBufferAligned",256,0,0,8,0,48,"TCC_EA0_RDREQ_32B",0.00000000e+00,222897718022432,222897718024312
210,210,"Agent 2",1,1321600,1321600,2048,10,"__amd_rocclr_fillBufferAligned",256,0,0,8,0,48,"TCC_EA0_RDREQ_GMI_32B",0.00000000e+00,222897718022432,222897718024312
211,211,"Agent 2",1,1321600,1321600,256,10,"__amd_rocclr_fillBufferAligned",256,0,0,8,0,48,"TCC_EA0_RDREQ_32B",0.00000000e+00,222897718102353,222897718103713
211,211,"Agent 2",1,1321600,1321600,256,10,"__amd_rocclr_fillBufferAligned",256,0,0,8,0,48,"TCC_EA0_RDREQ_GMI_32B",0.00000000e+00,222897718102353,222897718103713
212,212,"Agent 2",1,1321600,1321600,2048,10,"__amd_rocclr_fillBufferAligned",256,0,0,8,0,48,"TCC_EA0_RDREQ_32B",0.00000000e+00,222897718191995,222897718193795
212,212,"Agent 2",1,1321600,1321600,2048,10,"__amd_rocclr_fillBufferAligned",256,0,0,8,0,48,"TCC_EA0_RDREQ_GMI_32B",0.00000000e+00,222897718191995,222897718193795
213,213,"Agent 2",1,1321600,1321600,256,10,"__amd_rocclr_fillBufferAligned",256,0,0,8,0,48,"TCC_EA0_RDREQ_32B",0.00000000e+00,222897718277396,222897718278756
213,213,"Agent 2",1,1321600,1321600,256,10,"__amd_rocclr_fillBufferAligned",256,0,0,8,0,48,"TCC_EA0_RDREQ_GMI_32B",0.00000000e+00,222897718277396,222897718278756
214,214,"Agent 2",1,1321600,1321600,2048,10,"__amd_rocclr_fillBufferAligned",256,0,0,8,0,48,"TCC_EA0_RDREQ_32B",0.00000000e+00,222897718361878,222897718363758
214,214,"Agent 2",1,1321600,1321600,2048,10,"__amd_rocclr_fillBufferAligned",256,0,0,8,0,48,"TCC_EA0_RDREQ_GMI_32B",0.00000000e+00,222897718361878,222897718363758
215,215,"Agent 2",1,1321600,1321600,256,10,"__amd_rocclr_fillBufferAligned",256,0,0,8,0,48,"TCC_EA0_RDREQ_32B",0.00000000e+00,222897718443879,222897718445239
215,215,"Agent 2",1,1321600,1321600,256,10,"__amd_rocclr_fillBufferAligned",256,0,0,8,0,48,"TCC_EA0_RDREQ_GMI_32B",0.00000000e+00,222897718443879,222897718445239
216,216,"Agent 2",1,1321600,1321600,2048,10,"__amd_rocclr_fillBufferAligned",256,0,0,8,0,48,"TCC_EA0_RDREQ_32B",0.00000000e+00,222897718532881,222897718534601
216,216,"Agent 2",1,1321600,1321600,2048,10,"__amd_rocclr_fillBufferAligned",256,0,0,8,0,48,"TCC_EA0_RDREQ_GMI_32B",0.00000000e+00,222897718532881,222897718534601
217,217,"Agent 2",1,1321600,1321600,256,10,"__amd_rocclr_fillBufferAligned",256,0,0,8,0,48,"TCC_EA0_RDREQ_32B",0.00000000e+00,222897718615082,222897718616442
217,217,"Agent 2",1,1321600,1321600,256,10,"__amd_rocclr_fillBufferAligned",256,0,0,8,0,48,"TCC_EA0_RDREQ_GMI_32B",0.00000000e+00,222897718615082,222897718616442
218,218,"Agent 2",1,1321600,1321600,2048,10,"__amd_rocclr_fillBufferAligned",256,0,0,8,0,48,"TCC_EA0_RDREQ_32B",0.00000000e+00,222897718709644,222897718711484
218,218,"Agent 2",1,1321600,1321600,2048,10,"__amd_rocclr_fillBufferAligned",256,0,0,8,0,48,"TCC_EA0_RDREQ_GMI_32B",0.00000000e+00,222897718709644,222897718711484
219,219,"Agent 2",1,1321600,1321600,256,10,"__amd_rocclr_fillBufferAligned",256,0,0,8,0,48,"TCC_EA0_RDREQ_32B",0.00000000e+00,222897718788605,222897718789845
219,219,"Agent 2",1,1321600,1321600,256,10,"__amd_rocclr_fillBufferAligned",256,0,0,8,0,48,"TCC_EA0_RDREQ_GMI_32B",0.00000000e+00,222897718788605,222897718789845
220,220,"Agent 2",1,1321600,1321600,2048,10,"__amd_rocclr_fillBufferAligned",256,0,0,8,0,48,"TCC_EA0_RDREQ_32B",0.00000000e+00,222897718878847,222897718880567
220,220,"Agent 2",1,1321600,1321600,2048,10,"__amd_rocclr_fillBufferAligned",256,0,0,8,0,48,"TCC_EA0_RDREQ_GMI_32B",0.00000000e+00,222897718878847,222897718880567
221,221,"Agent 2",1,1321600,1321600,256,10,"__amd_rocclr_fillBufferAligned",256,0,0,8,0,48,"TCC_EA0_RDREQ_32B",0.00000000e+00,222897718958448,222897718959728
221,221,"Agent 2",1,1321600,1321600,256,10,"__amd_rocclr_fillBufferAligned",256,0,0,8,0,48,"TCC_EA0_RDREQ_GMI_32B",0.00000000e+00,222897718958448,222897718959728
222,222,"Agent 2",1,1321600,1321600,2048,10,"__amd_rocclr_fillBufferAligned",256,0,0,8,0,48,"TCC_EA0_RDREQ_32B",0.00000000e+00,222897719047250,222897719048970
222,222,"Agent 2",1,1321600,1321600,2048,10,"__amd_rocclr_fillBufferAligned",256,0,0,8,0,48,"TCC_EA0_RDREQ_GMI_32B",0.00000000e+00,222897719047250,222897719048970
223,223,"Agent 2",1,1321600,1321600,256,10,"__amd_rocclr_fillBufferAligned",256,0,0,8,0,48,"TCC_EA0_RDREQ_32B",0.00000000e+00,222897719129651,222897719130931
223,223,"Agent 2",1,1321600,1321600,256,10,"__amd_rocclr_fillBufferAligned",256,0,0,8,0,48,"TCC_EA0_RDREQ_GMI_32B",0.00000000e+00,222897719129651,222897719130931
224,224,"Agent 2",1,1321600,1321600,2048,10,"__amd_rocclr_fillBufferAligned",256,0,0,8,0,48,"TCC_EA0_RDREQ_32B",0.00000000e+00,222897719218853,222897719220453
224,224,"Agent 2",1,1321600,1321600,2048,10,"__amd_rocclr_fillBufferAligned",256,0,0,8,0,48,"TCC_EA0_RDREQ_GMI_32B",0.00000000e+00,222897719218853,222897719220453
225,225,"Agent 2",1,1321600,1321600,256,10,"__amd_rocclr_fillBufferAligned",256,0,0,8,0,48,"TCC_EA0_RDREQ_32B",0.00000000e+00,222897719301134,222897719302334
225,225,"Agent 2",1,1321600,1321600,256,10,"__amd_rocclr_fillBufferAligned",256,0,0,8,0,48,"TCC_EA0_RDREQ_GMI_32B",0.00000000e+00,222897719301134,222897719302334
226,226,"Agent 2",1,1321600,1321600,2048,10,"__amd_rocclr_fillBufferAligned",256,0,0,8,0,48,"TCC_EA0_RDREQ_32B",0.00000000e+00,222897719389456,222897719391256
226,226,"Agent 2",1,1321600,1321600,2048,10,"__amd_rocclr_fillBufferAligned",256,0,0,8,0,48,"TCC_EA0_RDREQ_GMI_32B",0.00000000e+00,222897719389456,222897719391256
227,227,"Agent 2",1,1321600,1321600,256,10,"__amd_rocclr_fillBufferAligned",256,0,0,8,0,48,"TCC_EA0_RDREQ_32B",0.00000000e+00,222897719467617,222897719468937
227,227,"Agent 2",1,1321600,1321600,256,10,"__amd_rocclr_fillBufferAligned",256,0,0,8,0,48,"TCC_EA0_RDREQ_GMI_32B",0.00000000e+00,222897719467617,222897719468937
228,228,"Agent 2",1,1321600,1321600,2048,10,"__amd_rocclr_fillBufferAligned",256,0,0,8,0,48,"TCC_EA0_RDREQ_32B",0.00000000e+00,222897719553298,222897719554938
228,228,"Agent 2",1,1321600,1321600,2048,10,"__amd_rocclr_fillBufferAligned",256,0,0,8,0,48,"TCC_EA0_RDREQ_GMI_32B",0.00000000e+00,222897719553298,222897719554938
229,229,"Agent 2",1,1321600,1321600,256,10,"__amd_rocclr_fillBufferAligned",256,0,0,8,0,48,"TCC_EA0_RDREQ_32B",0.00000000e+00,222897719631940,222897719633300
229,229,"Agent 2",1,1321600,1321600,256,10,"__amd_rocclr_fillBufferAligned",256,0,0,8,0,48,"TCC_EA0_RDREQ_GMI_32B",0.00000000e+00,222897719631940,222897719633300
230,230,"Agent 2",1,1321600,1321600,2048,10,"__amd_rocclr_fillBufferAligned",256,0,0,8,0,48,"TCC_EA0_RDREQ_32B",0.00000000e+00,222897719719501,222897719721141
230,230,"Agent 2",1,1321600,1321600,2048,10,"__amd_rocclr_fillBufferAligned",256,0,0,8,0,48,"TCC_EA0_RDREQ_GMI_32B",0.00000000e+00,222897719719501,222897719721141
231,231,"Agent 2",1,1321600,1321600,256,10,"__amd_rocclr_fillBufferAligned",256,0,0,8,0,48,"TCC_EA0_RDREQ_32B",0.00000000e+00,222897719799703,222897719801063
231,231,"Agent 2",1,1321600,1321600,256,10,"__amd_rocclr_fillBufferAligned",256,0,0,8,0,48,"TCC_EA0_RDREQ_GMI_32B",0.00000000e+00,222897719799703,222897719801063
232,232,"Agent 2",1,1321600,1321600,2048,10,"__amd_rocclr_fillBufferAligned",256,0,0,8,0,48,"TCC_EA0_RDREQ_32B",0.00000000e+00,222897719889064,222897719890704
232,232,"Agent 2",1,1321600,1321600,2048,10,"__amd_rocclr_fillBufferAligned",256,0,0,8,0,48,"TCC_EA0_RDREQ_GMI_32B",0.00000000e+00,222897719889064,222897719890704
233,233,"Agent 2",1,1321600,1321600,256,10,"__amd_rocclr_fillBufferAligned",256,0,0,8,0,48,"TCC_EA0_RDREQ_32B",0.00000000e+00,222897719971666,222897719973026
233,233,"Agent 2",1,1321600,1321600,256,10,"__amd_rocclr_fillBufferAligned",256,0,0,8,0,48,"TCC_EA0_RDREQ_GMI_32B",0.00000000e+00,222897719971666,222897719973026
234,234,"Agent 2",1,1321600,1321600,2048,10,"__amd_rocclr_fillBufferAligned",256,0,0,8,0,48,"TCC_EA0_RDREQ_32B",0.00000000e+00,222897720057707,222897720059307
234,234,"Agent 2",1,1321600,1321600,2048,10,"__amd_rocclr_fillBufferAligned",256,0,0,8,0,48,"TCC_EA0_RDREQ_GMI_32B",0.00000000e+00,222897720057707,222897720059307
235,235,"Agent 2",1,1321600,1321600,256,10,"__amd_rocclr_fillBufferAligned",256,0,0,8,0,48,"TCC_EA0_RDREQ_32B",0.00000000e+00,222897720142309,222897720143509
235,235,"Agent 2",1,1321600,1321600,256,10,"__amd_rocclr_fillBufferAligned",256,0,0,8,0,48,"TCC_EA0_RDREQ_GMI_32B",0.00000000e+00,222897720142309,222897720143509
236,236,"Agent 2",1,1321600,1321600,2048,10,"__amd_rocclr_fillBufferAligned",256,0,0,8,0,48,"TCC_EA0_RDREQ_32B",0.00000000e+00,222897720232270,222897720233950
236,236,"Agent 2",1,1321600,1321600,2048,10,"__amd_rocclr_fillBufferAligned",256,0,0,8,0,48,"TCC_EA0_RDREQ_GMI_32B",0.00000000e+00,222897720232270,222897720233950
237,237,"Agent 2",1,1321600,1321600,256,10,"__amd_rocclr_fillBufferAligned",256,0,0,8,0,48,"TCC_EA0_RDREQ_32B",0.00000000e+00,222897720313112,222897720314352
237,237,"Agent 2",1,1321600,1321600,256,10,"__amd_rocclr_fillBufferAligned",256,0,0,8,0,48,"TCC_EA0_RDREQ_GMI_32B",0.00000000e+00,222897720313112,222897720314352
238,238,"Agent 2",1,1321600,1321600,2048,10,"__amd_rocclr_fillBufferAligned",256,0,0,8,0,48,"TCC_EA0_RDREQ_32B",0.00000000e+00,222897720400513,222897720402113
238,238,"Agent 2",1,1321600,1321600,2048,10,"__amd_rocclr_fillBufferAligned",256,0,0,8,0,48,"TCC_EA0_RDREQ_GMI_32B",0.00000000e+00,222897720400513,222897720402113
239,239,"Agent 2",1,1321600,1321600,256,10,"__amd_rocclr_fillBufferAligned",256,0,0,8,0,48,"TCC_EA0_RDREQ_32B",0.00000000e+00,222897720478315,222897720479555
239,239,"Agent 2",1,1321600,1321600,256,10,"__amd_rocclr_fillBufferAligned",256,0,0,8,0,48,"TCC_EA0_RDREQ_GMI_32B",0.00000000e+00,222897720478315,222897720479555
240,240,"Agent 2",1,1321600,1321600,2048,10,"__amd_rocclr_fillBufferAligned",256,0,0,8,0,48,"TCC_EA0_RDREQ_32B",0.00000000e+00,222897720565836,222897720567476
240,240,"Agent 2",1,1321600,1321600,2048,10,"__amd_rocclr_fillBufferAligned",256,0,0,8,0,48,"TCC_EA0_RDREQ_GMI_32B",0.00000000e+00,222897720565836,222897720567476
241,241,"Agent 2",1,1321600,1321600,256,10,"__amd_rocclr_fillBufferAligned",256,0,0,8,0,48,"TCC_EA0_RDREQ_32B",0.00000000e+00,222897720645997,222897720647157
241,241,"Agent 2",1,1321600,1321600,256,10,"__amd_rocclr_fillBufferAligned",256,0,0,8,0,48,"TCC_EA0_RDREQ_GMI_32B",0.00000000e+00,222897720645997,222897720647157
242,242,"Agent 2",1,1321600,1321600,2048,10,"__amd_rocclr_fillBufferAligned",256,0,0,8,0,48,"TCC_EA0_RDREQ_32B",0.00000000e+00,222897720734279,222897720736079
242,242,"Agent 2",1,1321600,1321600,2048,10,"__amd_rocclr_fillBufferAligned",256,0,0,8,0,48,"TCC_EA0_RDREQ_GMI_32B",0.00000000e+00,222897720734279,222897720736079
243,243,"Agent 2",1,1321600,1321600,256,10,"__amd_rocclr_fillBufferAligned",256,0,0,8,0,48,"TCC_EA0_RDREQ_32B",0.00000000e+00,222897720817680,222897720818880
243,243,"Agent 2",1,1321600,1321600,256,10,"__amd_rocclr_fillBufferAligned",256,0,0,8,0,48,"TCC_EA0_RDREQ_GMI_32B",0.00000000e+00,222897720817680,222897720818880
244,244,"Agent 2",1,1321600,1321600,2048,10,"__amd_rocclr_fillBufferAligned",256,0,0,8,0,48,"TCC_EA0_RDREQ_32B",0.00000000e+00,222897720908082,222897720909802
244,244,"Agent 2",1,1321600,1321600,2048,10,"__amd_rocclr_fillBufferAligned",256,0,0,8,0,48,"TCC_EA0_RDREQ_GMI_32B",0.00000000e+00,222897720908082,222897720909802
245,245,"Agent 2",1,1321600,1321600,256,10,"__amd_rocclr_fillBufferAligned",256,0,0,8,0,48,"TCC_EA0_RDREQ_32B",0.00000000e+00,222897720985283,222897720986523
245,245,"Agent 2",1,1321600,1321600,256,10,"__amd_rocclr_fillBufferAligned",256,0,0,8,0,48,"TCC_EA0_RDREQ_GMI_32B",0.00000000e+00,222897720985283,222897720986523
246,246,"Agent 2",1,1321600,1321600,2048,10,"__amd_rocclr_fillBufferAligned",256,0,0,8,0,48,"TCC_EA0_RDREQ_32B",0.00000000e+00,222897721074805,222897721076525
246,246,"Agent 2",1,1321600,1321600,2048,10,"__amd_rocclr_fillBufferAligned",256,0,0,8,0,48,"TCC_EA0_RDREQ_GMI_32B",0.00000000e+00,222897721074805,222897721076525
247,247,"Agent 2",1,1321600,1321600,256,10,"__amd_rocclr_fillBufferAligned",256,0,0,8,0,48,"TCC_EA0_RDREQ_32B",0.00000000e+00,222897721159046,222897721160286
247,247,"Agent 2",1,1321600,1321600,256,10,"__amd_rocclr_fillBufferAligned",256,0,0,8,0,48,"TCC_EA0_RDREQ_GMI_32B",0.00000000e+00,222897721159046,222897721160286
248,248,"Agent 2",1,1321600,1321600,2048,10,"__amd_rocclr_fillBufferAligned",256,0,0,8,0,48,"TCC_EA0_RDREQ_32B",0.00000000e+00,222897721246168,222897721247848
248,248,"Agent 2",1,1321600,1321600,2048,10,"__amd_rocclr_fillBufferAligned",256,0,0,8,0,48,"TCC_EA0_RDREQ_GMI_32B",0.00000000e+00,222897721246168,222897721247848
249,249,"Agent 2",1,1321600,1321600,256,10,"__amd_rocclr_fillBufferAligned",256,0,0,8,0,48,"TCC_EA0_RDREQ_32B",0.00000000e+00,222897721325409,222897721326649
249,249,"Agent 2",1,1321600,1321600,256,10,"__amd_rocclr_fillBufferAligned",256,0,0,8,0,48,"TCC_EA0_RDREQ_GMI_32B",0.00000000e+00,222897721325409,222897721326649
250,250,"Agent 2",1,1321600,1321600,2048,10,"__amd_rocclr_fillBufferAligned",256,0,0,8,0,48,"TCC_EA0_RDREQ_32B",0.00000000e+00,222897721412411,222897721414011
250,250,"Agent 2",1,1321600,1321600,2048,10,"__amd_rocclr_fillBufferAligned",256,0,0,8,0,48,"TCC_EA0_RDREQ_GMI_32B",0.00000000e+00,222897721412411,222897721414011
251,251,"Agent 2",1,1321600,1321600,256,10,"__amd_rocclr_fillBufferAligned",256,0,0,8,0,48,"TCC_EA0_RDREQ_32B",0.00000000e+00,222897721498132,222897721499492
251,251,"Agent 2",1,1321600,1321600,256,10,"__amd_rocclr_fillBufferAligned",256,0,0,8,0,48,"TCC_EA0_RDREQ_GMI_32B",0.00000000e+00,222897721498132,222897721499492
252,252,"Agent 2",1,1321600,1321600,2048,10,"__amd_rocclr_fillBufferAligned",256,0,0,8,0,48,"TCC_EA0_RDREQ_32B",0.00000000e+00,222897721587054,222897721588774
252,252,"Agent 2",1,1321600,1321600,2048,10,"__amd_rocclr_fillBufferAligned",256,0,0,8,0,48,"TCC_EA0_RDREQ_GMI_32B",0.00000000e+00,222897721587054,222897721588774
253,253,"Agent 2",1,1321600,1321600,256,10,"__amd_rocclr_fillBufferAligned",256,0,0,8,0,48,"TCC_EA0_RDREQ_32B",0.00000000e+00,222897721667535,222897721668935
253,253,"Agent 2",1,1321600,1321600,256,10,"__amd_rocclr_fillBufferAligned",256,0,0,8,0,48,"TCC_EA0_RDREQ_GMI_32B",0.00000000e+00,222897721667535,222897721668935
254,254,"Agent 2",1,1321600,1321600,2048,10,"__amd_rocclr_fillBufferAligned",256,0,0,8,0,48,"TCC_EA0_RDREQ_32B",0.00000000e+00,222897721758017,222897721759737
254,254,"Agent 2",1,1321600,1321600,2048,10,"__amd_rocclr_fillBufferAligned",256,0,0,8,0,48,"TCC_EA0_RDREQ_GMI_32B",0.00000000e+00,222897721758017,222897721759737
255,255,"Agent 2",1,1321600,1321600,256,10,"__amd_rocclr_fillBufferAligned",256,0,0,8,0,48,"TCC_EA0_RDREQ_32B",0.00000000e+00,222897721835738,222897721837138
255,255,"Agent 2",1,1321600,1321600,256,10,"__amd_rocclr_fillBufferAligned",256,0,0,8,0,48,"TCC_EA0_RDREQ_GMI_32B",0.00000000e+00,222897721835738,222897721837138
256,256,"Agent 2",1,1321600,1321600,2048,10,"__amd_rocclr_fillBufferAligned",256,0,0,8,0,48,"TCC_EA0_RDREQ_32B",0.00000000e+00,222897721922980,222897721924700
256,256,"Agent 2",1,1321600,1321600,2048,10,"__amd_rocclr_fillBufferAligned",256,0,0,8,0,48,"TCC_EA0_RDREQ_GMI_32B",0.00000000e+00,222897721922980,222897721924700
257,257,"Agent 2",1,1321600,1321600,256,10,"__amd_rocclr_fillBufferAligned",256,0,0,8,0,48,"TCC_EA0_RDREQ_32B",0.00000000e+00,222897721999901,222897722001221
257,257,"Agent 2",1,1321600,1321600,256,10,"__amd_rocclr_fillBufferAligned",256,0,0,8,0,48,"TCC_EA0_RDREQ_GMI_32B",0.00000000e+00,222897721999901,222897722001221
258,258,"Agent 2",1,1321600,1321600,2048,10,"__amd_rocclr_fillBufferAligned",256,0,0,8,0,48,"TCC_EA0_RDREQ_32B",0.00000000e+00,222897722085223,222897722086943
258,258,"Agent 2",1,1321600,1321600,2048,10,"__amd_rocclr_fillBufferAligned",256,0,0,8,0,48,"TCC_EA0_RDREQ_GMI_32B",0.00000000e+00,222897722085223,222897722086943
259,259,"Agent 2",1,1321600,1321600,256,10,"__amd_rocclr_fillBufferAligned",256,0,0,8,0,48,"TCC_EA0_RDREQ_32B",0.00000000e+00,222897722167944,222897722169144
259,259,"Agent 2",1,1321600,1321600,256,10,"__amd_rocclr_fillBufferAligned",256,0,0,8,0,48,"TCC_EA0_RDREQ_GMI_32B",0.00000000e+00,222897722167944,222897722169144
260,260,"Agent 2",1,1321600,1321600,2048,10,"__amd_rocclr_fillBufferAligned",256,0,0,8,0,48,"TCC_EA0_RDREQ_32B",0.00000000e+00,222897722255306,222897722257066
260,260,"Agent 2",1,1321600,1321600,2048,10,"__amd_rocclr_fillBufferAligned",256,0,0,8,0,48,"TCC_EA0_RDREQ_GMI_32B",0.00000000e+00,222897722255306,222897722257066
261,261,"Agent 2",1,1321600,1321600,256,10,"__amd_rocclr_fillBufferAligned",256,0,0,8,0,48,"TCC_EA0_RDREQ_32B",0.00000000e+00,222897722340147,222897722341427
261,261,"Agent 2",1,1321600,1321600,256,10,"__amd_rocclr_fillBufferAligned",256,0,0,8,0,48,"TCC_EA0_RDREQ_GMI_32B",0.00000000e+00,222897722340147,222897722341427
262,262,"Agent 2",1,1321600,1321600,2048,10,"__amd_rocclr_fillBufferAligned",256,0,0,8,0,48,"TCC_EA0_RDREQ_32B",0.00000000e+00,222897722423308,222897722424908
262,262,"Agent 2",1,1321600,1321600,2048,10,"__amd_rocclr_fillBufferAligned",256,0,0,8,0,48,"TCC_EA0_RDREQ_GMI_32B",0.00000000e+00,222897722423308,222897722424908
263,263,"Agent 2",1,1321600,1321600,256,10,"__amd_rocclr_fillBufferAligned",256,0,0,8,0,48,"TCC_EA0_RDREQ_32B",0.00000000e+00,222897722501350,222897722502590
263,263,"Agent 2",1,1321600,1321600,256,10,"__amd_rocclr_fillBufferAligned",256,0,0,8,0,48,"TCC_EA0_RDREQ_GMI_32B",0.00000000e+00,222897722501350,222897722502590
264,264,"Agent 2",1,1321600,1321600,2048,10,"__amd_rocclr_fillBufferAligned",256,0,0,8,0,48,"TCC_EA0_RDREQ_32B",0.00000000e+00,222897722589111,222897722590831
264,264,"Agent 2",1,1321600,1321600,2048,10,"__amd_rocclr_fillBufferAligned",256,0,0,8,0,48,"TCC_EA0_RDREQ_GMI_32B",0.00000000e+00,222897722589111,222897722590831
265,265,"Agent 2",1,1321600,1321600,256,10,"__amd_rocclr_fillBufferAligned",256,0,0,8,0,48,"TCC_EA0_RDREQ_32B",0.00000000e+00,222897722672153,222897722673353
265,265,"Agent 2",1,1321600,1321600,256,10,"__amd_rocclr_fillBufferAligned",256,0,0,8,0,48,"TCC_EA0_RDREQ_GMI_32B",0.00000000e+00,222897722672153,222897722673353
266,266,"Agent 2",1,1321600,1321600,2048,10,"__amd_rocclr_fillBufferAligned",256,0,0,8,0,48,"TCC_EA0_RDREQ_32B",0.00000000e+00,222897722762794,222897722764514
266,266,"Agent 2",1,1321600,1321600,2048,10,"__amd_rocclr_fillBufferAligned",256,0,0,8,0,48,"TCC_EA0_RDREQ_GMI_32B",0.00000000e+00,222897722762794,222897722764514
267,267,"Agent 2",1,1321600,1321600,256,10,"__amd_rocclr_fillBufferAligned",256,0,0,8,0,48,"TCC_EA0_RDREQ_32B",0.00000000e+00,222897722843716,222897722845036
267,267,"Agent 2",1,1321600,1321600,256,10,"__amd_rocclr_fillBufferAligned",256,0,0,8,0,48,"TCC_EA0_RDREQ_GMI_32B",0.00000000e+00,222897722843716,222897722845036
268,268,"Agent 2",1,1321600,1321600,2048,10,"__amd_rocclr_fillBufferAligned",256,0,0,8,0,48,"TCC_EA0_RDREQ_32B",0.00000000e+00,222897722930277,222897722932077
268,268,"Agent 2",1,1321600,1321600,2048,10,"__amd_rocclr_fillBufferAligned",256,0,0,8,0,48,"TCC_EA0_RDREQ_GMI_32B",0.00000000e+00,222897722930277,222897722932077
269,269,"Agent 2",1,1321600,1321600,256,10,"__amd_rocclr_fillBufferAligned",256,0,0,8,0,48,"TCC_EA0_RDREQ_32B",0.00000000e+00,222897723009959,222897723011279
269,269,"Agent 2",1,1321600,1321600,256,10,"__amd_rocclr_fillBufferAligned",256,0,0,8,0,48,"TCC_EA0_RDREQ_GMI_32B",0.00000000e+00,222897723009959,222897723011279
270,270,"Agent 2",1,1321600,1321600,2048,10,"__amd_rocclr_fillBufferAligned",256,0,0,8,0,48,"TCC_EA0_RDREQ_32B",0.00000000e+00,222897723096040,222897723097680
270,270,"Agent 2",1,1321600,1321600,2048,10,"__amd_rocclr_fillBufferAligned",256,0,0,8,0,48,"TCC_EA0_RDREQ_GMI_32B",0.00000000e+00,222897723096040,222897723097680
271,271,"Agent 2",1,1321600,1321600,256,10,"__amd_rocclr_fillBufferAligned",256,0,0,8,0,48,"TCC_EA0_RDREQ_32B",0.00000000e+00,222897723179402,222897723180762
271,271,"Agent 2",1,1321600,1321600,256,10,"__amd_rocclr_fillBufferAligned",256,0,0,8,0,48,"TCC_EA0_RDREQ_GMI_32B",0.00000000e+00,222897723179402,222897723180762
272,272,"Agent 2",1,1321600,1321600,2048,10,"__amd_rocclr_fillBufferAligned",256,0,0,8,0,48,"TCC_EA0_RDREQ_32B",0.00000000e+00,222897723265443,222897723267123
272,272,"Agent 2",1,1321600,1321600,2048,10,"__amd_rocclr_fillBufferAligned",256,0,0,8,0,48,"TCC_EA0_RDREQ_GMI_32B",0.00000000e+00,222897723265443,222897723267123
273,273,"Agent 2",1,1321600,1321600,256,10,"__amd_rocclr_fillBufferAligned",256,0,0,8,0,48,"TCC_EA0_RDREQ_32B",0.00000000e+00,222897723346445,222897723347765
273,273,"Agent 2",1,1321600,1321600,256,10,"__amd_rocclr_fillBufferAligned",256,0,0,8,0,48,"TCC_EA0_RDREQ_GMI_32B",0.00000000e+00,222897723346445,222897723347765
274,274,"Agent 2",1,1321600,1321600,2048,10,"__amd_rocclr_fillBufferAligned",256,0,0,8,0,48,"TCC_EA0_RDREQ_32B",0.00000000e+00,222897723432246,222897723434006
274,274,"Agent 2",1,1321600,1321600,2048,10,"__amd_rocclr_fillBufferAligned",256,0,0,8,0,48,"TCC_EA0_RDREQ_GMI_32B",0.00000000e+00,222897723432246,222897723434006
275,275,"Agent 2",1,1321600,1321600,256,10,"__amd_rocclr_fillBufferAligned",256,0,0,8,0,48,"TCC_EA0_RDREQ_32B",0.00000000e+00,222897723512607,222897723513807
275,275,"Agent 2",1,1321600,1321600,256,10,"__amd_rocclr_fillBufferAligned",256,0,0,8,0,48,"TCC_EA0_RDREQ_GMI_32B",0.00000000e+00,222897723512607,222897723513807
276,276,"Agent 2",1,1321600,1321600,2048,10,"__amd_rocclr_fillBufferAligned",256,0,0,8,0,48,"TCC_EA0_RDREQ_32B",0.00000000e+00,222897723600449,222897723602129
276,276,"Agent 2",1,1321600,1321600,2048,10,"__amd_rocclr_fillBufferAligned",256,0,0,8,0,48,"TCC_EA0_RDREQ_GMI_32B",0.00000000e+00,222897723600449,222897723602129
277,277,"Agent 2",1,1321600,1321600,256,10,"__amd_rocclr_fillBufferAligned",256,0,0,8,0,48,"TCC_EA0_RDREQ_32B",0.00000000e+00,222897723688051,222897723689331
277,277,"Agent 2",1,1321600,1321600,256,10,"__amd_rocclr_fillBufferAligned",256,0,0,8,0,48,"TCC_EA0_RDREQ_GMI_32B",0.00000000e+00,222897723688051,222897723689331
278,278,"Agent 2",1,1321600,1321600,2048,10,"__amd_rocclr_fillBufferAligned",256,0,0,8,0,48,"TCC_EA0_RDREQ_32B",0.00000000e+00,222897723774652,222897723776332
278,278,"Agent 2",1,1321600,1321600,2048,10,"__amd_rocclr_fillBufferAligned",256,0,0,8,0,48,"TCC_EA0_RDREQ_GMI_32B",0.00000000e+00,222897723774652,222897723776332
279,279,"Agent 2",1,1321600,1321600,256,10,"__amd_rocclr_fillBufferAligned",256,0,0,8,0,48,"TCC_EA0_RDREQ_32B",0.00000000e+00,222897723853813,222897723855053
279,279,"Agent 2",1,1321600,1321600,256,10,"__amd_rocclr_fillBufferAligned",256,0,0,8,0,48,"TCC_EA0_RDREQ_GMI_32B",0.00000000e+00,222897723853813,222897723855053
280,280,"Agent 2",1,1321600,1321600,2048,10,"__amd_rocclr_fillBufferAligned",256,0,0,8,0,48,"TCC_EA0_RDREQ_32B",0.00000000e+00,222897723941095,222897723942775
280,280,"Agent 2",1,1321600,1321600,2048,10,"__amd_rocclr_fillBufferAligned",256,0,0,8,0,48,"TCC_EA0_RDREQ_GMI_32B",0.00000000e+00,222897723941095,222897723942775
281,281,"Agent 2",1,1321600,1321600,256,10,"__amd_rocclr_fillBufferAligned",256,0,0,8,0,48,"TCC_EA0_RDREQ_32B",0.00000000e+00,222897724023736,222897724024976
281,281,"Agent 2",1,1321600,1321600,256,10,"__amd_rocclr_fillBufferAligned",256,0,0,8,0,48,"TCC_EA0_RDREQ_GMI_32B",0.00000000e+00,222897724023736,222897724024976
282,282,"Agent 2",1,1321600,1321600,2048,10,"__amd_rocclr_fillBufferAligned",256,0,0,8,0,48,"TCC_EA0_RDREQ_32B",0.00000000e+00,222897724109338,222897724111138
282,282,"Agent 2",1,1321600,1321600,2048,10,"__amd_rocclr_fillBufferAligned",256,0,0,8,0,48,"TCC_EA0_RDREQ_GMI_32B",0.00000000e+00,222897724109338,222897724111138
283,283,"Agent 2",1,1321600,1321600,256,10,"__amd_rocclr_fillBufferAligned",256,0,0,8,0,48,"TCC_EA0_RDREQ_32B",0.00000000e+00,222897724189299,222897724190619
283,283,"Agent 2",1,1321600,1321600,256,10,"__amd_rocclr_fillBufferAligned",256,0,0,8,0,48,"TCC_EA0_RDREQ_GMI_32B",0.00000000e+00,222897724189299,222897724190619
284,284,"Agent 2",1,1321600,1321600,2048,10,"__amd_rocclr_fillBufferAligned",256,0,0,8,0,48,"TCC_EA0_RDREQ_32B",0.00000000e+00,222897724278621,222897724280461
284,284,"Agent 2",1,1321600,1321600,2048,10,"__amd_rocclr_fillBufferAligned",256,0,0,8,0,48,"TCC_EA0_RDREQ_GMI_32B",0.00000000e+00,222897724278621,222897724280461
285,285,"Agent 2",1,1321600,1321600,256,10,"__amd_rocclr_fillBufferAligned",256,0,0,8,0,48,"TCC_EA0_RDREQ_32B",0.00000000e+00,222897724358662,222897724359982
285,285,"Agent 2",1,1321600,1321600,256,10,"__amd_rocclr_fillBufferAligned",256,0,0,8,0,48,"TCC_EA0_RDREQ_GMI_32B",0.00000000e+00,222897724358662,222897724359982
286,286,"Agent 2",1,1321600,1321600,2048,10,"__amd_rocclr_fillBufferAligned",256,0,0,8,0,48,"TCC_EA0_RDREQ_32B",0.00000000e+00,222897724448184,222897724449824
286,286,"Agent 2",1,1321600,1321600,2048,10,"__amd_rocclr_fillBufferAligned",256,0,0,8,0,48,"TCC_EA0_RDREQ_GMI_32B",0.00000000e+00,222897724448184,222897724449824
287,287,"Agent 2",1,1321600,1321600,256,10,"__amd_rocclr_fillBufferAligned",256,0,0,8,0,48,"TCC_EA0_RDREQ_32B",0.00000000e+00,222897724529505,222897724530865
287,287,"Agent 2",1,1321600,1321600,256,10,"__amd_rocclr_fillBufferAligned",256,0,0,8,0,48,"TCC_EA0_RDREQ_GMI_32B",0.00000000e+00,222897724529505,222897724530865
288,288,"Agent 2",1,1321600,1321600,2048,10,"__amd_rocclr_fillBufferAligned",256,0,0,8,0,48,"TCC_EA0_RDREQ_32B",0.00000000e+00,222897724618747,222897724620427
288,288,"Agent 2",1,1321600,1321600,2048,10,"__amd_rocclr_fillBufferAligned",256,0,0,8,0,48,"TCC_EA0_RDREQ_GMI_32B",0.00000000e+00,222897724618747,222897724620427
289,289,"Agent 2",1,1321600,1321600,256,10,"__amd_rocclr_fillBufferAligned",256,0,0,8,0,48,"TCC_EA0_RDREQ_32B",0.00000000e+00,222897724702028,222897724703348
289,289,"Agent 2",1,1321600,1321600,256,10,"__amd_rocclr_fillBufferAligned",256,0,0,8,0,48,"TCC_EA0_RDREQ_GMI_32B",0.00000000e+00,222897724702028,222897724703348
290,290,"Agent 2",1,1321600,1321600,2048,10,"__amd_rocclr_fillBufferAligned",256,0,0,8,0,48,"TCC_EA0_RDREQ_32B",0.00000000e+00,222897724791630,222897724793390
290,290,"Agent 2",1,1321600,1321600,2048,10,"__amd_rocclr_fillBufferAligned",256,0,0,8,0,48,"TCC_EA0_RDREQ_GMI_32B",0.00000000e+00,222897724791630,222897724793390
291,291,"Agent 2",1,1321600,1321600,256,10,"__amd_rocclr_fillBufferAligned",256,0,0,8,0,48,"TCC_EA0_RDREQ_32B",0.00000000e+00,222897724878191,222897724879391
291,291,"Agent 2",1,1321600,1321600,256,10,"__amd_rocclr_fillBufferAligned",256,0,0,8,0,48,"TCC_EA0_RDREQ_GMI_32B",0.00000000e+00,222897724878191,222897724879391
292,292,"Agent 2",1,1321600,1321600,2048,10,"__amd_rocclr_fillBufferAligned",256,0,0,8,0,48,"TCC_EA0_RDREQ_32B",0.00000000e+00,222897724966993,222897724968633
292,292,"Agent 2",1,1321600,1321600,2048,10,"__amd_rocclr_fillBufferAligned",256,0,0,8,0,48,"TCC_EA0_RDREQ_GMI_32B",0.00000000e+00,222897724966993,222897724968633
293,293,"Agent 2",1,1321600,1321600,256,10,"__amd_rocclr_fillBufferAligned",256,0,0,8,0,48,"TCC_EA0_RDREQ_32B",0.00000000e+00,222897725046022,222897725047262
293,293,"Agent 2",1,1321600,1321600,256,10,"__amd_rocclr_fillBufferAligned",256,0,0,8,0,48,"TCC_EA0_RDREQ_GMI_32B",0.00000000e+00,222897725046022,222897725047262
294,294,"Agent 2",1,1321600,1321600,2048,10,"__amd_rocclr_fillBufferAligned",256,0,0,8,0,48,"TCC_EA0_RDREQ_32B",0.00000000e+00,222897725135222,222897725136902
294,294,"Agent 2",1,1321600,1321600,2048,10,"__amd_rocclr_fillBufferAligned",256,0,0,8,0,48,"TCC_EA0_RDREQ_GMI_32B",0.00000000e+00,222897725135222,222897725136902
295,295,"Agent 2",1,1321600,1321600,256,10,"__amd_rocclr_fillBufferAligned",256,0,0,8,0,48,"TCC_EA0_RDREQ_32B",0.00000000e+00,222897725214743,222897725216023
295,295,"Agent 2",1,1321600,1321600,256,10,"__amd_rocclr_fillBufferAligned",256,0,0,8,0,48,"TCC_EA0_RDREQ_GMI_32B",0.00000000e+00,222897725214743,222897725216023
296,296,"Agent 2",1,1321600,1321600,2048,10,"__amd_rocclr_fillBufferAligned",256,0,0,8,0,48,"TCC_EA0_RDREQ_32B",0.00000000e+00,222897725301544,222897725303344
296,296,"Agent 2",1,1321600,1321600,2048,10,"__amd_rocclr_fillBufferAligned",256,0,0,8,0,48,"TCC_EA0_RDREQ_GMI_32B",0.00000000e+00,222897725301544,222897725303344
297,297,"Agent 2",1,1321600,1321600,256,10,"__amd_rocclr_fillBufferAligned",256,0,0,8,0,48,"TCC_EA0_RDREQ_32B",0.00000000e+00,222897725382985,222897725384225
297,297,"Agent 2",1,1321600,1321600,256,10,"__amd_rocclr_fillBufferAligned",256,0,0,8,0,48,"TCC_EA0_RDREQ_GMI_32B",0.00000000e+00,222897725382985,222897725384225
298,298,"Agent 2",1,1321600,1321600,2048,10,"__amd_rocclr_fillBufferAligned",256,0,0,8,0,48,"TCC_EA0_RDREQ_32B",0.00000000e+00,222897725470787,222897725472507
298,298,"Agent 2",1,1321600,1321600,2048,10,"__amd_rocclr_fillBufferAligned",256,0,0,8,0,48,"TCC_EA0_RDREQ_GMI_32B",0.00000000e+00,222897725470787,222897725472507
299,299,"Agent 2",1,1321600,1321600,256,10,"__amd_rocclr_fillBufferAligned",256,0,0,8,0,48,"TCC_EA0_RDREQ_32B",0.00000000e+00,222897725554388,222897725555748
299,299,"Agent 2",1,1321600,1321600,256,10,"__amd_rocclr_fillBufferAligned",256,0,0,8,0,48,"TCC_EA0_RDREQ_GMI_32B",0.00000000e+00,222897725554388,222897725555748
300,300,"Agent 2",1,1321600,1321600,2048,10,"__amd_rocclr_fillBufferAligned",256,0,0,8,0,48,"TCC_EA0_RDREQ_32B",0.00000000e+00,222897725641069,222897725642749
300,300,"Agent 2",1,1321600,1321600,2048,10,"__amd_rocclr_fillBufferAligned",256,0,0,8,0,48,"TCC_EA0_RDREQ_GMI_32B",0.00000000e+00,222897725641069,222897725642749
301,301,"Agent 2",1,1321600,1321600,256,10,"__amd_rocclr_fillBufferAligned",256,0,0,8,0,48,"TCC_EA0_RDREQ_32B",0.00000000e+00,222897725722990,222897725724310
301,301,"Agent 2",1,1321600,1321600,256,10,"__amd_rocclr_fillBufferAligned",256,0,0,8,0,48,"TCC_EA0_RDREQ_GMI_32B",0.00000000e+00,222897725722990,222897725724310
302,302,"Agent 2",1,1321600,1321600,2048,10,"__amd_rocclr_fillBufferAligned",256,0,0,8,0,48,"TCC_EA0_RDREQ_32B",0.00000000e+00,222897725809311,222897725810991
302,302,"Agent 2",1,1321600,1321600,2048,10,"__amd_rocclr_fillBufferAligned",256,0,0,8,0,48,"TCC_EA0_RDREQ_GMI_32B",0.00000000e+00,222897725809311,222897725810991
303,303,"Agent 2",1,1321600,1321600,256,10,"__amd_rocclr_fillBufferAligned",256,0,0,8,0,48,"TCC_EA0_RDREQ_32B",0.00000000e+00,222897725890272,222897725891592
303,303,"Agent 2",1,1321600,1321600,256,10,"__amd_rocclr_fillBufferAligned",256,0,0,8,0,48,"TCC_EA0_RDREQ_GMI_32B",0.00000000e+00,222897725890272,222897725891592
304,304,"Agent 2",1,1321600,1321600,2048,10,"__amd_rocclr_fillBufferAligned",256,0,0,8,0,48,"TCC_EA0_RDREQ_32B",0.00000000e+00,222897725978354,222897725980074
304,304,"Agent 2",1,1321600,1321600,2048,10,"__amd_rocclr_fillBufferAligned",256,0,0,8,0,48,"TCC_EA0_RDREQ_GMI_32B",0.00000000e+00,222897725978354,222897725980074
305,305,"Agent 2",1,1321600,1321600,256,10,"__amd_rocclr_fillBufferAligned",256,0,0,8,0,48,"TCC_EA0_RDREQ_32B",0.00000000e+00,222897726058395,222897726059755
305,305,"Agent 2",1,1321600,1321600,256,10,"__amd_rocclr_fillBufferAligned",256,0,0,8,0,48,"TCC_EA0_RDREQ_GMI_32B",0.00000000e+00,222897726058395,222897726059755
306,306,"Agent 2",1,1321600,1321600,2048,10,"__amd_rocclr_fillBufferAligned",256,0,0,8,0,48,"TCC_EA0_RDREQ_32B",0.00000000e+00,222897726150956,222897726152676
306,306,"Agent 2",1,1321600,1321600,2048,10,"__amd_rocclr_fillBufferAligned",256,0,0,8,0,48,"TCC_EA0_RDREQ_GMI_32B",0.00000000e+00,222897726150956,222897726152676
307,307,"Agent 2",1,1321600,1321600,256,10,"__amd_rocclr_fillBufferAligned",256,0,0,8,0,48,"TCC_EA0_RDREQ_32B",0.00000000e+00,222897726235077,222897726236277
307,307,"Agent 2",1,1321600,1321600,256,10,"__amd_rocclr_fillBufferAligned",256,0,0,8,0,48,"TCC_EA0_RDREQ_GMI_32B",0.00000000e+00,222897726235077,222897726236277
308,308,"Agent 2",1,1321600,1321600,2048,10,"__amd_rocclr_fillBufferAligned",256,0,0,8,0,48,"TCC_EA0_RDREQ_32B",0.00000000e+00,222897726322238,222897726323958
308,308,"Agent 2",1,1321600,1321600,2048,10,"__amd_rocclr_fillBufferAligned",256,0,0,8,0,48,"TCC_EA0_RDREQ_GMI_32B",0.00000000e+00,222897726322238,222897726323958
309,309,"Agent 2",1,1321600,1321600,256,10,"__amd_rocclr_fillBufferAligned",256,0,0,8,0,48,"TCC_EA0_RDREQ_32B",0.00000000e+00,222897726403400,222897726404640
309,309,"Agent 2",1,1321600,1321600,256,10,"__amd_rocclr_fillBufferAligned",256,0,0,8,0,48,"TCC_EA0_RDREQ_GMI_32B",0.00000000e+00,222897726403400,222897726404640
310,310,"Agent 2",1,1321600,1321600,2048,10,"__amd_rocclr_fillBufferAligned",256,0,0,8,0,48,"TCC_EA0_RDREQ_32B",0.00000000e+00,222897726489001,222897726490601
310,310,"Agent 2",1,1321600,1321600,2048,10,"__amd_rocclr_fillBufferAligned",256,0,0,8,0,48,"TCC_EA0_RDREQ_GMI_32B",0.00000000e+00,222897726489001,222897726490601
311,311,"Agent 2",1,1321600,1321600,256,10,"__amd_rocclr_fillBufferAligned",256,0,0,8,0,48,"TCC_EA0_RDREQ_32B",0.00000000e+00,222897726569842,222897726571082
311,311,"Agent 2",1,1321600,1321600,256,10,"__amd_rocclr_fillBufferAligned",256,0,0,8,0,48,"TCC_EA0_RDREQ_GMI_32B",0.00000000e+00,222897726569842,222897726571082
312,312,"Agent 2",1,1321600,1321600,2048,10,"__amd_rocclr_fillBufferAligned",256,0,0,8,0,48,"TCC_EA0_RDREQ_32B",0.00000000e+00,222897726656603,222897726658323
312,312,"Agent 2",1,1321600,1321600,2048,10,"__amd_rocclr_fillBufferAligned",256,0,0,8,0,48,"TCC_EA0_RDREQ_GMI_32B",0.00000000e+00,222897726656603,222897726658323
313,313,"Agent 2",1,1321600,1321600,256,10,"__amd_rocclr_fillBufferAligned",256,0,0,8,0,48,"TCC_EA0_RDREQ_32B",0.00000000e+00,222897726741644,222897726742844
313,313,"Agent 2",1,1321600,1321600,256,10,"__amd_rocclr_fillBufferAligned",256,0,0,8,0,48,"TCC_EA0_RDREQ_GMI_32B",0.00000000e+00,222897726741644,222897726742844
314,314,"Agent 2",1,1321600,1321600,2048,10,"__amd_rocclr_fillBufferAligned",256,0,0,8,0,48,"TCC_EA0_RDREQ_32B",0.00000000e+00,222897726829845,222897726831485
314,314,"Agent 2",1,1321600,1321600,2048,10,"__amd_rocclr_fillBufferAligned",256,0,0,8,0,48,"TCC_EA0_RDREQ_GMI_32B",0.00000000e+00,222897726829845,222897726831485
315,315,"Agent 2",1,1321600,1321600,256,10,"__amd_rocclr_fillBufferAligned",256,0,0,8,0,48,"TCC_EA0_RDREQ_32B",0.00000000e+00,222897726913247,222897726914607
315,315,"Agent 2",1,1321600,1321600,256,10,"__amd_rocclr_fillBufferAligned",256,0,0,8,0,48,"TCC_EA0_RDREQ_GMI_32B",0.00000000e+00,222897726913247,222897726914607
316,316,"Agent 2",1,1321600,1321600,2048,10,"__amd_rocclr_fillBufferAligned",256,0,0,8,0,48,"TCC_EA0_RDREQ_32B",0.00000000e+00,222897727000208,222897727001888
316,316,"Agent 2",1,1321600,1321600,2048,10,"__amd_rocclr_fillBufferAligned",256,0,0,8,0,48,"TCC_EA0_RDREQ_GMI_32B",0.00000000e+00,222897727000208,222897727001888
317,317,"Agent 2",1,1321600,1321600,256,10,"__amd_rocclr_fillBufferAligned",256,0,0,8,0,48,"TCC_EA0_RDREQ_32B",0.00000000e+00,222897727081769,222897727083089
317,317,"Agent 2",1,1321600,1321600,256,10,"__amd_rocclr_fillBufferAligned",256,0,0,8,0,48,"TCC_EA0_RDREQ_GMI_32B",0.00000000e+00,222897727081769,222897727083089
318,318,"Agent 2",1,1321600,1321600,2048,10,"__amd_rocclr_fillBufferAligned",256,0,0,8,0,48,"TCC_EA0_RDREQ_32B",0.00000000e+00,222897727171570,222897727173410
318,318,"Agent 2",1,1321600,1321600,2048,10,"__amd_rocclr_fillBufferAligned",256,0,0,8,0,48,"TCC_EA0_RDREQ_GMI_32B",0.00000000e+00,222897727171570,222897727173410
319,319,"Agent 2",1,1321600,1321600,256,10,"__amd_rocclr_fillBufferAligned",256,0,0,8,0,48,"TCC_EA0_RDREQ_32B",0.00000000e+00,222897727254251,222897727255611
319,319,"Agent 2",1,1321600,1321600,256,10,"__amd_rocclr_fillBufferAligned",256,0,0,8,0,48,"TCC_EA0_RDREQ_GMI_32B",0.00000000e+00,222897727254251,222897727255611
320,320,"Agent 2",1,1321600,1321600,2048,10,"__amd_rocclr_fillBufferAligned",256,0,0,8,0,48,"TCC_EA0_RDREQ_32B",0.00000000e+00,222897727341373,222897727343173
320,320,"Agent 2",1,1321600,1321600,2048,10,"__amd_rocclr_fillBufferAligned",256,0,0,8,0,48,"TCC_EA0_RDREQ_GMI_32B",0.00000000e+00,222897727341373,222897727343173
321,321,"Agent 2",1,1321600,1321600,256,10,"__amd_rocclr_fillBufferAligned",256,0,0,8,0,48,"TCC_EA0_RDREQ_32B",0.00000000e+00,222897727424174,222897727425534
321,321,"Agent 2",1,1321600,1321600,256,10,"__amd_rocclr_fillBufferAligned",256,0,0,8,0,48,"TCC_EA0_RDREQ_GMI_32B",0.00000000e+00,222897727424174,222897727425534
322,322,"Agent 2",1,1321600,1321600,2048,10,"__amd_rocclr_fillBufferAligned",256,0,0,8,0,48,"TCC_EA0_RDREQ_32B",0.00000000e+00,222897727513055,222897727514775
322,322,"Agent 2",1,1321600,1321600,2048,10,"__amd_rocclr_fillBufferAligned",256,0,0,8,0,48,"TCC_EA0_RDREQ_GMI_32B",0.00000000e+00,222897727513055,222897727514775
323,323,"Agent 2",1,1321600,1321600,256,10,"__amd_rocclr_fillBufferAligned",256,0,0,8,0,48,"TCC_EA0_RDREQ_32B",0.00000000e+00,222897727597656,222897727598856
323,323,"Agent 2",1,1321600,1321600,256,10,"__amd_rocclr_fillBufferAligned",256,0,0,8,0,48,"TCC_EA0_RDREQ_GMI_32B",0.00000000e+00,222897727597656,222897727598856
324,324,"Agent 2",1,1321600,1321600,2048,10,"__amd_rocclr_fillBufferAligned",256,0,0,8,0,48,"TCC_EA0_RDREQ_32B",0.00000000e+00,222897727680937,222897727682657
324,324,"Agent 2",1,1321600,1321600,2048,10,"__amd_rocclr_fillBufferAligned",256,0,0,8,0,48,"TCC_EA0_RDREQ_GMI_32B",0.00000000e+00,222897727680937,222897727682657
325,325,"Agent 2",1,1321600,1321600,256,10,"__amd_rocclr_fillBufferAligned",256,0,0,8,0,48,"TCC_EA0_RDREQ_32B",0.00000000e+00,222897727763258,222897727764458
325,325,"Agent 2",1,1321600,1321600,256,10,"__amd_rocclr_fillBufferAligned",256,0,0,8,0,48,"TCC_EA0_RDREQ_GMI_32B",0.00000000e+00,222897727763258,222897727764458
326,326,"Agent 2",1,1321600,1321600,2048,10,"__amd_rocclr_fillBufferAligned",256,0,0,8,0,48,"TCC_EA0_RDREQ_32B",0.00000000e+00,222897727849900,222897727851580
326,326,"Agent 2",1,1321600,1321600,2048,10,"__amd_rocclr_fillBufferAligned",256,0,0,8,0,48,"TCC_EA0_RDREQ_GMI_32B",0.00000000e+00,222897727849900,222897727851580
327,327,"Agent 2",1,1321600,1321600,256,10,"__amd_rocclr_fillBufferAligned",256,0,0,8,0,48,"TCC_EA0_RDREQ_32B",0.00000000e+00,222897727931181,222897727932461
327,327,"Agent 2",1,1321600,1321600,256,10,"__amd_rocclr_fillBufferAligned",256,0,0,8,0,48,"TCC_EA0_RDREQ_GMI_32B",0.00000000e+00,222897727931181,222897727932461
328,328,"Agent 2",1,1321600,1321600,2048,10,"__amd_rocclr_fillBufferAligned",256,0,0,8,0,48,"TCC_EA0_RDREQ_32B",0.00000000e+00,222897728019262,222897728020942
328,328,"Agent 2",1,1321600,1321600,2048,10,"__amd_rocclr_fillBufferAligned",256,0,0,8,0,48,"TCC_EA0_RDREQ_GMI_32B",0.00000000e+00,222897728019262,222897728020942
329,329,"Agent 2",1,1321600,1321600,256,10,"__amd_rocclr_fillBufferAligned",256,0,0,8,0,48,"TCC_EA0_RDREQ_32B",0.00000000e+00,222897728104743,222897728105983
329,329,"Agent 2",1,1321600,1321600,256,10,"__amd_rocclr_fillBufferAligned",256,0,0,8,0,48,"TCC_EA0_RDREQ_GMI_32B",0.00000000e+00,222897728104743,222897728105983
330,330,"Agent 2",1,1321600,1321600,2048,10,"__amd_rocclr_fillBufferAligned",256,0,0,8,0,48,"TCC_EA0_RDREQ_32B",0.00000000e+00,222897728195504,222897728197104
330,330,"Agent 2",1,1321600,1321600,2048,10,"__amd_rocclr_fillBufferAligned",256,0,0,8,0,48,"TCC_EA0_RDREQ_GMI_32B",0.00000000e+00,222897728195504,222897728197104
331,331,"Agent 2",1,1321600,1321600,256,10,"__amd_rocclr_fillBufferAligned",256,0,0,8,0,48,"TCC_EA0_RDREQ_32B",0.00000000e+00,222897728275905,222897728277225
331,331,"Agent 2",1,1321600,1321600,256,10,"__amd_rocclr_fillBufferAligned",256,0,0,8,0,48,"TCC_EA0_RDREQ_GMI_32B",0.00000000e+00,222897728275905,222897728277225
332,332,"Agent 2",1,1321600,1321600,2048,10,"__amd_rocclr_fillBufferAligned",256,0,0,8,0,48,"TCC_EA0_RDREQ_32B",0.00000000e+00,222897728363387,222897728365227
332,332,"Agent 2",1,1321600,1321600,2048,10,"__amd_rocclr_fillBufferAligned",256,0,0,8,0,48,"TCC_EA0_RDREQ_GMI_32B",0.00000000e+00,222897728363387,222897728365227
333,333,"Agent 2",1,1321600,1321600,256,10,"__amd_rocclr_fillBufferAligned",256,0,0,8,0,48,"TCC_EA0_RDREQ_32B",0.00000000e+00,222897728446508,222897728447908
333,333,"Agent 2",1,1321600,1321600,256,10,"__amd_rocclr_fillBufferAligned",256,0,0,8,0,48,"TCC_EA0_RDREQ_GMI_32B",0.00000000e+00,222897728446508,222897728447908
334,334,"Agent 2",1,1321600,1321600,2048,10,"__amd_rocclr_fillBufferAligned",256,0,0,8,0,48,"TCC_EA0_RDREQ_32B",0.00000000e+00,222897728532949,222897728534749
334,334,"Agent 2",1,1321600,1321600,2048,10,"__amd_rocclr_fillBufferAligned",256,0,0,8,0,48,"TCC_EA0_RDREQ_GMI_32B",0.00000000e+00,222897728532949,222897728534749
335,335,"Agent 2",1,1321600,1321600,256,10,"__amd_rocclr_fillBufferAligned",256,0,0,8,0,48,"TCC_EA0_RDREQ_32B",0.00000000e+00,222897728617430,222897728618750
335,335,"Agent 2",1,1321600,1321600,256,10,"__amd_rocclr_fillBufferAligned",256,0,0,8,0,48,"TCC_EA0_RDREQ_GMI_32B",0.00000000e+00,222897728617430,222897728618750
336,336,"Agent 2",1,1321600,1321600,2048,10,"__amd_rocclr_fillBufferAligned",256,0,0,8,0,48,"TCC_EA0_RDREQ_32B",0.00000000e+00,222897728701111,222897728702831
336,336,"Agent 2",1,1321600,1321600,2048,10,"__amd_rocclr_fillBufferAligned",256,0,0,8,0,48,"TCC_EA0_RDREQ_GMI_32B",0.00000000e+00,222897728701111,222897728702831
337,337,"Agent 2",1,1321600,1321600,256,10,"__amd_rocclr_fillBufferAligned",256,0,0,8,0,48,"TCC_EA0_RDREQ_32B",0.00000000e+00,222897728782792,222897728784152
337,337,"Agent 2",1,1321600,1321600,256,10,"__amd_rocclr_fillBufferAligned",256,0,0,8,0,48,"TCC_EA0_RDREQ_GMI_32B",0.00000000e+00,222897728782792,222897728784152
338,338,"Agent 2",1,1321600,1321600,2048,10,"__amd_rocclr_fillBufferAligned",256,0,0,8,0,48,"TCC_EA0_RDREQ_32B",0.00000000e+00,222897728868874,222897728870594
338,338,"Agent 2",1,1321600,1321600,2048,10,"__amd_rocclr_fillBufferAligned",256,0,0,8,0,48,"TCC_EA0_RDREQ_GMI_32B",0.00000000e+00,222897728868874,222897728870594
339,339,"Agent 2",1,1321600,1321600,256,10,"__amd_rocclr_fillBufferAligned",256,0,0,8,0,48,"TCC_EA0_RDREQ_32B",0.00000000e+00,222897728949675,222897728950915
339,339,"Agent 2",1,1321600,1321600,256,10,"__amd_rocclr_fillBufferAligned",256,0,0,8,0,48,"TCC_EA0_RDREQ_GMI_32B",0.00000000e+00,222897728949675,222897728950915
340,340,"Agent 2",1,1321600,1321600,2048,10,"__amd_rocclr_fillBufferAligned",256,0,0,8,0,48,"TCC_EA0_RDREQ_32B",0.00000000e+00,222897729037716,222897729039436
340,340,"Agent 2",1,1321600,1321600,2048,10,"__amd_rocclr_fillBufferAligned",256,0,0,8,0,48,"TCC_EA0_RDREQ_GMI_32B",0.00000000e+00,222897729037716,222897729039436
341,341,"Agent 2",1,1321600,1321600,256,10,"__amd_rocclr_fillBufferAligned",256,0,0,8,0,48,"TCC_EA0_RDREQ_32B",0.00000000e+00,222897729118117,222897729119397
341,341,"Agent 2",1,1321600,1321600,256,10,"__amd_rocclr_fillBufferAligned",256,0,0,8,0,48,"TCC_EA0_RDREQ_GMI_32B",0.00000000e+00,222897729118117,222897729119397
342,342,"Agent 2",1,1321600,1321600,2048,10,"__amd_rocclr_fillBufferAligned",256,0,0,8,0,48,"TCC_EA0_RDREQ_32B",0.00000000e+00,222897729206878,222897729208518
342,342,"Agent 2",1,1321600,1321600,2048,10,"__amd_rocclr_fillBufferAligned",256,0,0,8,0,48,"TCC_EA0_RDREQ_GMI_32B",0.00000000e+00,222897729206878,222897729208518
343,343,"Agent 2",1,1321600,1321600,256,10,"__amd_rocclr_fillBufferAligned",256,0,0,8,0,48,"TCC_EA0_RDREQ_32B",0.00000000e+00,222897729286039,222897729287239
343,343,"Agent 2",1,1321600,1321600,256,10,"__amd_rocclr_fillBufferAligned",256,0,0,8,0,48,"TCC_EA0_RDREQ_GMI_32B",0.00000000e+00,222897729286039,222897729287239
344,344,"Agent 2",1,1321600,1321600,2048,10,"__amd_rocclr_fillBufferAligned",256,0,0,8,0,48,"TCC_EA0_RDREQ_32B",0.00000000e+00,222897729375041,222897729376841
344,344,"Agent 2",1,1321600,1321600,2048,10,"__amd_rocclr_fillBufferAligned",256,0,0,8,0,48,"TCC_EA0_RDREQ_GMI_32B",0.00000000e+00,222897729375041,222897729376841
345,345,"Agent 2",1,1321600,1321600,256,10,"__amd_rocclr_fillBufferAligned",256,0,0,8,0,48,"TCC_EA0_RDREQ_32B",0.00000000e+00,222897729456642,222897729457842
345,345,"Agent 2",1,1321600,1321600,256,10,"__amd_rocclr_fillBufferAligned",256,0,0,8,0,48,"TCC_EA0_RDREQ_GMI_32B",0.00000000e+00,222897729456642,222897729457842
346,346,"Agent 2",1,1321600,1321600,2048,10,"__amd_rocclr_fillBufferAligned",256,0,0,8,0,48,"TCC_EA0_RDREQ_32B",0.00000000e+00,222897729540483,222897729542083
346,346,"Agent 2",1,1321600,1321600,2048,10,"__amd_rocclr_fillBufferAligned",256,0,0,8,0,48,"TCC_EA0_RDREQ_GMI_32B",0.00000000e+00,222897729540483,222897729542083
347,347,"Agent 2",1,1321600,1321600,256,10,"__amd_rocclr_fillBufferAligned",256,0,0,8,0,48,"TCC_EA0_RDREQ_32B",0.00000000e+00,222897729617404,222897729618724
347,347,"Agent 2",1,1321600,1321600,256,10,"__amd_rocclr_fillBufferAligned",256,0,0,8,0,48,"TCC_EA0_RDREQ_GMI_32B",0.00000000e+00,222897729617404,222897729618724
348,348,"Agent 2",1,1321600,1321600,2048,10,"__amd_rocclr_fillBufferAligned",256,0,0,8,0,48,"TCC_EA0_RDREQ_32B",0.00000000e+00,222897729706605,222897729708405
348,348,"Agent 2",1,1321600,1321600,2048,10,"__amd_rocclr_fillBufferAligned",256,0,0,8,0,48,"TCC_EA0_RDREQ_GMI_32B",0.00000000e+00,222897729706605,222897729708405
349,349,"Agent 2",1,1321600,1321600,256,10,"__amd_rocclr_fillBufferAligned",256,0,0,8,0,48,"TCC_EA0_RDREQ_32B",0.00000000e+00,222897729789126,222897729790486
349,349,"Agent 2",1,1321600,1321600,256,10,"__amd_rocclr_fillBufferAligned",256,0,0,8,0,48,"TCC_EA0_RDREQ_GMI_32B",0.00000000e+00,222897729789126,222897729790486
350,350,"Agent 2",1,1321600,1321600,2048,10,"__amd_rocclr_fillBufferAligned",256,0,0,8,0,48,"TCC_EA0_RDREQ_32B",0.00000000e+00,222897729874688,222897729876408
350,350,"Agent 2",1,1321600,1321600,2048,10,"__amd_rocclr_fillBufferAligned",256,0,0,8,0,48,"TCC_EA0_RDREQ_GMI_32B",0.00000000e+00,222897729874688,222897729876408
351,351,"Agent 2",1,1321600,1321600,256,10,"__amd_rocclr_fillBufferAligned",256,0,0,8,0,48,"TCC_EA0_RDREQ_32B",0.00000000e+00,222897729960929,222897729962249
351,351,"Agent 2",1,1321600,1321600,256,10,"__amd_rocclr_fillBufferAligned",256,0,0,8,0,48,"TCC_EA0_RDREQ_GMI_32B",0.00000000e+00,222897729960929,222897729962249
352,352,"Agent 2",1,1321600,1321600,2048,10,"__amd_rocclr_fillBufferAligned",256,0,0,8,0,48,"TCC_EA0_RDREQ_32B",0.00000000e+00,222897730048970,222897730050770
352,352,"Agent 2",1,1321600,1321600,2048,10,"__amd_rocclr_fillBufferAligned",256,0,0,8,0,48,"TCC_EA0_RDREQ_GMI_32B",0.00000000e+00,222897730048970,222897730050770
353,353,"Agent 2",1,1321600,1321600,256,10,"__amd_rocclr_fillBufferAligned",256,0,0,8,0,48,"TCC_EA0_RDREQ_32B",0.00000000e+00,222897730131051,222897730132411
353,353,"Agent 2",1,1321600,1321600,256,10,"__amd_rocclr_fillBufferAligned",256,0,0,8,0,48,"TCC_EA0_RDREQ_GMI_32B",0.00000000e+00,222897730131051,222897730132411
354,354,"Agent 2",1,1321600,1321600,2048,10,"__amd_rocclr_fillBufferAligned",256,0,0,8,0,48,"TCC_EA0_RDREQ_32B",0.00000000e+00,222897730215772,222897730217492
354,354,"Agent 2",1,1321600,1321600,2048,10,"__amd_rocclr_fillBufferAligned",256,0,0,8,0,48,"TCC_EA0_RDREQ_GMI_32B",0.00000000e+00,222897730215772,222897730217492
355,355,"Agent 2",1,1321600,1321600,256,10,"__amd_rocclr_fillBufferAligned",256,0,0,8,0,48,"TCC_EA0_RDREQ_32B",0.00000000e+00,222897730296253,222897730297493
355,355,"Agent 2",1,1321600,1321600,256,10,"__amd_rocclr_fillBufferAligned",256,0,0,8,0,48,"TCC_EA0_RDREQ_GMI_32B",0.00000000e+00,222897730296253,222897730297493
356,356,"Agent 2",1,1321600,1321600,2048,10,"__amd_rocclr_fillBufferAligned",256,0,0,8,0,48,"TCC_EA0_RDREQ_32B",0.00000000e+00,222897730382775,222897730384415
356,356,"Agent 2",1,1321600,1321600,2048,10,"__amd_rocclr_fillBufferAligned",256,0,0,8,0,48,"TCC_EA0_RDREQ_GMI_32B",0.00000000e+00,222897730382775,222897730384415
357,357,"Agent 2",1,1321600,1321600,256,10,"__amd_rocclr_fillBufferAligned",256,0,0,8,0,48,"TCC_EA0_RDREQ_32B",0.00000000e+00,222897730461896,222897730463096
357,357,"Agent 2",1,1321600,1321600,256,10,"__amd_rocclr_fillBufferAligned",256,0,0,8,0,48,"TCC_EA0_RDREQ_GMI_32B",0.00000000e+00,222897730461896,222897730463096
358,358,"Agent 2",1,1321600,1321600,2048,10,"__amd_rocclr_fillBufferAligned",256,0,0,8,0,48,"TCC_EA0_RDREQ_32B",0.00000000e+00,222897730550377,222897730552137
358,358,"Agent 2",1,1321600,1321600,2048,10,"__amd_rocclr_fillBufferAligned",256,0,0,8,0,48,"TCC_EA0_RDREQ_GMI_32B",0.00000000e+00,222897730550377,222897730552137
359,359,"Agent 2",1,1321600,1321600,256,10,"__amd_rocclr_fillBufferAligned",256,0,0,8,0,48,"TCC_EA0_RDREQ_32B",0.00000000e+00,222897730630738,222897730631938
359,359,"Agent 2",1,1321600,1321600,256,10,"__amd_rocclr_fillBufferAligned",256,0,0,8,0,48,"TCC_EA0_RDREQ_GMI_32B",0.00000000e+00,222897730630738,222897730631938
360,360,"Agent 2",1,1321600,1321600,2048,10,"__amd_rocclr_fillBufferAligned",256,0,0,8,0,48,"TCC_EA0_RDREQ_32B",0.00000000e+00,222897730718459,222897730720299
360,360,"Agent 2",1,1321600,1321600,2048,10,"__amd_rocclr_fillBufferAligned",256,0,0,8,0,48,"TCC_EA0_RDREQ_GMI_32B",0.00000000e+00,222897730718459,222897730720299
361,361,"Agent 2",1,1321600,1321600,256,10,"__amd_rocclr_fillBufferAligned",256,0,0,8,0,48,"TCC_EA0_RDREQ_32B",0.00000000e+00,222897730800620,222897730801820
361,361,"Agent 2",1,1321600,1321600,256,10,"__amd_rocclr_fillBufferAligned",256,0,0,8,0,48,"TCC_EA0_RDREQ_GMI_32B",0.00000000e+00,222897730800620,222897730801820
362,362,"Agent 2",1,1321600,1321600,2048,10,"__amd_rocclr_fillBufferAligned",256,0,0,8,0,48,"TCC_EA0_RDREQ_32B",0.00000000e+00,222897730887062,222897730888662
362,362,"Agent 2",1,1321600,1321600,2048,10,"__amd_rocclr_fillBufferAligned",256,0,0,8,0,48,"TCC_EA0_RDREQ_GMI_32B",0.00000000e+00,222897730887062,222897730888662
363,363,"Agent 2",1,1321600,1321600,256,10,"__amd_rocclr_fillBufferAligned",256,0,0,8,0,48,"TCC_EA0_RDREQ_32B",0.00000000e+00,222897730967943,222897730969183
363,363,"Agent 2",1,1321600,1321600,256,10,"__amd_rocclr_fillBufferAligned",256,0,0,8,0,48,"TCC_EA0_RDREQ_GMI_32B",0.00000000e+00,222897730967943,222897730969183
364,364,"Agent 2",1,1321600,1321600,2048,10,"__amd_rocclr_fillBufferAligned",256,0,0,8,0,48,"TCC_EA0_RDREQ_32B",0.00000000e+00,222897731052664,222897731054504
364,364,"Agent 2",1,1321600,1321600,2048,10,"__amd_rocclr_fillBufferAligned",256,0,0,8,0,48,"TCC_EA0_RDREQ_GMI_32B",0.00000000e+00,222897731052664,222897731054504
365,365,"Agent 2",1,1321600,1321600,256,10,"__amd_rocclr_fillBufferAligned",256,0,0,8,0,48,"TCC_EA0_RDREQ_32B",0.00000000e+00,222897731132545,222897731133825
365,365,"Agent 2",1,1321600,1321600,256,10,"__amd_rocclr_fillBufferAligned",256,0,0,8,0,48,"TCC_EA0_RDREQ_GMI_32B",0.00000000e+00,222897731132545,222897731133825
366,366,"Agent 2",1,1321600,1321600,2048,10,"__amd_rocclr_fillBufferAligned",256,0,0,8,0,48,"TCC_EA0_RDREQ_32B",0.00000000e+00,222897731216346,222897731218066
366,366,"Agent 2",1,1321600,1321600,2048,10,"__amd_rocclr_fillBufferAligned",256,0,0,8,0,48,"TCC_EA0_RDREQ_GMI_32B",0.00000000e+00,222897731216346,222897731218066
367,367,"Agent 2",1,1321600,1321600,256,10,"__amd_rocclr_fillBufferAligned",256,0,0,8,0,48,"TCC_EA0_RDREQ_32B",0.00000000e+00,222897731296427,222897731297627
367,367,"Agent 2",1,1321600,1321600,256,10,"__amd_rocclr_fillBufferAligned",256,0,0,8,0,48,"TCC_EA0_RDREQ_GMI_32B",0.00000000e+00,222897731296427,222897731297627
368,368,"Agent 2",1,1321600,1321600,2048,10,"__amd_rocclr_fillBufferAligned",256,0,0,8,0,48,"TCC_EA0_RDREQ_32B",0.00000000e+00,222897731382428,222897731384148
368,368,"Agent 2",1,1321600,1321600,2048,10,"__amd_rocclr_fillBufferAligned",256,0,0,8,0,48,"TCC_EA0_RDREQ_GMI_32B",0.00000000e+00,222897731382428,222897731384148
369,369,"Agent 2",1,1321600,1321600,256,10,"__amd_rocclr_fillBufferAligned",256,0,0,8,0,48,"TCC_EA0_RDREQ_32B",0.00000000e+00,222897731460469,222897731461710
369,369,"Agent 2",1,1321600,1321600,256,10,"__amd_rocclr_fillBufferAligned",256,0,0,8,0,48,"TCC_EA0_RDREQ_GMI_32B",0.00000000e+00,222897731460469,222897731461710
370,370,"Agent 2",1,1321600,1321600,512,10,"__amd_rocclr_fillBufferAligned",256,0,0,8,0,48,"TCC_EA0_RDREQ_32B",0.00000000e+00,222897731549311,222897731550871
370,370,"Agent 2",1,1321600,1321600,512,10,"__amd_rocclr_fillBufferAligned",256,0,0,8,0,48,"TCC_EA0_RDREQ_GMI_32B",0.00000000e+00,222897731549311,222897731550871
371,371,"Agent 2",1,1321600,1321600,512,10,"__amd_rocclr_fillBufferAligned",256,0,0,8,0,48,"TCC_EA0_RDREQ_32B",0.00000000e+00,222897731623952,222897731625552
371,371,"Agent 2",1,1321600,1321600,512,10,"__amd_rocclr_fillBufferAligned",256,0,0,8,0,48,"TCC_EA0_RDREQ_GMI_32B",0.00000000e+00,222897731623952,222897731625552
372,372,"Agent 2",1,1321600,1321600,512,10,"__amd_rocclr_fillBufferAligned",256,0,0,8,0,48,"TCC_EA0_RDREQ_32B",0.00000000e+00,222897731703113,222897731704513
372,372,"Agent 2",1,1321600,1321600,512,10,"__amd_rocclr_fillBufferAligned",256,0,0,8,0,48,"TCC_EA0_RDREQ_GMI_32B",0.00000000e+00,222897731703113,222897731704513
373,373,"Agent 2",1,1321600,1321600,512,10,"__amd_rocclr_fillBufferAligned",256,0,0,8,0,48,"TCC_EA0_RDREQ_32B",0.00000000e+00,222897731777114,222897731778314
373,373,"Agent 2",1,1321600,1321600,512,10,"__amd_rocclr_fillBufferAligned",256,0,0,8,0,48,"TCC_EA0_RDREQ_GMI_32B",0.00000000e+00,222897731777114,222897731778314
374,374,"Agent 2",1,1321600,1321600,46080,10,"__amd_rocclr_fillBufferAligned",256,0,0,8,0,48,"TCC_EA0_RDREQ_32B",0.00000000e+00,222897731849355,222897731851595
374,374,"Agent 2",1,1321600,1321600,46080,10,"__amd_rocclr_fillBufferAligned",256,0,0,8,0,48,"TCC_EA0_RDREQ_GMI_32B",0.00000000e+00,222897731849355,222897731851595
375,375,"Agent 2",1,1321600,1321600,256,10,"__amd_rocclr_fillBufferAligned",256,0,0,8,0,48,"TCC_EA0_RDREQ_32B",0.00000000e+00,222897731927716,222897731928956
375,375,"Agent 2",1,1321600,1321600,256,10,"__amd_rocclr_fillBufferAligned",256,0,0,8,0,48,"TCC_EA0_RDREQ_GMI_32B",0.00000000e+00,222897731927716,222897731928956
376,376,"Agent 2",1,1321600,1321600,4096,10,"__amd_rocclr_fillBufferAligned",256,0,0,8,0,48,"TCC_EA0_RDREQ_32B",0.00000000e+00,222897731999917,222897732001797
376,376,"Agent 2",1,1321600,1321600,4096,10,"__amd_rocclr_fillBufferAligned",256,0,0,8,0,48,"TCC_EA0_RDREQ_GMI_32B",0.00000000e+00,222897731999917,222897732001797
377,377,"Agent 2",1,1321600,1321600,4096,10,"__amd_rocclr_fillBufferAligned",256,0,0,8,0,48,"TCC_EA0_RDREQ_32B",0.00000000e+00,222897732077158,222897732079238
377,377,"Agent 2",1,1321600,1321600,4096,10,"__amd_rocclr_fillBufferAligned",256,0,0,8,0,48,"TCC_EA0_RDREQ_GMI_32B",0.00000000e+00,222897732077158,222897732079238
378,378,"Agent 2",1,1321600,1321600,512,10,"__amd_rocclr_fillBufferAligned",256,0,0,8,0,48,"TCC_EA0_RDREQ_32B",0.00000000e+00,222897732159719,222897732161199
378,378,"Agent 2",1,1321600,1321600,512,10,"__amd_rocclr_fillBufferAligned",256,0,0,8,0,48,"TCC_EA0_RDREQ_GMI_32B",0.00000000e+00,222897732159719,222897732161199
379,379,"Agent 2",1,1321600,1321600,4096,10,"__amd_rocclr_fillBufferAligned",256,0,0,8,0,48,"TCC_EA0_RDREQ_32B",0.00000000e+00,222897732230520,222897732232280
379,379,"Agent 2",1,1321600,1321600,4096,10,"__amd_rocclr_fillBufferAligned",256,0,0,8,0,48,"TCC_EA0_RDREQ_GMI_32B",0.00000000e+00,222897732230520,222897732232280
380,380,"Agent 2",1,1321600,1321600,4096,10,"__amd_rocclr_fillBufferAligned",256,0,0,8,0,48,"TCC_EA0_RDREQ_32B",0.00000000e+00,222897732306001,222897732307961
380,380,"Agent 2",1,1321600,1321600,4096,10,"__amd_rocclr_fillBufferAligned",256,0,0,8,0,48,"TCC_EA0_RDREQ_GMI_32B",0.00000000e+00,222897732306001,222897732307961
381,381,"Agent 2",1,1321600,1321600,4096,10,"__amd_rocclr_fillBufferAligned",256,0,0,8,0,48,"TCC_EA0_RDREQ_32B",0.00000000e+00,222897732385042,222897732386642
381,381,"Agent 2",1,1321600,1321600,4096,10,"__amd_rocclr_fillBufferAligned",256,0,0,8,0,48,"TCC_EA0_RDREQ_GMI_32B",0.00000000e+00,222897732385042,222897732386642
382,382,"Agent 2",1,1321600,1321600,256,10,"__amd_rocclr_fillBufferAligned",256,0,0,8,0,48,"TCC_EA0_RDREQ_32B",0.00000000e+00,222897732452323,222897732453723
382,382,"Agent 2",1,1321600,1321600,256,10,"__amd_rocclr_fillBufferAligned",256,0,0,8,0,48,"TCC_EA0_RDREQ_GMI_32B",0.00000000e+00,222897732452323,222897732453723
383,383,"Agent 2",1,1321600,1321600,256,10,"__amd_rocclr_fillBufferAligned",256,0,0,8,0,48,"TCC_EA0_RDREQ_32B",0.00000000e+00,222897732520164,222897732521604
383,383,"Agent 2",1,1321600,1321600,256,10,"__amd_rocclr_fillBufferAligned",256,0,0,8,0,48,"TCC_EA0_RDREQ_GMI_32B",0.00000000e+00,222897732520164,222897732521604
384,384,"Agent 2",1,1321600,1321600,256,10,"__amd_rocclr_fillBufferAligned",256,0,0,8,0,48,"TCC_EA0_RDREQ_32B",0.00000000e+00,222897732590165,222897732591485
384,384,"Agent 2",1,1321600,1321600,256,10,"__amd_rocclr_fillBufferAligned",256,0,0,8,0,48,"TCC_EA0_RDREQ_GMI_32B",0.00000000e+00,222897732590165,222897732591485
385,385,"Agent 2",1,1321600,1321600,47104,11,"drive_phase7(void*, void*, void*, void*, void*, void*, void*, void*, void*, void*, void*, void*, void*, void*, void*, void*, void*, int*, int*, unsigned int*, unsigned int*, int*, int*, int*, int*, int*, int*, int*, int*, int*, int, int, int, int, int, int, int, int*, int*, int*, int*)",256,512,80,76,0,112,"TCC_EA0_RDREQ_32B",0.00000000e+00,222897741629776,222897748608796
385,385,"Agent 2",1,1321600,1321600,47104,11,"drive_phase7(void*, void*, void*, void*, void*, void*, void*, void*, void*, void*, void*, void*, void*, void*, void*, void*, void*, int*, int*, unsigned int*, unsigned int*, int*, int*, int*, int*, int*, int*, int*, int*, int*, int, int, int, int, int, int, int, int*, int*, int*, int*)",256,512,80,76,0,112,"TCC_EA0_RDREQ_GMI_32B",0.00000000e+00,222897741629776,222897748608796
386,386,"Agent 2",1,1321600,1321600,512,6,"__amd_rocclr_copyBuffer",512,0,0,8,0,32,"TCC_EA0_RDREQ_32B",0.00000000e+00,222897748731037,222897748733197
386,386,"Agent 2",1,1321600,1321600,512,6,"__amd_rocclr_copyBuffer",512,0,0,8,0,32,"TCC_EA0_RDREQ_GMI_32B",0.00000000e+00,222897748731037,222897748733197
387,387,"Agent 2",1,1321600,1321600,512,6,"__amd_rocclr_copyBuffer",512,0,0,8,0,32,"TCC_EA0_RDREQ_32B",0.00000000e+00,222897748804718,222897748806398
387,387,"Agent 2",1,1321600,1321600,512,6,"__amd_rocclr_copyBuffer",512,0,0,8,0,32,"TCC_EA0_RDREQ_GMI_32B",0.00000000e+00,222897748804718,222897748806398
388,388,"Agent 2",1,1321600,1321600,512,6,"__amd_rocclr_copyBuffer",512,0,0,8,0,32,"TCC_EA0_RDREQ_32B",0.00000000e+00,222897748878919,222897748880599
388,388,"Agent 2",1,1321600,1321600,512,6,"__amd_rocclr_copyBuffer",512,0,0,8,0,32,"TCC_EA0_RDREQ_GMI_32B",0.00000000e+00,222897748878919,222897748880599
389,389,"Agent 2",1,1321600,1321600,512,6,"__amd_rocclr_copyBuffer",512,0,0,8,0,32,"TCC_EA0_RDREQ_32B",0.00000000e+00,222897748951480,222897748953160
389,389,"Agent 2",1,1321600,1321600,512,6,"__amd_rocclr_copyBuffer",512,0,0,8,0,32,"TCC_EA0_RDREQ_GMI_32B",0.00000000e+00,222897748951480,222897748953160
390,390,"Agent 2",1,1321600,1321600,512,6,"__amd_rocclr_copyBuffer",512,0,0,8,0,32,"TCC_EA0_RDREQ_32B",0.00000000e+00,222897749022721,222897749024361
390,390,"Agent 2",1,1321600,1321600,512,6,"__amd_rocclr_copyBuffer",512,0,0,8,0,32,"TCC_EA0_RDREQ_GMI_32B",0.00000000e+00,222897749022721,222897749024361
391,391,"Agent 2",1,1321600,1321600,512,6,"__amd_rocclr_copyBuffer",512,0,0,8,0,32,"TCC_EA0_RDREQ_32B",0.00000000e+00,222897749098122,222897749099802
391,391,"Agent 2",1,1321600,1321600,512,6,"__amd_rocclr_copyBuffer",512,0,0,8,0,32,"TCC_EA0_RDREQ_GMI_32B",0.00000000e+00,222897749098122,222897749099802
392,392,"Agent 2",1,1321600,1321600,512,6,"__amd_rocclr_copyBuffer",512,0,0,8,0,32,"TCC_EA0_RDREQ_32B",0.00000000e+00,222897749175483,222897749177163
392,392,"Agent 2",1,1321600,1321600,512,6,"__amd_rocclr_copyBuffer",512,0,0,8,0,32,"TCC_EA0_RDREQ_GMI_32B",0.00000000e+00,222897749175483,222897749177163
393,393,"Agent 2",1,1321600,1321600,512,6,"__amd_rocclr_copyBuffer",512,0,0,8,0,32,"TCC_EA0_RDREQ_32B",0.00000000e+00,222897749250284,222897749251964
393,393,"Agent 2",1,1321600,1321600,512,6,"__amd_rocclr_copyBuffer",512,0,0,8,0,32,"TCC_EA0_RDREQ_GMI_32B",0.00000000e+00,222897749250284,222897749251964
394,394,"Agent 2",1,1321600,1321600,512,6,"__amd_rocclr_copyBuffer",512,0,0,8,0,32,"TCC_EA0_RDREQ_32B",0.00000000e+00,222897749325685,222897749327325
394,394,"Agent 2",1,1321600,1321600,512,6,"__amd_rocclr_copyBuffer",512,0,0,8,0,32,"TCC_EA0_RDREQ_GMI_32B",0.00000000e+00,222897749325685,222897749327325
395,395,"Agent 2",1,1321600,1321600,512,6,"__amd_rocclr_copyBuffer",512,0,0,8,0,32,"TCC_EA0_RDREQ_32B",0.00000000e+00,222897749399846,222897749401806
395,395,"Agent 2",1,1321600,1321600,512,6,"__amd_rocclr_copyBuffer",512,0,0,8,0,32,"TCC_EA0_RDREQ_GMI_32B",0.00000000e+00,222897749399846,222897749401806
396,396,"Agent 2",1,1321600,1321600,512,6,"__amd_rocclr_copyBuffer",512,0,0,8,0,32,"TCC_EA0_RDREQ_32B",0.00000000e+00,222897749476327,222897749478047
396,396,"Agent 2",1,1321600,1321600,512,6,"__amd_rocclr_copyBuffer",512,0,0,8,0,32,"TCC_EA0_RDREQ_GMI_32B",0.00000000e+00,222897749476327,222897749478047
397,397,"Agent 2",1,1321600,1321600,512,6,"__amd_rocclr_copyBuffer",512,0,0,8,0,32,"TCC_EA0_RDREQ_32B",0.00000000e+00,222897749548368,222897749550088
397,397,"Agent 2",1,1321600,1321600,512,6,"__amd_rocclr_copyBuffer",512,0,0,8,0,32,"TCC_EA0_RDREQ_GMI_32B",0.00000000e+00,222897749548368,222897749550088
398,398,"Agent 2",1,1321600,1321600,512,6,"__amd_rocclr_copyBuffer",512,0,0,8,0,32,"TCC_EA0_RDREQ_32B",0.00000000e+00,222897749620289,222897749621929
398,398,"Agent 2",1,1321600,1321600,512,6,"__amd_rocclr_copyBuffer",512,0,0,8,0,32,"TCC_EA0_RDREQ_GMI_32B",0.00000000e+00,222897749620289,222897749621929
