"Correlation_Id","Dispatch_Id","Agent_Id","Queue_Id","Process_Id","Thread_Id","Grid_Size","Kernel_Id","Kernel_Name","Workgroup_Size","LDS_Block_Size","Scratch_Size","VGPR_Count","Accum_VGPR_Count","SGPR_Count","Counter_Name","Counter_Value","Start_Timestamp","End_Timestamp"
1,1,"Agent 2",1,1321582,1321582,512,10,"__amd_rocclr_fillBufferAligned",256,0,0,8,0,48,"TCC_EA0_RDREQ",84.000000,222896154534343,222896154536463
1,1,"Agent 2",1,1321582,1321582,512,10,"__amd_rocclr_fillBufferAligned",256,0,0,8,0,48,"TCC_EA0_RDREQ_DRAM",84.000000,222896154534343,222896154536463
2,2,"Agent 2",1,1321582,1321582,2048,10,"__amd_rocclr_fillBufferAligned",256,0,0,8,0,48,"TCC_EA0_RDREQ",240.000000,222896154636263,222896154638263
2,2,"Agent 2",1,1321582,1321582,2048,10,"__amd_rocclr_fillBufferAligned",256,0,0,8,0,48,"TCC_EA0_RDREQ_DRAM",240.000000,222896154636263,222896154638263
3,3,"Agent 2",1,1321582,1321582,256,10,"__amd_rocclr_fillBufferAligned",256,0,0,8,0,48,"TCC_EA0_RDREQ",29.000000,222896154699624,222896154700824
3,3,"Agent 2",1,1321582,1321582,256,10,"__amd_rocclr_fillBufferAligned",256,0,0,8,0,48,"TCC_EA0_RDREQ_DRAM",29.000000,222896154699624,222896154700824
4,4,"Agent 2",1,1321582,1321582,2048,10,"__amd_rocclr_fillBufferAligned",256,0,0,8,0,48,"TCC_EA0_RDREQ",232.000000,222896154833947,222896154835867
4,4,"Agent 2",1,1321582,1321582,2048,10,"__amd_rocclr_fillBufferAligned",256,0,0,8,0,48,"TCC_EA0_RDREQ_DRAM",232.000000,222896154833947,222896154835867
5,5,"Agent 2",1,1321582,1321582,256,10,"__amd_rocclr_fillBufferAligned",256,0,0,8,0,48,"TCC_EA0_RDREQ",29.000000,222896154911628,222896154913148
5,5,"Agent 2",1,1321582,1321582,256,10,"__amd_rocclr_fillBufferAligned",256,0,0,8,0,48,"TCC_EA0_RDREQ_DRAM",29.000000,222896154911628,222896154913148
6,6,"Agent 2",1,1321582,1321582,2048,10,"__amd_rocclr_fillBufferAligned",256,0,0,8,0,48,"TCC_EA0_RDREQ",232.000000,222896155051430,222896155053310
6,6,"Agent 2",1,1321582,1321582,2048,10,"__amd_rocclr_fillBufferAligned",256,0,0,8,0,48,"TCC_EA0_RDREQ_DRAM",232.000000,222896155051430,222896155053310
7,7,"Agent 2",1,1321582,1321582,256,10,"__amd_rocclr_fillBufferAligned",256,0,0,8,0,48,"TCC_EA0_RDREQ",29.000000,222896155182313,222896155183513
7,7,"Agent 2",1,1321582,1321582,256,10,"__amd_rocclr_fillBufferAligned",256,0,0,8,0,48,"TCC_EA0_RDREQ_DRAM",29.000000,222896155182313,222896155183513
8,8,"Agent 2",1,1321582,1321582,2048,10,"__amd_rocclr_fillBufferAligned",256,0,0,8,0,48,"TCC_EA0_RDREQ",232.000000,222896155305675,222896155307635
8,8,"Agent 2",1,1321582,1321582,2048,10,"__amd_rocclr_fillBufferAligned",256,0,0,8,0,48,"TCC_EA0_RDREQ_DRAM",232.000000,222896155305675,222896155307635
9,9,"Agent 2",1,1321582,1321582,256,10,"__amd_rocclr_fillBufferAligned",256,0,0,8,0,48,"TCC_EA0_RDREQ",29.000000,222896155422917,222896155424357
9,9,"Agent 2",1,1321582,1321582,256,10,"__amd_rocclr_fillBufferAligned",256,0,0,8,0,48,"TCC_EA0_RDREQ_DRAM",29.000000,222896155422917,222896155424357
10,10,"Agent 2",1,1321582,1321582,2048,10,"__amd_rocclr_fillBufferAligned",256,0,0,8,0,48,"TCC_EA0_RDREQ",232.000000,222896155546679,222896155548679
10,10,"Agent 2",1,1321582,1321582,2048,10,"__amd_rocclr_fillBufferAligned",256,0,0,8,0,48,"TCC_EA0_RDREQ_DRAM",232.000000,222896155546679,222896155548679
11,11,"Agent 2",1,1321582,1321582,256,10,"__amd_rocclr_fillBufferAligned",256,0,0,8,0,48,"TCC_EA0_RDREQ",29.000000,222896155670561,222896155672081
11,11,"Agent 2",1,1321582,1321582,256,10,"__amd_rocclr_fillBufferAligned",256,0,0,8,0,48,"TCC_EA0_RDREQ_DRAM",29.000000,222896155670561,222896155672081
12,12,"Agent 2",1,1321582,1321582,2048,10,"__amd_rocclr_fillBufferAligned",256,0,0,8,0,48,"TCC_EA0_RDREQ",232.000000,222896155792163,222896155793923
12,12,"Agent 2",1,1321582,1321582,2048,10,"__amd_rocclr_fillBufferAligned",256,0,0,8,0,48,"TCC_EA0_RDREQ_DRAM",232.000000,222896155792163,222896155793923
13,13,"Agent 2",1,1321582,1321582,256,10,"__amd_rocclr_fillBufferAligned",256,0,0,8,0,48,"TCC_EA0_RDREQ",29.000000,222896155912125,222896155913485
13,13,"Agent 2",1,1321582,1321582,256,10,"__amd_rocclr_fillBufferAligned",256,0,0,8,0,48,"TCC_EA0_RDREQ_DRAM",29.000000,222896155912125,222896155913485
14,14,"Agent 2",1,1321582,1321582,2048,10,"__amd_rocclr_fillBufferAligned",256,0,0,8,0,48,"TCC_EA0_RDREQ",232.000000,222896156041647,222896156043727
14,14,"Agent 2",1,1321582,1321582,2048,10,"__amd_rocclr_fillBufferAligned",256,0,0,8,0,48,"TCC_EA0_RDREQ_DRAM",232.000000,222896156041647,222896156043727
15,15,"Agent 2",1,1321582,1321582,256,10,"__amd_rocclr_fillBufferAligned",256,0,0,8,0,48,"TCC_EA0_RDREQ",29.000000,222896156162809,222896156164129
15,15,"Agent 2",1,1321582,1321582,256,10,"__amd_rocclr_fillBufferAligned",256,0,0,8,0,48,"TCC_EA0_RDREQ_DRAM",29.000000,222896156162809,222896156164129
16,16,"Agent 2",1,1321582,1321582,2048,10,"__amd_rocclr_fillBufferAligned",256,0,0,8,0,48,"TCC_EA0_RDREQ",232.000000,222896156282611,222896156284571
16,16,"Agent 2",1,1321582,1321582,2048,10,"__amd_rocclr_fillBufferAligned",256,0,0,8,0,48,"TCC_EA0_RDREQ_DRAM",232.000000,222896156282611,222896156284571
17,17,"Agent 2",1,1321582,1321582,256,10,"__amd_rocclr_fillBufferAligned",256,0,0,8,0,48,"TCC_EA0_RDREQ",29.000000,222896156401493,222896156402933
17,17,"Agent 2",1,1321582,1321582,256,10,"__amd_rocclr_fillBufferAligned",256,0,0,8,0,48,"TCC_EA0_RDREQ_DRAM",29.000000,222896156401493,222896156402933
18,18,"Agent 2",1,1321582,1321582,2048,10,"__amd_rocclr_fillBufferAligned",256,0,0,8,0,48,"TCC_EA0_RDREQ",232.000000,222896156519655,222896156521575
18,18,"Agent 2",1,1321582,1321582,2048,10,"__amd_rocclr_fillBufferAligned",256,0,0,8,0,48,"TCC_EA0_RDREQ_DRAM",232.000000,222896156519655,222896156521575
19,19,"Agent 2",1,1321582,1321582,256,10,"__amd_rocclr_fillBufferAligned",256,0,0,8,0,48,"TCC_EA0_RDREQ",29.000000,222896156640577,222896156641977
19,19,"Agent 2",1,1321582,1321582,256,10,"__amd_rocclr_fillBufferAligned",256,0,0,8,0,48,"TCC_EA0_RDREQ_DRAM",29.000000,222896156640577,222896156641977
20,20,"Agent 2",1,1321582,1321582,2048,10,"__amd_rocclr_fillBufferAligned",256,0,0,8,0,48,"TCC_EA0_RDREQ",232.000000,222896156767859,222896156769699
20,20,"Agent 2",1,1321582,1321582,2048,10,"__amd_rocclr_fillBufferAligned",256,0,0,8,0,48,"TCC_EA0_RDREQ_DRAM",232.000000,222896156767859,222896156769699
21,21,"Agent 2",1,1321582,1321582,256,10,"__amd_rocclr_fillBufferAligned",256,0,0,8,0,48,"TCC_EA0_RDREQ",29.000000,222896156888821,222896156890101
21,21,"Agent 2",1,1321582,1321582,256,10,"__amd_rocclr_fillBufferAligned",256,0,0,8,0,48,"TCC_EA0_RDREQ_DRAM",29.000000,222896156888821,222896156890101
22,22,"Agent 2",1,1321582,1321582,2048,10,"__amd_rocclr_fillBufferAligned",256,0,0,8,0,48,"TCC_EA0_RDREQ",232.000000,222896157004703,222896157006543
22,22,"Agent 2",1,1321582,1321582,2048,10,"__amd_rocclr_fillBufferAligned",256,0,0,8,0,48,"TCC_EA0_RDREQ_DRAM",232.000000,222896157004703,222896157006543
23,23,"Agent 2",1,1321582,1321582,256,10,"__amd_rocclr_fillBufferAligned",256,0,0,8,0,48,"TCC_EA0_RDREQ",29.000000,222896157125225,222896157126585
23,23,"Agent 2",1,1321582,1321582,256,10,"__amd_rocclr_fillBufferAligned",256,0,0,8,0,48,"TCC_EA0_RDREQ_DRAM",29.000000,222896157125225,222896157126585
24,24,"Agent 2",1,1321582,1321582,2048,10,"__amd_rocclr_fillBufferAligned",256,0,0,8,0,48,"TCC_EA0_RDREQ",232.000000,222896157249227,222896157250947
24,24,"Agent 2",1,1321582,1321582,2048,10,"__amd_rocclr_fillBufferAligned",256,0,0,8,0,48,"TCC_EA0_RDREQ_DRAM",232.000000,222896157249227,222896157250947
25,25,"Agent 2",1,1321582,1321582,256,10,"__amd_rocclr_fillBufferAligned",256,0,0,8,0,48,"TCC_EA0_RDREQ",29.000000,222896157328829,222896157330149
25,25,"Agent 2",1,1321582,1321582,256,10,"__amd_rocclr_fillBufferAligned",256,0,0,8,0,48,"TCC_EA0_RDREQ_DRAM",29.000000,222896157328829,222896157330149
26,26,"Agent 2",1,1321582,1321582,2048,10,"__amd_rocclr_fillBufferAligned",256,0,0,8,0,48,"TCC_EA0_RDREQ",232.000000,222896157414150,222896157415870
26,26,"Agent 2",1,1321582,1321582,2048,10,"__amd_rocclr_fillBufferAligned",256,0,0,8,0,48,"TCC_EA0_RDREQ_DRAM",232.000000,222896157414150,222896157415870
27,27,"Agent 2",1,1321582,1321582,256,10,"__amd_rocclr_fillBufferAligned",256,0,0,8,0,48,"TCC_EA0_RDREQ",29.000000,222896157497592,222896157499152
27,27,"Agent 2",1,1321582,1321582,256,10,"__amd_rocclr_fillBufferAligned",256,0,0,8,0,48,"TCC_EA0_RDREQ_DRAM",29.000000,222896157497592,222896157499152
28,28,"Agent 2",1,1321582,1321582,2048,10,"__amd_rocclr_fillBufferAligned",256,0,0,8,0,48,"TCC_EA0_RDREQ",232.000000,222896157576793,222896157578673
28,28,"Agent 2",1,1321582,1321582,2048,10,"__amd_rocclr_fillBufferAligned",256,0,0,8,0,48,"TCC_EA0_RDREQ_DRAM",232.000000,222896157576793,222896157578673
29,29,"Agent 2",1,1321582,1321582,256,10,"__amd_rocclr_fillBufferAligned",256,0,0,8,0,48,"TCC_EA0_RDREQ",29.000000,222896157665234,222896157666755
29,29,"Agent 2",1,1321582,1321582,256,10,"__amd_rocclr_fillBufferAligned",256,0,0,8,0,48,"TCC_EA0_RDREQ_DRAM",29.000000,222896157665234,222896157666755
30,30,"Agent 2",1,1321582,1321582,2048,10,"__amd_rocclr_fillBufferAligned",256,0,0,8,0,48,"TCC_EA0_RDREQ",232.000000,222896157752556,222896157754436
30,30,"Agent 2",1,1321582,1321582,2048,10,"__amd_rocclr_fillBufferAligned",256,0,0,8,0,48,"TCC_EA0_RDREQ_DRAM",232.000000,222896157752556,222896157754436
31,31,"Agent 2",1,1321582,1321582,256,10,"__amd_rocclr_fillBufferAligned",256,0,0,8,0,48,"TCC_EA0_RDREQ",29.000000,222896157840397,222896157841957
31,31,"Agent 2",1,1321582,1321582,256,10,"__amd_rocclr_fillBufferAligned",256,0,0,8,0,48,"TCC_EA0_RDREQ_DRAM",29.000000,222896157840397,222896157841957
32,32,"Agent 2",1,1321582,1321582,2048,10,"__amd_rocclr_fillBufferAligned",256,0,0,8,0,48,"TCC_EA0_RDREQ",232.000000,222896157926999,222896157928879
32,32,"Agent 2",1,1321582,1321582,2048,10,"__amd_rocclr_fillBufferAligned",256,0,0,8,0,48,"TCC_EA0_RDREQ_DRAM",232.000000,222896157926999,222896157928879
33,33,"Agent 2",1,1321582,1321582,256,10,"__amd_rocclr_fillBufferAligned",256,0,0,8,0,48,"TCC_EA0_RDREQ",29.000000,222896158021240,222896158022561
33,33,"Agent 2",1,1321582,1321582,256,10,"__amd_rocclr_fillBufferAligned",256,0,0,8,0,48,"TCC_EA0_RDREQ_DRAM",29.000000,222896158021240,222896158022561
34,34,"Agent 2",1,1321582,1321582,2048,10,"__amd_rocclr_fillBufferAligned",256,0,0,8,0,48,"TCC_EA0_RDREQ",232.000000,222896158103562,222896158105402
34,34,"Agent 2",1,1321582,1321582,2048,10,"__amd_rocclr_fillBufferAligned",256,0,0,8,0,48,"TCC_EA0_RDREQ_DRAM",232.000000,222896158103562,222896158105402
35,35,"Agent 2",1,1321582,1321582,256,10,"__amd_rocclr_fillBufferAligned",256,0,0,8,0,48,"TCC_EA0_RDREQ",29.000000,222896158191963,222896158193203
35,35,"Agent 2",1,1321582,1321582,256,10,"__amd_rocclr_fillBufferAligned",256,0,0,8,0,48,"TCC_EA0_RDREQ_DRAM",29.000000,222896158191963,222896158193203
36,36,"Agent 2",1,1321582,1321582,2048,10,"__amd_rocclr_fillBufferAligned",256,0,0,8,0,48,"TCC_EA0_RDREQ",232.000000,222896158278525,222896158280445
36,36,"Agent 2",1,1321582,1321582,2048,10,"__amd_rocclr_fillBufferAligned",256,0,0,8,0,48,"TCC_EA0_RDREQ_DRAM",232.000000,222896158278525,222896158280445
37,37,"Agent 2",1,1321582,1321582,256,10,"__amd_rocclr_fillBufferAligned",256,0,0,8,0,48,"TCC_EA0_RDREQ",29.000000,222896158363126,222896158364446
37,37,"Agent 2",1,1321582,1321582,256,10,"__amd_rocclr_fillBufferAligned",256,0,0,8,0,48,"TCC_EA0_RDREQ_DRAM",29.000000,222896158363126,222896158364446
38,38,"Agent 2",1,1321582,1321582,2048,10,"__amd_rocclr_fillBufferAligned",256,0,0,8,0,48,"TCC_EA0_RDREQ",232.000000,222896158449248,222896158451088
38,38,"Agent 2",1,1321582,1321582,2048,10,"__amd_rocclr_fillBufferAligned",256,0,0,8,0,48,"TCC_EA0_RDREQ_DRAM",232.000000,222896158449248,222896158451088
39,39,"Agent 2",1,1321582,1321582,256,10,"__amd_rocclr_fillBufferAligned",256,0,0,8,0,48,"TCC_EA0_RDREQ",29.000000,222896158541209,222896158542529
39,39,"Agent 2",1,1321582,1321582,256,10,"__amd_rocclr_fillBufferAligned",256,0,0,8,0,48,"TCC_EA0_RDREQ_DRAM",29.000000,222896158541209,222896158542529
40,40,"Agent 2",1,1321582,1321582,2048,10,"__amd_rocclr_fillBufferAligned",256,0,0,8,0,48,"TCC_EA0_RDREQ",232.000000,222896158626731,222896158628651
40,40,"Agent 2",1,1321582,1321582,2048,10,"__amd_rocclr_fillBufferAligned",256,0,0,8,0,48,"TCC_EA0_RDREQ_DRAM",232.000000,222896158626731,222896158628651
41,41,"Agent 2",1,1321582,1321582,256,10,"__amd_rocclr_fillBufferAligned",256,0,0,8,0,48,"TCC_EA0_RDREQ",29.000000,222896158715292,222896158716692
41,41,"Agent 2",1,1321582,1321582,256,10,"__amd_rocclr_fillBufferAligned",256,0,0,8,0,48,"TCC_EA0_RDREQ_DRAM",29.000000,222896158715292,222896158716692
42,42,"Agent 2",1,1321582,1321582,2048,10,"__amd_rocclr_fillBufferAligned",256,0,0,8,0,48,"TCC_EA0_RDREQ",232.000000,222896158797614,222896158799574
42,42,"Agent 2",1,1321582,1321582,2048,10,"__amd_rocclr_fillBufferAligned",256,0,0,8,0,48,"TCC_EA0_RDREQ_DRAM",232.000000,222896158797614,222896158799574
43,43,"Agent 2",1,1321582,1321582,256,10,"__amd_rocclr_fillBufferAligned",256,0,0,8,0,48,"TCC_EA0_RDREQ",29.000000,222896158891375,222896158892935
43,43,"Agent 2",1,1321582,1321582,256,10,"__amd_rocclr_fillBufferAligned",256,0,0,8,0,48,"TCC_EA0_RDREQ_DRAM",29.000000,222896158891375,222896158892935
44,44,"Agent 2",1,1321582,1321582,2048,10,"__amd_rocclr_fillBufferAligned",256,0,0,8,0,48,"TCC_EA0_RDREQ",232.000000,222896158972657,222896158974577
44,44,"Agent 2",1,1321582,1321582,2048,10,"__amd_rocclr_fillBufferAligned",256,0,0,8,0,48,"TCC_EA0_RDREQ_DRAM",232.000000,222896158972657,222896158974577
45,45,"Agent 2",1,1321582,1321582,256,10,"__amd_rocclr_fillBufferAligned",256,0,0,8,0,48,"TCC_EA0_RDREQ",29.000000,222896159060098,222896159061618
45,45,"Agent 2",1,1321582,1321582,256,10,"__amd_rocclr_fillBufferAligned",256,0,0,8,0,48,"TCC_EA0_RDREQ_DRAM",29.000000,222896159060098,222896159061618
46,46,"Agent 2",1,1321582,1321582,2048,10,"__amd_rocclr_fillBufferAligned",256,0,0,8,0,48,"TCC_EA0_RDREQ",232.000000,222896159141259,222896159143139
46,46,"Agent 2",1,1321582,1321582,2048,10,"__amd_rocclr_fillBufferAligned",256,0,0,8,0,48,"TCC_EA0_RDREQ_DRAM",232.000000,222896159141259,222896159143139
47,47,"Agent 2",1,1321582,1321582,256,10,"__amd_rocclr_fillBufferAligned",256,0,0,8,0,48,"TCC_EA0_RDREQ",29.000000,222896159228981,222896159230421
47,47,"Agent 2",1,1321582,1321582,256,10,"__amd_rocclr_fillBufferAligned",256,0,0,8,0,48,"TCC_EA0_RDREQ_DRAM",29.000000,222896159228981,222896159230421
48,48,"Agent 2",1,1321582,1321582,2048,10,"__amd_rocclr_fillBufferAligned",256,0,0,8,0,48,"TCC_EA0_RDREQ",232.000000,222896159308582,222896159310542
48,48,"Agent 2",1,1321582,1321582,2048,10,"__amd_rocclr_fillBufferAligned",256,0,0,8,0,48,"TCC_EA0_RDREQ_DRAM",232.000000,222896159308582,222896159310542
49,49,"Agent 2",1,1321582,1321582,256,10,"__amd_rocclr_fillBufferAligned",256,0,0,8,0,48,"TCC_EA0_RDREQ",29.000000,222896159399544,222896159400944
49,49,"Agent 2",1,1321582,1321582,256,10,"__amd_rocclr_fillBufferAligned",256,0,0,8,0,48,"TCC_EA0_RDREQ_DRAM",29.000000,222896159399544,222896159400944
50,50,"Agent 2",1,1321582,1321582,2048,10,"__amd_rocclr_fillBufferAligned",256,0,0,8,0,48,"TCC_EA0_RDREQ",232.000000,222896159482625,222896159484505
50,50,"Agent 2",1,1321582,1321582,2048,10,"__amd_rocclr_fillBufferAligned",256,0,0,8,0,48,"TCC_EA0_RDREQ_DRAM",232.000000,222896159482625,222896159484505
51,51,"Agent 2",1,1321582,1321582,256,10,"__amd_rocclr_fillBufferAligned",256,0,0,8,0,48,"TCC_EA0_RDREQ",29.000000,222896159572347,222896159573747
51,51,"Agent 2",1,1321582,1321582,256,10,"__amd_rocclr_fillBufferAligned",256,0,0,8,0,48,"TCC_EA0_RDREQ_DRAM",29.000000,222896159572347,222896159573747
52,52,"Agent 2",1,1321582,1321582,2048,10,"__amd_rocclr_fillBufferAligned",256,0,0,8,0,48,"TCC_EA0_RDREQ",232.000000,222896159656268,222896159658108
52,52,"Agent 2",1,1321582,1321582,2048,10,"__amd_rocclr_fillBufferAligned",256,0,0,8,0,48,"TCC_EA0_RDREQ_DRAM",232.000000,222896159656268,222896159658108
53,53,"Agent 2",1,1321582,1321582,256,10,"__amd_rocclr_fillBufferAligned",256,0,0,8,0,48,"TCC_EA0_RDREQ",29.000000,222896159744990,222896159746350
53,53,"Agent 2",1,1321582,1321582,256,10,"__amd_rocclr_fillBufferAligned",256,0,0,8,0,48,"TCC_EA0_RDREQ_DRAM",29.000000,222896159744990,222896159746350
54,54,"Agent 2",1,1321582,1321582,2048,10,"__amd_rocclr_fillBufferAligned",256,0,0,8,0,48,"TCC_EA0_RDREQ",232.000000,222896159823511,222896159825431
54,54,"Agent 2",1,1321582,1321582,2048,10,"__amd_rocclr_fillBufferAligned",256,0,0,8,0,48,"TCC_EA0_RDREQ_DRAM",232.000000,222896159823511,222896159825431
55,55,"Agent 2",1,1321582,1321582,256,10,"__amd_rocclr_fillBufferAligned",256,0,0,8,0,48,"TCC_EA0_RDREQ",29.000000,222896159913912,222896159915273
55,55,"Agent 2",1,1321582,1321582,256,10,"__amd_rocclr_fillBufferAligned",256,0,0,8,0,48,"TCC_EA0_RDREQ_DRAM",29.000000,222896159913912,222896159915273
56,56,"Agent 2",1,1321582,1321582,2048,10,"__amd_rocclr_fillBufferAligned",256,0,0,8,0,48,"TCC_EA0_RDREQ",232.000000,222896160001554,222896160003434
56,56,"Agent 2",1,1321582,1321582,2048,10,"__amd_rocclr_fillBufferAligned",256,0,0,8,0,48,"TCC_EA0_RDREQ_DRAM",232.000000,222896160001554,222896160003434
57,57,"Agent 2",1,1321582,1321582,256,10,"__amd_rocclr_fillBufferAligned",256,0,0,8,0,48,"TCC_EA0_RDREQ",29.000000,222896160090955,222896160092356
57,57,"Agent 2",1,1321582,1321582,256,10,"__amd_rocclr_fillBufferAligned",256,0,0,8,0,48,"TCC_EA0_RDREQ_DRAM",29.000000,222896160090955,222896160092356
58,58,"Agent 2",1,1321582,1321582,2048,10,"__amd_rocclr_fillBufferAligned",256,0,0,8,0,48,"TCC_EA0_RDREQ",232.000000,222896160172957,222896160174877
58,58,"Agent 2",1,1321582,1321582,2048,10,"__amd_rocclr_fillBufferAligned",256,0,0,8,0,48,"TCC_EA0_RDREQ_DRAM",232.000000,222896160172957,222896160174877
59,59,"Agent 2",1,1321582,1321582,256,10,"__amd_rocclr_fillBufferAligned",256,0,0,8,0,48,"TCC_EA0_RDREQ",29.000000,222896160261438,222896160262958
59,59,"Agent 2",1,1321582,1321582,256,10,"__amd_rocclr_fillBufferAligned",256,0,0,8,0,48,"TCC_EA0_RDREQ_DRAM",29.000000,222896160261438,222896160262958
60,60,"Agent 2",1,1321582,1321582,2048,10,"__amd_rocclr_fillBufferAligned",256,0,0,8,0,48,"TCC_EA0_RDREQ",232.000000,222896160343600,222896160345440
60,60,"Agent 2",1,1321582,1321582,2048,10,"__amd_rocclr_fillBufferAligned",256,0,0,8,0,48,"TCC_EA0_RDREQ_DRAM",232.000000,222896160343600,222896160345440
61,61,"Agent 2",1,1321582,1321582,256,10,"__amd_rocclr_fillBufferAligned",256,0,0,8,0,48,"TCC_EA0_RDREQ",29.000000,222896160432241,222896160433681
61,61,"Agent 2",1,1321582,1321582,256,10,"__amd_rocclr_fillBufferAligned",256,0,0,8,0,48,"TCC_EA0_RDREQ_DRAM",29.000000,222896160432241,222896160433681
62,62,"Agent 2",1,1321582,1321582,2048,10,"__amd_rocclr_fillBufferAligned",256,0,0,8,0,48,"TCC_EA0_RDREQ",232.000000,222896160517003,222896160519003
62,62,"Agent 2",1,1321582,1321582,2048,10,"__amd_rocclr_fillBufferAligned",256,0,0,8,0,48,"TCC_EA0_RDREQ_DRAM",232.000000,222896160517003,222896160519003
63,63,"Agent 2",1,1321582,1321582,256,10,"__amd_rocclr_fillBufferAligned",256,0,0,8,0,48,"TCC_EA0_RDREQ",29.000000,222896160606124,222896160607684
63,63,"Agent 2",1,1321582,1321582,256,10,"__amd_rocclr_fillBufferAligned",256,0,0,8,0,48,"TCC_EA0_RDREQ_DRAM",29.000000,222896160606124,222896160607684
64,64,"Agent 2",1,1321582,1321582,2048,10,"__amd_rocclr_fillBufferAligned",256,0,0,8,0,48,"TCC_EA0_RDREQ",232.000000,222896160688846,222896160690686
64,64,"Agent 2",1,1321582,1321582,2048,10,"__amd_rocclr_fillBufferAligned",256,0,0,8,0,48,"TCC_EA0_RDREQ_DRAM",232.000000,222896160688846,222896160690686
65,65,"Agent 2",1,1321582,1321582,256,10,"__amd_rocclr_fillBufferAligned",256,0,0,8,0,48,"TCC_EA0_RDREQ",29.000000,222896160774847,222896160776287
65,65,"Agent 2",1,1321582,1321582,256,10,"__amd_rocclr_fillBufferAligned",256,0,0,8,0,48,"TCC_EA0_RDREQ_DRAM",29.000000,222896160774847,222896160776287
66,66,"Agent 2",1,1321582,1321582,2048,10,"__amd_rocclr_fillBufferAligned",256,0,0,8,0,48,"TCC_EA0_RDREQ",232.000000,222896160863929,222896160865809
66,66,"Agent 2",1,1321582,1321582,2048,10,"__amd_rocclr_fillBufferAligned",256,0,0,8,0,48,"TCC_EA0_RDREQ_DRAM",232.000000,222896160863929,222896160865809
67,67,"Agent 2",1,1321582,1321582,256,10,"__amd_rocclr_fillBufferAligned",256,0,0,8,0,48,"TCC_EA0_RDREQ",29.000000,222896160949290,222896160950570
67,67,"Agent 2",1,1321582,1321582,256,10,"__amd_rocclr_fillBufferAligned",256,0,0,8,0,48,"TCC_EA0_RDREQ_DRAM",29.000000,222896160949290,222896160950570
68,68,"Agent 2",1,1321582,1321582,2048,10,"__amd_rocclr_fillBufferAligned",256,0,0,8,0,48,"TCC_EA0_RDREQ",232.000000,222896161038452,222896161040412
68,68,"Agent 2",1,1321582,1321582,2048,10,"__amd_rocclr_fillBufferAligned",256,0,0,8,0,48,"TCC_EA0_RDREQ_DRAM",232.000000,222896161038452,222896161040412
69,69,"Agent 2",1,1321582,1321582,256,10,"__amd_rocclr_fillBufferAligned",256,0,0,8,0,48,"TCC_EA0_RDREQ",29.000000,222896161127693,222896161128933
69,69,"Agent 2",1,1321582,1321582,256,10,"__amd_rocclr_fillBufferAligned",256,0,0,8,0,48,"TCC_EA0_RDREQ_DRAM",29.000000,222896161127693,222896161128933
70,70,"Agent 2",1,1321582,1321582,2048,10,"__amd_rocclr_fillBufferAligned",256,0,0,8,0,48,"TCC_EA0_RDREQ",232.000000,222896161212774,222896161214614
70,70,"Agent 2",1,1321582,1321582,2048,10,"__amd_rocclr_fillBufferAligned",256,0,0,8,0,48,"TCC_EA0_RDREQ_DRAM",232.000000,222896161212774,222896161214614
71,71,"Agent 2",1,1321582,1321582,256,10,"__amd_rocclr_fillBufferAligned",256,0,0,8,0,48,"TCC_EA0_RDREQ",29.000000,222896161303336,222896161304656
71,71,"Agent 2",1,1321582,1321582,256,10,"__amd_rocclr_fillBufferAligned",256,0,0,8,0,48,"TCC_EA0_RDREQ_DRAM",29.000000,222896161303336,222896161304656
72,72,"Agent 2",1,1321582,1321582,2048,10,"__amd_rocclr_fillBufferAligned",256,0,0,8,0,48,"TCC_EA0_RDREQ",232.000000,222896161385937,222896161387857
72,72,"Agent 2",1,1321582,1321582,2048,10,"__amd_rocclr_fillBufferAligned",256,0,0,8,0,48,"TCC_EA0_RDREQ_DRAM",232.000000,222896161385937,222896161387857
73,73,"Agent 2",1,1321582,1321582,256,10,"__amd_rocclr_fillBufferAligned",256,0,0,8,0,48,"TCC_EA0_RDREQ",29.000000,222896161474539,222896161475939
73,73,"Agent 2",1,1321582,1321582,256,10,"__amd_rocclr_fillBufferAligned",256,0,0,8,0,48,"TCC_EA0_RDREQ_DRAM",29.000000,222896161474539,222896161475939
74,74,"Agent 2",1,1321582,1321582,2048,10,"__amd_rocclr_fillBufferAligned",256,0,0,8,0,48,"TCC_EA0_RDREQ",232.000000,222896161560140,222896161562060
74,74,"Agent 2",1,1321582,1321582,2048,10,"__amd_rocclr_fillBufferAligned",256,0,0,8,0,48,"TCC_EA0_RDREQ_DRAM",232.000000,222896161560140,222896161562060
75,75,"Agent 2",1,1321582,1321582,256,10,"__amd_rocclr_fillBufferAligned",256,0,0,8,0,48,"TCC_EA0_RDREQ",29.000000,222896161646942,222896161648502
75,75,"Agent 2",1,1321582,1321582,256,10,"__amd_rocclr_fillBufferAligned",256,0,0,8,0,48,"TCC_EA0_RDREQ_DRAM",29.000000,222896161646942,222896161648502
76,76,"Agent 2",1,1321582,1321582,2048,10,"__amd_rocclr_fillBufferAligned",256,0,0,8,0,48,"TCC_EA0_RDREQ",232.000000,222896161734703,222896161736583
76,76,"Agent 2",1,1321582,1321582,2048,10,"__amd_rocclr_fillBufferAligned",256,0,0,8,0,48,"TCC_EA0_RDREQ_DRAM",232.000000,222896161734703,222896161736583
77,77,"Agent 2",1,1321582,1321582,256,10,"__amd_rocclr_fillBufferAligned",256,0,0,8,0,48,"TCC_EA0_RDREQ",29.000000,222896161822185,222896161823705
77,77,"Agent 2",1,1321582,1321582,256,10,"__amd_rocclr_fillBufferAligned",256,0,0,8,0,48,"TCC_EA0_RDREQ_DRAM",29.000000,222896161822185,222896161823705
78,78,"Agent 2",1,1321582,1321582,2048,10,"__amd_rocclr_fillBufferAligned",256,0,0,8,0,48,"TCC_EA0_RDREQ",232.000000,222896161907826,222896161909666
78,78,"Agent 2",1,1321582,1321582,2048,10,"__amd_rocclr_fillBufferAligned",256,0,0,8,0,48,"TCC_EA0_RDREQ_DRAM",232.000000,222896161907826,222896161909666
79,79,"Agent 2",1,1321582,1321582,256,10,"__amd_rocclr_fillBufferAligned",256,0,0,8,0,48,"TCC_EA0_RDREQ",29.000000,222896161997068,222896161998548
79,79,"Agent 2",1,1321582,1321582,256,10,"__amd_rocclr_fillBufferAligned",256,0,0,8,0,48,"TCC_EA0_RDREQ_DRAM",29.000000,222896161997068,222896161998548
80,80,"Agent 2",1,1321582,1321582,2048,10,"__amd_rocclr_fillBufferAligned",256,0,0,8,0,48,"TCC_EA0_RDREQ",232.000000,222896162089469,222896162091309
80,80,"Agent 2",1,1321582,1321582,2048,10,"__amd_rocclr_fillBufferAligned",256,0,0,8,0,48,"TCC_EA0_RDREQ_DRAM",232.000000,222896162089469,222896162091309
81,81,"Agent 2",1,1321582,1321582,256,10,"__amd_rocclr_fillBufferAligned",256,0,0,8,0,48,"TCC_EA0_RDREQ",29.000000,222896162180231,222896162181631
81,81,"Agent 2",1,1321582,1321582,256,10,"__amd_rocclr_fillBufferAligned",256,0,0,8,0,48,"TCC_EA0_RDREQ_DRAM",29.000000,222896162180231,222896162181631
82,82,"Agent 2",1,1321582,1321582,2048,10,"__amd_rocclr_fillBufferAligned",256,0,0,8,0,48,"TCC_EA0_RDREQ",232.000000,222896162267272,222896162268912
82,82,"Agent 2",1,1321582,1321582,2048,10,"__amd_rocclr_fillBufferAligned",256,0,0,8,0,48,"TCC_EA0_RDREQ_DRAM",232.000000,222896162267272,222896162268912
83,83,"Agent 2",1,1321582,1321582,256,10,"__amd_rocclr_fillBufferAligned",256,0,0,8,0,48,"TCC_EA0_RDREQ",29.000000,222896162354794,222896162356114
83,83,"Agent 2",1,1321582,1321582,256,10,"__amd_rocclr_fillBufferAligned",256,0,0,8,0,48,"TCC_EA0_RDREQ_DRAM",29.000000,222896162354794,222896162356114
84,84,"Agent 2",1,1321582,1321582,2048,10,"__amd_rocclr_fillBufferAligned",256,0,0,8,0,48,"TCC_EA0_RDREQ",232.000000,222896162433275,222896162435155
84,84,"Agent 2",1,1321582,1321582,2048,10,"__amd_rocclr_fillBufferAligned",256,0,0,8,0,48,"TCC_EA0_RDREQ_DRAM",232.000000,222896162433275,222896162435155
85,85,"Agent 2",1,1321582,1321582,256,10,"__amd_rocclr_fillBufferAligned",256,0,0,8,0,48,"TCC_EA0_RDREQ",29.000000,222896162519877,222896162521317
85,85,"Agent 2",1,1321582,1321582,256,10,"__amd_rocclr_fillBufferAligned",256,0,0,8,0,48,"TCC_EA0_RDREQ_DRAM",29.000000,222896162519877,222896162521317
86,86,"Agent 2",1,1321582,1321582,2048,10,"__amd_rocclr_fillBufferAligned",256,0,0,8,0,48,"TCC_EA0_RDREQ",232.000000,222896162602758,222896162604678
86,86,"Agent 2",1,1321582,1321582,2048,10,"__amd_rocclr_fillBufferAligned",256,0,0,8,0,48,"TCC_EA0_RDREQ_DRAM",232.000000,222896162602758,222896162604678
87,87,"Agent 2",1,1321582,1321582,256,10,"__amd_rocclr_fillBufferAligned",256,0,0,8,0,48,"TCC_EA0_RDREQ",29.000000,222896162695000,222896162696360
87,87,"Agent 2",1,1321582,1321582,256,10,"__amd_rocclr_fillBufferAligned",256,0,0,8,0,48,"TCC_EA0_RDREQ_DRAM",29.000000,222896162695000,222896162696360
88,88,"Agent 2",1,1321582,1321582,2048,10,"__amd_rocclr_fillBufferAligned",256,0,0,8,0,48,"TCC_EA0_RDREQ",232.000000,222896162777321,222896162779241
88,88,"Agent 2",1,1321582,1321582,2048,10,"__amd_rocclr_fillBufferAligned",256,0,0,8,0,48,"TCC_EA0_RDREQ_DRAM",232.000000,222896162777321,222896162779241
89,89,"Agent 2",1,1321582,1321582,256,10,"__amd_rocclr_fillBufferAligned",256,0,0,8,0,48,"TCC_EA0_RDREQ",29.000000,222896162863002,222896162864362
89,89,"Agent 2",1,1321582,1321582,256,10,"__amd_rocclr_fillBufferAligned",256,0,0,8,0,48,"TCC_EA0_RDREQ_DRAM",29.000000,222896162863002,222896162864362
90,90,"Agent 2",1,1321582,1321582,2048,10,"__amd_rocclr_fillBufferAligned",256,0,0,8,0,48,"TCC_EA0_RDREQ",232.000000,222896162948724,222896162950684
90,90,"Agent 2",1,1321582,1321582,2048,10,"__amd_rocclr_fillBufferAligned",256,0,0,8,0,48,"TCC_EA0_RDREQ_DRAM",232.000000,222896162948724,222896162950684
91,91,"Agent 2",1,1321582,1321582,256,10,"__amd_rocclr_fillBufferAligned",256,0,0,8,0,48,"TCC_EA0_RDREQ",29.000000,222896163042565,222896163044085
91,91,"Agent 2",1,1321582,1321582,256,10,"__amd_rocclr_fillBufferAligned",256,0,0,8,0,48,"TCC_EA0_RDREQ_DRAM",29.000000,222896163042565,222896163044085
92,92,"Agent 2",1,1321582,1321582,2048,10,"__amd_rocclr_fillBufferAligned",256,0,0,8,0,48,"TCC_EA0_RDREQ",232.000000,222896163127127,222896163129047
92,92,"Agent 2",1,1321582,1321582,2048,10,"__amd_rocclr_fillBufferAligned",256,0,0,8,0,48,"TCC_EA0_RDREQ_DRAM",232.000000,222896163127127,222896163129047
93,93,"Agent 2",1,1321582,1321582,256,10,"__amd_rocclr_fillBufferAligned",256,0,0,8,0,48,"TCC_EA0_RDREQ",29.000000,222896163215928,222896163217488
93,93,"Agent 2",1,1321582,1321582,256,10,"__amd_rocclr_fillBufferAligned",256,0,0,8,0,48,"TCC_EA0_RDREQ_DRAM",29.000000,222896163215928,222896163217488
94,94,"Agent 2",1,1321582,1321582,2048,10,"__amd_rocclr_fillBufferAligned",256,0,0,8,0,48,"TCC_EA0_RDREQ",232.000000,222896163301370,222896163303250
94,94,"Agent 2",1,1321582,1321582,2048,10,"__amd_rocclr_fillBufferAligned",256,0,0,8,0,48,"TCC_EA0_RDREQ_DRAM",232.000000,222896163301370,222896163303250
95,95,"Agent 2",1,1321582,1321582,256,10,"__amd_rocclr_fillBufferAligned",256,0,0,8,0,48,"TCC_EA0_RDREQ",29.000000,222896163386931,222896163388451
95,95,"Agent 2",1,1321582,1321582,256,10,"__amd_rocclr_fillBufferAligned",256,0,0,8,0,48,"TCC_EA0_RDREQ_DRAM",29.000000,222896163386931,222896163388451
96,96,"Agent 2",1,1321582,1321582,2048,10,"__amd_rocclr_fillBufferAligned",256,0,0,8,0,48,"TCC_EA0_RDREQ",232.000000,222896163472093,222896163473933
96,96,"Agent 2",1,1321582,1321582,2048,10,"__amd_rocclr_fillBufferAligned",256,0,0,8,0,48,"TCC_EA0_RDREQ_DRAM",232.000000,222896163472093,222896163473933
97,97,"Agent 2",1,1321582,1321582,256,10,"__amd_rocclr_fillBufferAligned",256,0,0,8,0,48,"TCC_EA0_RDREQ",29.000000,222896163559014,222896163560454
97,97,"Agent 2",1,1321582,1321582,256,10,"__amd_rocclr_fillBufferAligned",256,0,0,8,0,48,"TCC_EA0_RDREQ_DRAM",29.000000,222896163559014,222896163560454
98,98,"Agent 2",1,1321582,1321582,2048,10,"__amd_rocclr_fillBufferAligned",256,0,0,8,0,48,"TCC_EA0_RDREQ",232.000000,222896163639015,222896163640855
98,98,"Agent 2",1,1321582,1321582,2048,10,"__amd_rocclr_fillBufferAligned",256,0,0,8,0,48,"TCC_EA0_RDREQ_DRAM",232.000000,222896163639015,222896163640855
99,99,"Agent 2",1,1321582,1321582,256,10,"__amd_rocclr_fillBufferAligned",256,0,0,8,0,48,"TCC_EA0_RDREQ",29.000000,222896163729097,222896163730537
99,99,"Agent 2",1,1321582,1321582,256,10,"__amd_rocclr_fillBufferAligned",256,0,0,8,0,48,"TCC_EA0_RDREQ_DRAM",29.000000,222896163729097,222896163730537
100,100,"Agent 2",1,1321582,1321582,2048,10,"__amd_rocclr_fillBufferAligned",256,0,0,8,0,48,"TCC_EA0_RDREQ",232.000000,222896163809778,222896163811738
100,100,"Agent 2",1,1321582,1321582,2048,10,"__amd_rocclr_fillBufferAligned",256,0,0,8,0,48,"TCC_EA0_RDREQ_DRAM",232.000000,222896163809778,222896163811738
101,101,"Agent 2",1,1321582,1321582,256,10,"__amd_rocclr_fillBufferAligned",256,0,0,8,0,48,"TCC_EA0_RDREQ",29.000000,222896163896740,222896163897980
101,101,"Agent 2",1,1321582,1321582,256,10,"__amd_rocclr_fillBufferAligned",256,0,0,8,0,48,"TCC_EA0_RDREQ_DRAM",29.000000,222896163896740,222896163897980
102,102,"Agent 2",1,1321582,1321582,2048,10,"__amd_rocclr_fillBufferAligned",256,0,0,8,0,48,"TCC_EA0_RDREQ",232.000000,222896163982301,222896163984221
102,102,"Agent 2",1,1321582,1321582,2048,10,"__amd_rocclr_fillBufferAligned",256,0,0,8,0,48,"TCC_EA0_RDREQ_DRAM",232.000000,222896163982301,222896163984221
103,103,"Agent 2",1,1321582,1321582,256,10,"__amd_rocclr_fillBufferAligned",256,0,0,8,0,48,"TCC_EA0_RDREQ",29.000000,222896164073343,222896164074783
103,103,"Agent 2",1,1321582,1321582,256,10,"__amd_rocclr_fillBufferAligned",256,0,0,8,0,48,"TCC_EA0_RDREQ_DRAM",29.000000,222896164073343,222896164074783
104,104,"Agent 2",1,1321582,1321582,2048,10,"__amd_rocclr_fillBufferAligned",256,0,0,8,0,48,"TCC_EA0_RDREQ",232.000000,222896164157904,222896164159784
104,104,"Agent 2",1,1321582,1321582,2048,10,"__amd_rocclr_fillBufferAligned",256,0,0,8,0,48,"TCC_EA0_RDREQ_DRAM",232.000000,222896164157904,222896164159784
105,105,"Agent 2",1,1321582,1321582,256,10,"__amd_rocclr_fillBufferAligned",256,0,0,8,0,48,"TCC_EA0_RDREQ",29.000000,222896164246346,222896164247706
105,105,"Agent 2",1,1321582,1321582,256,10,"__amd_rocclr_fillBufferAligned",256,0,0,8,0,48,"TCC_EA0_RDREQ_DRAM",29.000000,222896164246346,222896164247706
106,106,"Agent 2",1,1321582,1321582,2048,10,"__amd_rocclr_fillBufferAligned",256,0,0,8,0,48,"TCC_EA0_RDREQ",232.000000,222896164327907,222896164329827
106,106,"Agent 2",1,1321582,1321582,2048,10,"__amd_rocclr_fillBufferAligned",256,0,0,8,0,48,"TCC_EA0_RDREQ_DRAM",232.000000,222896164327907,222896164329827
107,107,"Agent 2",1,1321582,1321582,256,10,"__amd_rocclr_fillBufferAligned",256,0,0,8,0,48,"TCC_EA0_RDREQ",29.000000,222896164412589,222896164414069
107,107,"Agent 2",1,1321582,1321582,256,10,"__amd_rocclr_fillBufferAligned",256,0,0,8,0,48,"TCC_EA0_RDREQ_DRAM",29.000000,222896164412589,222896164414069
108,108,"Agent 2",1,1321582,1321582,2048,10,"__amd_rocclr_fillBufferAligned",256,0,0,8,0,48,"TCC_EA0_RDREQ",232.000000,222896164495350,222896164497270
108,108,"Agent 2",1,1321582,1321582,2048,10,"__amd_rocclr_fillBufferAligned",256,0,0,8,0,48,"TCC_EA0_RDREQ_DRAM",232.000000,222896164495350,222896164497270
109,109,"Agent 2",1,1321582,1321582,256,10,"__amd_rocclr_fillBufferAligned",256,0,0,8,0,48,"TCC_EA0_RDREQ",29.000000,222896164584431,222896164586031
109,109,"Agent 2",1,1321582,1321582,256,10,"__amd_rocclr_fillBufferAligned",256,0,0,8,0,48,"TCC_EA0_RDREQ_DRAM",29.000000,222896164584431,222896164586031
110,110,"Agent 2",1,1321582,1321582,2048,10,"__amd_rocclr_fillBufferAligned",256,0,0,8,0,48,"TCC_EA0_RDREQ",232.000000,222896164670833,222896164672753
110,110,"Agent 2",1,1321582,1321582,2048,10,"__amd_rocclr_fillBufferAligned",256,0,0,8,0,48,"TCC_EA0_RDREQ_DRAM",232.000000,222896164670833,222896164672753
111,111,"Agent 2",1,1321582,1321582,256,10,"__amd_rocclr_fillBufferAligned",256,0,0,8,0,48,"TCC_EA0_RDREQ",29.000000,222896164758634,222896164760074
111,111,"Agent 2",1,1321582,1321582,256,10,"__amd_rocclr_fillBufferAligned",256,0,0,8,0,48,"TCC_EA0_RDREQ_DRAM",29.000000,222896164758634,222896164760074
112,112,"Agent 2",1,1321582,1321582,2048,10,"__amd_rocclr_fillBufferAligned",256,0,0,8,0,48,"TCC_EA0_RDREQ",232.000000,222896164841276,222896164843156
112,112,"Agent 2",1,1321582,1321582,2048,10,"__amd_rocclr_fillBufferAligned",256,0,0,8,0,48,"TCC_EA0_RDREQ_DRAM",232.000000,222896164841276,222896164843156
113,113,"Agent 2",1,1321582,1321582,256,10,"__amd_rocclr_fillBufferAligned",256,0,0,8,0,48,"TCC_EA0_RDREQ",29.000000,222896164928077,222896164929517
113,113,"Agent 2",1,1321582,1321582,256,10,"__amd_rocclr_fillBufferAligned",256,0,0,8,0,48,"TCC_EA0_RDREQ_DRAM",29.000000,222896164928077,222896164929517
114,114,"Agent 2",1,1321582,1321582,2048,10,"__amd_rocclr_fillBufferAligned",256,0,0,8,0,48,"TCC_EA0_RDREQ",232.000000,222896165010839,222896165012719
114,114,"Agent 2",1,1321582,1321582,2048,10,"__amd_rocclr_fillBufferAligned",256,0,0,8,0,48,"TCC_EA0_RDREQ_DRAM",232.000000,222896165010839,222896165012719
115,115,"Agent 2",1,1321582,1321582,256,10,"__amd_rocclr_fillBufferAligned",256,0,0,8,0,48,"TCC_EA0_RDREQ",29.000000,222896165098280,222896165099640
115,115,"Agent 2",1,1321582,1321582,256,10,"__amd_rocclr_fillBufferAligned",256,0,0,8,0,48,"TCC_EA0_RDREQ_DRAM",29.000000,222896165098280,222896165099640
116,116,"Agent 2",1,1321582,1321582,2048,10,"__amd_rocclr_fillBufferAligned",256,0,0,8,0,48,"TCC_EA0_RDREQ",232.000000,222896165180682,222896165182642
116,116,"Agent 2",1,1321582,1321582,2048,10,"__amd_rocclr_fillBufferAligned",256,0,0,8,0,48,"TCC_EA0_RDREQ_DRAM",232.000000,222896165180682,222896165182642
117,117,"Agent 2",1,1321582,1321582,256,10,"__amd_rocclr_fillBufferAligned",256,0,0,8,0,48,"TCC_EA0_RDREQ",29.000000,222896165269403,222896165270843
117,117,"Agent 2",1,1321582,1321582,256,10,"__amd_rocclr_fillBufferAligned",256,0,0,8,0,48,"TCC_EA0_RDREQ_DRAM",29.000000,222896165269403,222896165270843
118,118,"Agent 2",1,1321582,1321582,2048,10,"__amd_rocclr_fillBufferAligned",256,0,0,8,0,48,"TCC_EA0_RDREQ",232.000000,222896165350004,222896165351884
118,118,"Agent 2",1,1321582,1321582,2048,10,"__amd_rocclr_fillBufferAligned",256,0,0,8,0,48,"TCC_EA0_RDREQ_DRAM",232.000000,222896165350004,222896165351884
119,119,"Agent 2",1,1321582,1321582,256,10,"__amd_rocclr_fillBufferAligned",256,0,0,8,0,48,"TCC_EA0_RDREQ",29.000000,222896165438846,222896165440166
119,119,"Agent 2",1,1321582,1321582,256,10,"__amd_rocclr_fillBufferAligned",256,0,0,8,0,48,"TCC_EA0_RDREQ_DRAM",29.000000,222896165438846,222896165440166
120,120,"Agent 2",1,1321582,1321582,2048,10,"__amd_rocclr_fillBufferAligned",256,0,0,8,0,48,"TCC_EA0_RDREQ",232.000000,222896165520407,222896165522287
120,120,"Agent 2",1,1321582,1321582,2048,10,"__amd_rocclr_fillBufferAligned",256,0,0,8,0,48,"TCC_EA0_RDREQ_DRAM",232.000000,222896165520407,222896165522287
121,121,"Agent 2",1,1321582,1321582,256,10,"__amd_rocclr_fillBufferAligned",256,0,0,8,0,48,"TCC_EA0_RDREQ",29.000000,222896165608569,222896165609969
121,121,"Agent 2",1,1321582,1321582,256,10,"__amd_rocclr_fillBufferAligned",256,0,0,8,0,48,"TCC_EA0_RDREQ_DRAM",29.000000,222896165608569,222896165609969
122,122,"Agent 2",1,1321582,1321582,2048,10,"__amd_rocclr_fillBufferAligned",256,0,0,8,0,48,"TCC_EA0_RDREQ",232.000000,222896165694530,222896165696490
122,122,"Agent 2",1,1321582,1321582,2048,10,"__amd_rocclr_fillBufferAligned",256,0,0,8,0,48,"TCC_EA0_RDREQ_DRAM",232.000000,222896165694530,222896165696490
123,123,"Agent 2",1,1321582,1321582,256,10,"__amd_rocclr_fillBufferAligned",256,0,0,8,0,48,"TCC_EA0_RDREQ",29.000000,222896165780252,222896165781692
123,123,"Agent 2",1,1321582,1321582,256,10,"__amd_rocclr_fillBufferAligned",256,0,0,8,0,48,"TCC_EA0_RDREQ_DRAM",29.000000,222896165780252,222896165781692
124,124,"Agent 2",1,1321582,1321582,2048,10,"__amd_rocclr_fillBufferAligned",256,0,0,8,0,48,"TCC_EA0_RDREQ",232.000000,222896165860893,222896165862893
124,124,"Agent 2",1,1321582,1321582,2048,10,"__amd_rocclr_fillBufferAligned",256,0,0,8,0,48,"TCC_EA0_RDREQ_DRAM",232.000000,222896165860893,222896165862893
125,125,"Agent 2",1,1321582,1321582,256,10,"__amd_rocclr_fillBufferAligned",256,0,0,8,0,48,"TCC_EA0_RDREQ",29.000000,222896165946534,222896165947974
125,125,"Agent 2",1,1321582,1321582,256,10,"__amd_rocclr_fillBufferAligned",256,0,0,8,0,48,"TCC_EA0_RDREQ_DRAM",29.000000,222896165946534,222896165947974
126,126,"Agent 2",1,1321582,1321582,2048,10,"__amd_rocclr_fillBufferAligned",256,0,0,8,0,48,"TCC_EA0_RDREQ",232.000000,222896166033136,222896166035136
126,126,"Agent 2",1,1321582,1321582,2048,10,"__amd_rocclr_fillBufferAligned",256,0,0,8,0,48,"TCC_EA0_RDREQ_DRAM",232.000000,222896166033136,222896166035136
127,127,"Agent 2",1,1321582,1321582,256,10,"__amd_rocclr_fillBufferAligned",256,0,0,8,0,48,"TCC_EA0_RDREQ",29.000000,222896166123137,222896166124537
127,127,"Agent 2",1,1321582,1321582,256,10,"__amd_rocclr_fillBufferAligned",256,0,0,8,0,48,"TCC_EA0_RDREQ_DRAM",29.000000,222896166123137,222896166124537
128,128,"Agent 2",1,1321582,1321582,2048,10,"__amd_rocclr_fillBufferAligned",256,0,0,8,0,48,"TCC_EA0_RDREQ",232.000000,222896166207819,222896166209659
128,128,"Agent 2",1,1321582,1321582,2048,10,"__amd_rocclr_fillBufferAligned",256,0,0,8,0,48,"TCC_EA0_RDREQ_DRAM",232.000000,222896166207819,222896166209659
129,129,"Agent 2",1,1321582,1321582,256,10,"__amd_rocclr_fillBufferAligned",256,0,0,8,0,48,"TCC_EA0_RDREQ",29.000000,222896166296380,222896166297740
129,129,"Agent 2",1,1321582,1321582,256,10,"__amd_rocclr_fillBufferAligned",256,0,0,8,0,48,"TCC_EA0_RDREQ_DRAM",29.000000,222896166296380,222896166297740
130,130,"Agent 2",1,1321582,1321582,2048,10,"__amd_rocclr_fillBufferAligned",256,0,0,8,0,48,"TCC_EA0_RDREQ",232.000000,222896166375862,222896166377782
130,130,"Agent 2",1,1321582,1321582,2048,10,"__amd_rocclr_fillBufferAligned",256,0,0,8,0,48,"TCC_EA0_RDREQ_DRAM",232.000000,222896166375862,222896166377782
131,131,"Agent 2",1,1321582,1321582,256,10,"__amd_rocclr_fillBufferAligned",256,0,0,8,0,48,"TCC_EA0_RDREQ",29.000000,222896166462623,222896166464143
131,131,"Agent 2",1,1321582,1321582,256,10,"__amd_rocclr_fillBufferAligned",256,0,0,8,0,48,"TCC_EA0_RDREQ_DRAM",29.000000,222896166462623,222896166464143
132,132,"Agent 2",1,1321582,1321582,2048,10,"__amd_rocclr_fillBufferAligned",256,0,0,8,0,48,"TCC_EA0_RDREQ",232.000000,222896166542185,222896166544185
132,132,"Agent 2",1,1321582,1321582,2048,10,"__amd_rocclr_fillBufferAligned",256,0,0,8,0,48,"TCC_EA0_RDREQ_DRAM",232.000000,222896166542185,222896166544185
133,133,"Agent 2",1,1321582,1321582,256,10,"__amd_rocclr_fillBufferAligned",256,0,0,8,0,48,"TCC_EA0_RDREQ",29.000000,222896166628586,222896166629986
133,133,"Agent 2",1,1321582,1321582,256,10,"__amd_rocclr_fillBufferAligned",256,0,0,8,0,48,"TCC_EA0_RDREQ_DRAM",29.000000,222896166628586,222896166629986
134,134,"Agent 2",1,1321582,1321582,2048,10,"__amd_rocclr_fillBufferAligned",256,0,0,8,0,48,"TCC_EA0_RDREQ",232.000000,222896166716947,222896166718868
134,134,"Agent 2",1,1321582,1321582,2048,10,"__amd_rocclr_fillBufferAligned",256,0,0,8,0,48,"TCC_EA0_RDREQ_DRAM",232.000000,222896166716947,222896166718868
135,135,"Agent 2",1,1321582,1321582,256,10,"__amd_rocclr_fillBufferAligned",256,0,0,8,0,48,"TCC_EA0_RDREQ",29.000000,222896166806429,222896166807949
135,135,"Agent 2",1,1321582,1321582,256,10,"__amd_rocclr_fillBufferAligned",256,0,0,8,0,48,"TCC_EA0_RDREQ_DRAM",29.000000,222896166806429,222896166807949
136,136,"Agent 2",1,1321582,1321582,2048,10,"__amd_rocclr_fillBufferAligned",256,0,0,8,0,48,"TCC_EA0_RDREQ",232.000000,222896166890030,222896166891990
136,136,"Agent 2",1,1321582,1321582,2048,10,"__amd_rocclr_fillBufferAligned",256,0,0,8,0,48,"TCC_EA0_RDREQ_DRAM",232.000000,222896166890030,222896166891990
137,137,"Agent 2",1,1321582,1321582,256,10,"__amd_rocclr_fillBufferAligned",256,0,0,8,0,48,"TCC_EA0_RDREQ",29.000000,222896166977352,222896166978872
137,137,"Agent 2",1,1321582,1321582,256,10,"__amd_rocclr_fillBufferAligned",256,0,0,8,0,48,"TCC_EA0_RDREQ_DRAM",29.000000,222896166977352,222896166978872
138,138,"Agent 2",1,1321582,1321582,2048,10,"__amd_rocclr_fillBufferAligned",256,0,0,8,0,48,"TCC_EA0_RDREQ",232.000000,222896167066833,222896167068793
138,138,"Agent 2",1,1321582,1321582,2048,10,"__amd_rocclr_fillBufferAligned",256,0,0,8,0,48,"TCC_EA0_RDREQ_DRAM",232.000000,222896167066833,222896167068793
139,139,"Agent 2",1,1321582,1321582,256,10,"__amd_rocclr_fillBufferAligned",256,0,0,8,0,48,"TCC_EA0_RDREQ",29.000000,222896167151995,222896167153395
139,139,"Agent 2",1,1321582,1321582,256,10,"__amd_rocclr_fillBufferAligned",256,0,0,8,0,48,"TCC_EA0_RDREQ_DRAM",29.000000,222896167151995,222896167153395
140,140,"Agent 2",1,1321582,1321582,2048,10,"__amd_rocclr_fillBufferAligned",256,0,0,8,0,48,"TCC_EA0_RDREQ",232.000000,222896167238416,222896167240296
140,140,"Agent 2",1,1321582,1321582,2048,10,"__amd_rocclr_fillBufferAligned",256,0,0,8,0,48,"TCC_EA0_RDREQ_DRAM",232.000000,222896167238416,222896167240296
141,141,"Agent 2",1,1321582,1321582,256,10,"__amd_rocclr_fillBufferAligned",256,0,0,8,0,48,"TCC_EA0_RDREQ",29.000000,222896167326696,222896167328096
141,141,"Agent 2",1,1321582,1321582,256,10,"__amd_rocclr_fillBufferAligned",256,0,0,8,0,48,"TCC_EA0_RDREQ_DRAM",29.000000,222896167326696,222896167328096
142,142,"Agent 2",1,1321582,1321582,2048,10,"__amd_rocclr_fillBufferAligned",256,0,0,8,0,48,"TCC_EA0_RDREQ",232.000000,222896167403697,222896167405617
142,142,"Agent 2",1,1321582,1321582,2048,10,"__amd_rocclr_fillBufferAligned",256,0,0,8,0,48,"TCC_EA0_RDREQ_DRAM",232.000000,222896167403697,222896167405617
143,143,"Agent 2",1,1321582,1321582,256,10,"__amd_rocclr_fillBufferAligned",256,0,0,8,0,48,"TCC_EA0_RDREQ",29.000000,222896167491298,222896167492658
143,143,"Agent 2",1,1321582,1321582,256,10,"__amd_rocclr_fillBufferAligned",256,0,0,8,0,48,"TCC_EA0_RDREQ_DRAM",29.000000,222896167491298,222896167492658
144,144,"Agent 2",1,1321582,1321582,2048,10,"__amd_rocclr_fillBufferAligned",256,0,0,8,0,48,"TCC_EA0_RDREQ",232.000000,222896167576099,222896167577899
144,144,"Agent 2",1,1321582,1321582,2048,10,"__amd_rocclr_fillBufferAligned",256,0,0,8,0,48,"TCC_EA0_RDREQ_DRAM",232.000000,222896167576099,222896167577899
145,145,"Agent 2",1,1321582,1321582,256,10,"__amd_rocclr_fillBufferAligned",256,0,0,8,0,48,"TCC_EA0_RDREQ",29.000000,222896167663660,222896167664940
145,145,"Agent 2",1,1321582,1321582,256,10,"__amd_rocclr_fillBufferAligned",256,0,0,8,0,48,"TCC_EA0_RDREQ_DRAM",29.000000,222896167663660,222896167664940
146,146,"Agent 2",1,1321582,1321582,2048,10,"__amd_rocclr_fillBufferAligned",256,0,0,8,0,48,"TCC_EA0_RDREQ",232.000000,222896167749382,222896167751302
146,146,"Agent 2",1,1321582,1321582,2048,10,"__amd_rocclr_fillBufferAligned",256,0,0,8,0,48,"TCC_EA0_RDREQ_DRAM",232.000000,222896167749382,222896167751302
147,147,"Agent 2",1,1321582,1321582,256,10,"__amd_rocclr_fillBufferAligned",256,0,0,8,0,48,"TCC_EA0_RDREQ",29.000000,222896167837543,222896167839103
147,147,"Agent 2",1,1321582,1321582,256,10,"__amd_rocclr_fillBufferAligned",256,0,0,8,0,48,"TCC_EA0_RDREQ_DRAM",29.000000,222896167837543,222896167839103
148,148,"Agent 2",1,1321582,1321582,2048,10,"__amd_rocclr_fillBufferAligned",256,0,0,8,0,48,"TCC_EA0_RDREQ",232.000000,222896167920384,222896167922304
148,148,"Agent 2",1,1321582,1321582,2048,10,"__amd_rocclr_fillBufferAligned",256,0,0,8,0,48,"TCC_EA0_RDREQ_DRAM",232.000000,222896167920384,222896167922304
149,149,"Agent 2",1,1321582,1321582,256,10,"__amd_rocclr_fillBufferAligned",256,0,0,8,0,48,"TCC_EA0_RDREQ",29.000000,222896168007505,222896168009065
149,149,"Agent 2",1,1321582,1321582,256,10,"__amd_rocclr_fillBufferAligned",256,0,0,8,0,48,"TCC_EA0_RDREQ_DRAM",29.000000,222896168007505,222896168009065
150,150,"Agent 2",1,1321582,1321582,2048,10,"__amd_rocclr_fillBufferAligned",256,0,0,8,0,48,"TCC_EA0_RDREQ",232.000000,222896168089066,222896168090906
150,150,"Agent 2",1,1321582,1321582,2048,10,"__amd_rocclr_fillBufferAligned",256,0,0,8,0,48,"TCC_EA0_RDREQ_DRAM",232.000000,222896168089066,222896168090906
151,151,"Agent 2",1,1321582,1321582,256,10,"__amd_rocclr_fillBufferAligned",256,0,0,8,0,48,"TCC_EA0_RDREQ",29.000000,222896168178107,222896168179547
151,151,"Agent 2",1,1321582,1321582,256,10,"__amd_rocclr_fillBufferAligned",256,0,0,8,0,48,"TCC_EA0_RDREQ_DRAM",29.000000,222896168178107,222896168179547
152,152,"Agent 2",1,1321582,1321582,2048,10,"__amd_rocclr_fillBufferAligned",256,0,0,8,0,48,"TCC_EA0_RDREQ",232.000000,222896168259508,222896168261388
152,152,"Agent 2",1,1321582,1321582,2048,10,"__amd_rocclr_fillBufferAligned",256,0,0,8,0,48,"TCC_EA0_RDREQ_DRAM",232.000000,222896168259508,222896168261388
153,153,"Agent 2",1,1321582,1321582,256,10,"__amd_rocclr_fillBufferAligned",256,0,0,8,0,48,"TCC_EA0_RDREQ",29.000000,222896168346870,222896168348390
153,153,"Agent 2",1,1321582,1321582,256,10,"__amd_rocclr_fillBufferAligned",256,0,0,8,0,48,"TCC_EA0_RDREQ_DRAM",29.000000,222896168346870,222896168348390
154,154,"Agent 2",1,1321582,1321582,2048,10,"__amd_rocclr_fillBufferAligned",256,0,0,8,0,48,"TCC_EA0_RDREQ",232.000000,222896168432511,222896168434351
154,154,"Agent 2",1,1321582,1321582,2048,10,"__amd_rocclr_fillBufferAligned",256,0,0,8,0,48,"TCC_EA0_RDREQ_DRAM",232.000000,222896168432511,222896168434351
155,155,"Agent 2",1,1321582,1321582,256,10,"__amd_rocclr_fillBufferAligned",256,0,0,8,0,48,"TCC_EA0_RDREQ",29.000000,222896168519432,222896168520832
155,155,"Agent 2",1,1321582,1321582,256,10,"__amd_rocclr_fillBufferAligned",256,0,0,8,0,48,"TCC_EA0_RDREQ_DRAM",29.000000,222896168519432,222896168520832
156,156,"Agent 2",1,1321582,1321582,2048,10,"__amd_rocclr_fillBufferAligned",256,0,0,8,0,48,"TCC_EA0_RDREQ",232.000000,222896168604913,222896168606873
156,156,"Agent 2",1,1321582,1321582,2048,10,"__amd_rocclr_fillBufferAligned",256,0,0,8,0,48,"TCC_EA0_RDREQ_DRAM",232.000000,222896168604913,222896168606873
157,157,"Agent 2",1,1321582,1321582,256,10,"__amd_rocclr_fillBufferAligned",256,0,0,8,0,48,"TCC_EA0_RDREQ",29.000000,222896168691634,222896168693074
157,157,"Agent 2",1,1321582,1321582,256,10,"__amd_rocclr_fillBufferAligned",256,0,0,8,0,48,"TCC_EA0_RDREQ_DRAM",29.000000,222896168691634,222896168693074
158,158,"Agent 2",1,1321582,1321582,2048,10,"__amd_rocclr_fillBufferAligned",256,0,0,8,0,48,"TCC_EA0_RDREQ",232.000000,222896168775435,222896168777355
158,158,"Agent 2",1,1321582,1321582,2048,10,"__amd_rocclr_fillBufferAligned",256,0,0,8,0,48,"TCC_EA0_RDREQ_DRAM",232.000000,222896168775435,222896168777355
159,159,"Agent 2",1,1321582,1321582,256,10,"__amd_rocclr_fillBufferAligned",256,0,0,8,0,48,"TCC_EA0_RDREQ",29.000000,222896168861157,222896168862597
159,159,"Agent 2",1,1321582,1321582,256,10,"__amd_rocclr_fillBufferAligned",256,0,0,8,0,48,"TCC_EA0_RDREQ_DRAM",29.000000,222896168861157,222896168862597
160,160,"Agent 2",1,1321582,1321582,2048,10,"__amd_rocclr_fillBufferAligned",256,0,0,8,0,48,"TCC_EA0_RDREQ",232.000000,222896168946278,222896168948118
160,160,"Agent 2",1,1321582,1321582,2048,10,"__amd_rocclr_fillBufferAligned",256,0,0,8,0,48,"TCC_EA0_RDREQ_DRAM",232.000000,222896168946278,222896168948118
161,161,"Agent 2",1,1321582,1321582,256,10,"__amd_rocclr_fillBufferAligned",256,0,0,8,0,48,"TCC_EA0_RDREQ",29.000000,222896169076959,222896169078359
161,161,"Agent 2",1,1321582,1321582,256,10,"__amd_rocclr_fillBufferAligned",256,0,0,8,0,48,"TCC_EA0_RDREQ_DRAM",29.000000,222896169076959,222896169078359
162,162,"Agent 2",1,1321582,1321582,2048,10,"__amd_rocclr_fillBufferAligned",256,0,0,8,0,48,"TCC_EA0_RDREQ",232.000000,222896169163601,222896169165481
162,162,"Agent 2",1,1321582,1321582,2048,10,"__amd_rocclr_fillBufferAligned",256,0,0,8,0,48,"TCC_EA0_RDREQ_DRAM",232.000000,222896169163601,222896169165481
163,163,"Agent 2",1,1321582,1321582,256,10,"__amd_rocclr_fillBufferAligned",256,0,0,8,0,48,"TCC_EA0_RDREQ",29.000000,222896169248122,222896169249682
163,163,"Agent 2",1,1321582,1321582,256,10,"__amd_rocclr_fillBufferAligned",256,0,0,8,0,48,"TCC_EA0_RDREQ_DRAM",29.000000,222896169248122,222896169249682
164,164,"Agent 2",1,1321582,1321582,2048,10,"__amd_rocclr_fillBufferAligned",256,0,0,8,0,48,"TCC_EA0_RDREQ",232.000000,222896169334323,222896169336243
164,164,"Agent 2",1,1321582,1321582,2048,10,"__amd_rocclr_fillBufferAligned",256,0,0,8,0,48,"TCC_EA0_RDREQ_DRAM",232.000000,222896169334323,222896169336243
165,165,"Agent 2",1,1321582,1321582,256,10,"__amd_rocclr_fillBufferAligned",256,0,0,8,0,48,"TCC_EA0_RDREQ",29.000000,222896169418524,222896169420004
165,165,"Agent 2",1,1321582,1321582,256,10,"__amd_rocclr_fillBufferAligned",256,0,0,8,0,48,"TCC_EA0_RDREQ_DRAM",29.000000,222896169418524,222896169420004
166,166,"Agent 2",1,1321582,1321582,2048,10,"__amd_rocclr_fillBufferAligned",256,0,0,8,0,48,"TCC_EA0_RDREQ",232.000000,222896169506285,222896169508165
166,166,"Agent 2",1,1321582,1321582,2048,10,"__amd_rocclr_fillBufferAligned",256,0,0,8,0,48,"TCC_EA0_RDREQ_DRAM",232.000000,222896169506285,222896169508165
167,167,"Agent 2",1,1321582,1321582,256,10,"__amd_rocclr_fillBufferAligned",256,0,0,8,0,48,"TCC_EA0_RDREQ",29.000000,222896169590006,222896169591566
167,167,"Agent 2",1,1321582,1321582,256,10,"__amd_rocclr_fillBufferAligned",256,0,0,8,0,48,"TCC_EA0_RDREQ_DRAM",29.000000,222896169590006,222896169591566
168,168,"Agent 2",1,1321582,1321582,2048,10,"__amd_rocclr_fillBufferAligned",256,0,0,8,0,48,"TCC_EA0_RDREQ",232.000000,222896169675407,222896169677287
168,168,"Agent 2",1,1321582,1321582,2048,10,"__amd_rocclr_fillBufferAligned",256,0,0,8,0,48,"TCC_EA0_RDREQ_DRAM",232.000000,222896169675407,222896169677287
169,169,"Agent 2",1,1321582,1321582,256,10,"__amd_rocclr_fillBufferAligned",256,0,0,8,0,48,"TCC_EA0_RDREQ",29.000000,222896169760049,222896169761489
169,169,"Agent 2",1,1321582,1321582,256,10,"__amd_rocclr_fillBufferAligned",256,0,0,8,0,48,"TCC_EA0_RDREQ_DRAM",29.000000,222896169760049,222896169761489
170,170,"Agent 2",1,1321582,1321582,2048,10,"__amd_rocclr_fillBufferAligned",256,0,0,8,0,48,"TCC_EA0_RDREQ",232.000000,222896169848170,222896169850010
170,170,"Agent 2",1,1321582,1321582,2048,10,"__amd_rocclr_fillBufferAligned",256,0,0,8,0,48,"TCC_EA0_RDREQ_DRAM",232.000000,222896169848170,222896169850010
171,171,"Agent 2",1,1321582,1321582,256,10,"__amd_rocclr_fillBufferAligned",256,0,0,8,0,48,"TCC_EA0_RDREQ",29.000000,222896169932371,222896169933731
171,171,"Agent 2",1,1321582,1321582,256,10,"__amd_rocclr_fillBufferAligned",256,0,0,8,0,48,"TCC_EA0_RDREQ_DRAM",29.000000,222896169932371,222896169933731
172,172,"Agent 2",1,1321582,1321582,2048,10,"__amd_rocclr_fillBufferAligned",256,0,0,8,0,48,"TCC_EA0_RDREQ",232.000000,222896170022252,222896170024172
172,172,"Agent 2",1,1321582,1321582,2048,10,"__amd_rocclr_fillBufferAligned",256,0,0,8,0,48,"TCC_EA0_RDREQ_DRAM",232.000000,222896170022252,222896170024172
173,173,"Agent 2",1,1321582,1321582,256,10,"__amd_rocclr_fillBufferAligned",256,0,0,8,0,48,"TCC_EA0_RDREQ",29.000000,222896170105213,222896170106613
173,173,"Agent 2",1,1321582,1321582,256,10,"__amd_rocclr_fillBufferAligned",256,0,0,8,0,48,"TCC_EA0_RDREQ_DRAM",29.000000,222896170105213,222896170106613
174,174,"Agent 2",1,1321582,1321582,2048,10,"__amd_rocclr_fillBufferAligned",256,0,0,8,0,48,"TCC_EA0_RDREQ",232.000000,222896170194774,222896170196774
174,174,"Agent 2",1,1321582,1321582,2048,10,"__amd_rocclr_fillBufferAligned",256,0,0,8,0,48,"TCC_EA0_RDREQ_DRAM",232.000000,222896170194774,222896170196774
175,175,"Agent 2",1,1321582,1321582,256,10,"__amd_rocclr_fillBufferAligned",256,0,0,8,0,48,"TCC_EA0_RDREQ",29.000000,222896170278975,222896170280376
175,175,"Agent 2",1,1321582,1321582,256,10,"__amd_rocclr_fillBufferAligned",256,0,0,8,0,48,"TCC_EA0_RDREQ_DRAM",29.000000,222896170278975,222896170280376
176,176,"Agent 2",1,1321582,1321582,2048,10,"__amd_rocclr_fillBufferAligned",256,0,0,8,0,48,"TCC_EA0_RDREQ",232.000000,222896170375457,222896170377377
176,176,"Agent 2",1,1321582,1321582,2048,10,"__amd_rocclr_fillBufferAligned",256,0,0,8,0,48,"TCC_EA0_RDREQ_DRAM",232.000000,222896170375457,222896170377377
177,177,"Agent 2",1,1321582,1321582,256,10,"__amd_rocclr_fillBufferAligned",256,0,0,8,0,48,"TCC_EA0_RDREQ",29.000000,222896170460538,222896170461738
177,177,"Agent 2",1,1321582,1321582,256,10,"__amd_rocclr_fillBufferAligned",256,0,0,8,0,48,"TCC_EA0_RDREQ_DRAM",29.000000,222896170460538,222896170461738
178,178,"Agent 2",1,1321582,1321582,2048,10,"__amd_rocclr_fillBufferAligned",256,0,0,8,0,48,"TCC_EA0_RDREQ",232.000000,222896170546619,222896170548579
178,178,"Agent 2",1,1321582,1321582,2048,10,"__amd_rocclr_fillBufferAligned",256,0,0,8,0,48,"TCC_EA0_RDREQ_DRAM",232.000000,222896170546619,222896170548579
179,179,"Agent 2",1,1321582,1321582,256,10,"__amd_rocclr_fillBufferAligned",256,0,0,8,0,48,"TCC_EA0_RDREQ",29.000000,222896170631780,222896170633340
179,179,"Agent 2",1,1321582,1321582,256,10,"__amd_rocclr_fillBufferAligned",256,0,0,8,0,48,"TCC_EA0_RDREQ_DRAM",29.000000,222896170631780,222896170633340
180,180,"Agent 2",1,1321582,1321582,2048,10,"__amd_rocclr_fillBufferAligned",256,0,0,8,0,48,"TCC_EA0_RDREQ",232.000000,222896170717621,222896170719581
180,180,"Agent 2",1,1321582,1321582,2048,10,"__amd_rocclr_fillBufferAligned",256,0,0,8,0,48,"TCC_EA0_RDREQ_DRAM",232.000000,222896170717621,222896170719581
181,181,"Agent 2",1,1321582,1321582,256,10,"__amd_rocclr_fillBufferAligned",256,0,0,8,0,48,"TCC_EA0_RDREQ",29.000000,222896170804023,222896170805543
181,181,"Agent 2",1,1321582,1321582,256,10,"__amd_rocclr_fillBufferAligned",256,0,0,8,0,48,"TCC_EA0_RDREQ_DRAM",29.000000,222896170804023,222896170805543
182,182,"Agent 2",1,1321582,1321582,2048,10,"__amd_rocclr_fillBufferAligned",256,0,0,8,0,48,"TCC_EA0_RDREQ",232.000000,222896170894824,222896170896704
182,182,"Agent 2",1,1321582,1321582,2048,10,"__amd_rocclr_fillBufferAligned",256,0,0,8,0,48,"TCC_EA0_RDREQ_DRAM",232.000000,222896170894824,222896170896704
183,183,"Agent 2",1,1321582,1321582,256,10,"__amd_rocclr_fillBufferAligned",256,0,0,8,0,48,"TCC_EA0_RDREQ",29.000000,222896170976065,222896170977585
183,183,"Agent 2",1,1321582,1321582,256,10,"__amd_rocclr_fillBufferAligned",256,0,0,8,0,48,"TCC_EA0_RDREQ_DRAM",29.000000,222896170976065,222896170977585
184,184,"Agent 2",1,1321582,1321582,2048,10,"__amd_rocclr_fillBufferAligned",256,0,0,8,0,48,"TCC_EA0_RDREQ",232.000000,222896171072346,222896171074266
184,184,"Agent 2",1,1321582,1321582,2048,10,"__amd_rocclr_fillBufferAligned",256,0,0,8,0,48,"TCC_EA0_RDREQ_DRAM",232.000000,222896171072346,222896171074266
185,185,"Agent 2",1,1321582,1321582,256,10,"__amd_rocclr_fillBufferAligned",256,0,0,8,0,48,"TCC_EA0_RDREQ",29.000000,222896171158067,222896171159587
185,185,"Agent 2",1,1321582,1321582,256,10,"__amd_rocclr_fillBufferAligned",256,0,0,8,0,48,"TCC_EA0_RDREQ_DRAM",29.000000,222896171158067,222896171159587
186,186,"Agent 2",1,1321582,1321582,2048,10,"__amd_rocclr_fillBufferAligned",256,0,0,8,0,48,"TCC_EA0_RDREQ",232.000000,222896171246668,222896171248508
186,186,"Agent 2",1,1321582,1321582,2048,10,"__amd_rocclr_fillBufferAligned",256,0,0,8,0,48,"TCC_EA0_RDREQ_DRAM",232.000000,222896171246668,222896171248508
187,187,"Agent 2",1,1321582,1321582,256,10,"__amd_rocclr_fillBufferAligned",256,0,0,8,0,48,"TCC_EA0_RDREQ",29.000000,222896171333990,222896171335390
187,187,"Agent 2",1,1321582,1321582,256,10,"__amd_rocclr_fillBufferAligned",256,0,0,8,0,48,"TCC_EA0_RDREQ_DRAM",29.000000,222896171333990,222896171335390
188,188,"Agent 2",1,1321582,1321582,2048,10,"__amd_rocclr_fillBufferAligned",256,0,0,8,0,48,"TCC_EA0_RDREQ",232.000000,222896171423671,222896171425591
188,188,"Agent 2",1,1321582,1321582,2048,10,"__amd_rocclr_fillBufferAligned",256,0,0,8,0,48,"TCC_EA0_RDREQ_DRAM",232.000000,222896171423671,222896171425591
189,189,"Agent 2",1,1321582,1321582,256,10,"__amd_rocclr_fillBufferAligned",256,0,0,8,0,48,"TCC_EA0_RDREQ",29.000000,222896171508632,222896171510032
189,189,"Agent 2",1,1321582,1321582,256,10,"__amd_rocclr_fillBufferAligned",256,0,0,8,0,48,"TCC_EA0_RDREQ_DRAM",29.000000,222896171508632,222896171510032
190,190,"Agent 2",1,1321582,1321582,2048,10,"__amd_rocclr_fillBufferAligned",256,0,0,8,0,48,"TCC_EA0_RDREQ",232.000000,222896171595233,222896171597233
190,190,"Agent 2",1,1321582,1321582,2048,10,"__amd_rocclr_fillBufferAligned",256,0,0,8,0,48,"TCC_EA0_RDREQ_DRAM",232.000000,222896171595233,222896171597233
191,191,"Agent 2",1,1321582,1321582,256,10,"__amd_rocclr_fillBufferAligned",256,0,0,8,0,48,"TCC_EA0_RDREQ",29.000000,222896171680754,222896171682114
191,191,"Agent 2",1,1321582,1321582,256,10,"__amd_rocclr_fillBufferAligned",256,0,0,8,0,48,"TCC_EA0_RDREQ_DRAM",29.000000,222896171680754,222896171682114
192,192,"Agent 2",1,1321582,1321582,2048,10,"__amd_rocclr_fillBufferAligned",256,0,0,8,0,48,"TCC_EA0_RDREQ",232.000000,222896171767795,222896171769715
192,192,"Agent 2",1,1321582,1321582,2048,10,"__amd_rocclr_fillBufferAligned",256,0,0,8,0,48,"TCC_EA0_RDREQ_DRAM",232.000000,222896171767795,222896171769715
193,193,"Agent 2",1,1321582,1321582,256,10,"__amd_rocclr_fillBufferAligned",256,0,0,8,0,48,"TCC_EA0_RDREQ",29.000000,222896171853437,222896171854797
193,193,"Agent 2",1,1321582,1321582,256,10,"__amd_rocclr_fillBufferAligned",256,0,0,8,0,48,"TCC_EA0_RDREQ_DRAM",29.000000,222896171853437,222896171854797
194,194,"Agent 2",1,1321582,1321582,2048,10,"__amd_rocclr_fillBufferAligned",256,0,0,8,0,48,"TCC_EA0_RDREQ",232.000000,222896171942718,222896171944598
194,194,"Agent 2",1,1321582,1321582,2048,10,"__amd_rocclr_fillBufferAligned",256,0,0,8,0,48,"TCC_EA0_RDREQ_DRAM",232.000000,222896171942718,222896171944598
195,195,"Agent 2",1,1321582,1321582,256,10,"__amd_rocclr_fillBufferAligned",256,0,0,8,0,48,"TCC_EA0_RDREQ",29.000000,222896172023479,222896172024999
195,195,"Agent 2",1,1321582,1321582,256,10,"__amd_rocclr_fillBufferAligned",256,0,0,8,0,48,"TCC_EA0_RDREQ_DRAM",29.000000,222896172023479,222896172024999
196,196,"Agent 2",1,1321582,1321582,2048,10,"__amd_rocclr_fillBufferAligned",256,0,0,8,0,48,"TCC_EA0_RDREQ",232.000000,222896172114600,222896172116480
196,196,"Agent 2",1,1321582,1321582,2048,10,"__amd_rocclr_fillBufferAligned",256,0,0,8,0,48,"TCC_EA0_RDREQ_DRAM",232.000000,222896172114600,222896172116480
197,197,"Agent 2",1,1321582,1321582,256,10,"__amd_rocclr_fillBufferAligned",256,0,0,8,0,48,"TCC_EA0_RDREQ",29.000000,222896172199761,222896172201281
197,197,"Agent 2",1,1321582,1321582,256,10,"__amd_rocclr_fillBufferAligned",256,0,0,8,0,48,"TCC_EA0_RDREQ_DRAM",29.000000,222896172199761,222896172201281
198,198,"Agent 2",1,1321582,1321582,2048,10,"__amd_rocclr_fillBufferAligned",256,0,0,8,0,48,"TCC_EA0_RDREQ",232.000000,222896172288802,222896172290722
198,198,"Agent 2",1,1321582,1321582,2048,10,"__amd_rocclr_fillBufferAligned",256,0,0,8,0,48,"TCC_EA0_RDREQ_DRAM",232.000000,222896172288802,222896172290722
199,199,"Agent 2",1,1321582,1321582,256,10,"__amd_rocclr_fillBufferAligned",256,0,0,8,0,48,"TCC_EA0_RDREQ",29.000000,222896172375964,222896172377484
199,199,"Agent 2",1,1321582,1321582,256,10,"__amd_rocclr_fillBufferAligned",256,0,0,8,0,48,"TCC_EA0_RDREQ_DRAM",29.000000,222896172375964,222896172377484
200,200,"Agent 2",1,1321582,1321582,2048,10,"__amd_rocclr_fillBufferAligned",256,0,0,8,0,48,"TCC_EA0_RDREQ",232.000000,222896172467285,222896172469205
200,200,"Agent 2",1,1321582,1321582,2048,10,"__amd_rocclr_fillBufferAligned",256,0,0,8,0,48,"TCC_EA0_RDREQ_DRAM",232.000000,222896172467285,222896172469205
201,201,"Agent 2",1,1321582,1321582,256,10,"__amd_rocclr_fillBufferAligned",256,0,0,8,0,48,"TCC_EA0_RDREQ",29.000000,222896172549566,222896172551046
201,201,"Agent 2",1,1321582,1321582,256,10,"__amd_rocclr_fillBufferAligned",256,0,0,8,0,48,"TCC_EA0_RDREQ_DRAM",29.000000,222896172549566,222896172551046
202,202,"Agent 2",1,1321582,1321582,2048,10,"__amd_rocclr_fillBufferAligned",256,0,0,8,0,48,"TCC_EA0_RDREQ",232.000000,222896172639247,222896172641127
202,202,"Agent 2",1,1321582,1321582,2048,10,"__amd_rocclr_fillBufferAligned",256,0,0,8,0,48,"TCC_EA0_RDREQ_DRAM",232.000000,222896172639247,222896172641127
203,203,"Agent 2",1,1321582,1321582,256,10,"__amd_rocclr_fillBufferAligned",256,0,0,8,0,48,"TCC_EA0_RDREQ",29.000000,222896172720968,222896172722368
203,203,"Agent 2",1,1321582,1321582,256,10,"__amd_rocclr_fillBufferAligned",256,0,0,8,0,48,"TCC_EA0_RDREQ_DRAM",29.000000,222896172720968,222896172722368
204,204,"Agent 2",1,1321582,1321582,2048,10,"__amd_rocclr_fillBufferAligned",256,0,0,8,0,48,"TCC_EA0_RDREQ",232.000000,222896172807489,222896172809369
204,204,"Agent 2",1,1321582,1321582,2048,10,"__amd_rocclr_fillBufferAligned",256,0,0,8,0,48,"TCC_EA0_RDREQ_DRAM",232.000000,222896172807489,222896172809369
205,205,"Agent 2",1,1321582,1321582,256,10,"__amd_rocclr_fillBufferAligned",256,0,0,8,0,48,"TCC_EA0_RDREQ",29.000000,222896172893851,222896172895291
205,205,"Agent 2",1,1321582,1321582,256,10,"__amd_rocclr_fillBufferAligned",256,0,0,8,0,48,"TCC_EA0_RDREQ_DRAM",29.000000,222896172893851,222896172895291
206,206,"Agent 2",1,1321582,1321582,2048,10,"__amd_rocclr_fillBufferAligned",256,0,0,8,0,48,"TCC_EA0_RDREQ",232.000000,222896172982732,222896172984612
206,206,"Agent 2",1,1321582,1321582,2048,10,"__amd_rocclr_fillBufferAligned",256,0,0,8,0,48,"TCC_EA0_RDREQ_DRAM",232.000000,222896172982732,222896172984612
207,207,"Agent 2",1,1321582,1321582,256,10,"__amd_rocclr_fillBufferAligned",256,0,0,8,0,48,"TCC_EA0_RDREQ",29.000000,222896173071093,222896173072533
207,207,"Agent 2",1,1321582,1321582,256,10,"__amd_rocclr_fillBufferAligned",256,0,0,8,0,48,"TCC_EA0_RDREQ_DRAM",29.000000,222896173071093,222896173072533
208,208,"Agent 2",1,1321582,1321582,2048,10,"__amd_rocclr_fillBufferAligned",256,0,0,8,0,48,"TCC_EA0_RDREQ",232.000000,222896173162974,222896173164814
208,208,"Agent 2",1,1321582,1321582,2048,10,"__amd_rocclr_fillBufferAligned",256,0,0,8,0,48,"TCC_EA0_RDREQ_DRAM",232.000000,222896173162974,222896173164814
209,209,"Agent 2",1,1321582,1321582,256,10,"__amd_rocclr_fillBufferAligned",256,0,0,8,0,48,"TCC_EA0_RDREQ",29.000000,222896173245895,222896173247215
209,209,"Agent 2",1,1321582,1321582,256,10,"__amd_rocclr_fillBufferAligned",256,0,0,8,0,48,"TCC_EA0_RDREQ_DRAM",29.000000,222896173245895,222896173247215
210,210,"Agent 2",1,1321582,1321582,2048,10,"__amd_rocclr_fillBufferAligned",256,0,0,8,0,48,"TCC_EA0_RDREQ",232.000000,222896173334096,222896173335936
210,210,"Agent 2",1,1321582,1321582,2048,10,"__amd_rocclr_fillBufferAligned",256,0,0,8,0,48,"TCC_EA0_RDREQ_DRAM",232.000000,222896173334096,222896173335936
211,211,"Agent 2",1,1321582,1321582,256,10,"__amd_rocclr_fillBufferAligned",256,0,0,8,0,48,"TCC_EA0_RDREQ",29.000000,222896173418738,222896173420258
211,211,"Agent 2",1,1321582,1321582,256,10,"__amd_rocclr_fillBufferAligned",256,0,0,8,0,48,"TCC_EA0_RDREQ_DRAM",29.000000,222896173418738,222896173420258
212,212,"Agent 2",1,1321582,1321582,2048,10,"__amd_rocclr_fillBufferAligned",256,0,0,8,0,48,"TCC_EA0_RDREQ",232.000000,222896173505979,222896173507899
212,212,"Agent 2",1,1321582,1321582,2048,10,"__amd_rocclr_fillBufferAligned",256,0,0,8,0,48,"TCC_EA0_RDREQ_DRAM",232.000000,222896173505979,222896173507899
213,213,"Agent 2",1,1321582,1321582,256,10,"__amd_rocclr_fillBufferAligned",256,0,0,8,0,48,"TCC_EA0_RDREQ",29.000000,222896173588100,222896173589620
213,213,"Agent 2",1,1321582,1321582,256,10,"__amd_rocclr_fillBufferAligned",256,0,0,8,0,48,"TCC_EA0_RDREQ_DRAM",29.000000,222896173588100,222896173589620
214,214,"Agent 2",1,1321582,1321582,2048,10,"__amd_rocclr_fillBufferAligned",256,0,0,8,0,48,"TCC_EA0_RDREQ",232.000000,222896173674381,222896173676221
214,214,"Agent 2",1,1321582,1321582,2048,10,"__amd_rocclr_fillBufferAligned",256,0,0,8,0,48,"TCC_EA0_RDREQ_DRAM",232.000000,222896173674381,222896173676221
215,215,"Agent 2",1,1321582,1321582,256,10,"__amd_rocclr_fillBufferAligned",256,0,0,8,0,48,"TCC_EA0_RDREQ",29.000000,222896173754622,222896173756142
215,215,"Agent 2",1,1321582,1321582,256,10,"__amd_rocclr_fillBufferAligned",256,0,0,8,0,48,"TCC_EA0_RDREQ_DRAM",29.000000,222896173754622,222896173756142
216,216,"Agent 2",1,1321582,1321582,2048,10,"__amd_rocclr_fillBufferAligned",256,0,0,8,0,48,"TCC_EA0_RDREQ",232.000000,222896173841183,222896173843103
216,216,"Agent 2",1,1321582,1321582,2048,10,"__amd_rocclr_fillBufferAligned",256,0,0,8,0,48,"TCC_EA0_RDREQ_DRAM",232.000000,222896173841183,222896173843103
217,217,"Agent 2",1,1321582,1321582,256,10,"__amd_rocclr_fillBufferAligned",256,0,0,8,0,48,"TCC_EA0_RDREQ",29.000000,222896173925224,222896173926744
217,217,"Agent 2",1,1321582,1321582,256,10,"__amd_rocclr_fillBufferAligned",256,0,0,8,0,48,"TCC_EA0_RDREQ_DRAM",29.000000,222896173925224,222896173926744
218,218,"Agent 2",1,1321582,1321582,2048,10,"__amd_rocclr_fillBufferAligned",256,0,0,8,0,48,"TCC_EA0_RDREQ",232.000000,222896174018866,222896174020746
218,218,"Agent 2",1,1321582,1321582,2048,10,"__amd_rocclr_fillBufferAligned",256,0,0,8,0,48,"TCC_EA0_RDREQ_DRAM",232.000000,222896174018866,222896174020746
219,219,"Agent 2",1,1321582,1321582,256,10,"__amd_rocclr_fillBufferAligned",256,0,0,8,0,48,"TCC_EA0_RDREQ",29.000000,222896174103507,222896174104907
219,219,"Agent 2",1,1321582,1321582,256,10,"__amd_rocclr_fillBufferAligned",256,0,0,8,0,48,"TCC_EA0_RDREQ_DRAM",29.000000,222896174103507,222896174104907
220,220,"Agent 2",1,1321582,1321582,2048,10,"__amd_rocclr_fillBufferAligned",256,0,0,8,0,48,"TCC_EA0_RDREQ",232.000000,222896174192548,222896174194428
220,220,"Agent 2",1,1321582,1321582,2048,10,"__amd_rocclr_fillBufferAligned",256,0,0,8,0,48,"TCC_EA0_RDREQ_DRAM",232.000000,222896174192548,222896174194428
221,221,"Agent 2",1,1321582,1321582,256,10,"__amd_rocclr_fillBufferAligned",256,0,0,8,0,48,"TCC_EA0_RDREQ",29.000000,222896174277829,222896174279269
221,221,"Agent 2",1,1321582,1321582,256,10,"__amd_rocclr_fillBufferAligned",256,0,0,8,0,48,"TCC_EA0_RDREQ_DRAM",29.000000,222896174277829,222896174279269
222,222,"Agent 2",1,1321582,1321582,2048,10,"__amd_rocclr_fillBufferAligned",256,0,0,8,0,48,"TCC_EA0_RDREQ",232.000000,222896174366270,222896174368230
222,222,"Agent 2",1,1321582,1321582,2048,10,"__amd_rocclr_fillBufferAligned",256,0,0,8,0,48,"TCC_EA0_RDREQ_DRAM",232.000000,222896174366270,222896174368230
223,223,"Agent 2",1,1321582,1321582,256,10,"__amd_rocclr_fillBufferAligned",256,0,0,8,0,48,"TCC_EA0_RDREQ",29.000000,222896174450791,222896174452231
223,223,"Agent 2",1,1321582,1321582,256,10,"__amd_rocclr_fillBufferAligned",256,0,0,8,0,48,"TCC_EA0_RDREQ_DRAM",29.000000,222896174450791,222896174452231
224,224,"Agent 2",1,1321582,1321582,2048,10,"__amd_rocclr_fillBufferAligned",256,0,0,8,0,48,"TCC_EA0_RDREQ",232.000000,222896174537033,222896174538873
224,224,"Agent 2",1,1321582,1321582,2048,10,"__amd_rocclr_fillBufferAligned",256,0,0,8,0,48,"TCC_EA0_RDREQ_DRAM",232.000000,222896174537033,222896174538873
225,225,"Agent 2",1,1321582,1321582,256,10,"__amd_rocclr_fillBufferAligned",256,0,0,8,0,48,"TCC_EA0_RDREQ",29.000000,222896174619514,222896174620914
225,225,"Agent 2",1,1321582,1321582,256,10,"__amd_rocclr_fillBufferAligned",256,0,0,8,0,48,"TCC_EA0_RDREQ_DRAM",29.000000,222896174619514,222896174620914
226,226,"Agent 2",1,1321582,1321582,2048,10,"__amd_rocclr_fillBufferAligned",256,0,0,8,0,48,"TCC_EA0_RDREQ",232.000000,222896174709835,222896174711755
226,226,"Agent 2",1,1321582,1321582,2048,10,"__amd_rocclr_fillBufferAligned",256,0,0,8,0,48,"TCC_EA0_RDREQ_DRAM",232.000000,222896174709835,222896174711755
227,227,"Agent 2",1,1321582,1321582,256,10,"__amd_rocclr_fillBufferAligned",256,0,0,8,0,48,"TCC_EA0_RDREQ",29.000000,222896174792876,222896174794396
227,227,"Agent 2",1,1321582,1321582,256,10,"__amd_rocclr_fillBufferAligned",256,0,0,8,0,48,"TCC_EA0_RDREQ_DRAM",29.000000,222896174792876,222896174794396
228,228,"Agent 2",1,1321582,1321582,2048,10,"__amd_rocclr_fillBufferAligned",256,0,0,8,0,48,"TCC_EA0_RDREQ",232.000000,222896174880677,222896174882597
228,228,"Agent 2",1,1321582,1321582,2048,10,"__amd_rocclr_fillBufferAligned",256,0,0,8,0,48,"TCC_EA0_RDREQ_DRAM",232.000000,222896174880677,222896174882597
229,229,"Agent 2",1,1321582,1321582,256,10,"__amd_rocclr_fillBufferAligned",256,0,0,8,0,48,"TCC_EA0_RDREQ",29.000000,222896174962838,222896174964398
229,229,"Agent 2",1,1321582,1321582,256,10,"__amd_rocclr_fillBufferAligned",256,0,0,8,0,48,"TCC_EA0_RDREQ_DRAM",29.000000,222896174962838,222896174964398
230,230,"Agent 2",1,1321582,1321582,2048,10,"__amd_rocclr_fillBufferAligned",256,0,0,8,0,48,"TCC_EA0_RDREQ",232.000000,222896175049239,222896175051159
230,230,"Agent 2",1,1321582,1321582,2048,10,"__amd_rocclr_fillBufferAligned",256,0,0,8,0,48,"TCC_EA0_RDREQ_DRAM",232.000000,222896175049239,222896175051159
231,231,"Agent 2",1,1321582,1321582,256,10,"__amd_rocclr_fillBufferAligned",256,0,0,8,0,48,"TCC_EA0_RDREQ",29.000000,222896175132440,222896175133801
231,231,"Agent 2",1,1321582,1321582,256,10,"__amd_rocclr_fillBufferAligned",256,0,0,8,0,48,"TCC_EA0_RDREQ_DRAM",29.000000,222896175132440,222896175133801
232,232,"Agent 2",1,1321582,1321582,2048,10,"__amd_rocclr_fillBufferAligned",256,0,0,8,0,48,"TCC_EA0_RDREQ",232.000000,222896175224162,222896175226082
232,232,"Agent 2",1,1321582,1321582,2048,10,"__amd_rocclr_fillBufferAligned",256,0,0,8,0,48,"TCC_EA0_RDREQ_DRAM",232.000000,222896175224162,222896175226082
233,233,"Agent 2",1,1321582,1321582,256,10,"__amd_rocclr_fillBufferAligned",256,0,0,8,0,48,"TCC_EA0_RDREQ",29.000000,222896175312443,222896175313963
233,233,"Agent 2",1,1321582,1321582,256,10,"__amd_rocclr_fillBufferAligned",256,0,0,8,0,48,"TCC_EA0_RDREQ_DRAM",29.000000,222896175312443,222896175313963
234,234,"Agent 2",1,1321582,1321582,2048,10,"__amd_rocclr_fillBufferAligned",256,0,0,8,0,48,"TCC_EA0_RDREQ",232.000000,222896175401524,222896175403404
234,234,"Agent 2",1,1321582,1321582,2048,10,"__amd_rocclr_fillBufferAligned",256,0,0,8,0,48,"TCC_EA0_RDREQ_DRAM",232.000000,222896175401524,222896175403404
235,235,"Agent 2",1,1321582,1321582,256,10,"__amd_rocclr_fillBufferAligned",256,0,0,8,0,48,"TCC_EA0_RDREQ",29.000000,222896175482845,222896175484245
235,235,"Agent 2",1,1321582,1321582,256,10,"__amd_rocclr_fillBufferAligned",256,0,0,8,0,48,"TCC_EA0_RDREQ_DRAM",29.000000,222896175482845,222896175484245
236,236,"Agent 2",1,1321582,1321582,2048,10,"__amd_rocclr_fillBufferAligned",256,0,0,8,0,48,"TCC_EA0_RDREQ",232.000000,222896175569046,222896175570886
236,236,"Agent 2",1,1321582,1321582,2048,10,"__amd_rocclr_fillBufferAligned",256,0,0,8,0,48,"TCC_EA0_RDREQ_DRAM",232.000000,222896175569046,222896175570886
237,237,"Agent 2",1,1321582,1321582,256,10,"__amd_rocclr_fillBufferAligned",256,0,0,8,0,48,"TCC_EA0_RDREQ",29.000000,222896175650767,222896175652167
237,237,"Agent 2",1,1321582,1321582,256,10,"__amd_rocclr_fillBufferAligned",256,0,0,8,0,48,"TCC_EA0_RDREQ_DRAM",29.000000,222896175650767,222896175652167
238,238,"Agent 2",1,1321582,1321582,2048,10,"__amd_rocclr_fillBufferAligned",256,0,0,8,0,48,"TCC_EA0_RDREQ",232.000000,222896175740609,222896175742569
238,238,"Agent 2",1,1321582,1321582,2048,10,"__amd_rocclr_fillBufferAligned",256,0,0,8,0,48,"TCC_EA0_RDREQ_DRAM",232.000000,222896175740609,222896175742569
239,239,"Agent 2",1,1321582,1321582,256,10,"__amd_rocclr_fillBufferAligned",256,0,0,8,0,48,"TCC_EA0_RDREQ",29.000000,222896175822810,222896175824210
239,239,"Agent 2",1,1321582,1321582,256,10,"__amd_rocclr_fillBufferAligned",256,0,0,8,0,48,"TCC_EA0_RDREQ_DRAM",29.000000,222896175822810,222896175824210
240,240,"Agent 2",1,1321582,1321582,2048,10,"__amd_rocclr_fillBufferAligned",256,0,0,8,0,48,"TCC_EA0_RDREQ",232.000000,222896175909211,222896175911011
240,240,"Agent 2",1,1321582,1321582,2048,10,"__amd_rocclr_fillBufferAligned",256,0,0,8,0,48,"TCC_EA0_RDREQ_DRAM",232.000000,222896175909211,222896175911011
241,241,"Agent 2",1,1321582,1321582,256,10,"__amd_rocclr_fillBufferAligned",256,0,0,8,0,48,"TCC_EA0_RDREQ",29.000000,222896175991852,222896175993252
241,241,"Agent 2",1,1321582,1321582,256,10,"__amd_rocclr_fillBufferAligned",256,0,0,8,0,48,"TCC_EA0_RDREQ_DRAM",29.000000,222896175991852,222896175993252
242,242,"Agent 2",1,1321582,1321582,2048,10,"__amd_rocclr_fillBufferAligned",256,0,0,8,0,48,"TCC_EA0_RDREQ",232.000000,222896176086493,222896176088333
242,242,"Agent 2",1,1321582,1321582,2048,10,"__amd_rocclr_fillBufferAligned",256,0,0,8,0,48,"TCC_EA0_RDREQ_DRAM",232.000000,222896176086493,222896176088333
243,243,"Agent 2",1,1321582,1321582,256,10,"__amd_rocclr_fillBufferAligned",256,0,0,8,0,48,"TCC_EA0_RDREQ",29.000000,222896176169694,222896176171054
243,243,"Agent 2",1,1321582,1321582,256,10,"__amd_rocclr_fillBufferAligned",256,0,0,8,0,48,"TCC_EA0_RDREQ_DRAM",29.000000,222896176169694,222896176171054
244,244,"Agent 2",1,1321582,1321582,2048,10,"__amd_rocclr_fillBufferAligned",256,0,0,8,0,48,"TCC_EA0_RDREQ",232.000000,222896176259216,222896176261096
244,244,"Agent 2",1,1321582,1321582,2048,10,"__amd_rocclr_fillBufferAligned",256,0,0,8,0,48,"TCC_EA0_RDREQ_DRAM",232.000000,222896176259216,222896176261096
245,245,"Agent 2",1,1321582,1321582,256,10,"__amd_rocclr_fillBufferAligned",256,0,0,8,0,48,"TCC_EA0_RDREQ",29.000000,222896176346857,222896176348297
245,245,"Agent 2",1,1321582,1321582,256,10,"__amd_rocclr_fillBufferAligned",256,0,0,8,0,48,"TCC_EA0_RDREQ_DRAM",29.000000,222896176346857,222896176348297
246,246,"Agent 2",1,1321582,1321582,2048,10,"__amd_rocclr_fillBufferAligned",256,0,0,8,0,48,"TCC_EA0_RDREQ",232.000000,222896176438218,222896176440098
246,246,"Agent 2",1,1321582,1321582,2048,10,"__amd_rocclr_fillBufferAligned",256,0,0,8,0,48,"TCC_EA0_RDREQ_DRAM",232.000000,222896176438218,222896176440098
247,247,"Agent 2",1,1321582,1321582,256,10,"__amd_rocclr_fillBufferAligned",256,0,0,8,0,48,"TCC_EA0_RDREQ",29.000000,222896176518739,222896176519979
247,247,"Agent 2",1,1321582,1321582,256,10,"__amd_rocclr_fillBufferAligned",256,0,0,8,0,48,"TCC_EA0_RDREQ_DRAM",29.000000,222896176518739,222896176519979
248,248,"Agent 2",1,1321582,1321582,2048,10,"__amd_rocclr_fillBufferAligned",256,0,0,8,0,48,"TCC_EA0_RDREQ",232.000000,222896176607420,222896176609260
248,248,"Agent 2",1,1321582,1321582,2048,10,"__amd_rocclr_fillBufferAligned",256,0,0,8,0,48,"TCC_EA0_RDREQ_DRAM",232.000000,222896176607420,222896176609260
249,249,"Agent 2",1,1321582,1321582,256,10,"__amd_rocclr_fillBufferAligned",256,0,0,8,0,48,"TCC_EA0_RDREQ",29.000000,222896176693261,222896176694661
249,249,"Agent 2",1,1321582,1321582,256,10,"__amd_rocclr_fillBufferAligned",256,0,0,8,0,48,"TCC_EA0_RDREQ_DRAM",29.000000,222896176693261,222896176694661
250,250,"Agent 2",1,1321582,1321582,2048,10,"__amd_rocclr_fillBufferAligned",256,0,0,8,0,48,"TCC_EA0_RDREQ",232.000000,222896176779143,222896176781103
250,250,"Agent 2",1,1321582,1321582,2048,10,"__amd_rocclr_fillBufferAligned",256,0,0,8,0,48,"TCC_EA0_RDREQ_DRAM",232.000000,222896176779143,222896176781103
251,251,"Agent 2",1,1321582,1321582,256,10,"__amd_rocclr_fillBufferAligned",256,0,0,8,0,48,"TCC_EA0_RDREQ",29.000000,222896176861784,222896176863304
251,251,"Agent 2",1,1321582,1321582,256,10,"__amd_rocclr_fillBufferAligned",256,0,0,8,0,48,"TCC_EA0_RDREQ_DRAM",29.000000,222896176861784,222896176863304
252,252,"Agent 2",1,1321582,1321582,2048,10,"__amd_rocclr_fillBufferAligned",256,0,0,8,0,48,"TCC_EA0_RDREQ",232.000000,222896176950425,222896176952305
252,252,"Agent 2",1,1321582,1321582,2048,10,"__amd_rocclr_fillBufferAligned",256,0,0,8,0,48,"TCC_EA0_RDREQ_DRAM",232.000000,222896176950425,222896176952305
253,253,"Agent 2",1,1321582,1321582,256,10,"__amd_rocclr_fillBufferAligned",256,0,0,8,0,48,"TCC_EA0_RDREQ",29.000000,222896177036426,222896177037946
253,253,"Agent 2",1,1321582,1321582,256,10,"__amd_rocclr_fillBufferAligned",256,0,0,8,0,48,"TCC_EA0_RDREQ_DRAM",29.000000,222896177036426,222896177037946
254,254,"Agent 2",1,1321582,1321582,2048,10,"__amd_rocclr_fillBufferAligned",256,0,0,8,0,48,"TCC_EA0_RDREQ",232.000000,222896177125027,222896177126867
254,254,"Agent 2",1,1321582,1321582,2048,10,"__amd_rocclr_fillBufferAligned",256,0,0,8,0,48,"TCC_EA0_RDREQ_DRAM",232.000000,222896177125027,222896177126867
255,255,"Agent 2",1,1321582,1321582,256,10,"__amd_rocclr_fillBufferAligned",256,0,0,8,0,48,"TCC_EA0_RDREQ",29.000000,222896177211828,222896177213348
255,255,"Agent 2",1,1321582,1321582,256,10,"__amd_rocclr_fillBufferAligned",256,0,0,8,0,48,"TCC_EA0_RDREQ_DRAM",29.000000,222896177211828,222896177213348
256,256,"Agent 2",1,1321582,1321582,2048,10,"__amd_rocclr_fillBufferAligned",256,0,0,8,0,48,"TCC_EA0_RDREQ",232.000000,222896177300030,222896177301910
256,256,"Agent 2",1,1321582,1321582,2048,10,"__amd_rocclr_fillBufferAligned",256,0,0,8,0,48,"TCC_EA0_RDREQ_DRAM",232.000000,222896177300030,222896177301910
257,257,"Agent 2",1,1321582,1321582,256,10,"__amd_rocclr_fillBufferAligned",256,0,0,8,0,48,"TCC_EA0_RDREQ",29.000000,222896177381111,222896177382631
257,257,"Agent 2",1,1321582,1321582,256,10,"__amd_rocclr_fillBufferAligned",256,0,0,8,0,48,"TCC_EA0_RDREQ_DRAM",29.000000,222896177381111,222896177382631
258,258,"Agent 2",1,1321582,1321582,2048,10,"__amd_rocclr_fillBufferAligned",256,0,0,8,0,48,"TCC_EA0_RDREQ",232.000000,222896177467312,222896177469112
258,258,"Agent 2",1,1321582,1321582,2048,10,"__amd_rocclr_fillBufferAligned",256,0,0,8,0,48,"TCC_EA0_RDREQ_DRAM",232.000000,222896177467312,222896177469112
259,259,"Agent 2",1,1321582,1321582,256,10,"__amd_rocclr_fillBufferAligned",256,0,0,8,0,48,"TCC_EA0_RDREQ",29.000000,222896177552073,222896177553513
259,259,"Agent 2",1,1321582,1321582,256,10,"__amd_rocclr_fillBufferAligned",256,0,0,8,0,48,"TCC_EA0_RDREQ_DRAM",29.000000,222896177552073,222896177553513
260,260,"Agent 2",1,1321582,1321582,2048,10,"__amd_rocclr_fillBufferAligned",256,0,0,8,0,48,"TCC_EA0_RDREQ",232.000000,222896177641154,222896177643034
260,260,"Agent 2",1,1321582,1321582,2048,10,"__amd_rocclr_fillBufferAligned",256,0,0,8,0,48,"TCC_EA0_RDREQ_DRAM",232.000000,222896177641154,222896177643034
261,261,"Agent 2",1,1321582,1321582,256,10,"__amd_rocclr_fillBufferAligned",256,0,0,8,0,48,"TCC_EA0_RDREQ",29.000000,222896177726515,222896177727955
261,261,"Agent 2",1,1321582,1321582,256,10,"__amd_rocclr_fillBufferAligned",256,0,0,8,0,48,"TCC_EA0_RDREQ_DRAM",29.000000,222896177726515,222896177727955
262,262,"Agent 2",1,1321582,1321582,2048,10,"__amd_rocclr_fillBufferAligned",256,0,0,8,0,48,"TCC_EA0_RDREQ",232.000000,222896177812236,222896177814116
262,262,"Agent 2",1,1321582,1321582,2048,10,"__amd_rocclr_fillBufferAligned",256,0,0,8,0,48,"TCC_EA0_RDREQ_DRAM",232.000000,222896177812236,222896177814116
263,263,"Agent 2",1,1321582,1321582,256,10,"__amd_rocclr_fillBufferAligned",256,0,0,8,0,48,"TCC_EA0_RDREQ",29.000000,222896177896037,222896177897518
263,263,"Agent 2",1,1321582,1321582,256,10,"__amd_rocclr_fillBufferAligned",256,0,0,8,0,48,"TCC_EA0_RDREQ_DRAM",29.000000,222896177896037,222896177897518
264,264,"Agent 2",1,1321582,1321582,2048,10,"__amd_rocclr_fillBufferAligned",256,0,0,8,0,48,"TCC_EA0_RDREQ",232.000000,222896177985279,222896177987199
264,264,"Agent 2",1,1321582,1321582,2048,10,"__amd_rocclr_fillBufferAligned",256,0,0,8,0,48,"TCC_EA0_RDREQ_DRAM",232.000000,222896177985279,222896177987199
265,265,"Agent 2",1,1321582,1321582,256,10,"__amd_rocclr_fillBufferAligned",256,0,0,8,0,48,"TCC_EA0_RDREQ",29.000000,222896178072000,222896178073400
265,265,"Agent 2",1,1321582,1321582,256,10,"__amd_rocclr_fillBufferAligned",256,0,0,8,0,48,"TCC_EA0_RDREQ_DRAM",29.000000,222896178072000,222896178073400
266,266,"Agent 2",1,1321582,1321582,2048,10,"__amd_rocclr_fillBufferAligned",256,0,0,8,0,48,"TCC_EA0_RDREQ",232.000000,222896178160281,222896178162161
266,266,"Agent 2",1,1321582,1321582,2048,10,"__amd_rocclr_fillBufferAligned",256,0,0,8,0,48,"TCC_EA0_RDREQ_DRAM",232.000000,222896178160281,222896178162161
267,267,"Agent 2",1,1321582,1321582,256,10,"__amd_rocclr_fillBufferAligned",256,0,0,8,0,48,"TCC_EA0_RDREQ",29.000000,222896178240362,222896178241802
267,267,"Agent 2",1,1321582,1321582,256,10,"__amd_rocclr_fillBufferAligned",256,0,0,8,0,48,"TCC_EA0_RDREQ_DRAM",29.000000,222896178240362,222896178241802
268,268,"Agent 2",1,1321582,1321582,2048,10,"__amd_rocclr_fillBufferAligned",256,0,0,8,0,48,"TCC_EA0_RDREQ",232.000000,222896178326283,222896178328163
268,268,"Agent 2",1,1321582,1321582,2048,10,"__amd_rocclr_fillBufferAligned",256,0,0,8,0,48,"TCC_EA0_RDREQ_DRAM",232.000000,222896178326283,222896178328163
269,269,"Agent 2",1,1321582,1321582,256,10,"__amd_rocclr_fillBufferAligned",256,0,0,8,0,48,"TCC_EA0_RDREQ",29.000000,222896178411124,222896178412644
269,269,"Agent 2",1,1321582,1321582,256,10,"__amd_rocclr_fillBufferAligned",256,0,0,8,0,48,"TCC_EA0_RDREQ_DRAM",29.000000,222896178411124,222896178412644
270,270,"Agent 2",1,1321582,1321582,2048,10,"__amd_rocclr_fillBufferAligned",256,0,0,8,0,48,"TCC_EA0_RDREQ",232.000000,222896178500846,222896178502766
270,270,"Agent 2",1,1321582,1321582,2048,10,"__amd_rocclr_fillBufferAligned",256,0,0,8,0,48,"TCC_EA0_RDREQ_DRAM",232.000000,222896178500846,222896178502766
271,271,"Agent 2",1,1321582,1321582,256,10,"__amd_rocclr_fillBufferAligned",256,0,0,8,0,48,"TCC_EA0_RDREQ",29.000000,222896178581607,222896178583127
271,271,"Agent 2",1,1321582,1321582,256,10,"__amd_rocclr_fillBufferAligned",256,0,0,8,0,48,"TCC_EA0_RDREQ_DRAM",29.000000,222896178581607,222896178583127
272,272,"Agent 2",1,1321582,1321582,2048,10,"__amd_rocclr_fillBufferAligned",256,0,0,8,0,48,"TCC_EA0_RDREQ",232.000000,222896178671008,222896178672888
272,272,"Agent 2",1,1321582,1321582,2048,10,"__amd_rocclr_fillBufferAligned",256,0,0,8,0,48,"TCC_EA0_RDREQ_DRAM",232.000000,222896178671008,222896178672888
273,273,"Agent 2",1,1321582,1321582,256,10,"__amd_rocclr_fillBufferAligned",256,0,0,8,0,48,"TCC_EA0_RDREQ",29.000000,222896178753169,222896178754689
273,273,"Agent 2",1,1321582,1321582,256,10,"__amd_rocclr_fillBufferAligned",256,0,0,8,0,48,"TCC_EA0_RDREQ_DRAM",29.000000,222896178753169,222896178754689
274,274,"Agent 2",1,1321582,1321582,2048,10,"__amd_rocclr_fillBufferAligned",256,0,0,8,0,48,"TCC_EA0_RDREQ",232.000000,222896178847090,222896178848970
274,274,"Agent 2",1,1321582,1321582,2048,10,"__amd_rocclr_fillBufferAligned",256,0,0,8,0,48,"TCC_EA0_RDREQ_DRAM",232.000000,222896178847090,222896178848970
275,275,"Agent 2",1,1321582,1321582,256,10,"__amd_rocclr_fillBufferAligned",256,0,0,8,0,48,"TCC_EA0_RDREQ",29.000000,222896178929051,222896178930411
275,275,"Agent 2",1,1321582,1321582,256,10,"__amd_rocclr_fillBufferAligned",256,0,0,8,0,48,"TCC_EA0_RDREQ_DRAM",29.000000,222896178929051,222896178930411
276,276,"Agent 2",1,1321582,1321582,2048,10,"__amd_rocclr_fillBufferAligned",256,0,0,8,0,48,"TCC_EA0_RDREQ",232.000000,222896179019653,222896179021493
276,276,"Agent 2",1,1321582,1321582,2048,10,"__amd_rocclr_fillBufferAligned",256,0,0,8,0,48,"TCC_EA0_RDREQ_DRAM",232.000000,222896179019653,222896179021493
277,277,"Agent 2",1,1321582,1321582,256,10,"__amd_rocclr_fillBufferAligned",256,0,0,8,0,48,"TCC_EA0_RDREQ",29.000000,222896179102054,222896179103494
277,277,"Agent 2",1,1321582,1321582,256,10,"__amd_rocclr_fillBufferAligned",256,0,0,8,0,48,"TCC_EA0_RDREQ_DRAM",29.000000,222896179102054,222896179103494
278,278,"Agent 2",1,1321582,1321582,2048,10,"__amd_rocclr_fillBufferAligned",256,0,0,8,0,48,"TCC_EA0_RDREQ",232.000000,222896179195215,222896179197055
278,278,"Agent 2",1,1321582,1321582,2048,10,"__amd_rocclr_fillBufferAligned",256,0,0,8,0,48,"TCC_EA0_RDREQ_DRAM",232.000000,222896179195215,222896179197055
279,279,"Agent 2",1,1321582,1321582,256,10,"__amd_rocclr_fillBufferAligned",256,0,0,8,0,48,"TCC_EA0_RDREQ",29.000000,222896179272976,222896179274416
279,279,"Agent 2",1,1321582,1321582,256,10,"__amd_rocclr_fillBufferAligned",256,0,0,8,0,48,"TCC_EA0_RDREQ_DRAM",29.000000,222896179272976,222896179274416
280,280,"Agent 2",1,1321582,1321582,2048,10,"__amd_rocclr_fillBufferAligned",256,0,0,8,0,48,"TCC_EA0_RDREQ",232.000000,222896179361897,222896179363777
280,280,"Agent 2",1,1321582,1321582,2048,10,"__amd_rocclr_fillBufferAligned",256,0,0,8,0,48,"TCC_EA0_RDREQ_DRAM",232.000000,222896179361897,222896179363777
281,281,"Agent 2",1,1321582,1321582,256,10,"__amd_rocclr_fillBufferAligned",256,0,0,8,0,48,"TCC_EA0_RDREQ",29.000000,222896179448938,222896179450378
281,281,"Agent 2",1,1321582,1321582,256,10,"__amd_rocclr_fillBufferAligned",256,0,0,8,0,48,"TCC_EA0_RDREQ_DRAM",29.000000,222896179448938,222896179450378
282,282,"Agent 2",1,1321582,1321582,2048,10,"__amd_rocclr_fillBufferAligned",256,0,0,8,0,48,"TCC_EA0_RDREQ",232.000000,222896179539580,222896179541500
282,282,"Agent 2",1,1321582,1321582,2048,10,"__amd_rocclr_fillBufferAligned",256,0,0,8,0,48,"TCC_EA0_RDREQ_DRAM",232.000000,222896179539580,222896179541500
283,283,"Agent 2",1,1321582,1321582,256,10,"__amd_rocclr_fillBufferAligned",256,0,0,8,0,48,"TCC_EA0_RDREQ",29.000000,222896179625301,222896179626741
283,283,"Agent 2",1,1321582,1321582,256,10,"__amd_rocclr_fillBufferAligned",256,0,0,8,0,48,"TCC_EA0_RDREQ_DRAM",29.000000,222896179625301,222896179626741
284,284,"Agent 2",1,1321582,1321582,2048,10,"__amd_rocclr_fillBufferAligned",256,0,0,8,0,48,"TCC_EA0_RDREQ",232.000000,222896179715502,222896179717382
284,284,"Agent 2",1,1321582,1321582,2048,10,"__amd_rocclr_fillBufferAligned",256,0,0,8,0,48,"TCC_EA0_RDREQ_DRAM",232.000000,222896179715502,222896179717382
285,285,"Agent 2",1,1321582,1321582,256,10,"__amd_rocclr_fillBufferAligned",256,0,0,8,0,48,"TCC_EA0_RDREQ",29.000000,222896179797303,222896179798783
285,285,"Agent 2",1,1321582,1321582,256,10,"__amd_rocclr_fillBufferAligned",256,0,0,8,0,48,"TCC_EA0_RDREQ_DRAM",29.000000,222896179797303,222896179798783
286,286,"Agent 2",1,1321582,1321582,2048,10,"__amd_rocclr_fillBufferAligned",256,0,0,8,0,48,"TCC_EA0_RDREQ",232.000000,222896179883544,222896179885424
286,286,"Agent 2",1,1321582,1321582,2048,10,"__amd_rocclr_fillBufferAligned",256,0,0,8,0,48,"TCC_EA0_RDREQ_DRAM",232.000000,222896179883544,222896179885424
287,287,"Agent 2",1,1321582,1321582,256,10,"__amd_rocclr_fillBufferAligned",256,0,0,8,0,48,"TCC_EA0_RDREQ",29.000000,222896179970705,222896179972265
287,287,"Agent 2",1,1321582,1321582,256,10,"__amd_rocclr_fillBufferAligned",256,0,0,8,0,48,"TCC_EA0_RDREQ_DRAM",29.000000,222896179970705,222896179972265
288,288,"Agent 2",1,1321582,1321582,2048,10,"__amd_rocclr_fillBufferAligned",256,0,0,8,0,48,"TCC_EA0_RDREQ",232.000000,222896180066507,222896180068347
288,288,"Agent 2",1,1321582,1321582,2048,10,"__amd_rocclr_fillBufferAligned",256,0,0,8,0,48,"TCC_EA0_RDREQ_DRAM",232.000000,222896180066507,222896180068347
289,289,"Agent 2",1,1321582,1321582,256,10,"__amd_rocclr_fillBufferAligned",256,0,0,8,0,48,"TCC_EA0_RDREQ",29.000000,222896180149828,222896180151348
289,289,"Agent 2",1,1321582,1321582,256,10,"__amd_rocclr_fillBufferAligned",256,0,0,8,0,48,"TCC_EA0_RDREQ_DRAM",29.000000,222896180149828,222896180151348
290,290,"Agent 2",1,1321582,1321582,2048,10,"__amd_rocclr_fillBufferAligned",256,0,0,8,0,48,"TCC_EA0_RDREQ",232.000000,222896180236349,222896180238229
290,290,"Agent 2",1,1321582,1321582,2048,10,"__amd_rocclr_fillBufferAligned",256,0,0,8,0,48,"TCC_EA0_RDREQ_DRAM",232.000000,222896180236349,222896180238229
291,291,"Agent 2",1,1321582,1321582,256,10,"__amd_rocclr_fillBufferAligned",256,0,0,8,0,48,"TCC_EA0_RDREQ",29.000000,222896180319350,222896180320670
291,291,"Agent 2",1,1321582,1321582,256,10,"__amd_rocclr_fillBufferAligned",256,0,0,8,0,48,"TCC_EA0_RDREQ_DRAM",29.000000,222896180319350,222896180320670
292,292,"Agent 2",1,1321582,1321582,2048,10,"__amd_rocclr_fillBufferAligned",256,0,0,8,0,48,"TCC_EA0_RDREQ",232.000000,222896180414431,222896180416391
292,292,"Agent 2",1,1321582,1321582,2048,10,"__amd_rocclr_fillBufferAligned",256,0,0,8,0,48,"TCC_EA0_RDREQ_DRAM",232.000000,222896180414431,222896180416391
293,293,"Agent 2",1,1321582,1321582,256,10,"__amd_rocclr_fillBufferAligned",256,0,0,8,0,48,"TCC_EA0_RDREQ",29.000000,222896180493472,222896180494872
293,293,"Agent 2",1,1321582,1321582,256,10,"__amd_rocclr_fillBufferAligned",256,0,0,8,0,48,"TCC_EA0_RDREQ_DRAM",29.000000,222896180493472,222896180494872
294,294,"Agent 2",1,1321582,1321582,2048,10,"__amd_rocclr_fillBufferAligned",256,0,0,8,0,48,"TCC_EA0_RDREQ",232.000000,222896180586154,222896180588034
294,294,"Agent 2",1,1321582,1321582,2048,10,"__amd_rocclr_fillBufferAligned",256,0,0,8,0,48,"TCC_EA0_RDREQ_DRAM",232.000000,222896180586154,222896180588034
295,295,"Agent 2",1,1321582,1321582,256,10,"__amd_rocclr_fillBufferAligned",256,0,0,8,0,48,"TCC_EA0_RDREQ",29.000000,222896180671035,222896180672515
295,295,"Agent 2",1,1321582,1321582,256,10,"__amd_rocclr_fillBufferAligned",256,0,0,8,0,48,"TCC_EA0_RDREQ_DRAM",29.000000,222896180671035,222896180672515
296,296,"Agent 2",1,1321582,1321582,2048,10,"__amd_rocclr_fillBufferAligned",256,0,0,8,0,48,"TCC_EA0_RDREQ",232.000000,222896180763396,222896180765316
296,296,"Agent 2",1,1321582,1321582,2048,10,"__amd_rocclr_fillBufferAligned",256,0,0,8,0,48,"TCC_EA0_RDREQ_DRAM",232.000000,222896180763396,222896180765316
297,297,"Agent 2",1,1321582,1321582,256,10,"__amd_rocclr_fillBufferAligned",256,0,0,8,0,48,"TCC_EA0_RDREQ",29.000000,222896180848237,222896180849637
297,297,"Agent 2",1,1321582,1321582,256,10,"__amd_rocclr_fillBufferAligned",256,0,0,8,0,48,"TCC_EA0_RDREQ_DRAM",29.000000,222896180848237,222896180849637
298,298,"Agent 2",1,1321582,1321582,2048,10,"__amd_rocclr_fillBufferAligned",256,0,0,8,0,48,"TCC_EA0_RDREQ",232.000000,222896180938038,222896180939918
298,298,"Agent 2",1,1321582,1321582,2048,10,"__amd_rocclr_fillBufferAligned",256,0,0,8,0,48,"TCC_EA0_RDREQ_DRAM",232.000000,222896180938038,222896180939918
299,299,"Agent 2",1,1321582,1321582,256,10,"__amd_rocclr_fillBufferAligned",256,0,0,8,0,48,"TCC_EA0_RDREQ",29.000000,222896181022399,222896181023959
299,299,"Agent 2",1,1321582,1321582,256,10,"__amd_rocclr_fillBufferAligned",256,0,0,8,0,48,"TCC_EA0_RDREQ_DRAM",29.000000,222896181022399,222896181023959
300,300,"Agent 2",1,1321582,1321582,2048,10,"__amd_rocclr_fillBufferAligned",256,0,0,8,0,48,"TCC_EA0_RDREQ",232.000000,222896181113121,222896181115001
300,300,"Agent 2",1,1321582,1321582,2048,10,"__amd_rocclr_fillBufferAligned",256,0,0,8,0,48,"TCC_EA0_RDREQ_DRAM",232.000000,222896181113121,222896181115001
301,301,"Agent 2",1,1321582,1321582,256,10,"__amd_rocclr_fillBufferAligned",256,0,0,8,0,48,"TCC_EA0_RDREQ",29.000000,222896181197922,222896181199442
301,301,"Agent 2",1,1321582,1321582,256,10,"__amd_rocclr_fillBufferAligned",256,0,0,8,0,48,"TCC_EA0_RDREQ_DRAM",29.000000,222896181197922,222896181199442
302,302,"Agent 2",1,1321582,1321582,2048,10,"__amd_rocclr_fillBufferAligned",256,0,0,8,0,48,"TCC_EA0_RDREQ",232.000000,222896181290523,222896181292363
302,302,"Agent 2",1,1321582,1321582,2048,10,"__amd_rocclr_fillBufferAligned",256,0,0,8,0,48,"TCC_EA0_RDREQ_DRAM",232.000000,222896181290523,222896181292363
303,303,"Agent 2",1,1321582,1321582,256,10,"__amd_rocclr_fillBufferAligned",256,0,0,8,0,48,"TCC_EA0_RDREQ",29.000000,222896181373764,222896181375284
303,303,"Agent 2",1,1321582,1321582,256,10,"__amd_rocclr_fillBufferAligned",256,0,0,8,0,48,"TCC_EA0_RDREQ_DRAM",29.000000,222896181373764,222896181375284
304,304,"Agent 2",1,1321582,1321582,2048,10,"__amd_rocclr_fillBufferAligned",256,0,0,8,0,48,"TCC_EA0_RDREQ",232.000000,222896181462205,222896181464005
304,304,"Agent 2",1,1321582,1321582,2048,10,"__amd_rocclr_fillBufferAligned",256,0,0,8,0,48,"TCC_EA0_RDREQ_DRAM",232.000000,222896181462205,222896181464005
305,305,"Agent 2",1,1321582,1321582,256,10,"__amd_rocclr_fillBufferAligned",256,0,0,8,0,48,"TCC_EA0_RDREQ",29.000000,222896181545166,222896181546726
305,305,"Agent 2",1,1321582,1321582,256,10,"__amd_rocclr_fillBufferAligned",256,0,0,8,0,48,"TCC_EA0_RDREQ_DRAM",29.000000,222896181545166,222896181546726
306,306,"Agent 2",1,1321582,1321582,2048,10,"__amd_rocclr_fillBufferAligned",256,0,0,8,0,48,"TCC_EA0_RDREQ",232.000000,222896181636328,222896181638208
306,306,"Agent 2",1,1321582,1321582,2048,10,"__amd_rocclr_fillBufferAligned",256,0,0,8,0,48,"TCC_EA0_RDREQ_DRAM",232.000000,222896181636328,222896181638208
307,307,"Agent 2",1,1321582,1321582,256,10,"__amd_rocclr_fillBufferAligned",256,0,0,8,0,48,"TCC_EA0_RDREQ",29.000000,222896181720529,222896181721929
307,307,"Agent 2",1,1321582,1321582,256,10,"__amd_rocclr_fillBufferAligned",256,0,0,8,0,48,"TCC_EA0_RDREQ_DRAM",29.000000,222896181720529,222896181721929
308,308,"Agent 2",1,1321582,1321582,2048,10,"__amd_rocclr_fillBufferAligned",256,0,0,8,0,48,"TCC_EA0_RDREQ",232.000000,222896181810250,222896181812130
308,308,"Agent 2",1,1321582,1321582,2048,10,"__amd_rocclr_fillBufferAligned",256,0,0,8,0,48,"TCC_EA0_RDREQ_DRAM",232.000000,222896181810250,222896181812130
309,309,"Agent 2",1,1321582,1321582,256,10,"__amd_rocclr_fillBufferAligned",256,0,0,8,0,48,"TCC_EA0_RDREQ",29.000000,222896181894891,222896181896331
309,309,"Agent 2",1,1321582,1321582,256,10,"__amd_rocclr_fillBufferAligned",256,0,0,8,0,48,"TCC_EA0_RDREQ_DRAM",29.000000,222896181894891,222896181896331
310,310,"Agent 2",1,1321582,1321582,2048,10,"__amd_rocclr_fillBufferAligned",256,0,0,8,0,48,"TCC_EA0_RDREQ",232.000000,222896181985052,222896181986932
310,310,"Agent 2",1,1321582,1321582,2048,10,"__amd_rocclr_fillBufferAligned",256,0,0,8,0,48,"TCC_EA0_RDREQ_DRAM",232.000000,222896181985052,222896181986932
311,311,"Agent 2",1,1321582,1321582,256,10,"__amd_rocclr_fillBufferAligned",256,0,0,8,0,48,"TCC_EA0_RDREQ",29.000000,222896182075733,222896182077093
311,311,"Agent 2",1,1321582,1321582,256,10,"__amd_rocclr_fillBufferAligned",256,0,0,8,0,48,"TCC_EA0_RDREQ_DRAM",29.000000,222896182075733,222896182077093
312,312,"Agent 2",1,1321582,1321582,2048,10,"__amd_rocclr_fillBufferAligned",256,0,0,8,0,48,"TCC_EA0_RDREQ",232.000000,222896182163775,222896182165615
312,312,"Agent 2",1,1321582,1321582,2048,10,"__amd_rocclr_fillBufferAligned",256,0,0,8,0,48,"TCC_EA0_RDREQ_DRAM",232.000000,222896182163775,222896182165615
313,313,"Agent 2",1,1321582,1321582,256,10,"__amd_rocclr_fillBufferAligned",256,0,0,8,0,48,"TCC_EA0_RDREQ",29.000000,222896182250256,222896182251616
313,313,"Agent 2",1,1321582,1321582,256,10,"__amd_rocclr_fillBufferAligned",256,0,0,8,0,48,"TCC_EA0_RDREQ_DRAM",29.000000,222896182250256,222896182251616
314,314,"Agent 2",1,1321582,1321582,2048,10,"__amd_rocclr_fillBufferAligned",256,0,0,8,0,48,"TCC_EA0_RDREQ",232.000000,222896182334817,222896182336737
314,314,"Agent 2",1,1321582,1321582,2048,10,"__amd_rocclr_fillBufferAligned",256,0,0,8,0,48,"TCC_EA0_RDREQ_DRAM",232.000000,222896182334817,222896182336737
315,315,"Agent 2",1,1321582,1321582,256,10,"__amd_rocclr_fillBufferAligned",256,0,0,8,0,48,"TCC_EA0_RDREQ",29.000000,222896182417498,222896182419018
315,315,"Agent 2",1,1321582,1321582,256,10,"__amd_rocclr_fillBufferAligned",256,0,0,8,0,48,"TCC_EA0_RDREQ_DRAM",29.000000,222896182417498,222896182419018
316,316,"Agent 2",1,1321582,1321582,2048,10,"__amd_rocclr_fillBufferAligned",256,0,0,8,0,48,"TCC_EA0_RDREQ",232.000000,222896182507579,222896182509459
316,316,"Agent 2",1,1321582,1321582,2048,10,"__amd_rocclr_fillBufferAligned",256,0,0,8,0,48,"TCC_EA0_RDREQ_DRAM",232.000000,222896182507579,222896182509459
317,317,"Agent 2",1,1321582,1321582,256,10,"__amd_rocclr_fillBufferAligned",256,0,0,8,0,48,"TCC_EA0_RDREQ",29.000000,222896182588020,222896182589540
317,317,"Agent 2",1,1321582,1321582,256,10,"__amd_rocclr_fillBufferAligned",256,0,0,8,0,48,"TCC_EA0_RDREQ_DRAM",29.000000,222896182588020,222896182589540
318,318,"Agent 2",1,1321582,1321582,2048,10,"__amd_rocclr_fillBufferAligned",256,0,0,8,0,48,"TCC_EA0_RDREQ",232.000000,222896182676542,222896182678502
318,318,"Agent 2",1,1321582,1321582,2048,10,"__amd_rocclr_fillBufferAligned",256,0,0,8,0,48,"TCC_EA0_RDREQ_DRAM",232.000000,222896182676542,222896182678502
319,319,"Agent 2",1,1321582,1321582,256,10,"__amd_rocclr_fillBufferAligned",256,0,0,8,0,48,"TCC_EA0_RDREQ",29.000000,222896182757863,222896182759383
319,319,"Agent 2",1,1321582,1321582,256,10,"__amd_rocclr_fillBufferAligned",256,0,0,8,0,48,"TCC_EA0_RDREQ_DRAM",29.000000,222896182757863,222896182759383
320,320,"Agent 2",1,1321582,1321582,2048,10,"__amd_rocclr_fillBufferAligned",256,0,0,8,0,48,"TCC_EA0_RDREQ",232.000000,222896182848184,222896182849984
320,320,"Agent 2",1,1321582,1321582,2048,10,"__amd_rocclr_fillBufferAligned",256,0,0,8,0,48,"TCC_EA0_RDREQ_DRAM",232.000000,222896182848184,222896182849984
321,321,"Agent 2",1,1321582,1321582,256,10,"__amd_rocclr_fillBufferAligned",256,0,0,8,0,48,"TCC_EA0_RDREQ",29.000000,222896182933905,222896182935425
321,321,"Agent 2",1,1321582,1321582,256,10,"__amd_rocclr_fillBufferAligned",256,0,0,8,0,48,"TCC_EA0_RDREQ_DRAM",29.000000,222896182933905,222896182935425
322,322,"Agent 2",1,1321582,1321582,2048,10,"__amd_rocclr_fillBufferAligned",256,0,0,8,0,48,"TCC_EA0_RDREQ",232.000000,222896183021146,222896183023026
322,322,"Agent 2",1,1321582,1321582,2048,10,"__amd_rocclr_fillBufferAligned",256,0,0,8,0,48,"TCC_EA0_RDREQ_DRAM",232.000000,222896183021146,222896183023026
323,323,"Agent 2",1,1321582,1321582,256,10,"__amd_rocclr_fillBufferAligned",256,0,0,8,0,48,"TCC_EA0_RDREQ",29.000000,222896183105377,222896183106817
323,323,"Agent 2",1,1321582,1321582,256,10,"__amd_rocclr_fillBufferAligned",256,0,0,8,0,48,"TCC_EA0_RDREQ_DRAM",29.000000,222896183105377,222896183106817
324,324,"Agent 2",1,1321582,1321582,2048,10,"__amd_rocclr_fillBufferAligned",256,0,0,8,0,48,"TCC_EA0_RDREQ",232.000000,222896183194577,222896183196537
324,324,"Agent 2",1,1321582,1321582,2048,10,"__amd_rocclr_fillBufferAligned",256,0,0,8,0,48,"TCC_EA0_RDREQ_DRAM",232.000000,222896183194577,222896183196537
325,325,"Agent 2",1,1321582,1321582,256,10,"__amd_rocclr_fillBufferAligned",256,0,0,8,0,48,"TCC_EA0_RDREQ",29.000000,222896183275738,222896183277138
325,325,"Agent 2",1,1321582,1321582,256,10,"__amd_rocclr_fillBufferAligned",256,0,0,8,0,48,"TCC_EA0_RDREQ_DRAM",29.000000,222896183275738,222896183277138
326,326,"Agent 2",1,1321582,1321582,2048,10,"__amd_rocclr_fillBufferAligned",256,0,0,8,0,48,"TCC_EA0_RDREQ",232.000000,222896183363740,222896183365620
326,326,"Agent 2",1,1321582,1321582,2048,10,"__amd_rocclr_fillBufferAligned",256,0,0,8,0,48,"TCC_EA0_RDREQ_DRAM",232.000000,222896183363740,222896183365620
327,327,"Agent 2",1,1321582,1321582,256,10,"__amd_rocclr_fillBufferAligned",256,0,0,8,0,48,"TCC_EA0_RDREQ",29.000000,222896183448021,222896183449301
327,327,"Agent 2",1,1321582,1321582,256,10,"__amd_rocclr_fillBufferAligned",256,0,0,8,0,48,"TCC_EA0_RDREQ_DRAM",29.000000,222896183448021,222896183449301
328,328,"Agent 2",1,1321582,1321582,2048,10,"__amd_rocclr_fillBufferAligned",256,0,0,8,0,48,"TCC_EA0_RDREQ",232.000000,222896183537422,222896183539342
328,328,"Agent 2",1,1321582,1321582,2048,10,"__amd_rocclr_fillBufferAligned",256,0,0,8,0,48,"TCC_EA0_RDREQ_DRAM",232.000000,222896183537422,222896183539342
329,329,"Agent 2",1,1321582,1321582,256,10,"__amd_rocclr_fillBufferAligned",256,0,0,8,0,48,"TCC_EA0_RDREQ",29.000000,222896183623824,222896183625224
329,329,"Agent 2",1,1321582,1321582,256,10,"__amd_rocclr_fillBufferAligned",256,0,0,8,0,48,"TCC_EA0_RDREQ_DRAM",29.000000,222896183623824,222896183625224
330,330,"Agent 2",1,1321582,1321582,2048,10,"__amd_rocclr_fillBufferAligned",256,0,0,8,0,48,"TCC_EA0_RDREQ",232.000000,222896183711225,222896183713185
330,330,"Agent 2",1,1321582,1321582,2048,10,"__amd_rocclr_fillBufferAligned",256,0,0,8,0,48,"TCC_EA0_RDREQ_DRAM",232.000000,222896183711225,222896183713185
331,331,"Agent 2",1,1321582,1321582,256,10,"__amd_rocclr_fillBufferAligned",256,0,0,8,0,48,"TCC_EA0_RDREQ",29.000000,222896183798706,222896183800266
331,331,"Agent 2",1,1321582,1321582,256,10,"__amd_rocclr_fillBufferAligned",256,0,0,8,0,48,"TCC_EA0_RDREQ_DRAM",29.000000,222896183798706,222896183800266
332,332,"Agent 2",1,1321582,1321582,2048,10,"__amd_rocclr_fillBufferAligned",256,0,0,8,0,48,"TCC_EA0_RDREQ",232.000000,222896183887948,222896183889868
332,332,"Agent 2",1,1321582,1321582,2048,10,"__amd_rocclr_fillBufferAligned",256,0,0,8,0,48,"TCC_EA0_RDREQ_DRAM",232.000000,222896183887948,222896183889868
333,333,"Agent 2",1,1321582,1321582,256,10,"__amd_rocclr_fillBufferAligned",256,0,0,8,0,48,"TCC_EA0_RDREQ",29.000000,222896183978749,222896183980309
333,333,"Agent 2",1,1321582,1321582,256,10,"__amd_rocclr_fillBufferAligned",256,0,0,8,0,48,"TCC_EA0_RDREQ_DRAM",29.000000,222896183978749,222896183980309
334,334,"Agent 2",1,1321582,1321582,2048,10,"__amd_rocclr_fillBufferAligned",256,0,0,8,0,48,"TCC_EA0_RDREQ",232.000000,222896184071470,222896184073430
334,334,"Agent 2",1,1321582,1321582,2048,10,"__amd_rocclr_fillBufferAligned",256,0,0,8,0,48,"TCC_EA0_RDREQ_DRAM",232.000000,222896184071470,222896184073430
335,335,"Agent 2",1,1321582,1321582,256,10,"__amd_rocclr_fillBufferAligned",256,0,0,8,0,48,"TCC_EA0_RDREQ",29.000000,222896184153072,222896184154632
335,335,"Agent 2",1,1321582,1321582,256,10,"__amd_rocclr_fillBufferAligned",256,0,0,8,0,48,"TCC_EA0_RDREQ_DRAM",29.000000,222896184153072,222896184154632
336,336,"Agent 2",1,1321582,1321582,2048,10,"__amd_rocclr_fillBufferAligned",256,0,0,8,0,48,"TCC_EA0_RDREQ",232.000000,222896184242313,222896184244153
336,336,"Agent 2",1,1321582,1321582,2048,10,"__amd_rocclr_fillBufferAligned",256,0,0,8,0,48,"TCC_EA0_RDREQ_DRAM",232.000000,222896184242313,222896184244153
337,337,"Agent 2",1,1321582,1321582,256,10,"__amd_rocclr_fillBufferAligned",256,0,0,8,0,48,"TCC_EA0_RDREQ",29.000000,222896184323394,222896184324834
337,337,"Agent 2",1,1321582,1321582,256,10,"__amd_rocclr_fillBufferAligned",256,0,0,8,0,48,"TCC_EA0_RDREQ_DRAM",29.000000,222896184323394,222896184324834
338,338,"Agent 2",1,1321582,1321582,2048,10,"__amd_rocclr_fillBufferAligned",256,0,0,8,0,48,"TCC_EA0_RDREQ",232.000000,222896184409436,222896184411316
338,338,"Agent 2",1,1321582,1321582,2048,10,"__amd_rocclr_fillBufferAligned",256,0,0,8,0,48,"TCC_EA0_RDREQ_DRAM",232.000000,222896184409436,222896184411316
339,339,"Agent 2",1,1321582,1321582,256,10,"__amd_rocclr_fillBufferAligned",256,0,0,8,0,48,"TCC_EA0_RDREQ",29.000000,222896184496237,222896184497677
339,339,"Agent 2",1,1321582,1321582,256,10,"__amd_rocclr_fillBufferAligned",256,0,0,8,0,48,"TCC_EA0_RDREQ_DRAM",29.000000,222896184496237,222896184497677
340,340,"Agent 2",1,1321582,1321582,2048,10,"__amd_rocclr_fillBufferAligned",256,0,0,8,0,48,"TCC_EA0_RDREQ",232.000000,222896184582478,222896184584358
340,340,"Agent 2",1,1321582,1321582,2048,10,"__amd_rocclr_fillBufferAligned",256,0,0,8,0,48,"TCC_EA0_RDREQ_DRAM",232.000000,222896184582478,222896184584358
341,341,"Agent 2",1,1321582,1321582,256,10,"__amd_rocclr_fillBufferAligned",256,0,0,8,0,48,"TCC_EA0_RDREQ",29.000000,222896184667680,222896184669120
341,341,"Agent 2",1,1321582,1321582,256,10,"__amd_rocclr_fillBufferAligned",256,0,0,8,0,48,"TCC_EA0_RDREQ_DRAM",29.000000,222896184667680,222896184669120
342,342,"Agent 2",1,1321582,1321582,2048,10,"__amd_rocclr_fillBufferAligned",256,0,0,8,0,48,"TCC_EA0_RDREQ",232.000000,222896184755841,222896184757721
342,342,"Agent 2",1,1321582,1321582,2048,10,"__amd_rocclr_fillBufferAligned",256,0,0,8,0,48,"TCC_EA0_RDREQ_DRAM",232.000000,222896184755841,222896184757721
343,343,"Agent 2",1,1321582,1321582,256,10,"__amd_rocclr_fillBufferAligned",256,0,0,8,0,48,"TCC_EA0_RDREQ",29.000000,222896184838482,222896184839962
343,343,"Agent 2",1,1321582,1321582,256,10,"__amd_rocclr_fillBufferAligned",256,0,0,8,0,48,"TCC_EA0_RDREQ_DRAM",29.000000,222896184838482,222896184839962
344,344,"Agent 2",1,1321582,1321582,2048,10,"__amd_rocclr_fillBufferAligned",256,0,0,8,0,48,"TCC_EA0_RDREQ",232.000000,222896184927043,222896184928883
344,344,"Agent 2",1,1321582,1321582,2048,10,"__amd_rocclr_fillBufferAligned",256,0,0,8,0,48,"TCC_EA0_RDREQ_DRAM",232.000000,222896184927043,222896184928883
345,345,"Agent 2",1,1321582,1321582,256,10,"__amd_rocclr_fillBufferAligned",256,0,0,8,0,48,"TCC_EA0_RDREQ",29.000000,222896185013925,222896185015325
345,345,"Agent 2",1,1321582,1321582,256,10,"__amd_rocclr_fillBufferAligned",256,0,0,8,0,48,"TCC_EA0_RDREQ_DRAM",29.000000,222896185013925,222896185015325
346,346,"Agent 2",1,1321582,1321582,2048,10,"__amd_rocclr_fillBufferAligned",256,0,0,8,0,48,"TCC_EA0_RDREQ",232.000000,222896185102246,222896185104126
346,346,"Agent 2",1,1321582,1321582,2048,10,"__amd_rocclr_fillBufferAligned",256,0,0,8,0,48,"TCC_EA0_RDREQ_DRAM",232.000000,222896185102246,222896185104126
347,347,"Agent 2",1,1321582,1321582,256,10,"__amd_rocclr_fillBufferAligned",256,0,0,8,0,48,"TCC_EA0_RDREQ",29.000000,222896185189087,222896185190607
347,347,"Agent 2",1,1321582,1321582,256,10,"__amd_rocclr_fillBufferAligned",256,0,0,8,0,48,"TCC_EA0_RDREQ_DRAM",29.000000,222896185189087,222896185190607
348,348,"Agent 2",1,1321582,1321582,2048,10,"__amd_rocclr_fillBufferAligned",256,0,0,8,0,48,"TCC_EA0_RDREQ",232.000000,222896185279009,222896185280889
348,348,"Agent 2",1,1321582,1321582,2048,10,"__amd_rocclr_fillBufferAligned",256,0,0,8,0,48,"TCC_EA0_RDREQ_DRAM",232.000000,222896185279009,222896185280889
349,349,"Agent 2",1,1321582,1321582,256,10,"__amd_rocclr_fillBufferAligned",256,0,0,8,0,48,"TCC_EA0_RDREQ",29.000000,222896185361530,222896185363050
349,349,"Agent 2",1,1321582,1321582,256,10,"__amd_rocclr_fillBufferAligned",256,0,0,8,0,48,"TCC_EA0_RDREQ_DRAM",29.000000,222896185361530,222896185363050
350,350,"Agent 2",1,1321582,1321582,2048,10,"__amd_rocclr_fillBufferAligned",256,0,0,8,0,48,"TCC_EA0_RDREQ",232.000000,222896185450651,222896185452491
350,350,"Agent 2",1,1321582,1321582,2048,10,"__amd_rocclr_fillBufferAligned",256,0,0,8,0,48,"TCC_EA0_RDREQ_DRAM",232.000000,222896185450651,222896185452491
351,351,"Agent 2",1,1321582,1321582,256,10,"__amd_rocclr_fillBufferAligned",256,0,0,8,0,48,"TCC_EA0_RDREQ",29.000000,222896185535293,222896185536813
351,351,"Agent 2",1,1321582,1321582,256,10,"__amd_rocclr_fillBufferAligned",256,0,0,8,0,48,"TCC_EA0_RDREQ_DRAM",29.000000,222896185535293,222896185536813
352,352,"Agent 2",1,1321582,1321582,2048,10,"__amd_rocclr_fillBufferAligned",256,0,0,8,0,48,"TCC_EA0_RDREQ",232.000000,222896185625734,222896185627654
352,352,"Agent 2",1,1321582,1321582,2048,10,"__amd_rocclr_fillBufferAligned",256,0,0,8,0,48,"TCC_EA0_RDREQ_DRAM",232.000000,222896185625734,222896185627654
353,353,"Agent 2",1,1321582,1321582,256,10,"__amd_rocclr_fillBufferAligned",256,0,0,8,0,48,"TCC_EA0_RDREQ",29.000000,222896185710295,222896185711815
353,353,"Agent 2",1,1321582,1321582,256,10,"__amd_rocclr_fillBufferAligned",256,0,0,8,0,48,"TCC_EA0_RDREQ_DRAM",29.000000,222896185710295,222896185711815
354,354,"Agent 2",1,1321582,1321582,2048,10,"__amd_rocclr_fillBufferAligned",256,0,0,8,0,48,"TCC_EA0_RDREQ",232.000000,222896185797937,222896185799777
354,354,"Agent 2",1,1321582,1321582,2048,10,"__amd_rocclr_fillBufferAligned",256,0,0,8,0,48,"TCC_EA0_RDREQ_DRAM",232.000000,222896185797937,222896185799777
355,355,"Agent 2",1,1321582,1321582,256,10,"__amd_rocclr_fillBufferAligned",256,0,0,8,0,48,"TCC_EA0_RDREQ",29.000000,222896185880858,222896185882258
355,355,"Agent 2",1,1321582,1321582,256,10,"__amd_rocclr_fillBufferAligned",256,0,0,8,0,48,"TCC_EA0_RDREQ_DRAM",29.000000,222896185880858,222896185882258
356,356,"Agent 2",1,1321582,1321582,2048,10,"__amd_rocclr_fillBufferAligned",256,0,0,8,0,48,"TCC_EA0_RDREQ",232.000000,222896185971619,222896185973579
356,356,"Agent 2",1,1321582,1321582,2048,10,"__amd_rocclr_fillBufferAligned",256,0,0,8,0,48,"TCC_EA0_RDREQ_DRAM",232.000000,222896185971619,222896185973579
357,357,"Agent 2",1,1321582,1321582,256,10,"__amd_rocclr_fillBufferAligned",256,0,0,8,0,48,"TCC_EA0_RDREQ",29.000000,222896186059141,222896186060541
357,357,"Agent 2",1,1321582,1321582,256,10,"__amd_rocclr_fillBufferAligned",256,0,0,8,0,48,"TCC_EA0_RDREQ_DRAM",29.000000,222896186059141,222896186060541
358,358,"Agent 2",1,1321582,1321582,2048,10,"__amd_rocclr_fillBufferAligned",256,0,0,8,0,48,"TCC_EA0_RDREQ",232.000000,222896186145182,222896186147142
358,358,"Agent 2",1,1321582,1321582,2048,10,"__amd_rocclr_fillBufferAligned",256,0,0,8,0,48,"TCC_EA0_RDREQ_DRAM",232.000000,222896186145182,222896186147142
359,359,"Agent 2",1,1321582,1321582,256,10,"__amd_rocclr_fillBufferAligned",256,0,0,8,0,48,"TCC_EA0_RDREQ",29.000000,222896186232903,222896186234303
359,359,"Agent 2",1,1321582,1321582,256,10,"__amd_rocclr_fillBufferAligned",256,0,0,8,0,48,"TCC_EA0_RDREQ_DRAM",29.000000,222896186232903,222896186234303
360,360,"Agent 2",1,1321582,1321582,2048,10,"__amd_rocclr_fillBufferAligned",256,0,0,8,0,48,"TCC_EA0_RDREQ",232.000000,222896186317825,222896186319745
360,360,"Agent 2",1,1321582,1321582,2048,10,"__amd_rocclr_fillBufferAligned",256,0,0,8,0,48,"TCC_EA0_RDREQ_DRAM",232.000000,222896186317825,222896186319745
361,361,"Agent 2",1,1321582,1321582,256,10,"__amd_rocclr_fillBufferAligned",256,0,0,8,0,48,"TCC_EA0_RDREQ",29.000000,222896186405786,222896186407146
361,361,"Agent 2",1,1321582,1321582,256,10,"__amd_rocclr_fillBufferAligned",256,0,0,8,0,48,"TCC_EA0_RDREQ_DRAM",29.000000,222896186405786,222896186407146
362,362,"Agent 2",1,1321582,1321582,2048,10,"__amd_rocclr_fillBufferAligned",256,0,0,8,0,48,"TCC_EA0_RDREQ",232.000000,222896186493307,222896186495227
362,362,"Agent 2",1,1321582,1321582,2048,10,"__amd_rocclr_fillBufferAligned",256,0,0,8,0,48,"TCC_EA0_RDREQ_DRAM",232.000000,222896186493307,222896186495227
363,363,"Agent 2",1,1321582,1321582,256,10,"__amd_rocclr_fillBufferAligned",256,0,0,8,0,48,"TCC_EA0_RDREQ",29.000000,222896186575469,222896186576909
363,363,"Agent 2",1,1321582,1321582,256,10,"__amd_rocclr_fillBufferAligned",256,0,0,8,0,48,"TCC_EA0_RDREQ_DRAM",29.000000,222896186575469,222896186576909
364,364,"Agent 2",1,1321582,1321582,2048,10,"__amd_rocclr_fillBufferAligned",256,0,0,8,0,48,"TCC_EA0_RDREQ",232.000000,222896186661270,222896186663190
364,364,"Agent 2",1,1321582,1321582,2048,10,"__amd_rocclr_fillBufferAligned",256,0,0,8,0,48,"TCC_EA0_RDREQ_DRAM",232.000000,222896186661270,222896186663190
365,365,"Agent 2",1,1321582,1321582,256,10,"__amd_rocclr_fillBufferAligned",256,0,0,8,0,48,"TCC_EA0_RDREQ",29.000000,222896186743151,222896186744671
365,365,"Agent 2",1,1321582,1321582,256,10,"__amd_rocclr_fillBufferAligned",256,0,0,8,0,48,"TCC_EA0_RDREQ_DRAM",29.000000,222896186743151,222896186744671
366,366,"Agent 2",1,1321582,1321582,2048,10,"__amd_rocclr_fillBufferAligned",256,0,0,8,0,48,"TCC_EA0_RDREQ",232.000000,222896186827912,222896186829793
366,366,"Agent 2",1,1321582,1321582,2048,10,"__amd_rocclr_fillBufferAligned",256,0,0,8,0,48,"TCC_EA0_RDREQ_DRAM",232.000000,222896186827912,222896186829793
367,367,"Agent 2",1,1321582,1321582,256,10,"__amd_rocclr_fillBufferAligned",256,0,0,8,0,48,"TCC_EA0_RDREQ",29.000000,222896186913154,222896186914594
367,367,"Agent 2",1,1321582,1321582,256,10,"__amd_rocclr_fillBufferAligned",256,0,0,8,0,48,"TCC_EA0_RDREQ_DRAM",29.000000,222896186913154,222896186914594
368,368,"Agent 2",1,1321582,1321582,2048,10,"__amd_rocclr_fillBufferAligned",256,0,0,8,0,48,"TCC_EA0_RDREQ",232.000000,222896187004315,222896187006195
368,368,"Agent 2",1,1321582,1321582,2048,10,"__amd_rocclr_fillBufferAligned",256,0,0,8,0,48,"TCC_EA0_RDREQ_DRAM",232.000000,222896187004315,222896187006195
369,369,"Agent 2",1,1321582,1321582,256,10,"__amd_rocclr_fillBufferAligned",256,0,0,8,0,48,"TCC_EA0_RDREQ",29.000000,222896187087996,222896187089436
369,369,"Agent 2",1,1321582,1321582,256,10,"__amd_rocclr_fillBufferAligned",256,0,0,8,0,48,"TCC_EA0_RDREQ_DRAM",29.000000,222896187087996,222896187089436
370,370,"Agent 2",1,1321582,1321582,512,10,"__amd_rocclr_fillBufferAligned",256,0,0,8,0,48,"TCC_EA0_RDREQ",58.000000,222896187178758,222896187180398
370,370,"Agent 2",1,1321582,1321582,512,10,"__amd_rocclr_fillBufferAligned",256,0,0,8,0,48,"TCC_EA0_RDREQ_DRAM",58.000000,222896187178758,222896187180398
371,371,"Agent 2",1,1321582,1321582,512,10,"__amd_rocclr_fillBufferAligned",256,0,0,8,0,48,"TCC_EA0_RDREQ",58.000000,222896187256119,222896187257399
371,371,"Agent 2",1,1321582,1321582,512,10,"__amd_rocclr_fillBufferAligned",256,0,0,8,0,48,"TCC_EA0_RDREQ_DRAM",58.000000,222896187256119,222896187257399
372,372,"Agent 2",1,1321582,1321582,512,10,"__amd_rocclr_fillBufferAligned",256,0,0,8,0,48,"TCC_EA0_RDREQ",58.000000,222896187328360,222896187329680
372,372,"Agent 2",1,1321582,1321582,512,10,"__amd_rocclr_fillBufferAligned",256,0,0,8,0,48,"TCC_EA0_RDREQ_DRAM",58.000000,222896187328360,222896187329680
373,373,"Agent 2",1,1321582,1321582,512,10,"__amd_rocclr_fillBufferAligned",256,0,0,8,0,48,"TCC_EA0_RDREQ",58.000000,222896187402081,222896187403561
373,373,"Agent 2",1,1321582,1321582,512,10,"__amd_rocclr_fillBufferAligned",256,0,0,8,0,48,"TCC_EA0_RDREQ_DRAM",58.000000,222896187402081,222896187403561
374,374,"Agent 2",1,1321582,1321582,46080,10,"__amd_rocclr_fillBufferAligned",256,0,0,8,0,48,"TCC_EA0_RDREQ",238.000000,222896187475122,222896187477402
374,374,"Agent 2",1,1321582,1321582,46080,10,"__amd_rocclr_fillBufferAligned",256,0,0,8,0,48,"TCC_EA0_RDREQ_DRAM",238.000000,222896187475122,222896187477402
375,375,"Agent 2",1,1321582,1321582,256,10,"__amd_rocclr_fillBufferAligned",256,0,0,8,0,48,"TCC_EA0_RDREQ",29.000000,222896187550244,222896187551364
375,375,"Agent 2",1,1321582,1321582,256,10,"__amd_rocclr_fillBufferAligned",256,0,0,8,0,48,"TCC_EA0_RDREQ_DRAM",29.000000,222896187550244,222896187551364
376,376,"Agent 2",1,1321582,1321582,4096,10,"__amd_rocclr_fillBufferAligned",256,0,0,8,0,48,"TCC_EA0_RDREQ",232.000000,222896187616685,222896187618605
376,376,"Agent 2",1,1321582,1321582,4096,10,"__amd_rocclr_fillBufferAligned",256,0,0,8,0,48,"TCC_EA0_RDREQ_DRAM",232.000000,222896187616685,222896187618605
377,377,"Agent 2",1,1321582,1321582,4096,10,"__amd_rocclr_fillBufferAligned",256,0,0,8,0,48,"TCC_EA0_RDREQ",232.000000,222896187695926,222896187697886
377,377,"Agent 2",1,1321582,1321582,4096,10,"__amd_rocclr_fillBufferAligned",256,0,0,8,0,48,"TCC_EA0_RDREQ_DRAM",232.000000,222896187695926,222896187697886
378,378,"Agent 2",1,1321582,1321582,512,10,"__amd_rocclr_fillBufferAligned",256,0,0,8,0,48,"TCC_EA0_RDREQ",58.000000,222896187774487,222896187776007
378,378,"Agent 2",1,1321582,1321582,512,10,"__amd_rocclr_fillBufferAligned",256,0,0,8,0,48,"TCC_EA0_RDREQ_DRAM",58.000000,222896187774487,222896187776007
379,379,"Agent 2",1,1321582,1321582,4096,10,"__amd_rocclr_fillBufferAligned",256,0,0,8,0,48,"TCC_EA0_RDREQ",232.000000,222896187848728,222896187850608
379,379,"Agent 2",1,1321582,1321582,4096,10,"__amd_rocclr_fillBufferAligned",256,0,0,8,0,48,"TCC_EA0_RDREQ_DRAM",232.000000,222896187848728,222896187850608
380,380,"Agent 2",1,1321582,1321582,4096,10,"__amd_rocclr_fillBufferAligned",256,0,0,8,0,48,"TCC_EA0_RDREQ",232.000000,222896187925489,222896187927249
380,380,"Agent 2",1,1321582,1321582,4096,10,"__amd_rocclr_fillBufferAligned",256,0,0,8,0,48,"TCC_EA0_RDREQ_DRAM",232.000000,222896187925489,222896187927249
381,381,"Agent 2",1,1321582,1321582,4096,10,"__amd_rocclr_fillBufferAligned",256,0,0,8,0,48,"TCC_EA0_RDREQ",232.000000,222896187994050,222896187995850
381,381,"Agent 2",1,1321582,1321582,4096,10,"__amd_rocclr_fillBufferAligned",256,0,0,8,0,48,"TCC_EA0_RDREQ_DRAM",232.000000,222896187994050,222896187995850
382,382,"Agent 2",1,1321582,1321582,256,10,"__amd_rocclr_fillBufferAligned",256,0,0,8,0,48,"TCC_EA0_RDREQ",29.000000,222896188078212,222896188079572
382,382,"Agent 2",1,1321582,1321582,256,10,"__amd_rocclr_fillBufferAligned",256,0,0,8,0,48,"TCC_EA0_RDREQ_DRAM",29.000000,222896188078212,222896188079572
383,383,"Agent 2",1,1321582,1321582,256,10,"__amd_rocclr_fillBufferAligned",256,0,0,8,0,48,"TCC_EA0_RDREQ",29.000000,222896188156213,222896188157493
383,383,"Agent 2",1,1321582,1321582,256,10,"__amd_rocclr_fillBufferAligned",256,0,0,8,0,48,"TCC_EA0_RDREQ_DRAM",29.000000,222896188156213,222896188157493
384,384,"Agent 2",1,1321582,1321582,256,10,"__amd_rocclr_fillBufferAligned",256,0,0,8,0,48,"TCC_EA0_RDREQ",29.000000,222896188229414,222896188230534
384,384,"Agent 2",1,1321582,1321582,256,10,"__amd_rocclr_fillBufferAligned",256,0,0,8,0,48,"TCC_EA0_RDREQ_DRAM",29.000000,222896188229414,222896188230534
385,385,"Agent 2",1,1321582,1321582,47104,12,"drive_phase7(void*, void*, void*, void*, void*, void*, void*, void*, void*, void*, void*, void*, void*, void*, void*, void*, void*, int*, int*, unsigned int*, unsigned int*, int*, int*, int*, int*, int*, int*, int*, int*, int*, int, int, int, int, int, int, int, int*, int*, int*, int*)",256,512,80,76,0,112,"TCC_EA0_RDREQ",86210.000000,222896210218285,222896217114555
385,385,"Agent 2",1,1321582,1321582,47104,12,"drive_phase7(void*, void*, void*, void*, void*, void*, void*, void*, void*, void*, void*, void*, void*, void*, void*, void*, void*, int*, int*, unsigned int*, unsigned int*, int*, int*, int*, int*, int*, int*, int*, int*, int*, int, int, int, int, int, int, int, int*, int*, int*, int*)",256,512,80,76,0,112,"TCC_EA0_RDREQ_DRAM",70019.000000,222896210218285,222896217114555
386,386,"Agent 2",1,1321582,1321582,512,7,"__amd_rocclr_copyBuffer",512,0,0,8,0,32,"TCC_EA0_RDREQ",26.000000,222896217241396,222896217243476
386,386,"Agent 2",1,1321582,1321582,512,7,"__amd_rocclr_copyBuffer",512,0,0,8,0,32,"TCC_EA0_RDREQ_DRAM",26.000000,222896217241396,222896217243476
387,387,"Agent 2",1,1321582,1321582,512,7,"__amd_rocclr_copyBuffer",512,0,0,8,0,32,"TCC_EA0_RDREQ",69.000000,222896217320317,222896217322517
387,387,"Agent 2",1,1321582,1321582,512,7,"__amd_rocclr_copyBuffer",512,0,0,8,0,32,"TCC_EA0_RDREQ_DRAM",69.000000,222896217320317,222896217322517
388,388,"Agent 2",1,1321582,1321582,512,7,"__amd_rocclr_copyBuffer",512,0,0,8,0,32,"TCC_EA0_RDREQ",68.000000,222896217400838,222896217402598
388,388,"Agent 2",1,1321582,1321582,512,7,"__amd_rocclr_copyBuffer",512,0,0,8,0,32,"TCC_EA0_RDREQ_DRAM",68.000000,222896217400838,222896217402598
389,389,"Agent 2",1,1321582,1321582,512,7,"__amd_rocclr_copyBuffer",512,0,0,8,0,32,"TCC_EA0_RDREQ",87.000000,222896217484280,222896217486080
389,389,"Agent 2",1,1321582,1321582,512,7,"__amd_rocclr_copyBuffer",512,0,0,8,0,32,"TCC_EA0_RDREQ_DRAM",87.000000,222896217484280,222896217486080
390,390,"Agent 2",1,1321582,1321582,512,7,"__amd_rocclr_copyBuffer",512,0,0,8,0,32,"TCC_EA0_RDREQ",25.000000,222896217563361,222896217565001
390,390,"Agent 2",1,1321582,1321582,512,7,"__amd_rocclr_copyBuffer",512,0,0,8,0,32,"TCC_EA0_RDREQ_DRAM",25.000000,222896217563361,222896217565001
391,391,"Agent 2",1,1321582,1321582,512,7,"__amd_rocclr_copyBuffer",512,0,0,8,0,32,"TCC_EA0_RDREQ",25.000000,222896217643042,222896217644722
391,391,"Agent 2",1,1321582,1321582,512,7,"__amd_rocclr_copyBuffer",512,0,0,8,0,32,"TCC_EA0_RDREQ_DRAM",25.000000,222896217643042,222896217644722
392,392,"Agent 2",1,1321582,1321582,512,7,"__amd_rocclr_copyBuffer",512,0,0,8,0,32,"TCC_EA0_RDREQ",25.000000,222896217716843,222896217718523
392,392,"Agent 2",1,1321582,1321582,512,7,"__amd_rocclr_copyBuffer",512,0,0,8,0,32,"TCC_EA0_RDREQ_DRAM",25.000000,222896217716843,222896217718523
393,393,"Agent 2",1,1321582,1321582,512,7,"__amd_rocclr_copyBuffer",512,0,0,8,0,32,"TCC_EA0_RDREQ",69.000000,222896217798325,222896217800045
393,393,"Agent 2",1,1321582,1321582,512,7,"__amd_rocclr_copyBuffer",512,0,0,8,0,32,"TCC_EA0_RDREQ_DRAM",69.000000,222896217798325,222896217800045
394,394,"Agent 2",1,1321582,1321582,512,7,"__amd_rocclr_copyBuffer",512,0,0,8,0,32,"TCC_EA0_RDREQ",68.000000,222896217879766,222896217881486
394,394,"Agent 2",1,1321582,1321582,512,7,"__amd_rocclr_copyBuffer",512,0,0,8,0,32,"TCC_EA0_RDREQ_DRAM",68.000000,222896217879766,222896217881486
395,395,"Agent 2",1,1321582,1321582,512,7,"__amd_rocclr_copyBuffer",512,0,0,8,0,32,"TCC_EA0_RDREQ",57.000000,222896217958487,222896217960567
395,395,"Agent 2",1,1321582,1321582,512,7,"__amd_rocclr_copyBuffer",512,0,0,8,0,32,"TCC_EA0_RDREQ_DRAM",57.000000,222896217958487,222896217960567
396,396,"Agent 2",1,1321582,1321582,512,7,"__amd_rocclr_copyBuffer",512,0,0,8,0,32,"TCC_EA0_RDREQ",55.000000,222896218035568,222896218037288
396,396,"Agent 2",1,1321582,1321582,512,7,"__amd_rocclr_copyBuffer",512,0,0,8,0,32,"TCC_EA0_RDREQ_DRAM",55.000000,222896218035568,222896218037288
397,397,"Agent 2",1,1321582,1321582,512,7,"__amd_rocclr_copyBuffer",512,0,0,8,0,32,"TCC_EA0_RDREQ",55.000000,222896218112610,222896218115530
397,397,"Agent 2",1,1321582,1321582,512,7,"__amd_rocclr_copyBuffer",512,0,0,8,0,32,"TCC_EA0_RDREQ_DRAM",55.000000,222896218112610,222896218115530
398,398,"Agent 2",1,1321582,1321582,512,7,"__amd_rocclr_copyBuffer",512,0,0,8,0,32,"TCC_EA0_RDREQ",55.000000,222896218196531,222896218202571
398,398,"Agent 2",1,1321582,1321582,512,7,"__amd_rocclr_copyBuffer",512,0,0,8,0,32,"TCC_EA0_RDREQ_DRAM",55.000000,222896218196531,222896218202571
