"Correlation_Id","Dispatch_Id","Agent_Id","Queue_Id","Process_Id","Thread_Id","Grid_Size","Kernel_Id","Kernel_Name","Workgroup_Size","LDS_Block_Size","Scratch_Size","VGPR_Count","Accum_VGPR_Count","SGPR_Count","Counter_Name","Counter_Value","Start_Timestamp","End_Timestamp"
1,1,"Agent 2",1,1321563,1321563,512,10,"__amd_rocclr_fillBufferAligned",256,0,0,8,0,48,"TCC_HIT",92.000000,222894619484500,222894619487820
1,1,"Agent 2",1,1321563,1321563,512,10,"__amd_rocclr_fillBufferAligned",256,0,0,8,0,48,"TCC_MISS",120.000000,222894619484500,222894619487820
2,2,"Agent 2",1,1321563,1321563,2048,10,"__amd_rocclr_fillBufferAligned",256,0,0,8,0,48,"TCC_HIT",368.000000,222894619588141,222894619590101
2,2,"Agent 2",1,1321563,1321563,2048,10,"__amd_rocclr_fillBufferAligned",256,0,0,8,0,48,"TCC_MISS",376.000000,222894619588141,222894619590101
3,3,"Agent 2",1,1321563,1321563,256,10,"__amd_rocclr_fillBufferAligned",256,0,0,8,0,48,"TCC_HIT",30.000000,222894619651502,222894619652823
3,3,"Agent 2",1,1321563,1321563,256,10,"__amd_rocclr_fillBufferAligned",256,0,0,8,0,48,"TCC_MISS",31.000000,222894619651502,222894619652823
4,4,"Agent 2",1,1321563,1321563,2048,10,"__amd_rocclr_fillBufferAligned",256,0,0,8,0,48,"TCC_HIT",368.000000,222894619802785,222894619804625
4,4,"Agent 2",1,1321563,1321563,2048,10,"__amd_rocclr_fillBufferAligned",256,0,0,8,0,48,"TCC_MISS",376.000000,222894619802785,222894619804625
5,5,"Agent 2",1,1321563,1321563,256,10,"__amd_rocclr_fillBufferAligned",256,0,0,8,0,48,"TCC_HIT",30.000000,222894619882267,222894619883627
5,5,"Agent 2",1,1321563,1321563,256,10,"__amd_rocclr_fillBufferAligned",256,0,0,8,0,48,"TCC_MISS",31.000000,222894619882267,222894619883627
6,6,"Agent 2",1,1321563,1321563,2048,10,"__amd_rocclr_fillBufferAligned",256,0,0,8,0,48,"TCC_HIT",368.000000,222894620018429,222894620020269
6,6,"Agent 2",1,1321563,1321563,2048,10,"__amd_rocclr_fillBufferAligned",256,0,0,8,0,48,"TCC_MISS",376.000000,222894620018429,222894620020269
7,7,"Agent 2",1,1321563,1321563,256,10,"__amd_rocclr_fillBufferAligned",256,0,0,8,0,48,"TCC_HIT",30.000000,222894620142071,222894620143391
7,7,"Agent 2",1,1321563,1321563,256,10,"__amd_rocclr_fillBufferAligned",256,0,0,8,0,48,"TCC_MISS",31.000000,222894620142071,222894620143391
8,8,"Agent 2",1,1321563,1321563,2048,10,"__amd_rocclr_fillBufferAligned",256,0,0,8,0,48,"TCC_HIT",368.000000,222894620261074,222894620263154
8,8,"Agent 2",1,1321563,1321563,2048,10,"__amd_rocclr_fillBufferAligned",256,0,0,8,0,48,"TCC_MISS",376.000000,222894620261074,222894620263154
9,9,"Agent 2",1,1321563,1321563,256,10,"__amd_rocclr_fillBufferAligned",256,0,0,8,0,48,"TCC_HIT",30.000000,222894620390196,222894620391476
9,9,"Agent 2",1,1321563,1321563,256,10,"__amd_rocclr_fillBufferAligned",256,0,0,8,0,48,"TCC_MISS",31.000000,222894620390196,222894620391476
10,10,"Agent 2",1,1321563,1321563,2048,10,"__amd_rocclr_fillBufferAligned",256,0,0,8,0,48,"TCC_HIT",368.000000,222894620511918,222894620513878
10,10,"Agent 2",1,1321563,1321563,2048,10,"__amd_rocclr_fillBufferAligned",256,0,0,8,0,48,"TCC_MISS",376.000000,222894620511918,222894620513878
11,11,"Agent 2",1,1321563,1321563,256,10,"__amd_rocclr_fillBufferAligned",256,0,0,8,0,48,"TCC_HIT",30.000000,222894620627480,222894620628880
11,11,"Agent 2",1,1321563,1321563,256,10,"__amd_rocclr_fillBufferAligned",256,0,0,8,0,48,"TCC_MISS",31.000000,222894620627480,222894620628880
12,12,"Agent 2",1,1321563,1321563,2048,10,"__amd_rocclr_fillBufferAligned",256,0,0,8,0,48,"TCC_HIT",368.000000,222894620746242,222894620748403
12,12,"Agent 2",1,1321563,1321563,2048,10,"__amd_rocclr_fillBufferAligned",256,0,0,8,0,48,"TCC_MISS",376.000000,222894620746242,222894620748403
13,13,"Agent 2",1,1321563,1321563,256,10,"__amd_rocclr_fillBufferAligned",256,0,0,8,0,48,"TCC_HIT",30.000000,222894620872405,222894620873685
13,13,"Agent 2",1,1321563,1321563,256,10,"__amd_rocclr_fillBufferAligned",256,0,0,8,0,48,"TCC_MISS",31.000000,222894620872405,222894620873685
14,14,"Agent 2",1,1321563,1321563,2048,10,"__amd_rocclr_fillBufferAligned",256,0,0,8,0,48,"TCC_HIT",368.000000,222894620998367,222894621000247
14,14,"Agent 2",1,1321563,1321563,2048,10,"__amd_rocclr_fillBufferAligned",256,0,0,8,0,48,"TCC_MISS",376.000000,222894620998367,222894621000247
15,15,"Agent 2",1,1321563,1321563,256,10,"__amd_rocclr_fillBufferAligned",256,0,0,8,0,48,"TCC_HIT",30.000000,222894621120169,222894621121569
15,15,"Agent 2",1,1321563,1321563,256,10,"__amd_rocclr_fillBufferAligned",256,0,0,8,0,48,"TCC_MISS",31.000000,222894621120169,222894621121569
16,16,"Agent 2",1,1321563,1321563,2048,10,"__amd_rocclr_fillBufferAligned",256,0,0,8,0,48,"TCC_HIT",368.000000,222894621248732,222894621250852
16,16,"Agent 2",1,1321563,1321563,2048,10,"__amd_rocclr_fillBufferAligned",256,0,0,8,0,48,"TCC_MISS",376.000000,222894621248732,222894621250852
17,17,"Agent 2",1,1321563,1321563,256,10,"__amd_rocclr_fillBufferAligned",256,0,0,8,0,48,"TCC_HIT",30.000000,222894621381374,222894621382734
17,17,"Agent 2",1,1321563,1321563,256,10,"__amd_rocclr_fillBufferAligned",256,0,0,8,0,48,"TCC_MISS",31.000000,222894621381374,222894621382734
18,18,"Agent 2",1,1321563,1321563,2048,10,"__amd_rocclr_fillBufferAligned",256,0,0,8,0,48,"TCC_HIT",368.000000,222894621504136,222894621505976
18,18,"Agent 2",1,1321563,1321563,2048,10,"__amd_rocclr_fillBufferAligned",256,0,0,8,0,48,"TCC_MISS",376.000000,222894621504136,222894621505976
19,19,"Agent 2",1,1321563,1321563,256,10,"__amd_rocclr_fillBufferAligned",256,0,0,8,0,48,"TCC_HIT",30.000000,222894621621178,222894621622338
19,19,"Agent 2",1,1321563,1321563,256,10,"__amd_rocclr_fillBufferAligned",256,0,0,8,0,48,"TCC_MISS",31.000000,222894621621178,222894621622338
20,20,"Agent 2",1,1321563,1321563,2048,10,"__amd_rocclr_fillBufferAligned",256,0,0,8,0,48,"TCC_HIT",368.000000,222894621741581,222894621743501
20,20,"Agent 2",1,1321563,1321563,2048,10,"__amd_rocclr_fillBufferAligned",256,0,0,8,0,48,"TCC_MISS",376.000000,222894621741581,222894621743501
21,21,"Agent 2",1,1321563,1321563,256,10,"__amd_rocclr_fillBufferAligned",256,0,0,8,0,48,"TCC_HIT",30.000000,222894621862023,222894621863303
21,21,"Agent 2",1,1321563,1321563,256,10,"__amd_rocclr_fillBufferAligned",256,0,0,8,0,48,"TCC_MISS",31.000000,222894621862023,222894621863303
22,22,"Agent 2",1,1321563,1321563,2048,10,"__amd_rocclr_fillBufferAligned",256,0,0,8,0,48,"TCC_HIT",368.000000,222894621986745,222894621988465
22,22,"Agent 2",1,1321563,1321563,2048,10,"__amd_rocclr_fillBufferAligned",256,0,0,8,0,48,"TCC_MISS",376.000000,222894621986745,222894621988465
23,23,"Agent 2",1,1321563,1321563,256,10,"__amd_rocclr_fillBufferAligned",256,0,0,8,0,48,"TCC_HIT",30.000000,222894622107947,222894622109067
23,23,"Agent 2",1,1321563,1321563,256,10,"__amd_rocclr_fillBufferAligned",256,0,0,8,0,48,"TCC_MISS",31.000000,222894622107947,222894622109067
24,24,"Agent 2",1,1321563,1321563,2048,10,"__amd_rocclr_fillBufferAligned",256,0,0,8,0,48,"TCC_HIT",368.000000,222894622231550,222894622233350
24,24,"Agent 2",1,1321563,1321563,2048,10,"__amd_rocclr_fillBufferAligned",256,0,0,8,0,48,"TCC_MISS",376.000000,222894622231550,222894622233350
25,25,"Agent 2",1,1321563,1321563,256,10,"__amd_rocclr_fillBufferAligned",256,0,0,8,0,48,"TCC_HIT",30.000000,222894622352272,222894622353512
25,25,"Agent 2",1,1321563,1321563,256,10,"__amd_rocclr_fillBufferAligned",256,0,0,8,0,48,"TCC_MISS",31.000000,222894622352272,222894622353512
26,26,"Agent 2",1,1321563,1321563,2048,10,"__amd_rocclr_fillBufferAligned",256,0,0,8,0,48,"TCC_HIT",368.000000,222894622472314,222894622474034
26,26,"Agent 2",1,1321563,1321563,2048,10,"__amd_rocclr_fillBufferAligned",256,0,0,8,0,48,"TCC_MISS",376.000000,222894622472314,222894622474034
27,27,"Agent 2",1,1321563,1321563,256,10,"__amd_rocclr_fillBufferAligned",256,0,0,8,0,48,"TCC_HIT",30.000000,222894622551275,222894622552595
27,27,"Agent 2",1,1321563,1321563,256,10,"__amd_rocclr_fillBufferAligned",256,0,0,8,0,48,"TCC_MISS",31.000000,222894622551275,222894622552595
28,28,"Agent 2",1,1321563,1321563,2048,10,"__amd_rocclr_fillBufferAligned",256,0,0,8,0,48,"TCC_HIT",368.000000,222894622627517,222894622629277
28,28,"Agent 2",1,1321563,1321563,2048,10,"__amd_rocclr_fillBufferAligned",256,0,0,8,0,48,"TCC_MISS",376.000000,222894622627517,222894622629277
29,29,"Agent 2",1,1321563,1321563,256,10,"__amd_rocclr_fillBufferAligned",256,0,0,8,0,48,"TCC_HIT",30.000000,222894622705678,222894622707038
29,29,"Agent 2",1,1321563,1321563,256,10,"__amd_rocclr_fillBufferAligned",256,0,0,8,0,48,"TCC_MISS",31.000000,222894622705678,222894622707038
30,30,"Agent 2",1,1321563,1321563,2048,10,"__amd_rocclr_fillBufferAligned",256,0,0,8,0,48,"TCC_HIT",368.000000,222894622788640,222894622790520
30,30,"Agent 2",1,1321563,1321563,2048,10,"__amd_rocclr_fillBufferAligned",256,0,0,8,0,48,"TCC_MISS",376.000000,222894622788640,222894622790520
31,31,"Agent 2",1,1321563,1321563,256,10,"__amd_rocclr_fillBufferAligned",256,0,0,8,0,48,"TCC_HIT",30.000000,222894622869841,222894622871201
31,31,"Agent 2",1,1321563,1321563,256,10,"__amd_rocclr_fillBufferAligned",256,0,0,8,0,48,"TCC_MISS",31.000000,222894622869841,222894622871201
32,32,"Agent 2",1,1321563,1321563,2048,10,"__amd_rocclr_fillBufferAligned",256,0,0,8,0,48,"TCC_HIT",368.000000,222894622952243,222894622954003
32,32,"Agent 2",1,1321563,1321563,2048,10,"__amd_rocclr_fillBufferAligned",256,0,0,8,0,48,"TCC_MISS",376.000000,222894622952243,222894622954003
33,33,"Agent 2",1,1321563,1321563,256,10,"__amd_rocclr_fillBufferAligned",256,0,0,8,0,48,"TCC_HIT",30.000000,222894623064205,222894623065565
33,33,"Agent 2",1,1321563,1321563,256,10,"__amd_rocclr_fillBufferAligned",256,0,0,8,0,48,"TCC_MISS",31.000000,222894623064205,222894623065565
34,34,"Agent 2",1,1321563,1321563,2048,10,"__amd_rocclr_fillBufferAligned",256,0,0,8,0,48,"TCC_HIT",368.000000,222894623143766,222894623145526
34,34,"Agent 2",1,1321563,1321563,2048,10,"__amd_rocclr_fillBufferAligned",256,0,0,8,0,48,"TCC_MISS",376.000000,222894623143766,222894623145526
35,35,"Agent 2",1,1321563,1321563,256,10,"__amd_rocclr_fillBufferAligned",256,0,0,8,0,48,"TCC_HIT",30.000000,222894623221448,222894623222688
35,35,"Agent 2",1,1321563,1321563,256,10,"__amd_rocclr_fillBufferAligned",256,0,0,8,0,48,"TCC_MISS",31.000000,222894623221448,222894623222688
36,36,"Agent 2",1,1321563,1321563,2048,10,"__amd_rocclr_fillBufferAligned",256,0,0,8,0,48,"TCC_HIT",368.000000,222894623298089,222894623299889
36,36,"Agent 2",1,1321563,1321563,2048,10,"__amd_rocclr_fillBufferAligned",256,0,0,8,0,48,"TCC_MISS",376.000000,222894623298089,222894623299889
37,37,"Agent 2",1,1321563,1321563,256,10,"__amd_rocclr_fillBufferAligned",256,0,0,8,0,48,"TCC_HIT",30.000000,222894623377330,222894623378571
37,37,"Agent 2",1,1321563,1321563,256,10,"__amd_rocclr_fillBufferAligned",256,0,0,8,0,48,"TCC_MISS",31.000000,222894623377330,222894623378571
38,38,"Agent 2",1,1321563,1321563,2048,10,"__amd_rocclr_fillBufferAligned",256,0,0,8,0,48,"TCC_HIT",368.000000,222894623457692,222894623459372
38,38,"Agent 2",1,1321563,1321563,2048,10,"__amd_rocclr_fillBufferAligned",256,0,0,8,0,48,"TCC_MISS",376.000000,222894623457692,222894623459372
39,39,"Agent 2",1,1321563,1321563,256,10,"__amd_rocclr_fillBufferAligned",256,0,0,8,0,48,"TCC_HIT",30.000000,222894623534813,222894623536093
39,39,"Agent 2",1,1321563,1321563,256,10,"__amd_rocclr_fillBufferAligned",256,0,0,8,0,48,"TCC_MISS",31.000000,222894623534813,222894623536093
40,40,"Agent 2",1,1321563,1321563,2048,10,"__amd_rocclr_fillBufferAligned",256,0,0,8,0,48,"TCC_HIT",368.000000,222894623613535,222894623615295
40,40,"Agent 2",1,1321563,1321563,2048,10,"__amd_rocclr_fillBufferAligned",256,0,0,8,0,48,"TCC_MISS",376.000000,222894623613535,222894623615295
41,41,"Agent 2",1,1321563,1321563,256,10,"__amd_rocclr_fillBufferAligned",256,0,0,8,0,48,"TCC_HIT",30.000000,222894623690416,222894623691656
41,41,"Agent 2",1,1321563,1321563,256,10,"__amd_rocclr_fillBufferAligned",256,0,0,8,0,48,"TCC_MISS",31.000000,222894623690416,222894623691656
42,42,"Agent 2",1,1321563,1321563,2048,10,"__amd_rocclr_fillBufferAligned",256,0,0,8,0,48,"TCC_HIT",368.000000,222894623768258,222894623769978
42,42,"Agent 2",1,1321563,1321563,2048,10,"__amd_rocclr_fillBufferAligned",256,0,0,8,0,48,"TCC_MISS",376.000000,222894623768258,222894623769978
43,43,"Agent 2",1,1321563,1321563,256,10,"__amd_rocclr_fillBufferAligned",256,0,0,8,0,48,"TCC_HIT",30.000000,222894623850019,222894623851379
43,43,"Agent 2",1,1321563,1321563,256,10,"__amd_rocclr_fillBufferAligned",256,0,0,8,0,48,"TCC_MISS",31.000000,222894623850019,222894623851379
44,44,"Agent 2",1,1321563,1321563,2048,10,"__amd_rocclr_fillBufferAligned",256,0,0,8,0,48,"TCC_HIT",368.000000,222894623929421,222894623931181
44,44,"Agent 2",1,1321563,1321563,2048,10,"__amd_rocclr_fillBufferAligned",256,0,0,8,0,48,"TCC_MISS",376.000000,222894623929421,222894623931181
45,45,"Agent 2",1,1321563,1321563,256,10,"__amd_rocclr_fillBufferAligned",256,0,0,8,0,48,"TCC_HIT",30.000000,222894624009382,222894624010702
45,45,"Agent 2",1,1321563,1321563,256,10,"__amd_rocclr_fillBufferAligned",256,0,0,8,0,48,"TCC_MISS",31.000000,222894624009382,222894624010702
46,46,"Agent 2",1,1321563,1321563,2048,10,"__amd_rocclr_fillBufferAligned",256,0,0,8,0,48,"TCC_HIT",368.000000,222894624086583,222894624088383
46,46,"Agent 2",1,1321563,1321563,2048,10,"__amd_rocclr_fillBufferAligned",256,0,0,8,0,48,"TCC_MISS",376.000000,222894624086583,222894624088383
47,47,"Agent 2",1,1321563,1321563,256,10,"__amd_rocclr_fillBufferAligned",256,0,0,8,0,48,"TCC_HIT",30.000000,222894624165745,222894624166985
47,47,"Agent 2",1,1321563,1321563,256,10,"__amd_rocclr_fillBufferAligned",256,0,0,8,0,48,"TCC_MISS",31.000000,222894624165745,222894624166985
48,48,"Agent 2",1,1321563,1321563,2048,10,"__amd_rocclr_fillBufferAligned",256,0,0,8,0,48,"TCC_HIT",368.000000,222894624244786,222894624246626
48,48,"Agent 2",1,1321563,1321563,2048,10,"__amd_rocclr_fillBufferAligned",256,0,0,8,0,48,"TCC_MISS",376.000000,222894624244786,222894624246626
49,49,"Agent 2",1,1321563,1321563,256,10,"__amd_rocclr_fillBufferAligned",256,0,0,8,0,48,"TCC_HIT",30.000000,222894624321108,222894624322468
49,49,"Agent 2",1,1321563,1321563,256,10,"__amd_rocclr_fillBufferAligned",256,0,0,8,0,48,"TCC_MISS",31.000000,222894624321108,222894624322468
50,50,"Agent 2",1,1321563,1321563,2048,10,"__amd_rocclr_fillBufferAligned",256,0,0,8,0,48,"TCC_HIT",368.000000,222894624402269,222894624404109
50,50,"Agent 2",1,1321563,1321563,2048,10,"__amd_rocclr_fillBufferAligned",256,0,0,8,0,48,"TCC_MISS",376.000000,222894624402269,222894624404109
51,51,"Agent 2",1,1321563,1321563,256,10,"__amd_rocclr_fillBufferAligned",256,0,0,8,0,48,"TCC_HIT",30.000000,222894624479791,222894624480951
51,51,"Agent 2",1,1321563,1321563,256,10,"__amd_rocclr_fillBufferAligned",256,0,0,8,0,48,"TCC_MISS",31.000000,222894624479791,222894624480951
52,52,"Agent 2",1,1321563,1321563,2048,10,"__amd_rocclr_fillBufferAligned",256,0,0,8,0,48,"TCC_HIT",368.000000,222894624558192,222894624559952
52,52,"Agent 2",1,1321563,1321563,2048,10,"__amd_rocclr_fillBufferAligned",256,0,0,8,0,48,"TCC_MISS",376.000000,222894624558192,222894624559952
53,53,"Agent 2",1,1321563,1321563,256,10,"__amd_rocclr_fillBufferAligned",256,0,0,8,0,48,"TCC_HIT",30.000000,222894624634473,222894624635713
53,53,"Agent 2",1,1321563,1321563,256,10,"__amd_rocclr_fillBufferAligned",256,0,0,8,0,48,"TCC_MISS",31.000000,222894624634473,222894624635713
54,54,"Agent 2",1,1321563,1321563,2048,10,"__amd_rocclr_fillBufferAligned",256,0,0,8,0,48,"TCC_HIT",368.000000,222894624711115,222894624712915
54,54,"Agent 2",1,1321563,1321563,2048,10,"__amd_rocclr_fillBufferAligned",256,0,0,8,0,48,"TCC_MISS",376.000000,222894624711115,222894624712915
55,55,"Agent 2",1,1321563,1321563,256,10,"__amd_rocclr_fillBufferAligned",256,0,0,8,0,48,"TCC_HIT",30.000000,222894624786076,222894624787356
55,55,"Agent 2",1,1321563,1321563,256,10,"__amd_rocclr_fillBufferAligned",256,0,0,8,0,48,"TCC_MISS",31.000000,222894624786076,222894624787356
56,56,"Agent 2",1,1321563,1321563,2048,10,"__amd_rocclr_fillBufferAligned",256,0,0,8,0,48,"TCC_HIT",368.000000,222894624862718,222894624864398
56,56,"Agent 2",1,1321563,1321563,2048,10,"__amd_rocclr_fillBufferAligned",256,0,0,8,0,48,"TCC_MISS",376.000000,222894624862718,222894624864398
57,57,"Agent 2",1,1321563,1321563,256,10,"__amd_rocclr_fillBufferAligned",256,0,0,8,0,48,"TCC_HIT",30.000000,222894624945679,222894624946919
57,57,"Agent 2",1,1321563,1321563,256,10,"__amd_rocclr_fillBufferAligned",256,0,0,8,0,48,"TCC_MISS",31.000000,222894624945679,222894624946919
58,58,"Agent 2",1,1321563,1321563,2048,10,"__amd_rocclr_fillBufferAligned",256,0,0,8,0,48,"TCC_HIT",368.000000,222894625024281,222894625025961
58,58,"Agent 2",1,1321563,1321563,2048,10,"__amd_rocclr_fillBufferAligned",256,0,0,8,0,48,"TCC_MISS",376.000000,222894625024281,222894625025961
59,59,"Agent 2",1,1321563,1321563,256,10,"__amd_rocclr_fillBufferAligned",256,0,0,8,0,48,"TCC_HIT",30.000000,222894625101962,222894625103282
59,59,"Agent 2",1,1321563,1321563,256,10,"__amd_rocclr_fillBufferAligned",256,0,0,8,0,48,"TCC_MISS",31.000000,222894625101962,222894625103282
60,60,"Agent 2",1,1321563,1321563,2048,10,"__amd_rocclr_fillBufferAligned",256,0,0,8,0,48,"TCC_HIT",368.000000,222894625184963,222894625186804
60,60,"Agent 2",1,1321563,1321563,2048,10,"__amd_rocclr_fillBufferAligned",256,0,0,8,0,48,"TCC_MISS",376.000000,222894625184963,222894625186804
61,61,"Agent 2",1,1321563,1321563,256,10,"__amd_rocclr_fillBufferAligned",256,0,0,8,0,48,"TCC_HIT",30.000000,222894625263365,222894625264725
61,61,"Agent 2",1,1321563,1321563,256,10,"__amd_rocclr_fillBufferAligned",256,0,0,8,0,48,"TCC_MISS",31.000000,222894625263365,222894625264725
62,62,"Agent 2",1,1321563,1321563,2048,10,"__amd_rocclr_fillBufferAligned",256,0,0,8,0,48,"TCC_HIT",368.000000,222894625338206,222894625339966
62,62,"Agent 2",1,1321563,1321563,2048,10,"__amd_rocclr_fillBufferAligned",256,0,0,8,0,48,"TCC_MISS",376.000000,222894625338206,222894625339966
63,63,"Agent 2",1,1321563,1321563,256,10,"__amd_rocclr_fillBufferAligned",256,0,0,8,0,48,"TCC_HIT",30.000000,222894625417688,222894625419048
63,63,"Agent 2",1,1321563,1321563,256,10,"__amd_rocclr_fillBufferAligned",256,0,0,8,0,48,"TCC_MISS",31.000000,222894625417688,222894625419048
64,64,"Agent 2",1,1321563,1321563,2048,10,"__amd_rocclr_fillBufferAligned",256,0,0,8,0,48,"TCC_HIT",368.000000,222894625498249,222894625500049
64,64,"Agent 2",1,1321563,1321563,2048,10,"__amd_rocclr_fillBufferAligned",256,0,0,8,0,48,"TCC_MISS",376.000000,222894625498249,222894625500049
65,65,"Agent 2",1,1321563,1321563,256,10,"__amd_rocclr_fillBufferAligned",256,0,0,8,0,48,"TCC_HIT",30.000000,222894625578971,222894625580331
65,65,"Agent 2",1,1321563,1321563,256,10,"__amd_rocclr_fillBufferAligned",256,0,0,8,0,48,"TCC_MISS",31.000000,222894625578971,222894625580331
66,66,"Agent 2",1,1321563,1321563,2048,10,"__amd_rocclr_fillBufferAligned",256,0,0,8,0,48,"TCC_HIT",368.000000,222894625660892,222894625662612
66,66,"Agent 2",1,1321563,1321563,2048,10,"__amd_rocclr_fillBufferAligned",256,0,0,8,0,48,"TCC_MISS",376.000000,222894625660892,222894625662612
67,67,"Agent 2",1,1321563,1321563,256,10,"__amd_rocclr_fillBufferAligned",256,0,0,8,0,48,"TCC_HIT",30.000000,222894625737774,222894625738974
67,67,"Agent 2",1,1321563,1321563,256,10,"__amd_rocclr_fillBufferAligned",256,0,0,8,0,48,"TCC_MISS",31.000000,222894625737774,222894625738974
68,68,"Agent 2",1,1321563,1321563,2048,10,"__amd_rocclr_fillBufferAligned",256,0,0,8,0,48,"TCC_HIT",368.000000,222894625816175,222894625817975
68,68,"Agent 2",1,1321563,1321563,2048,10,"__amd_rocclr_fillBufferAligned",256,0,0,8,0,48,"TCC_MISS",376.000000,222894625816175,222894625817975
69,69,"Agent 2",1,1321563,1321563,256,10,"__amd_rocclr_fillBufferAligned",256,0,0,8,0,48,"TCC_HIT",30.000000,222894625895376,222894625896656
69,69,"Agent 2",1,1321563,1321563,256,10,"__amd_rocclr_fillBufferAligned",256,0,0,8,0,48,"TCC_MISS",31.000000,222894625895376,222894625896656
70,70,"Agent 2",1,1321563,1321563,2048,10,"__amd_rocclr_fillBufferAligned",256,0,0,8,0,48,"TCC_HIT",368.000000,222894625979298,222894625981058
70,70,"Agent 2",1,1321563,1321563,2048,10,"__amd_rocclr_fillBufferAligned",256,0,0,8,0,48,"TCC_MISS",376.000000,222894625979298,222894625981058
71,71,"Agent 2",1,1321563,1321563,256,10,"__amd_rocclr_fillBufferAligned",256,0,0,8,0,48,"TCC_HIT",30.000000,222894626057099,222894626058339
71,71,"Agent 2",1,1321563,1321563,256,10,"__amd_rocclr_fillBufferAligned",256,0,0,8,0,48,"TCC_MISS",31.000000,222894626057099,222894626058339
72,72,"Agent 2",1,1321563,1321563,2048,10,"__amd_rocclr_fillBufferAligned",256,0,0,8,0,48,"TCC_HIT",368.000000,222894626138221,222894626140101
72,72,"Agent 2",1,1321563,1321563,2048,10,"__amd_rocclr_fillBufferAligned",256,0,0,8,0,48,"TCC_MISS",376.000000,222894626138221,222894626140101
73,73,"Agent 2",1,1321563,1321563,256,10,"__amd_rocclr_fillBufferAligned",256,0,0,8,0,48,"TCC_HIT",30.000000,222894626218742,222894626219942
73,73,"Agent 2",1,1321563,1321563,256,10,"__amd_rocclr_fillBufferAligned",256,0,0,8,0,48,"TCC_MISS",31.000000,222894626218742,222894626219942
74,74,"Agent 2",1,1321563,1321563,2048,10,"__amd_rocclr_fillBufferAligned",256,0,0,8,0,48,"TCC_HIT",368.000000,222894626296344,222894626298064
74,74,"Agent 2",1,1321563,1321563,2048,10,"__amd_rocclr_fillBufferAligned",256,0,0,8,0,48,"TCC_MISS",376.000000,222894626296344,222894626298064
75,75,"Agent 2",1,1321563,1321563,256,10,"__amd_rocclr_fillBufferAligned",256,0,0,8,0,48,"TCC_HIT",30.000000,222894626373465,222894626374825
75,75,"Agent 2",1,1321563,1321563,256,10,"__amd_rocclr_fillBufferAligned",256,0,0,8,0,48,"TCC_MISS",31.000000,222894626373465,222894626374825
76,76,"Agent 2",1,1321563,1321563,2048,10,"__amd_rocclr_fillBufferAligned",256,0,0,8,0,48,"TCC_HIT",368.000000,222894626452427,222894626454227
76,76,"Agent 2",1,1321563,1321563,2048,10,"__amd_rocclr_fillBufferAligned",256,0,0,8,0,48,"TCC_MISS",376.000000,222894626452427,222894626454227
77,77,"Agent 2",1,1321563,1321563,256,10,"__amd_rocclr_fillBufferAligned",256,0,0,8,0,48,"TCC_HIT",30.000000,222894626527428,222894626528828
77,77,"Agent 2",1,1321563,1321563,256,10,"__amd_rocclr_fillBufferAligned",256,0,0,8,0,48,"TCC_MISS",31.000000,222894626527428,222894626528828
78,78,"Agent 2",1,1321563,1321563,2048,10,"__amd_rocclr_fillBufferAligned",256,0,0,8,0,48,"TCC_HIT",368.000000,222894626610790,222894626612550
78,78,"Agent 2",1,1321563,1321563,2048,10,"__amd_rocclr_fillBufferAligned",256,0,0,8,0,48,"TCC_MISS",376.000000,222894626610790,222894626612550
79,79,"Agent 2",1,1321563,1321563,256,10,"__amd_rocclr_fillBufferAligned",256,0,0,8,0,48,"TCC_HIT",30.000000,222894626690591,222894626691911
79,79,"Agent 2",1,1321563,1321563,256,10,"__amd_rocclr_fillBufferAligned",256,0,0,8,0,48,"TCC_MISS",31.000000,222894626690591,222894626691911
80,80,"Agent 2",1,1321563,1321563,2048,10,"__amd_rocclr_fillBufferAligned",256,0,0,8,0,48,"TCC_HIT",368.000000,222894626770152,222894626771952
80,80,"Agent 2",1,1321563,1321563,2048,10,"__amd_rocclr_fillBufferAligned",256,0,0,8,0,48,"TCC_MISS",376.000000,222894626770152,222894626771952
81,81,"Agent 2",1,1321563,1321563,256,10,"__amd_rocclr_fillBufferAligned",256,0,0,8,0,48,"TCC_HIT",30.000000,222894626846354,222894626847674
81,81,"Agent 2",1,1321563,1321563,256,10,"__amd_rocclr_fillBufferAligned",256,0,0,8,0,48,"TCC_MISS",31.000000,222894626846354,222894626847674
82,82,"Agent 2",1,1321563,1321563,2048,10,"__amd_rocclr_fillBufferAligned",256,0,0,8,0,48,"TCC_HIT",368.000000,222894626924395,222894626926155
82,82,"Agent 2",1,1321563,1321563,2048,10,"__amd_rocclr_fillBufferAligned",256,0,0,8,0,48,"TCC_MISS",376.000000,222894626924395,222894626926155
83,83,"Agent 2",1,1321563,1321563,256,10,"__amd_rocclr_fillBufferAligned",256,0,0,8,0,48,"TCC_HIT",30.000000,222894627006397,222894627007597
83,83,"Agent 2",1,1321563,1321563,256,10,"__amd_rocclr_fillBufferAligned",256,0,0,8,0,48,"TCC_MISS",31.000000,222894627006397,222894627007597
84,84,"Agent 2",1,1321563,1321563,2048,10,"__amd_rocclr_fillBufferAligned",256,0,0,8,0,48,"TCC_HIT",368.000000,222894627085918,222894627087718
84,84,"Agent 2",1,1321563,1321563,2048,10,"__amd_rocclr_fillBufferAligned",256,0,0,8,0,48,"TCC_MISS",376.000000,222894627085918,222894627087718
85,85,"Agent 2",1,1321563,1321563,256,10,"__amd_rocclr_fillBufferAligned",256,0,0,8,0,48,"TCC_HIT",30.000000,222894627164280,222894627165520
85,85,"Agent 2",1,1321563,1321563,256,10,"__amd_rocclr_fillBufferAligned",256,0,0,8,0,48,"TCC_MISS",31.000000,222894627164280,222894627165520
86,86,"Agent 2",1,1321563,1321563,2048,10,"__amd_rocclr_fillBufferAligned",256,0,0,8,0,48,"TCC_HIT",368.000000,222894627246441,222894627248121
86,86,"Agent 2",1,1321563,1321563,2048,10,"__amd_rocclr_fillBufferAligned",256,0,0,8,0,48,"TCC_MISS",376.000000,222894627246441,222894627248121
87,87,"Agent 2",1,1321563,1321563,256,10,"__amd_rocclr_fillBufferAligned",256,0,0,8,0,48,"TCC_HIT",30.000000,222894627324763,222894627326003
87,87,"Agent 2",1,1321563,1321563,256,10,"__amd_rocclr_fillBufferAligned",256,0,0,8,0,48,"TCC_MISS",31.000000,222894627324763,222894627326003
88,88,"Agent 2",1,1321563,1321563,2048,10,"__amd_rocclr_fillBufferAligned",256,0,0,8,0,48,"TCC_HIT",368.000000,222894627402324,222894627404124
88,88,"Agent 2",1,1321563,1321563,2048,10,"__amd_rocclr_fillBufferAligned",256,0,0,8,0,48,"TCC_MISS",376.000000,222894627402324,222894627404124
89,89,"Agent 2",1,1321563,1321563,256,10,"__amd_rocclr_fillBufferAligned",256,0,0,8,0,48,"TCC_HIT",30.000000,222894627481805,222894627482965
89,89,"Agent 2",1,1321563,1321563,256,10,"__amd_rocclr_fillBufferAligned",256,0,0,8,0,48,"TCC_MISS",31.000000,222894627481805,222894627482965
90,90,"Agent 2",1,1321563,1321563,2048,10,"__amd_rocclr_fillBufferAligned",256,0,0,8,0,48,"TCC_HIT",368.000000,222894627561327,222894627563207
90,90,"Agent 2",1,1321563,1321563,2048,10,"__amd_rocclr_fillBufferAligned",256,0,0,8,0,48,"TCC_MISS",376.000000,222894627561327,222894627563207
91,91,"Agent 2",1,1321563,1321563,256,10,"__amd_rocclr_fillBufferAligned",256,0,0,8,0,48,"TCC_HIT",30.000000,222894627644008,222894627645368
91,91,"Agent 2",1,1321563,1321563,256,10,"__amd_rocclr_fillBufferAligned",256,0,0,8,0,48,"TCC_MISS",31.000000,222894627644008,222894627645368
92,92,"Agent 2",1,1321563,1321563,2048,10,"__amd_rocclr_fillBufferAligned",256,0,0,8,0,48,"TCC_HIT",368.000000,222894627721890,222894627723570
92,92,"Agent 2",1,1321563,1321563,2048,10,"__amd_rocclr_fillBufferAligned",256,0,0,8,0,48,"TCC_MISS",376.000000,222894627721890,222894627723570
93,93,"Agent 2",1,1321563,1321563,256,10,"__amd_rocclr_fillBufferAligned",256,0,0,8,0,48,"TCC_HIT",30.000000,222894627799451,222894627800811
93,93,"Agent 2",1,1321563,1321563,256,10,"__amd_rocclr_fillBufferAligned",256,0,0,8,0,48,"TCC_MISS",31.000000,222894627799451,222894627800811
94,94,"Agent 2",1,1321563,1321563,2048,10,"__amd_rocclr_fillBufferAligned",256,0,0,8,0,48,"TCC_HIT",368.000000,222894627880173,222894627881973
94,94,"Agent 2",1,1321563,1321563,2048,10,"__amd_rocclr_fillBufferAligned",256,0,0,8,0,48,"TCC_MISS",376.000000,222894627880173,222894627881973
95,95,"Agent 2",1,1321563,1321563,256,10,"__amd_rocclr_fillBufferAligned",256,0,0,8,0,48,"TCC_HIT",30.000000,222894627956854,222894627958214
95,95,"Agent 2",1,1321563,1321563,256,10,"__amd_rocclr_fillBufferAligned",256,0,0,8,0,48,"TCC_MISS",31.000000,222894627956854,222894627958214
96,96,"Agent 2",1,1321563,1321563,2048,10,"__amd_rocclr_fillBufferAligned",256,0,0,8,0,48,"TCC_HIT",368.000000,222894628036816,222894628038616
96,96,"Agent 2",1,1321563,1321563,2048,10,"__amd_rocclr_fillBufferAligned",256,0,0,8,0,48,"TCC_MISS",376.000000,222894628036816,222894628038616
97,97,"Agent 2",1,1321563,1321563,256,10,"__amd_rocclr_fillBufferAligned",256,0,0,8,0,48,"TCC_HIT",30.000000,222894628113697,222894628115017
97,97,"Agent 2",1,1321563,1321563,256,10,"__amd_rocclr_fillBufferAligned",256,0,0,8,0,48,"TCC_MISS",31.000000,222894628113697,222894628115017
98,98,"Agent 2",1,1321563,1321563,2048,10,"__amd_rocclr_fillBufferAligned",256,0,0,8,0,48,"TCC_HIT",368.000000,222894628193338,222894628195018
98,98,"Agent 2",1,1321563,1321563,2048,10,"__amd_rocclr_fillBufferAligned",256,0,0,8,0,48,"TCC_MISS",376.000000,222894628193338,222894628195018
99,99,"Agent 2",1,1321563,1321563,256,10,"__amd_rocclr_fillBufferAligned",256,0,0,8,0,48,"TCC_HIT",30.000000,222894628271300,222894628272540
99,99,"Agent 2",1,1321563,1321563,256,10,"__amd_rocclr_fillBufferAligned",256,0,0,8,0,48,"TCC_MISS",31.000000,222894628271300,222894628272540
100,100,"Agent 2",1,1321563,1321563,2048,10,"__amd_rocclr_fillBufferAligned",256,0,0,8,0,48,"TCC_HIT",368.000000,222894628350101,222894628351861
100,100,"Agent 2",1,1321563,1321563,2048,10,"__amd_rocclr_fillBufferAligned",256,0,0,8,0,48,"TCC_MISS",376.000000,222894628350101,222894628351861
101,101,"Agent 2",1,1321563,1321563,256,10,"__amd_rocclr_fillBufferAligned",256,0,0,8,0,48,"TCC_HIT",30.000000,222894628431943,222894628433143
101,101,"Agent 2",1,1321563,1321563,256,10,"__amd_rocclr_fillBufferAligned",256,0,0,8,0,48,"TCC_MISS",31.000000,222894628431943,222894628433143
102,102,"Agent 2",1,1321563,1321563,2048,10,"__amd_rocclr_fillBufferAligned",256,0,0,8,0,48,"TCC_HIT",368.000000,222894628510904,222894628512624
102,102,"Agent 2",1,1321563,1321563,2048,10,"__amd_rocclr_fillBufferAligned",256,0,0,8,0,48,"TCC_MISS",376.000000,222894628510904,222894628512624
103,103,"Agent 2",1,1321563,1321563,256,10,"__amd_rocclr_fillBufferAligned",256,0,0,8,0,48,"TCC_HIT",30.000000,222894628589826,222894628591066
103,103,"Agent 2",1,1321563,1321563,256,10,"__amd_rocclr_fillBufferAligned",256,0,0,8,0,48,"TCC_MISS",31.000000,222894628589826,222894628591066
104,104,"Agent 2",1,1321563,1321563,2048,10,"__amd_rocclr_fillBufferAligned",256,0,0,8,0,48,"TCC_HIT",368.000000,222894628669547,222894628671267
104,104,"Agent 2",1,1321563,1321563,2048,10,"__amd_rocclr_fillBufferAligned",256,0,0,8,0,48,"TCC_MISS",376.000000,222894628669547,222894628671267
105,105,"Agent 2",1,1321563,1321563,256,10,"__amd_rocclr_fillBufferAligned",256,0,0,8,0,48,"TCC_HIT",30.000000,222894628745749,222894628746949
105,105,"Agent 2",1,1321563,1321563,256,10,"__amd_rocclr_fillBufferAligned",256,0,0,8,0,48,"TCC_MISS",31.000000,222894628745749,222894628746949
106,106,"Agent 2",1,1321563,1321563,2048,10,"__amd_rocclr_fillBufferAligned",256,0,0,8,0,48,"TCC_HIT",368.000000,222894628824510,222894628826190
106,106,"Agent 2",1,1321563,1321563,2048,10,"__amd_rocclr_fillBufferAligned",256,0,0,8,0,48,"TCC_MISS",376.000000,222894628824510,222894628826190
107,107,"Agent 2",1,1321563,1321563,256,10,"__amd_rocclr_fillBufferAligned",256,0,0,8,0,48,"TCC_HIT",30.000000,222894628906071,222894628907431
107,107,"Agent 2",1,1321563,1321563,256,10,"__amd_rocclr_fillBufferAligned",256,0,0,8,0,48,"TCC_MISS",31.000000,222894628906071,222894628907431
108,108,"Agent 2",1,1321563,1321563,2048,10,"__amd_rocclr_fillBufferAligned",256,0,0,8,0,48,"TCC_HIT",368.000000,222894628986953,222894628988753
108,108,"Agent 2",1,1321563,1321563,2048,10,"__amd_rocclr_fillBufferAligned",256,0,0,8,0,48,"TCC_MISS",376.000000,222894628986953,222894628988753
109,109,"Agent 2",1,1321563,1321563,256,10,"__amd_rocclr_fillBufferAligned",256,0,0,8,0,48,"TCC_HIT",30.000000,222894629065474,222894629066834
109,109,"Agent 2",1,1321563,1321563,256,10,"__amd_rocclr_fillBufferAligned",256,0,0,8,0,48,"TCC_MISS",31.000000,222894629065474,222894629066834
110,110,"Agent 2",1,1321563,1321563,2048,10,"__amd_rocclr_fillBufferAligned",256,0,0,8,0,48,"TCC_HIT",368.000000,222894629148756,222894629150556
110,110,"Agent 2",1,1321563,1321563,2048,10,"__amd_rocclr_fillBufferAligned",256,0,0,8,0,48,"TCC_MISS",376.000000,222894629148756,222894629150556
111,111,"Agent 2",1,1321563,1321563,256,10,"__amd_rocclr_fillBufferAligned",256,0,0,8,0,48,"TCC_HIT",30.000000,222894629225477,222894629226837
111,111,"Agent 2",1,1321563,1321563,256,10,"__amd_rocclr_fillBufferAligned",256,0,0,8,0,48,"TCC_MISS",31.000000,222894629225477,222894629226837
112,112,"Agent 2",1,1321563,1321563,2048,10,"__amd_rocclr_fillBufferAligned",256,0,0,8,0,48,"TCC_HIT",368.000000,222894629304239,222894629306079
112,112,"Agent 2",1,1321563,1321563,2048,10,"__amd_rocclr_fillBufferAligned",256,0,0,8,0,48,"TCC_MISS",376.000000,222894629304239,222894629306079
113,113,"Agent 2",1,1321563,1321563,256,10,"__amd_rocclr_fillBufferAligned",256,0,0,8,0,48,"TCC_HIT",30.000000,222894629380440,222894629381800
113,113,"Agent 2",1,1321563,1321563,256,10,"__amd_rocclr_fillBufferAligned",256,0,0,8,0,48,"TCC_MISS",31.000000,222894629380440,222894629381800
114,114,"Agent 2",1,1321563,1321563,2048,10,"__amd_rocclr_fillBufferAligned",256,0,0,8,0,48,"TCC_HIT",368.000000,222894629458682,222894629460482
114,114,"Agent 2",1,1321563,1321563,2048,10,"__amd_rocclr_fillBufferAligned",256,0,0,8,0,48,"TCC_MISS",376.000000,222894629458682,222894629460482
115,115,"Agent 2",1,1321563,1321563,256,10,"__amd_rocclr_fillBufferAligned",256,0,0,8,0,48,"TCC_HIT",30.000000,222894629536803,222894629538043
115,115,"Agent 2",1,1321563,1321563,256,10,"__amd_rocclr_fillBufferAligned",256,0,0,8,0,48,"TCC_MISS",31.000000,222894629536803,222894629538043
116,116,"Agent 2",1,1321563,1321563,2048,10,"__amd_rocclr_fillBufferAligned",256,0,0,8,0,48,"TCC_HIT",368.000000,222894629612404,222894629614164
116,116,"Agent 2",1,1321563,1321563,2048,10,"__amd_rocclr_fillBufferAligned",256,0,0,8,0,48,"TCC_MISS",376.000000,222894629612404,222894629614164
117,117,"Agent 2",1,1321563,1321563,256,10,"__amd_rocclr_fillBufferAligned",256,0,0,8,0,48,"TCC_HIT",30.000000,222894629688886,222894629690166
117,117,"Agent 2",1,1321563,1321563,256,10,"__amd_rocclr_fillBufferAligned",256,0,0,8,0,48,"TCC_MISS",31.000000,222894629688886,222894629690166
118,118,"Agent 2",1,1321563,1321563,2048,10,"__amd_rocclr_fillBufferAligned",256,0,0,8,0,48,"TCC_HIT",368.000000,222894629765807,222894629767687
118,118,"Agent 2",1,1321563,1321563,2048,10,"__amd_rocclr_fillBufferAligned",256,0,0,8,0,48,"TCC_MISS",376.000000,222894629765807,222894629767687
119,119,"Agent 2",1,1321563,1321563,256,10,"__amd_rocclr_fillBufferAligned",256,0,0,8,0,48,"TCC_HIT",30.000000,222894629844569,222894629845849
119,119,"Agent 2",1,1321563,1321563,256,10,"__amd_rocclr_fillBufferAligned",256,0,0,8,0,48,"TCC_MISS",31.000000,222894629844569,222894629845849
120,120,"Agent 2",1,1321563,1321563,2048,10,"__amd_rocclr_fillBufferAligned",256,0,0,8,0,48,"TCC_HIT",368.000000,222894629925850,222894629927650
120,120,"Agent 2",1,1321563,1321563,2048,10,"__amd_rocclr_fillBufferAligned",256,0,0,8,0,48,"TCC_MISS",376.000000,222894629925850,222894629927650
121,121,"Agent 2",1,1321563,1321563,256,10,"__amd_rocclr_fillBufferAligned",256,0,0,8,0,48,"TCC_HIT",30.000000,222894630006212,222894630007452
121,121,"Agent 2",1,1321563,1321563,256,10,"__amd_rocclr_fillBufferAligned",256,0,0,8,0,48,"TCC_MISS",31.000000,222894630006212,222894630007452
122,122,"Agent 2",1,1321563,1321563,2048,10,"__amd_rocclr_fillBufferAligned",256,0,0,8,0,48,"TCC_HIT",368.000000,222894630085093,222894630087013
122,122,"Agent 2",1,1321563,1321563,2048,10,"__amd_rocclr_fillBufferAligned",256,0,0,8,0,48,"TCC_MISS",376.000000,222894630085093,222894630087013
123,123,"Agent 2",1,1321563,1321563,256,10,"__amd_rocclr_fillBufferAligned",256,0,0,8,0,48,"TCC_HIT",30.000000,222894630160974,222894630162174
123,123,"Agent 2",1,1321563,1321563,256,10,"__amd_rocclr_fillBufferAligned",256,0,0,8,0,48,"TCC_MISS",31.000000,222894630160974,222894630162174
124,124,"Agent 2",1,1321563,1321563,2048,10,"__amd_rocclr_fillBufferAligned",256,0,0,8,0,48,"TCC_HIT",368.000000,222894630240336,222894630242336
124,124,"Agent 2",1,1321563,1321563,2048,10,"__amd_rocclr_fillBufferAligned",256,0,0,8,0,48,"TCC_MISS",376.000000,222894630240336,222894630242336
125,125,"Agent 2",1,1321563,1321563,256,10,"__amd_rocclr_fillBufferAligned",256,0,0,8,0,48,"TCC_HIT",30.000000,222894630318057,222894630319297
125,125,"Agent 2",1,1321563,1321563,256,10,"__amd_rocclr_fillBufferAligned",256,0,0,8,0,48,"TCC_MISS",31.000000,222894630318057,222894630319297
126,126,"Agent 2",1,1321563,1321563,2048,10,"__amd_rocclr_fillBufferAligned",256,0,0,8,0,48,"TCC_HIT",368.000000,222894630398059,222894630399939
126,126,"Agent 2",1,1321563,1321563,2048,10,"__amd_rocclr_fillBufferAligned",256,0,0,8,0,48,"TCC_MISS",376.000000,222894630398059,222894630399939
127,127,"Agent 2",1,1321563,1321563,256,10,"__amd_rocclr_fillBufferAligned",256,0,0,8,0,48,"TCC_HIT",30.000000,222894630479020,222894630480260
127,127,"Agent 2",1,1321563,1321563,256,10,"__amd_rocclr_fillBufferAligned",256,0,0,8,0,48,"TCC_MISS",31.000000,222894630479020,222894630480260
128,128,"Agent 2",1,1321563,1321563,2048,10,"__amd_rocclr_fillBufferAligned",256,0,0,8,0,48,"TCC_HIT",368.000000,222894630558422,222894630560262
128,128,"Agent 2",1,1321563,1321563,2048,10,"__amd_rocclr_fillBufferAligned",256,0,0,8,0,48,"TCC_MISS",376.000000,222894630558422,222894630560262
129,129,"Agent 2",1,1321563,1321563,256,10,"__amd_rocclr_fillBufferAligned",256,0,0,8,0,48,"TCC_HIT",30.000000,222894630634543,222894630635783
129,129,"Agent 2",1,1321563,1321563,256,10,"__amd_rocclr_fillBufferAligned",256,0,0,8,0,48,"TCC_MISS",31.000000,222894630634543,222894630635783
130,130,"Agent 2",1,1321563,1321563,2048,10,"__amd_rocclr_fillBufferAligned",256,0,0,8,0,48,"TCC_HIT",368.000000,222894630712544,222894630714464
130,130,"Agent 2",1,1321563,1321563,2048,10,"__amd_rocclr_fillBufferAligned",256,0,0,8,0,48,"TCC_MISS",376.000000,222894630712544,222894630714464
131,131,"Agent 2",1,1321563,1321563,256,10,"__amd_rocclr_fillBufferAligned",256,0,0,8,0,48,"TCC_HIT",30.000000,222894630789786,222894630791146
131,131,"Agent 2",1,1321563,1321563,256,10,"__amd_rocclr_fillBufferAligned",256,0,0,8,0,48,"TCC_MISS",31.000000,222894630789786,222894630791146
132,132,"Agent 2",1,1321563,1321563,2048,10,"__amd_rocclr_fillBufferAligned",256,0,0,8,0,48,"TCC_HIT",368.000000,222894630871507,222894630873467
132,132,"Agent 2",1,1321563,1321563,2048,10,"__amd_rocclr_fillBufferAligned",256,0,0,8,0,48,"TCC_MISS",376.000000,222894630871507,222894630873467
133,133,"Agent 2",1,1321563,1321563,256,10,"__amd_rocclr_fillBufferAligned",256,0,0,8,0,48,"TCC_HIT",30.000000,222894630947989,222894630949309
133,133,"Agent 2",1,1321563,1321563,256,10,"__amd_rocclr_fillBufferAligned",256,0,0,8,0,48,"TCC_MISS",31.000000,222894630947989,222894630949309
134,134,"Agent 2",1,1321563,1321563,2048,10,"__amd_rocclr_fillBufferAligned",256,0,0,8,0,48,"TCC_HIT",368.000000,222894631023670,222894631025630
134,134,"Agent 2",1,1321563,1321563,2048,10,"__amd_rocclr_fillBufferAligned",256,0,0,8,0,48,"TCC_MISS",376.000000,222894631023670,222894631025630
135,135,"Agent 2",1,1321563,1321563,256,10,"__amd_rocclr_fillBufferAligned",256,0,0,8,0,48,"TCC_HIT",30.000000,222894631103672,222894631104992
135,135,"Agent 2",1,1321563,1321563,256,10,"__amd_rocclr_fillBufferAligned",256,0,0,8,0,48,"TCC_MISS",31.000000,222894631103672,222894631104992
136,136,"Agent 2",1,1321563,1321563,2048,10,"__amd_rocclr_fillBufferAligned",256,0,0,8,0,48,"TCC_HIT",368.000000,222894631183793,222894631185793
136,136,"Agent 2",1,1321563,1321563,2048,10,"__amd_rocclr_fillBufferAligned",256,0,0,8,0,48,"TCC_MISS",376.000000,222894631183793,222894631185793
137,137,"Agent 2",1,1321563,1321563,256,10,"__amd_rocclr_fillBufferAligned",256,0,0,8,0,48,"TCC_HIT",30.000000,222894631263674,222894631265074
137,137,"Agent 2",1,1321563,1321563,256,10,"__amd_rocclr_fillBufferAligned",256,0,0,8,0,48,"TCC_MISS",31.000000,222894631263674,222894631265074
138,138,"Agent 2",1,1321563,1321563,2048,10,"__amd_rocclr_fillBufferAligned",256,0,0,8,0,48,"TCC_HIT",368.000000,222894631341356,222894631343116
138,138,"Agent 2",1,1321563,1321563,2048,10,"__amd_rocclr_fillBufferAligned",256,0,0,8,0,48,"TCC_MISS",376.000000,222894631341356,222894631343116
139,139,"Agent 2",1,1321563,1321563,256,10,"__amd_rocclr_fillBufferAligned",256,0,0,8,0,48,"TCC_HIT",30.000000,222894631422517,222894631423757
139,139,"Agent 2",1,1321563,1321563,256,10,"__amd_rocclr_fillBufferAligned",256,0,0,8,0,48,"TCC_MISS",31.000000,222894631422517,222894631423757
140,140,"Agent 2",1,1321563,1321563,2048,10,"__amd_rocclr_fillBufferAligned",256,0,0,8,0,48,"TCC_HIT",368.000000,222894631501399,222894631503239
140,140,"Agent 2",1,1321563,1321563,2048,10,"__amd_rocclr_fillBufferAligned",256,0,0,8,0,48,"TCC_MISS",376.000000,222894631501399,222894631503239
141,141,"Agent 2",1,1321563,1321563,256,10,"__amd_rocclr_fillBufferAligned",256,0,0,8,0,48,"TCC_HIT",30.000000,222894631578480,222894631579720
141,141,"Agent 2",1,1321563,1321563,256,10,"__amd_rocclr_fillBufferAligned",256,0,0,8,0,48,"TCC_MISS",31.000000,222894631578480,222894631579720
142,142,"Agent 2",1,1321563,1321563,2048,10,"__amd_rocclr_fillBufferAligned",256,0,0,8,0,48,"TCC_HIT",368.000000,222894631657482,222894631659202
142,142,"Agent 2",1,1321563,1321563,2048,10,"__amd_rocclr_fillBufferAligned",256,0,0,8,0,48,"TCC_MISS",376.000000,222894631657482,222894631659202
143,143,"Agent 2",1,1321563,1321563,256,10,"__amd_rocclr_fillBufferAligned",256,0,0,8,0,48,"TCC_HIT",30.000000,222894631738723,222894631739883
143,143,"Agent 2",1,1321563,1321563,256,10,"__amd_rocclr_fillBufferAligned",256,0,0,8,0,48,"TCC_MISS",31.000000,222894631738723,222894631739883
144,144,"Agent 2",1,1321563,1321563,2048,10,"__amd_rocclr_fillBufferAligned",256,0,0,8,0,48,"TCC_HIT",368.000000,222894631816405,222894631818165
144,144,"Agent 2",1,1321563,1321563,2048,10,"__amd_rocclr_fillBufferAligned",256,0,0,8,0,48,"TCC_MISS",376.000000,222894631816405,222894631818165
145,145,"Agent 2",1,1321563,1321563,256,10,"__amd_rocclr_fillBufferAligned",256,0,0,8,0,48,"TCC_HIT",30.000000,222894631894446,222894631895686
145,145,"Agent 2",1,1321563,1321563,256,10,"__amd_rocclr_fillBufferAligned",256,0,0,8,0,48,"TCC_MISS",31.000000,222894631894446,222894631895686
146,146,"Agent 2",1,1321563,1321563,2048,10,"__amd_rocclr_fillBufferAligned",256,0,0,8,0,48,"TCC_HIT",368.000000,222894631977968,222894631979688
146,146,"Agent 2",1,1321563,1321563,2048,10,"__amd_rocclr_fillBufferAligned",256,0,0,8,0,48,"TCC_MISS",376.000000,222894631977968,222894631979688
147,147,"Agent 2",1,1321563,1321563,256,10,"__amd_rocclr_fillBufferAligned",256,0,0,8,0,48,"TCC_HIT",30.000000,222894632062529,222894632063889
147,147,"Agent 2",1,1321563,1321563,256,10,"__amd_rocclr_fillBufferAligned",256,0,0,8,0,48,"TCC_MISS",31.000000,222894632062529,222894632063889
148,148,"Agent 2",1,1321563,1321563,2048,10,"__amd_rocclr_fillBufferAligned",256,0,0,8,0,48,"TCC_HIT",368.000000,222894632145931,222894632147811
148,148,"Agent 2",1,1321563,1321563,2048,10,"__amd_rocclr_fillBufferAligned",256,0,0,8,0,48,"TCC_MISS",376.000000,222894632145931,222894632147811
149,149,"Agent 2",1,1321563,1321563,256,10,"__amd_rocclr_fillBufferAligned",256,0,0,8,0,48,"TCC_HIT",30.000000,222894632228452,222894632229772
149,149,"Agent 2",1,1321563,1321563,256,10,"__amd_rocclr_fillBufferAligned",256,0,0,8,0,48,"TCC_MISS",31.000000,222894632228452,222894632229772
150,150,"Agent 2",1,1321563,1321563,2048,10,"__amd_rocclr_fillBufferAligned",256,0,0,8,0,48,"TCC_HIT",368.000000,222894632304613,222894632306414
150,150,"Agent 2",1,1321563,1321563,2048,10,"__amd_rocclr_fillBufferAligned",256,0,0,8,0,48,"TCC_MISS",376.000000,222894632304613,222894632306414
151,151,"Agent 2",1,1321563,1321563,256,10,"__amd_rocclr_fillBufferAligned",256,0,0,8,0,48,"TCC_HIT",30.000000,222894632384215,222894632385575
151,151,"Agent 2",1,1321563,1321563,256,10,"__amd_rocclr_fillBufferAligned",256,0,0,8,0,48,"TCC_MISS",31.000000,222894632384215,222894632385575
152,152,"Agent 2",1,1321563,1321563,2048,10,"__amd_rocclr_fillBufferAligned",256,0,0,8,0,48,"TCC_HIT",368.000000,222894632463656,222894632465416
152,152,"Agent 2",1,1321563,1321563,2048,10,"__amd_rocclr_fillBufferAligned",256,0,0,8,0,48,"TCC_MISS",376.000000,222894632463656,222894632465416
153,153,"Agent 2",1,1321563,1321563,256,10,"__amd_rocclr_fillBufferAligned",256,0,0,8,0,48,"TCC_HIT",30.000000,222894632544058,222894632545378
153,153,"Agent 2",1,1321563,1321563,256,10,"__amd_rocclr_fillBufferAligned",256,0,0,8,0,48,"TCC_MISS",31.000000,222894632544058,222894632545378
154,154,"Agent 2",1,1321563,1321563,2048,10,"__amd_rocclr_fillBufferAligned",256,0,0,8,0,48,"TCC_HIT",368.000000,222894632625139,222894632626899
154,154,"Agent 2",1,1321563,1321563,2048,10,"__amd_rocclr_fillBufferAligned",256,0,0,8,0,48,"TCC_MISS",376.000000,222894632625139,222894632626899
155,155,"Agent 2",1,1321563,1321563,256,10,"__amd_rocclr_fillBufferAligned",256,0,0,8,0,48,"TCC_HIT",30.000000,222894632703861,222894632705101
155,155,"Agent 2",1,1321563,1321563,256,10,"__amd_rocclr_fillBufferAligned",256,0,0,8,0,48,"TCC_MISS",31.000000,222894632703861,222894632705101
156,156,"Agent 2",1,1321563,1321563,2048,10,"__amd_rocclr_fillBufferAligned",256,0,0,8,0,48,"TCC_HIT",368.000000,222894632782542,222894632784502
156,156,"Agent 2",1,1321563,1321563,2048,10,"__amd_rocclr_fillBufferAligned",256,0,0,8,0,48,"TCC_MISS",376.000000,222894632782542,222894632784502
157,157,"Agent 2",1,1321563,1321563,256,10,"__amd_rocclr_fillBufferAligned",256,0,0,8,0,48,"TCC_HIT",30.000000,222894632863984,222894632865224
157,157,"Agent 2",1,1321563,1321563,256,10,"__amd_rocclr_fillBufferAligned",256,0,0,8,0,48,"TCC_MISS",31.000000,222894632863984,222894632865224
158,158,"Agent 2",1,1321563,1321563,2048,10,"__amd_rocclr_fillBufferAligned",256,0,0,8,0,48,"TCC_HIT",368.000000,222894632945465,222894632947265
158,158,"Agent 2",1,1321563,1321563,2048,10,"__amd_rocclr_fillBufferAligned",256,0,0,8,0,48,"TCC_MISS",376.000000,222894632945465,222894632947265
159,159,"Agent 2",1,1321563,1321563,256,10,"__amd_rocclr_fillBufferAligned",256,0,0,8,0,48,"TCC_HIT",30.000000,222894633023507,222894633024747
159,159,"Agent 2",1,1321563,1321563,256,10,"__amd_rocclr_fillBufferAligned",256,0,0,8,0,48,"TCC_MISS",31.000000,222894633023507,222894633024747
160,160,"Agent 2",1,1321563,1321563,2048,10,"__amd_rocclr_fillBufferAligned",256,0,0,8,0,48,"TCC_HIT",368.000000,222894633106788,222894633108548
160,160,"Agent 2",1,1321563,1321563,2048,10,"__amd_rocclr_fillBufferAligned",256,0,0,8,0,48,"TCC_MISS",376.000000,222894633106788,222894633108548
161,161,"Agent 2",1,1321563,1321563,256,10,"__amd_rocclr_fillBufferAligned",256,0,0,8,0,48,"TCC_HIT",30.000000,222894633184430,222894633185670
161,161,"Agent 2",1,1321563,1321563,256,10,"__amd_rocclr_fillBufferAligned",256,0,0,8,0,48,"TCC_MISS",31.000000,222894633184430,222894633185670
162,162,"Agent 2",1,1321563,1321563,2048,10,"__amd_rocclr_fillBufferAligned",256,0,0,8,0,48,"TCC_HIT",368.000000,222894633264111,222894633265791
162,162,"Agent 2",1,1321563,1321563,2048,10,"__amd_rocclr_fillBufferAligned",256,0,0,8,0,48,"TCC_MISS",376.000000,222894633264111,222894633265791
163,163,"Agent 2",1,1321563,1321563,256,10,"__amd_rocclr_fillBufferAligned",256,0,0,8,0,48,"TCC_HIT",30.000000,222894633343192,222894633344592
163,163,"Agent 2",1,1321563,1321563,256,10,"__amd_rocclr_fillBufferAligned",256,0,0,8,0,48,"TCC_MISS",31.000000,222894633343192,222894633344592
164,164,"Agent 2",1,1321563,1321563,2048,10,"__amd_rocclr_fillBufferAligned",256,0,0,8,0,48,"TCC_HIT",368.000000,222894633422554,222894633424354
164,164,"Agent 2",1,1321563,1321563,2048,10,"__amd_rocclr_fillBufferAligned",256,0,0,8,0,48,"TCC_MISS",376.000000,222894633422554,222894633424354
165,165,"Agent 2",1,1321563,1321563,256,10,"__amd_rocclr_fillBufferAligned",256,0,0,8,0,48,"TCC_HIT",30.000000,222894633501835,222894633503195
165,165,"Agent 2",1,1321563,1321563,256,10,"__amd_rocclr_fillBufferAligned",256,0,0,8,0,48,"TCC_MISS",31.000000,222894633501835,222894633503195
166,166,"Agent 2",1,1321563,1321563,2048,10,"__amd_rocclr_fillBufferAligned",256,0,0,8,0,48,"TCC_HIT",368.000000,222894633579837,222894633581597
166,166,"Agent 2",1,1321563,1321563,2048,10,"__amd_rocclr_fillBufferAligned",256,0,0,8,0,48,"TCC_MISS",376.000000,222894633579837,222894633581597
167,167,"Agent 2",1,1321563,1321563,256,10,"__amd_rocclr_fillBufferAligned",256,0,0,8,0,48,"TCC_HIT",30.000000,222894633656718,222894633658078
167,167,"Agent 2",1,1321563,1321563,256,10,"__amd_rocclr_fillBufferAligned",256,0,0,8,0,48,"TCC_MISS",31.000000,222894633656718,222894633658078
168,168,"Agent 2",1,1321563,1321563,2048,10,"__amd_rocclr_fillBufferAligned",256,0,0,8,0,48,"TCC_HIT",368.000000,222894633733640,222894633735480
168,168,"Agent 2",1,1321563,1321563,2048,10,"__amd_rocclr_fillBufferAligned",256,0,0,8,0,48,"TCC_MISS",376.000000,222894633733640,222894633735480
169,169,"Agent 2",1,1321563,1321563,256,10,"__amd_rocclr_fillBufferAligned",256,0,0,8,0,48,"TCC_HIT",30.000000,222894633810481,222894633811841
169,169,"Agent 2",1,1321563,1321563,256,10,"__amd_rocclr_fillBufferAligned",256,0,0,8,0,48,"TCC_MISS",31.000000,222894633810481,222894633811841
170,170,"Agent 2",1,1321563,1321563,2048,10,"__amd_rocclr_fillBufferAligned",256,0,0,8,0,48,"TCC_HIT",368.000000,222894633890802,222894633892642
170,170,"Agent 2",1,1321563,1321563,2048,10,"__amd_rocclr_fillBufferAligned",256,0,0,8,0,48,"TCC_MISS",376.000000,222894633890802,222894633892642
171,171,"Agent 2",1,1321563,1321563,256,10,"__amd_rocclr_fillBufferAligned",256,0,0,8,0,48,"TCC_HIT",30.000000,222894633973524,222894633974764
171,171,"Agent 2",1,1321563,1321563,256,10,"__amd_rocclr_fillBufferAligned",256,0,0,8,0,48,"TCC_MISS",31.000000,222894633973524,222894633974764
172,172,"Agent 2",1,1321563,1321563,2048,10,"__amd_rocclr_fillBufferAligned",256,0,0,8,0,48,"TCC_HIT",368.000000,222894634053725,222894634055645
172,172,"Agent 2",1,1321563,1321563,2048,10,"__amd_rocclr_fillBufferAligned",256,0,0,8,0,48,"TCC_MISS",376.000000,222894634053725,222894634055645
173,173,"Agent 2",1,1321563,1321563,256,10,"__amd_rocclr_fillBufferAligned",256,0,0,8,0,48,"TCC_HIT",30.000000,222894634133287,222894634134527
173,173,"Agent 2",1,1321563,1321563,256,10,"__amd_rocclr_fillBufferAligned",256,0,0,8,0,48,"TCC_MISS",31.000000,222894634133287,222894634134527
174,174,"Agent 2",1,1321563,1321563,2048,10,"__amd_rocclr_fillBufferAligned",256,0,0,8,0,48,"TCC_HIT",368.000000,222894634210568,222894634212288
174,174,"Agent 2",1,1321563,1321563,2048,10,"__amd_rocclr_fillBufferAligned",256,0,0,8,0,48,"TCC_MISS",376.000000,222894634210568,222894634212288
175,175,"Agent 2",1,1321563,1321563,256,10,"__amd_rocclr_fillBufferAligned",256,0,0,8,0,48,"TCC_HIT",30.000000,222894634288930,222894634290170
175,175,"Agent 2",1,1321563,1321563,256,10,"__amd_rocclr_fillBufferAligned",256,0,0,8,0,48,"TCC_MISS",31.000000,222894634288930,222894634290170
176,176,"Agent 2",1,1321563,1321563,2048,10,"__amd_rocclr_fillBufferAligned",256,0,0,8,0,48,"TCC_HIT",368.000000,222894634369171,222894634370971
176,176,"Agent 2",1,1321563,1321563,2048,10,"__amd_rocclr_fillBufferAligned",256,0,0,8,0,48,"TCC_MISS",376.000000,222894634369171,222894634370971
177,177,"Agent 2",1,1321563,1321563,256,10,"__amd_rocclr_fillBufferAligned",256,0,0,8,0,48,"TCC_HIT",30.000000,222894634446853,222894634448093
177,177,"Agent 2",1,1321563,1321563,256,10,"__amd_rocclr_fillBufferAligned",256,0,0,8,0,48,"TCC_MISS",31.000000,222894634446853,222894634448093
178,178,"Agent 2",1,1321563,1321563,2048,10,"__amd_rocclr_fillBufferAligned",256,0,0,8,0,48,"TCC_HIT",368.000000,222894634530374,222894634532134
178,178,"Agent 2",1,1321563,1321563,2048,10,"__amd_rocclr_fillBufferAligned",256,0,0,8,0,48,"TCC_MISS",376.000000,222894634530374,222894634532134
179,179,"Agent 2",1,1321563,1321563,256,10,"__amd_rocclr_fillBufferAligned",256,0,0,8,0,48,"TCC_HIT",30.000000,222894634610856,222894634612216
179,179,"Agent 2",1,1321563,1321563,256,10,"__amd_rocclr_fillBufferAligned",256,0,0,8,0,48,"TCC_MISS",31.000000,222894634610856,222894634612216
180,180,"Agent 2",1,1321563,1321563,2048,10,"__amd_rocclr_fillBufferAligned",256,0,0,8,0,48,"TCC_HIT",368.000000,222894634690017,222894634691697
180,180,"Agent 2",1,1321563,1321563,2048,10,"__amd_rocclr_fillBufferAligned",256,0,0,8,0,48,"TCC_MISS",376.000000,222894634690017,222894634691697
181,181,"Agent 2",1,1321563,1321563,256,10,"__amd_rocclr_fillBufferAligned",256,0,0,8,0,48,"TCC_HIT",30.000000,222894634768458,222894634769778
181,181,"Agent 2",1,1321563,1321563,256,10,"__amd_rocclr_fillBufferAligned",256,0,0,8,0,48,"TCC_MISS",31.000000,222894634768458,222894634769778
182,182,"Agent 2",1,1321563,1321563,2048,10,"__amd_rocclr_fillBufferAligned",256,0,0,8,0,48,"TCC_HIT",368.000000,222894634848900,222894634850700
182,182,"Agent 2",1,1321563,1321563,2048,10,"__amd_rocclr_fillBufferAligned",256,0,0,8,0,48,"TCC_MISS",376.000000,222894634848900,222894634850700
183,183,"Agent 2",1,1321563,1321563,256,10,"__amd_rocclr_fillBufferAligned",256,0,0,8,0,48,"TCC_HIT",30.000000,222894634924821,222894634926181
183,183,"Agent 2",1,1321563,1321563,256,10,"__amd_rocclr_fillBufferAligned",256,0,0,8,0,48,"TCC_MISS",31.000000,222894634924821,222894634926181
184,184,"Agent 2",1,1321563,1321563,2048,10,"__amd_rocclr_fillBufferAligned",256,0,0,8,0,48,"TCC_HIT",368.000000,222894635006583,222894635008383
184,184,"Agent 2",1,1321563,1321563,2048,10,"__amd_rocclr_fillBufferAligned",256,0,0,8,0,48,"TCC_MISS",376.000000,222894635006583,222894635008383
185,185,"Agent 2",1,1321563,1321563,256,10,"__amd_rocclr_fillBufferAligned",256,0,0,8,0,48,"TCC_HIT",30.000000,222894635085264,222894635086664
185,185,"Agent 2",1,1321563,1321563,256,10,"__amd_rocclr_fillBufferAligned",256,0,0,8,0,48,"TCC_MISS",31.000000,222894635085264,222894635086664
186,186,"Agent 2",1,1321563,1321563,2048,10,"__amd_rocclr_fillBufferAligned",256,0,0,8,0,48,"TCC_HIT",368.000000,222894635167946,222894635169706
186,186,"Agent 2",1,1321563,1321563,2048,10,"__amd_rocclr_fillBufferAligned",256,0,0,8,0,48,"TCC_MISS",376.000000,222894635167946,222894635169706
187,187,"Agent 2",1,1321563,1321563,256,10,"__amd_rocclr_fillBufferAligned",256,0,0,8,0,48,"TCC_HIT",30.000000,222894635244707,222894635245947
187,187,"Agent 2",1,1321563,1321563,256,10,"__amd_rocclr_fillBufferAligned",256,0,0,8,0,48,"TCC_MISS",31.000000,222894635244707,222894635245947
188,188,"Agent 2",1,1321563,1321563,2048,10,"__amd_rocclr_fillBufferAligned",256,0,0,8,0,48,"TCC_HIT",368.000000,222894635325429,222894635327189
188,188,"Agent 2",1,1321563,1321563,2048,10,"__amd_rocclr_fillBufferAligned",256,0,0,8,0,48,"TCC_MISS",376.000000,222894635325429,222894635327189
189,189,"Agent 2",1,1321563,1321563,256,10,"__amd_rocclr_fillBufferAligned",256,0,0,8,0,48,"TCC_HIT",30.000000,222894635405550,222894635406750
189,189,"Agent 2",1,1321563,1321563,256,10,"__amd_rocclr_fillBufferAligned",256,0,0,8,0,48,"TCC_MISS",31.000000,222894635405550,222894635406750
190,190,"Agent 2",1,1321563,1321563,2048,10,"__amd_rocclr_fillBufferAligned",256,0,0,8,0,48,"TCC_HIT",368.000000,222894635484032,222894635485872
190,190,"Agent 2",1,1321563,1321563,2048,10,"__amd_rocclr_fillBufferAligned",256,0,0,8,0,48,"TCC_MISS",376.000000,222894635484032,222894635485872
191,191,"Agent 2",1,1321563,1321563,256,10,"__amd_rocclr_fillBufferAligned",256,0,0,8,0,48,"TCC_HIT",30.000000,222894635562953,222894635564193
191,191,"Agent 2",1,1321563,1321563,256,10,"__amd_rocclr_fillBufferAligned",256,0,0,8,0,48,"TCC_MISS",31.000000,222894635562953,222894635564193
192,192,"Agent 2",1,1321563,1321563,2048,10,"__amd_rocclr_fillBufferAligned",256,0,0,8,0,48,"TCC_HIT",368.000000,222894635641634,222894635643394
192,192,"Agent 2",1,1321563,1321563,2048,10,"__amd_rocclr_fillBufferAligned",256,0,0,8,0,48,"TCC_MISS",376.000000,222894635641634,222894635643394
193,193,"Agent 2",1,1321563,1321563,256,10,"__amd_rocclr_fillBufferAligned",256,0,0,8,0,48,"TCC_HIT",30.000000,222894635719076,222894635720276
193,193,"Agent 2",1,1321563,1321563,256,10,"__amd_rocclr_fillBufferAligned",256,0,0,8,0,48,"TCC_MISS",31.000000,222894635719076,222894635720276
194,194,"Agent 2",1,1321563,1321563,2048,10,"__amd_rocclr_fillBufferAligned",256,0,0,8,0,48,"TCC_HIT",368.000000,222894635795957,222894635797677
194,194,"Agent 2",1,1321563,1321563,2048,10,"__amd_rocclr_fillBufferAligned",256,0,0,8,0,48,"TCC_MISS",376.000000,222894635795957,222894635797677
195,195,"Agent 2",1,1321563,1321563,256,10,"__amd_rocclr_fillBufferAligned",256,0,0,8,0,48,"TCC_HIT",30.000000,222894635878439,222894635879799
195,195,"Agent 2",1,1321563,1321563,256,10,"__amd_rocclr_fillBufferAligned",256,0,0,8,0,48,"TCC_MISS",31.000000,222894635878439,222894635879799
196,196,"Agent 2",1,1321563,1321563,2048,10,"__amd_rocclr_fillBufferAligned",256,0,0,8,0,48,"TCC_HIT",368.000000,222894635954120,222894635955920
196,196,"Agent 2",1,1321563,1321563,2048,10,"__amd_rocclr_fillBufferAligned",256,0,0,8,0,48,"TCC_MISS",376.000000,222894635954120,222894635955920
197,197,"Agent 2",1,1321563,1321563,256,10,"__amd_rocclr_fillBufferAligned",256,0,0,8,0,48,"TCC_HIT",30.000000,222894636032802,222894636034162
197,197,"Agent 2",1,1321563,1321563,256,10,"__amd_rocclr_fillBufferAligned",256,0,0,8,0,48,"TCC_MISS",31.000000,222894636032802,222894636034162
198,198,"Agent 2",1,1321563,1321563,2048,10,"__amd_rocclr_fillBufferAligned",256,0,0,8,0,48,"TCC_HIT",368.000000,222894636112403,222894636114163
198,198,"Agent 2",1,1321563,1321563,2048,10,"__amd_rocclr_fillBufferAligned",256,0,0,8,0,48,"TCC_MISS",376.000000,222894636112403,222894636114163
199,199,"Agent 2",1,1321563,1321563,256,10,"__amd_rocclr_fillBufferAligned",256,0,0,8,0,48,"TCC_HIT",30.000000,222894636189044,222894636190324
199,199,"Agent 2",1,1321563,1321563,256,10,"__amd_rocclr_fillBufferAligned",256,0,0,8,0,48,"TCC_MISS",31.000000,222894636189044,222894636190324
200,200,"Agent 2",1,1321563,1321563,2048,10,"__amd_rocclr_fillBufferAligned",256,0,0,8,0,48,"TCC_HIT",368.000000,222894636268406,222894636270166
200,200,"Agent 2",1,1321563,1321563,2048,10,"__amd_rocclr_fillBufferAligned",256,0,0,8,0,48,"TCC_MISS",376.000000,222894636268406,222894636270166
201,201,"Agent 2",1,1321563,1321563,256,10,"__amd_rocclr_fillBufferAligned",256,0,0,8,0,48,"TCC_HIT",30.000000,222894636345567,222894636346927
201,201,"Agent 2",1,1321563,1321563,256,10,"__amd_rocclr_fillBufferAligned",256,0,0,8,0,48,"TCC_MISS",31.000000,222894636345567,222894636346927
202,202,"Agent 2",1,1321563,1321563,2048,10,"__amd_rocclr_fillBufferAligned",256,0,0,8,0,48,"TCC_HIT",368.000000,222894636426969,222894636428769
202,202,"Agent 2",1,1321563,1321563,2048,10,"__amd_rocclr_fillBufferAligned",256,0,0,8,0,48,"TCC_MISS",376.000000,222894636426969,222894636428769
203,203,"Agent 2",1,1321563,1321563,256,10,"__amd_rocclr_fillBufferAligned",256,0,0,8,0,48,"TCC_HIT",30.000000,222894636504410,222894636505650
203,203,"Agent 2",1,1321563,1321563,256,10,"__amd_rocclr_fillBufferAligned",256,0,0,8,0,48,"TCC_MISS",31.000000,222894636504410,222894636505650
204,204,"Agent 2",1,1321563,1321563,2048,10,"__amd_rocclr_fillBufferAligned",256,0,0,8,0,48,"TCC_HIT",368.000000,222894636586452,222894636588252
204,204,"Agent 2",1,1321563,1321563,2048,10,"__amd_rocclr_fillBufferAligned",256,0,0,8,0,48,"TCC_MISS",376.000000,222894636586452,222894636588252
205,205,"Agent 2",1,1321563,1321563,256,10,"__amd_rocclr_fillBufferAligned",256,0,0,8,0,48,"TCC_HIT",30.000000,222894636663973,222894636665213
205,205,"Agent 2",1,1321563,1321563,256,10,"__amd_rocclr_fillBufferAligned",256,0,0,8,0,48,"TCC_MISS",31.000000,222894636663973,222894636665213
206,206,"Agent 2",1,1321563,1321563,2048,10,"__amd_rocclr_fillBufferAligned",256,0,0,8,0,48,"TCC_HIT",368.000000,222894636746255,222894636748015
206,206,"Agent 2",1,1321563,1321563,2048,10,"__amd_rocclr_fillBufferAligned",256,0,0,8,0,48,"TCC_MISS",376.000000,222894636746255,222894636748015
207,207,"Agent 2",1,1321563,1321563,256,10,"__amd_rocclr_fillBufferAligned",256,0,0,8,0,48,"TCC_HIT",30.000000,222894636825296,222894636826536
207,207,"Agent 2",1,1321563,1321563,256,10,"__amd_rocclr_fillBufferAligned",256,0,0,8,0,48,"TCC_MISS",31.000000,222894636825296,222894636826536
208,208,"Agent 2",1,1321563,1321563,2048,10,"__amd_rocclr_fillBufferAligned",256,0,0,8,0,48,"TCC_HIT",368.000000,222894636908058,222894636909778
208,208,"Agent 2",1,1321563,1321563,2048,10,"__amd_rocclr_fillBufferAligned",256,0,0,8,0,48,"TCC_MISS",376.000000,222894636908058,222894636909778
209,209,"Agent 2",1,1321563,1321563,256,10,"__amd_rocclr_fillBufferAligned",256,0,0,8,0,48,"TCC_HIT",30.000000,222894636987619,222894636988859
209,209,"Agent 2",1,1321563,1321563,256,10,"__amd_rocclr_fillBufferAligned",256,0,0,8,0,48,"TCC_MISS",31.000000,222894636987619,222894636988859
210,210,"Agent 2",1,1321563,1321563,2048,10,"__amd_rocclr_fillBufferAligned",256,0,0,8,0,48,"TCC_HIT",368.000000,222894637064380,222894637066020
210,210,"Agent 2",1,1321563,1321563,2048,10,"__amd_rocclr_fillBufferAligned",256,0,0,8,0,48,"TCC_MISS",376.000000,222894637064380,222894637066020
211,211,"Agent 2",1,1321563,1321563,256,10,"__amd_rocclr_fillBufferAligned",256,0,0,8,0,48,"TCC_HIT",30.000000,222894637139702,222894637141062
211,211,"Agent 2",1,1321563,1321563,256,10,"__amd_rocclr_fillBufferAligned",256,0,0,8,0,48,"TCC_MISS",31.000000,222894637139702,222894637141062
212,212,"Agent 2",1,1321563,1321563,2048,10,"__amd_rocclr_fillBufferAligned",256,0,0,8,0,48,"TCC_HIT",368.000000,222894637218463,222894637220263
212,212,"Agent 2",1,1321563,1321563,2048,10,"__amd_rocclr_fillBufferAligned",256,0,0,8,0,48,"TCC_MISS",376.000000,222894637218463,222894637220263
213,213,"Agent 2",1,1321563,1321563,256,10,"__amd_rocclr_fillBufferAligned",256,0,0,8,0,48,"TCC_HIT",30.000000,222894637296705,222894637298065
213,213,"Agent 2",1,1321563,1321563,256,10,"__amd_rocclr_fillBufferAligned",256,0,0,8,0,48,"TCC_MISS",31.000000,222894637296705,222894637298065
214,214,"Agent 2",1,1321563,1321563,2048,10,"__amd_rocclr_fillBufferAligned",256,0,0,8,0,48,"TCC_HIT",368.000000,222894637374946,222894637376786
214,214,"Agent 2",1,1321563,1321563,2048,10,"__amd_rocclr_fillBufferAligned",256,0,0,8,0,48,"TCC_MISS",376.000000,222894637374946,222894637376786
215,215,"Agent 2",1,1321563,1321563,256,10,"__amd_rocclr_fillBufferAligned",256,0,0,8,0,48,"TCC_HIT",30.000000,222894637450187,222894637451507
215,215,"Agent 2",1,1321563,1321563,256,10,"__amd_rocclr_fillBufferAligned",256,0,0,8,0,48,"TCC_MISS",31.000000,222894637450187,222894637451507
216,216,"Agent 2",1,1321563,1321563,2048,10,"__amd_rocclr_fillBufferAligned",256,0,0,8,0,48,"TCC_HIT",368.000000,222894637529429,222894637531189
216,216,"Agent 2",1,1321563,1321563,2048,10,"__amd_rocclr_fillBufferAligned",256,0,0,8,0,48,"TCC_MISS",376.000000,222894637529429,222894637531189
217,217,"Agent 2",1,1321563,1321563,256,10,"__amd_rocclr_fillBufferAligned",256,0,0,8,0,48,"TCC_HIT",30.000000,222894637608670,222894637609990
217,217,"Agent 2",1,1321563,1321563,256,10,"__amd_rocclr_fillBufferAligned",256,0,0,8,0,48,"TCC_MISS",31.000000,222894637608670,222894637609990
218,218,"Agent 2",1,1321563,1321563,2048,10,"__amd_rocclr_fillBufferAligned",256,0,0,8,0,48,"TCC_HIT",368.000000,222894637687232,222894637688992
218,218,"Agent 2",1,1321563,1321563,2048,10,"__amd_rocclr_fillBufferAligned",256,0,0,8,0,48,"TCC_MISS",376.000000,222894637687232,222894637688992
219,219,"Agent 2",1,1321563,1321563,256,10,"__amd_rocclr_fillBufferAligned",256,0,0,8,0,48,"TCC_HIT",30.000000,222894637766553,222894637767833
219,219,"Agent 2",1,1321563,1321563,256,10,"__amd_rocclr_fillBufferAligned",256,0,0,8,0,48,"TCC_MISS",31.000000,222894637766553,222894637767833
220,220,"Agent 2",1,1321563,1321563,2048,10,"__amd_rocclr_fillBufferAligned",256,0,0,8,0,48,"TCC_HIT",368.000000,222894637849115,222894637850955
220,220,"Agent 2",1,1321563,1321563,2048,10,"__amd_rocclr_fillBufferAligned",256,0,0,8,0,48,"TCC_MISS",376.000000,222894637849115,222894637850955
221,221,"Agent 2",1,1321563,1321563,256,10,"__amd_rocclr_fillBufferAligned",256,0,0,8,0,48,"TCC_HIT",30.000000,222894637930036,222894637931276
221,221,"Agent 2",1,1321563,1321563,256,10,"__amd_rocclr_fillBufferAligned",256,0,0,8,0,48,"TCC_MISS",31.000000,222894637930036,222894637931276
222,222,"Agent 2",1,1321563,1321563,2048,10,"__amd_rocclr_fillBufferAligned",256,0,0,8,0,48,"TCC_HIT",368.000000,222894638009238,222894638011118
222,222,"Agent 2",1,1321563,1321563,2048,10,"__amd_rocclr_fillBufferAligned",256,0,0,8,0,48,"TCC_MISS",376.000000,222894638009238,222894638011118
223,223,"Agent 2",1,1321563,1321563,256,10,"__amd_rocclr_fillBufferAligned",256,0,0,8,0,48,"TCC_HIT",30.000000,222894638088079,222894638089319
223,223,"Agent 2",1,1321563,1321563,256,10,"__amd_rocclr_fillBufferAligned",256,0,0,8,0,48,"TCC_MISS",31.000000,222894638088079,222894638089319
224,224,"Agent 2",1,1321563,1321563,2048,10,"__amd_rocclr_fillBufferAligned",256,0,0,8,0,48,"TCC_HIT",368.000000,222894638166320,222894638168041
224,224,"Agent 2",1,1321563,1321563,2048,10,"__amd_rocclr_fillBufferAligned",256,0,0,8,0,48,"TCC_MISS",376.000000,222894638166320,222894638168041
225,225,"Agent 2",1,1321563,1321563,256,10,"__amd_rocclr_fillBufferAligned",256,0,0,8,0,48,"TCC_HIT",30.000000,222894638242522,222894638243762
225,225,"Agent 2",1,1321563,1321563,256,10,"__amd_rocclr_fillBufferAligned",256,0,0,8,0,48,"TCC_MISS",31.000000,222894638242522,222894638243762
226,226,"Agent 2",1,1321563,1321563,2048,10,"__amd_rocclr_fillBufferAligned",256,0,0,8,0,48,"TCC_HIT",368.000000,222894638328123,222894638329843
226,226,"Agent 2",1,1321563,1321563,2048,10,"__amd_rocclr_fillBufferAligned",256,0,0,8,0,48,"TCC_MISS",376.000000,222894638328123,222894638329843
227,227,"Agent 2",1,1321563,1321563,256,10,"__amd_rocclr_fillBufferAligned",256,0,0,8,0,48,"TCC_HIT",30.000000,222894638406005,222894638407325
227,227,"Agent 2",1,1321563,1321563,256,10,"__amd_rocclr_fillBufferAligned",256,0,0,8,0,48,"TCC_MISS",31.000000,222894638406005,222894638407325
228,228,"Agent 2",1,1321563,1321563,2048,10,"__amd_rocclr_fillBufferAligned",256,0,0,8,0,48,"TCC_HIT",368.000000,222894638487846,222894638489726
228,228,"Agent 2",1,1321563,1321563,2048,10,"__amd_rocclr_fillBufferAligned",256,0,0,8,0,48,"TCC_MISS",376.000000,222894638487846,222894638489726
229,229,"Agent 2",1,1321563,1321563,256,10,"__amd_rocclr_fillBufferAligned",256,0,0,8,0,48,"TCC_HIT",30.000000,222894638568528,222894638569888
229,229,"Agent 2",1,1321563,1321563,256,10,"__amd_rocclr_fillBufferAligned",256,0,0,8,0,48,"TCC_MISS",31.000000,222894638568528,222894638569888
230,230,"Agent 2",1,1321563,1321563,2048,10,"__amd_rocclr_fillBufferAligned",256,0,0,8,0,48,"TCC_HIT",368.000000,222894638646809,222894638648609
230,230,"Agent 2",1,1321563,1321563,2048,10,"__amd_rocclr_fillBufferAligned",256,0,0,8,0,48,"TCC_MISS",376.000000,222894638646809,222894638648609
231,231,"Agent 2",1,1321563,1321563,256,10,"__amd_rocclr_fillBufferAligned",256,0,0,8,0,48,"TCC_HIT",30.000000,222894638724651,222894638725891
231,231,"Agent 2",1,1321563,1321563,256,10,"__amd_rocclr_fillBufferAligned",256,0,0,8,0,48,"TCC_MISS",31.000000,222894638724651,222894638725891
232,232,"Agent 2",1,1321563,1321563,2048,10,"__amd_rocclr_fillBufferAligned",256,0,0,8,0,48,"TCC_HIT",368.000000,222894638801772,222894638803572
232,232,"Agent 2",1,1321563,1321563,2048,10,"__amd_rocclr_fillBufferAligned",256,0,0,8,0,48,"TCC_MISS",376.000000,222894638801772,222894638803572
233,233,"Agent 2",1,1321563,1321563,256,10,"__amd_rocclr_fillBufferAligned",256,0,0,8,0,48,"TCC_HIT",30.000000,222894638880414,222894638881814
233,233,"Agent 2",1,1321563,1321563,256,10,"__amd_rocclr_fillBufferAligned",256,0,0,8,0,48,"TCC_MISS",31.000000,222894638880414,222894638881814
234,234,"Agent 2",1,1321563,1321563,2048,10,"__amd_rocclr_fillBufferAligned",256,0,0,8,0,48,"TCC_HIT",368.000000,222894638959775,222894638961535
234,234,"Agent 2",1,1321563,1321563,2048,10,"__amd_rocclr_fillBufferAligned",256,0,0,8,0,48,"TCC_MISS",376.000000,222894638959775,222894638961535
235,235,"Agent 2",1,1321563,1321563,256,10,"__amd_rocclr_fillBufferAligned",256,0,0,8,0,48,"TCC_HIT",30.000000,222894639035096,222894639036376
235,235,"Agent 2",1,1321563,1321563,256,10,"__amd_rocclr_fillBufferAligned",256,0,0,8,0,48,"TCC_MISS",31.000000,222894639035096,222894639036376
236,236,"Agent 2",1,1321563,1321563,2048,10,"__amd_rocclr_fillBufferAligned",256,0,0,8,0,48,"TCC_HIT",368.000000,222894639113978,222894639115938
236,236,"Agent 2",1,1321563,1321563,2048,10,"__amd_rocclr_fillBufferAligned",256,0,0,8,0,48,"TCC_MISS",376.000000,222894639113978,222894639115938
237,237,"Agent 2",1,1321563,1321563,256,10,"__amd_rocclr_fillBufferAligned",256,0,0,8,0,48,"TCC_HIT",30.000000,222894639191659,222894639192899
237,237,"Agent 2",1,1321563,1321563,256,10,"__amd_rocclr_fillBufferAligned",256,0,0,8,0,48,"TCC_MISS",31.000000,222894639191659,222894639192899
238,238,"Agent 2",1,1321563,1321563,2048,10,"__amd_rocclr_fillBufferAligned",256,0,0,8,0,48,"TCC_HIT",368.000000,222894639270661,222894639272501
238,238,"Agent 2",1,1321563,1321563,2048,10,"__amd_rocclr_fillBufferAligned",256,0,0,8,0,48,"TCC_MISS",376.000000,222894639270661,222894639272501
239,239,"Agent 2",1,1321563,1321563,256,10,"__amd_rocclr_fillBufferAligned",256,0,0,8,0,48,"TCC_HIT",30.000000,222894639346542,222894639347742
239,239,"Agent 2",1,1321563,1321563,256,10,"__amd_rocclr_fillBufferAligned",256,0,0,8,0,48,"TCC_MISS",31.000000,222894639346542,222894639347742
240,240,"Agent 2",1,1321563,1321563,2048,10,"__amd_rocclr_fillBufferAligned",256,0,0,8,0,48,"TCC_HIT",368.000000,222894639430584,222894639432344
240,240,"Agent 2",1,1321563,1321563,2048,10,"__amd_rocclr_fillBufferAligned",256,0,0,8,0,48,"TCC_MISS",376.000000,222894639430584,222894639432344
241,241,"Agent 2",1,1321563,1321563,256,10,"__amd_rocclr_fillBufferAligned",256,0,0,8,0,48,"TCC_HIT",30.000000,222894639508745,222894639509945
241,241,"Agent 2",1,1321563,1321563,256,10,"__amd_rocclr_fillBufferAligned",256,0,0,8,0,48,"TCC_MISS",31.000000,222894639508745,222894639509945
242,242,"Agent 2",1,1321563,1321563,2048,10,"__amd_rocclr_fillBufferAligned",256,0,0,8,0,48,"TCC_HIT",368.000000,222894639585426,222894639587306
242,242,"Agent 2",1,1321563,1321563,2048,10,"__amd_rocclr_fillBufferAligned",256,0,0,8,0,48,"TCC_MISS",376.000000,222894639585426,222894639587306
243,243,"Agent 2",1,1321563,1321563,256,10,"__amd_rocclr_fillBufferAligned",256,0,0,8,0,48,"TCC_HIT",30.000000,222894639663148,222894639664388
243,243,"Agent 2",1,1321563,1321563,256,10,"__amd_rocclr_fillBufferAligned",256,0,0,8,0,48,"TCC_MISS",31.000000,222894639663148,222894639664388
244,244,"Agent 2",1,1321563,1321563,2048,10,"__amd_rocclr_fillBufferAligned",256,0,0,8,0,48,"TCC_HIT",368.000000,222894639741429,222894639743229
244,244,"Agent 2",1,1321563,1321563,2048,10,"__amd_rocclr_fillBufferAligned",256,0,0,8,0,48,"TCC_MISS",376.000000,222894639741429,222894639743229
245,245,"Agent 2",1,1321563,1321563,256,10,"__amd_rocclr_fillBufferAligned",256,0,0,8,0,48,"TCC_HIT",30.000000,222894639824191,222894639825431
245,245,"Agent 2",1,1321563,1321563,256,10,"__amd_rocclr_fillBufferAligned",256,0,0,8,0,48,"TCC_MISS",31.000000,222894639824191,222894639825431
246,246,"Agent 2",1,1321563,1321563,2048,10,"__amd_rocclr_fillBufferAligned",256,0,0,8,0,48,"TCC_HIT",368.000000,222894639902672,222894639904352
246,246,"Agent 2",1,1321563,1321563,2048,10,"__amd_rocclr_fillBufferAligned",256,0,0,8,0,48,"TCC_MISS",376.000000,222894639902672,222894639904352
247,247,"Agent 2",1,1321563,1321563,256,10,"__amd_rocclr_fillBufferAligned",256,0,0,8,0,48,"TCC_HIT",30.000000,222894639988514,222894639989754
247,247,"Agent 2",1,1321563,1321563,256,10,"__amd_rocclr_fillBufferAligned",256,0,0,8,0,48,"TCC_MISS",31.000000,222894639988514,222894639989754
248,248,"Agent 2",1,1321563,1321563,2048,10,"__amd_rocclr_fillBufferAligned",256,0,0,8,0,48,"TCC_HIT",368.000000,222894640075355,222894640077035
248,248,"Agent 2",1,1321563,1321563,2048,10,"__amd_rocclr_fillBufferAligned",256,0,0,8,0,48,"TCC_MISS",376.000000,222894640075355,222894640077035
249,249,"Agent 2",1,1321563,1321563,256,10,"__amd_rocclr_fillBufferAligned",256,0,0,8,0,48,"TCC_HIT",30.000000,222894640155477,222894640156717
249,249,"Agent 2",1,1321563,1321563,256,10,"__amd_rocclr_fillBufferAligned",256,0,0,8,0,48,"TCC_MISS",31.000000,222894640155477,222894640156717
250,250,"Agent 2",1,1321563,1321563,2048,10,"__amd_rocclr_fillBufferAligned",256,0,0,8,0,48,"TCC_HIT",368.000000,222894640235078,222894640236958
250,250,"Agent 2",1,1321563,1321563,2048,10,"__amd_rocclr_fillBufferAligned",256,0,0,8,0,48,"TCC_MISS",376.000000,222894640235078,222894640236958
251,251,"Agent 2",1,1321563,1321563,256,10,"__amd_rocclr_fillBufferAligned",256,0,0,8,0,48,"TCC_HIT",30.000000,222894640311160,222894640312520
251,251,"Agent 2",1,1321563,1321563,256,10,"__amd_rocclr_fillBufferAligned",256,0,0,8,0,48,"TCC_MISS",31.000000,222894640311160,222894640312520
252,252,"Agent 2",1,1321563,1321563,2048,10,"__amd_rocclr_fillBufferAligned",256,0,0,8,0,48,"TCC_HIT",368.000000,222894640389681,222894640391481
252,252,"Agent 2",1,1321563,1321563,2048,10,"__amd_rocclr_fillBufferAligned",256,0,0,8,0,48,"TCC_MISS",376.000000,222894640389681,222894640391481
253,253,"Agent 2",1,1321563,1321563,256,10,"__amd_rocclr_fillBufferAligned",256,0,0,8,0,48,"TCC_HIT",30.000000,222894640470043,222894640471363
253,253,"Agent 2",1,1321563,1321563,256,10,"__amd_rocclr_fillBufferAligned",256,0,0,8,0,48,"TCC_MISS",31.000000,222894640470043,222894640471363
254,254,"Agent 2",1,1321563,1321563,2048,10,"__amd_rocclr_fillBufferAligned",256,0,0,8,0,48,"TCC_HIT",368.000000,222894640549404,222894640551204
254,254,"Agent 2",1,1321563,1321563,2048,10,"__amd_rocclr_fillBufferAligned",256,0,0,8,0,48,"TCC_MISS",376.000000,222894640549404,222894640551204
255,255,"Agent 2",1,1321563,1321563,256,10,"__amd_rocclr_fillBufferAligned",256,0,0,8,0,48,"TCC_HIT",30.000000,222894640631445,222894640632806
255,255,"Agent 2",1,1321563,1321563,256,10,"__amd_rocclr_fillBufferAligned",256,0,0,8,0,48,"TCC_MISS",31.000000,222894640631445,222894640632806
256,256,"Agent 2",1,1321563,1321563,2048,10,"__amd_rocclr_fillBufferAligned",256,0,0,8,0,48,"TCC_HIT",368.000000,222894640713367,222894640715287
256,256,"Agent 2",1,1321563,1321563,2048,10,"__amd_rocclr_fillBufferAligned",256,0,0,8,0,48,"TCC_MISS",376.000000,222894640713367,222894640715287
257,257,"Agent 2",1,1321563,1321563,256,10,"__amd_rocclr_fillBufferAligned",256,0,0,8,0,48,"TCC_HIT",30.000000,222894640788848,222894640790168
257,257,"Agent 2",1,1321563,1321563,256,10,"__amd_rocclr_fillBufferAligned",256,0,0,8,0,48,"TCC_MISS",31.000000,222894640788848,222894640790168
258,258,"Agent 2",1,1321563,1321563,2048,10,"__amd_rocclr_fillBufferAligned",256,0,0,8,0,48,"TCC_HIT",368.000000,222894640870850,222894640872610
258,258,"Agent 2",1,1321563,1321563,2048,10,"__amd_rocclr_fillBufferAligned",256,0,0,8,0,48,"TCC_MISS",376.000000,222894640870850,222894640872610
259,259,"Agent 2",1,1321563,1321563,256,10,"__amd_rocclr_fillBufferAligned",256,0,0,8,0,48,"TCC_HIT",30.000000,222894640950611,222894640951811
259,259,"Agent 2",1,1321563,1321563,256,10,"__amd_rocclr_fillBufferAligned",256,0,0,8,0,48,"TCC_MISS",31.000000,222894640950611,222894640951811
260,260,"Agent 2",1,1321563,1321563,2048,10,"__amd_rocclr_fillBufferAligned",256,0,0,8,0,48,"TCC_HIT",368.000000,222894641063213,222894641064973
260,260,"Agent 2",1,1321563,1321563,2048,10,"__amd_rocclr_fillBufferAligned",256,0,0,8,0,48,"TCC_MISS",376.000000,222894641063213,222894641064973
261,261,"Agent 2",1,1321563,1321563,256,10,"__amd_rocclr_fillBufferAligned",256,0,0,8,0,48,"TCC_HIT",30.000000,222894641142695,222894641143975
261,261,"Agent 2",1,1321563,1321563,256,10,"__amd_rocclr_fillBufferAligned",256,0,0,8,0,48,"TCC_MISS",31.000000,222894641142695,222894641143975
262,262,"Agent 2",1,1321563,1321563,2048,10,"__amd_rocclr_fillBufferAligned",256,0,0,8,0,48,"TCC_HIT",368.000000,222894641220656,222894641222376
262,262,"Agent 2",1,1321563,1321563,2048,10,"__amd_rocclr_fillBufferAligned",256,0,0,8,0,48,"TCC_MISS",376.000000,222894641220656,222894641222376
263,263,"Agent 2",1,1321563,1321563,256,10,"__amd_rocclr_fillBufferAligned",256,0,0,8,0,48,"TCC_HIT",30.000000,222894641299258,222894641300498
263,263,"Agent 2",1,1321563,1321563,256,10,"__amd_rocclr_fillBufferAligned",256,0,0,8,0,48,"TCC_MISS",31.000000,222894641299258,222894641300498
264,264,"Agent 2",1,1321563,1321563,2048,10,"__amd_rocclr_fillBufferAligned",256,0,0,8,0,48,"TCC_HIT",368.000000,222894641375539,222894641377299
264,264,"Agent 2",1,1321563,1321563,2048,10,"__amd_rocclr_fillBufferAligned",256,0,0,8,0,48,"TCC_MISS",376.000000,222894641375539,222894641377299
265,265,"Agent 2",1,1321563,1321563,256,10,"__amd_rocclr_fillBufferAligned",256,0,0,8,0,48,"TCC_HIT",30.000000,222894641454421,222894641455621
265,265,"Agent 2",1,1321563,1321563,256,10,"__amd_rocclr_fillBufferAligned",256,0,0,8,0,48,"TCC_MISS",31.000000,222894641454421,222894641455621
266,266,"Agent 2",1,1321563,1321563,2048,10,"__amd_rocclr_fillBufferAligned",256,0,0,8,0,48,"TCC_HIT",368.000000,222894641532702,222894641534502
266,266,"Agent 2",1,1321563,1321563,2048,10,"__amd_rocclr_fillBufferAligned",256,0,0,8,0,48,"TCC_MISS",376.000000,222894641532702,222894641534502
267,267,"Agent 2",1,1321563,1321563,256,10,"__amd_rocclr_fillBufferAligned",256,0,0,8,0,48,"TCC_HIT",30.000000,222894641609583,222894641610903
267,267,"Agent 2",1,1321563,1321563,256,10,"__amd_rocclr_fillBufferAligned",256,0,0,8,0,48,"TCC_MISS",31.000000,222894641609583,222894641610903
268,268,"Agent 2",1,1321563,1321563,2048,10,"__amd_rocclr_fillBufferAligned",256,0,0,8,0,48,"TCC_HIT",368.000000,222894641690945,222894641692665
268,268,"Agent 2",1,1321563,1321563,2048,10,"__amd_rocclr_fillBufferAligned",256,0,0,8,0,48,"TCC_MISS",376.000000,222894641690945,222894641692665
269,269,"Agent 2",1,1321563,1321563,256,10,"__amd_rocclr_fillBufferAligned",256,0,0,8,0,48,"TCC_HIT",30.000000,222894641773986,222894641775346
269,269,"Agent 2",1,1321563,1321563,256,10,"__amd_rocclr_fillBufferAligned",256,0,0,8,0,48,"TCC_MISS",31.000000,222894641773986,222894641775346
270,270,"Agent 2",1,1321563,1321563,2048,10,"__amd_rocclr_fillBufferAligned",256,0,0,8,0,48,"TCC_HIT",368.000000,222894641850508,222894641852268
270,270,"Agent 2",1,1321563,1321563,2048,10,"__amd_rocclr_fillBufferAligned",256,0,0,8,0,48,"TCC_MISS",376.000000,222894641850508,222894641852268
271,271,"Agent 2",1,1321563,1321563,256,10,"__amd_rocclr_fillBufferAligned",256,0,0,8,0,48,"TCC_HIT",30.000000,222894641929509,222894641930869
271,271,"Agent 2",1,1321563,1321563,256,10,"__amd_rocclr_fillBufferAligned",256,0,0,8,0,48,"TCC_MISS",31.000000,222894641929509,222894641930869
272,272,"Agent 2",1,1321563,1321563,2048,10,"__amd_rocclr_fillBufferAligned",256,0,0,8,0,48,"TCC_HIT",368.000000,222894642010951,222894642012791
272,272,"Agent 2",1,1321563,1321563,2048,10,"__amd_rocclr_fillBufferAligned",256,0,0,8,0,48,"TCC_MISS",376.000000,222894642010951,222894642012791
273,273,"Agent 2",1,1321563,1321563,256,10,"__amd_rocclr_fillBufferAligned",256,0,0,8,0,48,"TCC_HIT",30.000000,222894642091632,222894642093032
273,273,"Agent 2",1,1321563,1321563,256,10,"__amd_rocclr_fillBufferAligned",256,0,0,8,0,48,"TCC_MISS",31.000000,222894642091632,222894642093032
274,274,"Agent 2",1,1321563,1321563,2048,10,"__amd_rocclr_fillBufferAligned",256,0,0,8,0,48,"TCC_HIT",368.000000,222894642174194,222894642176114
274,274,"Agent 2",1,1321563,1321563,2048,10,"__amd_rocclr_fillBufferAligned",256,0,0,8,0,48,"TCC_MISS",376.000000,222894642174194,222894642176114
275,275,"Agent 2",1,1321563,1321563,256,10,"__amd_rocclr_fillBufferAligned",256,0,0,8,0,48,"TCC_HIT",30.000000,222894642258475,222894642259715
275,275,"Agent 2",1,1321563,1321563,256,10,"__amd_rocclr_fillBufferAligned",256,0,0,8,0,48,"TCC_MISS",31.000000,222894642258475,222894642259715
276,276,"Agent 2",1,1321563,1321563,2048,10,"__amd_rocclr_fillBufferAligned",256,0,0,8,0,48,"TCC_HIT",368.000000,222894642336237,222894642338037
276,276,"Agent 2",1,1321563,1321563,2048,10,"__amd_rocclr_fillBufferAligned",256,0,0,8,0,48,"TCC_MISS",376.000000,222894642336237,222894642338037
277,277,"Agent 2",1,1321563,1321563,256,10,"__amd_rocclr_fillBufferAligned",256,0,0,8,0,48,"TCC_HIT",30.000000,222894642414398,222894642415638
277,277,"Agent 2",1,1321563,1321563,256,10,"__amd_rocclr_fillBufferAligned",256,0,0,8,0,48,"TCC_MISS",31.000000,222894642414398,222894642415638
278,278,"Agent 2",1,1321563,1321563,2048,10,"__amd_rocclr_fillBufferAligned",256,0,0,8,0,48,"TCC_HIT",368.000000,222894642491839,222894642493519
278,278,"Agent 2",1,1321563,1321563,2048,10,"__amd_rocclr_fillBufferAligned",256,0,0,8,0,48,"TCC_MISS",376.000000,222894642491839,222894642493519
279,279,"Agent 2",1,1321563,1321563,256,10,"__amd_rocclr_fillBufferAligned",256,0,0,8,0,48,"TCC_HIT",30.000000,222894642571281,222894642572521
279,279,"Agent 2",1,1321563,1321563,256,10,"__amd_rocclr_fillBufferAligned",256,0,0,8,0,48,"TCC_MISS",31.000000,222894642571281,222894642572521
280,280,"Agent 2",1,1321563,1321563,2048,10,"__amd_rocclr_fillBufferAligned",256,0,0,8,0,48,"TCC_HIT",368.000000,222894642651282,222894642653042
280,280,"Agent 2",1,1321563,1321563,2048,10,"__amd_rocclr_fillBufferAligned",256,0,0,8,0,48,"TCC_MISS",376.000000,222894642651282,222894642653042
281,281,"Agent 2",1,1321563,1321563,256,10,"__amd_rocclr_fillBufferAligned",256,0,0,8,0,48,"TCC_HIT",30.000000,222894642731724,222894642732924
281,281,"Agent 2",1,1321563,1321563,256,10,"__amd_rocclr_fillBufferAligned",256,0,0,8,0,48,"TCC_MISS",31.000000,222894642731724,222894642732924
282,282,"Agent 2",1,1321563,1321563,2048,10,"__amd_rocclr_fillBufferAligned",256,0,0,8,0,48,"TCC_HIT",368.000000,222894642811365,222894642813085
282,282,"Agent 2",1,1321563,1321563,2048,10,"__amd_rocclr_fillBufferAligned",256,0,0,8,0,48,"TCC_MISS",376.000000,222894642811365,222894642813085
283,283,"Agent 2",1,1321563,1321563,256,10,"__amd_rocclr_fillBufferAligned",256,0,0,8,0,48,"TCC_HIT",30.000000,222894642890847,222894642892207
283,283,"Agent 2",1,1321563,1321563,256,10,"__amd_rocclr_fillBufferAligned",256,0,0,8,0,48,"TCC_MISS",31.000000,222894642890847,222894642892207
284,284,"Agent 2",1,1321563,1321563,2048,10,"__amd_rocclr_fillBufferAligned",256,0,0,8,0,48,"TCC_HIT",368.000000,222894642968128,222894642969928
284,284,"Agent 2",1,1321563,1321563,2048,10,"__amd_rocclr_fillBufferAligned",256,0,0,8,0,48,"TCC_MISS",376.000000,222894642968128,222894642969928
285,285,"Agent 2",1,1321563,1321563,256,10,"__amd_rocclr_fillBufferAligned",256,0,0,8,0,48,"TCC_HIT",30.000000,222894643049090,222894643050410
285,285,"Agent 2",1,1321563,1321563,256,10,"__amd_rocclr_fillBufferAligned",256,0,0,8,0,48,"TCC_MISS",31.000000,222894643049090,222894643050410
286,286,"Agent 2",1,1321563,1321563,2048,10,"__amd_rocclr_fillBufferAligned",256,0,0,8,0,48,"TCC_HIT",368.000000,222894643126811,222894643128691
286,286,"Agent 2",1,1321563,1321563,2048,10,"__amd_rocclr_fillBufferAligned",256,0,0,8,0,48,"TCC_MISS",376.000000,222894643126811,222894643128691
287,287,"Agent 2",1,1321563,1321563,256,10,"__amd_rocclr_fillBufferAligned",256,0,0,8,0,48,"TCC_HIT",30.000000,222894643205732,222894643207093
287,287,"Agent 2",1,1321563,1321563,256,10,"__amd_rocclr_fillBufferAligned",256,0,0,8,0,48,"TCC_MISS",31.000000,222894643205732,222894643207093
288,288,"Agent 2",1,1321563,1321563,2048,10,"__amd_rocclr_fillBufferAligned",256,0,0,8,0,48,"TCC_HIT",368.000000,222894643285414,222894643287214
288,288,"Agent 2",1,1321563,1321563,2048,10,"__amd_rocclr_fillBufferAligned",256,0,0,8,0,48,"TCC_MISS",376.000000,222894643285414,222894643287214
289,289,"Agent 2",1,1321563,1321563,256,10,"__amd_rocclr_fillBufferAligned",256,0,0,8,0,48,"TCC_HIT",30.000000,222894643366575,222894643367895
289,289,"Agent 2",1,1321563,1321563,256,10,"__amd_rocclr_fillBufferAligned",256,0,0,8,0,48,"TCC_MISS",31.000000,222894643366575,222894643367895
290,290,"Agent 2",1,1321563,1321563,2048,10,"__amd_rocclr_fillBufferAligned",256,0,0,8,0,48,"TCC_HIT",368.000000,222894643448337,222894643450097
290,290,"Agent 2",1,1321563,1321563,2048,10,"__amd_rocclr_fillBufferAligned",256,0,0,8,0,48,"TCC_MISS",376.000000,222894643448337,222894643450097
291,291,"Agent 2",1,1321563,1321563,256,10,"__amd_rocclr_fillBufferAligned",256,0,0,8,0,48,"TCC_HIT",30.000000,222894643525058,222894643526258
291,291,"Agent 2",1,1321563,1321563,256,10,"__amd_rocclr_fillBufferAligned",256,0,0,8,0,48,"TCC_MISS",31.000000,222894643525058,222894643526258
292,292,"Agent 2",1,1321563,1321563,2048,10,"__amd_rocclr_fillBufferAligned",256,0,0,8,0,48,"TCC_HIT",368.000000,222894643603220,222894643605060
292,292,"Agent 2",1,1321563,1321563,2048,10,"__amd_rocclr_fillBufferAligned",256,0,0,8,0,48,"TCC_MISS",376.000000,222894643603220,222894643605060
293,293,"Agent 2",1,1321563,1321563,256,10,"__amd_rocclr_fillBufferAligned",256,0,0,8,0,48,"TCC_HIT",30.000000,222894643679781,222894643681021
293,293,"Agent 2",1,1321563,1321563,256,10,"__amd_rocclr_fillBufferAligned",256,0,0,8,0,48,"TCC_MISS",31.000000,222894643679781,222894643681021
294,294,"Agent 2",1,1321563,1321563,2048,10,"__amd_rocclr_fillBufferAligned",256,0,0,8,0,48,"TCC_HIT",368.000000,222894643757303,222894643758983
294,294,"Agent 2",1,1321563,1321563,2048,10,"__amd_rocclr_fillBufferAligned",256,0,0,8,0,48,"TCC_MISS",376.000000,222894643757303,222894643758983
295,295,"Agent 2",1,1321563,1321563,256,10,"__amd_rocclr_fillBufferAligned",256,0,0,8,0,48,"TCC_HIT",30.000000,222894643833904,222894643835184
295,295,"Agent 2",1,1321563,1321563,256,10,"__amd_rocclr_fillBufferAligned",256,0,0,8,0,48,"TCC_MISS",31.000000,222894643833904,222894643835184
296,296,"Agent 2",1,1321563,1321563,2048,10,"__amd_rocclr_fillBufferAligned",256,0,0,8,0,48,"TCC_HIT",368.000000,222894643917865,222894643919586
296,296,"Agent 2",1,1321563,1321563,2048,10,"__amd_rocclr_fillBufferAligned",256,0,0,8,0,48,"TCC_MISS",376.000000,222894643917865,222894643919586
297,297,"Agent 2",1,1321563,1321563,256,10,"__amd_rocclr_fillBufferAligned",256,0,0,8,0,48,"TCC_HIT",30.000000,222894643994547,222894643995787
297,297,"Agent 2",1,1321563,1321563,256,10,"__amd_rocclr_fillBufferAligned",256,0,0,8,0,48,"TCC_MISS",31.000000,222894643994547,222894643995787
298,298,"Agent 2",1,1321563,1321563,2048,10,"__amd_rocclr_fillBufferAligned",256,0,0,8,0,48,"TCC_HIT",368.000000,222894644071228,222894644073108
298,298,"Agent 2",1,1321563,1321563,2048,10,"__amd_rocclr_fillBufferAligned",256,0,0,8,0,48,"TCC_MISS",376.000000,222894644071228,222894644073108
299,299,"Agent 2",1,1321563,1321563,256,10,"__amd_rocclr_fillBufferAligned",256,0,0,8,0,48,"TCC_HIT",30.000000,222894644147590,222894644148910
299,299,"Agent 2",1,1321563,1321563,256,10,"__amd_rocclr_fillBufferAligned",256,0,0,8,0,48,"TCC_MISS",31.000000,222894644147590,222894644148910
300,300,"Agent 2",1,1321563,1321563,2048,10,"__amd_rocclr_fillBufferAligned",256,0,0,8,0,48,"TCC_HIT",368.000000,222894644225151,222894644226911
300,300,"Agent 2",1,1321563,1321563,2048,10,"__amd_rocclr_fillBufferAligned",256,0,0,8,0,48,"TCC_MISS",376.000000,222894644225151,222894644226911
301,301,"Agent 2",1,1321563,1321563,256,10,"__amd_rocclr_fillBufferAligned",256,0,0,8,0,48,"TCC_HIT",30.000000,222894644304153,222894644305513
301,301,"Agent 2",1,1321563,1321563,256,10,"__amd_rocclr_fillBufferAligned",256,0,0,8,0,48,"TCC_MISS",31.000000,222894644304153,222894644305513
302,302,"Agent 2",1,1321563,1321563,2048,10,"__amd_rocclr_fillBufferAligned",256,0,0,8,0,48,"TCC_HIT",368.000000,222894644383354,222894644385154
302,302,"Agent 2",1,1321563,1321563,2048,10,"__amd_rocclr_fillBufferAligned",256,0,0,8,0,48,"TCC_MISS",376.000000,222894644383354,222894644385154
303,303,"Agent 2",1,1321563,1321563,256,10,"__amd_rocclr_fillBufferAligned",256,0,0,8,0,48,"TCC_HIT",30.000000,222894644464875,222894644466195
303,303,"Agent 2",1,1321563,1321563,256,10,"__amd_rocclr_fillBufferAligned",256,0,0,8,0,48,"TCC_MISS",31.000000,222894644464875,222894644466195
304,304,"Agent 2",1,1321563,1321563,2048,10,"__amd_rocclr_fillBufferAligned",256,0,0,8,0,48,"TCC_HIT",368.000000,222894644541917,222894644543677
304,304,"Agent 2",1,1321563,1321563,2048,10,"__amd_rocclr_fillBufferAligned",256,0,0,8,0,48,"TCC_MISS",376.000000,222894644541917,222894644543677
305,305,"Agent 2",1,1321563,1321563,256,10,"__amd_rocclr_fillBufferAligned",256,0,0,8,0,48,"TCC_HIT",30.000000,222894644620038,222894644621358
305,305,"Agent 2",1,1321563,1321563,256,10,"__amd_rocclr_fillBufferAligned",256,0,0,8,0,48,"TCC_MISS",31.000000,222894644620038,222894644621358
306,306,"Agent 2",1,1321563,1321563,2048,10,"__amd_rocclr_fillBufferAligned",256,0,0,8,0,48,"TCC_HIT",368.000000,222894644696520,222894644698280
306,306,"Agent 2",1,1321563,1321563,2048,10,"__amd_rocclr_fillBufferAligned",256,0,0,8,0,48,"TCC_MISS",376.000000,222894644696520,222894644698280
307,307,"Agent 2",1,1321563,1321563,256,10,"__amd_rocclr_fillBufferAligned",256,0,0,8,0,48,"TCC_HIT",30.000000,222894644775041,222894644776241
307,307,"Agent 2",1,1321563,1321563,256,10,"__amd_rocclr_fillBufferAligned",256,0,0,8,0,48,"TCC_MISS",31.000000,222894644775041,222894644776241
308,308,"Agent 2",1,1321563,1321563,2048,10,"__amd_rocclr_fillBufferAligned",256,0,0,8,0,48,"TCC_HIT",368.000000,222894644850843,222894644852683
308,308,"Agent 2",1,1321563,1321563,2048,10,"__amd_rocclr_fillBufferAligned",256,0,0,8,0,48,"TCC_MISS",376.000000,222894644850843,222894644852683
309,309,"Agent 2",1,1321563,1321563,256,10,"__amd_rocclr_fillBufferAligned",256,0,0,8,0,48,"TCC_HIT",30.000000,222894644926604,222894644927844
309,309,"Agent 2",1,1321563,1321563,256,10,"__amd_rocclr_fillBufferAligned",256,0,0,8,0,48,"TCC_MISS",31.000000,222894644926604,222894644927844
310,310,"Agent 2",1,1321563,1321563,2048,10,"__amd_rocclr_fillBufferAligned",256,0,0,8,0,48,"TCC_HIT",368.000000,222894645008565,222894645010325
310,310,"Agent 2",1,1321563,1321563,2048,10,"__amd_rocclr_fillBufferAligned",256,0,0,8,0,48,"TCC_MISS",376.000000,222894645008565,222894645010325
311,311,"Agent 2",1,1321563,1321563,256,10,"__amd_rocclr_fillBufferAligned",256,0,0,8,0,48,"TCC_HIT",30.000000,222894645087127,222894645088407
311,311,"Agent 2",1,1321563,1321563,256,10,"__amd_rocclr_fillBufferAligned",256,0,0,8,0,48,"TCC_MISS",31.000000,222894645087127,222894645088407
312,312,"Agent 2",1,1321563,1321563,2048,10,"__amd_rocclr_fillBufferAligned",256,0,0,8,0,48,"TCC_HIT",368.000000,222894645169848,222894645171568
312,312,"Agent 2",1,1321563,1321563,2048,10,"__amd_rocclr_fillBufferAligned",256,0,0,8,0,48,"TCC_MISS",376.000000,222894645169848,222894645171568
313,313,"Agent 2",1,1321563,1321563,256,10,"__amd_rocclr_fillBufferAligned",256,0,0,8,0,48,"TCC_HIT",30.000000,222894645250330,222894645251530
313,313,"Agent 2",1,1321563,1321563,256,10,"__amd_rocclr_fillBufferAligned",256,0,0,8,0,48,"TCC_MISS",31.000000,222894645250330,222894645251530
314,314,"Agent 2",1,1321563,1321563,2048,10,"__amd_rocclr_fillBufferAligned",256,0,0,8,0,48,"TCC_HIT",368.000000,222894645327371,222894645329291
314,314,"Agent 2",1,1321563,1321563,2048,10,"__amd_rocclr_fillBufferAligned",256,0,0,8,0,48,"TCC_MISS",376.000000,222894645327371,222894645329291
315,315,"Agent 2",1,1321563,1321563,256,10,"__amd_rocclr_fillBufferAligned",256,0,0,8,0,48,"TCC_HIT",30.000000,222894645404733,222894645406093
315,315,"Agent 2",1,1321563,1321563,256,10,"__amd_rocclr_fillBufferAligned",256,0,0,8,0,48,"TCC_MISS",31.000000,222894645404733,222894645406093
316,316,"Agent 2",1,1321563,1321563,2048,10,"__amd_rocclr_fillBufferAligned",256,0,0,8,0,48,"TCC_HIT",368.000000,222894645487734,222894645489494
316,316,"Agent 2",1,1321563,1321563,2048,10,"__amd_rocclr_fillBufferAligned",256,0,0,8,0,48,"TCC_MISS",376.000000,222894645487734,222894645489494
317,317,"Agent 2",1,1321563,1321563,256,10,"__amd_rocclr_fillBufferAligned",256,0,0,8,0,48,"TCC_HIT",30.000000,222894645566176,222894645567496
317,317,"Agent 2",1,1321563,1321563,256,10,"__amd_rocclr_fillBufferAligned",256,0,0,8,0,48,"TCC_MISS",31.000000,222894645566176,222894645567496
318,318,"Agent 2",1,1321563,1321563,2048,10,"__amd_rocclr_fillBufferAligned",256,0,0,8,0,48,"TCC_HIT",368.000000,222894645643337,222894645645177
318,318,"Agent 2",1,1321563,1321563,2048,10,"__amd_rocclr_fillBufferAligned",256,0,0,8,0,48,"TCC_MISS",376.000000,222894645643337,222894645645177
319,319,"Agent 2",1,1321563,1321563,256,10,"__amd_rocclr_fillBufferAligned",256,0,0,8,0,48,"TCC_HIT",30.000000,222894645727219,222894645728539
319,319,"Agent 2",1,1321563,1321563,256,10,"__amd_rocclr_fillBufferAligned",256,0,0,8,0,48,"TCC_MISS",31.000000,222894645727219,222894645728539
320,320,"Agent 2",1,1321563,1321563,2048,10,"__amd_rocclr_fillBufferAligned",256,0,0,8,0,48,"TCC_HIT",368.000000,222894645806140,222894645807940
320,320,"Agent 2",1,1321563,1321563,2048,10,"__amd_rocclr_fillBufferAligned",256,0,0,8,0,48,"TCC_MISS",376.000000,222894645806140,222894645807940
321,321,"Agent 2",1,1321563,1321563,256,10,"__amd_rocclr_fillBufferAligned",256,0,0,8,0,48,"TCC_HIT",30.000000,222894645880781,222894645882141
321,321,"Agent 2",1,1321563,1321563,256,10,"__amd_rocclr_fillBufferAligned",256,0,0,8,0,48,"TCC_MISS",31.000000,222894645880781,222894645882141
322,322,"Agent 2",1,1321563,1321563,2048,10,"__amd_rocclr_fillBufferAligned",256,0,0,8,0,48,"TCC_HIT",368.000000,222894645959503,222894645961263
322,322,"Agent 2",1,1321563,1321563,2048,10,"__amd_rocclr_fillBufferAligned",256,0,0,8,0,48,"TCC_MISS",376.000000,222894645959503,222894645961263
323,323,"Agent 2",1,1321563,1321563,256,10,"__amd_rocclr_fillBufferAligned",256,0,0,8,0,48,"TCC_HIT",30.000000,222894646035384,222894646036624
323,323,"Agent 2",1,1321563,1321563,256,10,"__amd_rocclr_fillBufferAligned",256,0,0,8,0,48,"TCC_MISS",31.000000,222894646035384,222894646036624
324,324,"Agent 2",1,1321563,1321563,2048,10,"__amd_rocclr_fillBufferAligned",256,0,0,8,0,48,"TCC_HIT",368.000000,222894646114186,222894646115986
324,324,"Agent 2",1,1321563,1321563,2048,10,"__amd_rocclr_fillBufferAligned",256,0,0,8,0,48,"TCC_MISS",376.000000,222894646114186,222894646115986
325,325,"Agent 2",1,1321563,1321563,256,10,"__amd_rocclr_fillBufferAligned",256,0,0,8,0,48,"TCC_HIT",30.000000,222894646190387,222894646191627
325,325,"Agent 2",1,1321563,1321563,256,10,"__amd_rocclr_fillBufferAligned",256,0,0,8,0,48,"TCC_MISS",31.000000,222894646190387,222894646191627
326,326,"Agent 2",1,1321563,1321563,2048,10,"__amd_rocclr_fillBufferAligned",256,0,0,8,0,48,"TCC_HIT",368.000000,222894646268148,222894646269908
326,326,"Agent 2",1,1321563,1321563,2048,10,"__amd_rocclr_fillBufferAligned",256,0,0,8,0,48,"TCC_MISS",376.000000,222894646268148,222894646269908
327,327,"Agent 2",1,1321563,1321563,256,10,"__amd_rocclr_fillBufferAligned",256,0,0,8,0,48,"TCC_HIT",30.000000,222894646346070,222894646347350
327,327,"Agent 2",1,1321563,1321563,256,10,"__amd_rocclr_fillBufferAligned",256,0,0,8,0,48,"TCC_MISS",31.000000,222894646346070,222894646347350
328,328,"Agent 2",1,1321563,1321563,2048,10,"__amd_rocclr_fillBufferAligned",256,0,0,8,0,48,"TCC_HIT",368.000000,222894646423911,222894646425591
328,328,"Agent 2",1,1321563,1321563,2048,10,"__amd_rocclr_fillBufferAligned",256,0,0,8,0,48,"TCC_MISS",376.000000,222894646423911,222894646425591
329,329,"Agent 2",1,1321563,1321563,256,10,"__amd_rocclr_fillBufferAligned",256,0,0,8,0,48,"TCC_HIT",30.000000,222894646504433,222894646505673
329,329,"Agent 2",1,1321563,1321563,256,10,"__amd_rocclr_fillBufferAligned",256,0,0,8,0,48,"TCC_MISS",31.000000,222894646504433,222894646505673
330,330,"Agent 2",1,1321563,1321563,2048,10,"__amd_rocclr_fillBufferAligned",256,0,0,8,0,48,"TCC_HIT",368.000000,222894646582594,222894646584434
330,330,"Agent 2",1,1321563,1321563,2048,10,"__amd_rocclr_fillBufferAligned",256,0,0,8,0,48,"TCC_MISS",376.000000,222894646582594,222894646584434
331,331,"Agent 2",1,1321563,1321563,256,10,"__amd_rocclr_fillBufferAligned",256,0,0,8,0,48,"TCC_HIT",30.000000,222894646668836,222894646670156
331,331,"Agent 2",1,1321563,1321563,256,10,"__amd_rocclr_fillBufferAligned",256,0,0,8,0,48,"TCC_MISS",31.000000,222894646668836,222894646670156
332,332,"Agent 2",1,1321563,1321563,2048,10,"__amd_rocclr_fillBufferAligned",256,0,0,8,0,48,"TCC_HIT",368.000000,222894646747957,222894646749717
332,332,"Agent 2",1,1321563,1321563,2048,10,"__amd_rocclr_fillBufferAligned",256,0,0,8,0,48,"TCC_MISS",376.000000,222894646747957,222894646749717
333,333,"Agent 2",1,1321563,1321563,256,10,"__amd_rocclr_fillBufferAligned",256,0,0,8,0,48,"TCC_HIT",30.000000,222894646825239,222894646826639
333,333,"Agent 2",1,1321563,1321563,256,10,"__amd_rocclr_fillBufferAligned",256,0,0,8,0,48,"TCC_MISS",31.000000,222894646825239,222894646826639
334,334,"Agent 2",1,1321563,1321563,2048,10,"__amd_rocclr_fillBufferAligned",256,0,0,8,0,48,"TCC_HIT",368.000000,222894646904520,222894646906320
334,334,"Agent 2",1,1321563,1321563,2048,10,"__amd_rocclr_fillBufferAligned",256,0,0,8,0,48,"TCC_MISS",376.000000,222894646904520,222894646906320
335,335,"Agent 2",1,1321563,1321563,256,10,"__amd_rocclr_fillBufferAligned",256,0,0,8,0,48,"TCC_HIT",30.000000,222894646992882,222894646994242
335,335,"Agent 2",1,1321563,1321563,256,10,"__amd_rocclr_fillBufferAligned",256,0,0,8,0,48,"TCC_MISS",31.000000,222894646992882,222894646994242
336,336,"Agent 2",1,1321563,1321563,2048,10,"__amd_rocclr_fillBufferAligned",256,0,0,8,0,48,"TCC_HIT",368.000000,222894647072403,222894647074203
336,336,"Agent 2",1,1321563,1321563,2048,10,"__amd_rocclr_fillBufferAligned",256,0,0,8,0,48,"TCC_MISS",376.000000,222894647072403,222894647074203
337,337,"Agent 2",1,1321563,1321563,256,10,"__amd_rocclr_fillBufferAligned",256,0,0,8,0,48,"TCC_HIT",30.000000,222894647149524,222894647150885
337,337,"Agent 2",1,1321563,1321563,256,10,"__amd_rocclr_fillBufferAligned",256,0,0,8,0,48,"TCC_MISS",31.000000,222894647149524,222894647150885
338,338,"Agent 2",1,1321563,1321563,2048,10,"__amd_rocclr_fillBufferAligned",256,0,0,8,0,48,"TCC_HIT",368.000000,222894647232686,222894647234566
338,338,"Agent 2",1,1321563,1321563,2048,10,"__amd_rocclr_fillBufferAligned",256,0,0,8,0,48,"TCC_MISS",376.000000,222894647232686,222894647234566
339,339,"Agent 2",1,1321563,1321563,256,10,"__amd_rocclr_fillBufferAligned",256,0,0,8,0,48,"TCC_HIT",30.000000,222894647318168,222894647319408
339,339,"Agent 2",1,1321563,1321563,256,10,"__amd_rocclr_fillBufferAligned",256,0,0,8,0,48,"TCC_MISS",31.000000,222894647318168,222894647319408
340,340,"Agent 2",1,1321563,1321563,2048,10,"__amd_rocclr_fillBufferAligned",256,0,0,8,0,48,"TCC_HIT",368.000000,222894647414689,222894647416489
340,340,"Agent 2",1,1321563,1321563,2048,10,"__amd_rocclr_fillBufferAligned",256,0,0,8,0,48,"TCC_MISS",376.000000,222894647414689,222894647416489
341,341,"Agent 2",1,1321563,1321563,256,10,"__amd_rocclr_fillBufferAligned",256,0,0,8,0,48,"TCC_HIT",30.000000,222894647500091,222894647501291
341,341,"Agent 2",1,1321563,1321563,256,10,"__amd_rocclr_fillBufferAligned",256,0,0,8,0,48,"TCC_MISS",31.000000,222894647500091,222894647501291
342,342,"Agent 2",1,1321563,1321563,2048,10,"__amd_rocclr_fillBufferAligned",256,0,0,8,0,48,"TCC_HIT",368.000000,222894647587892,222894647589653
342,342,"Agent 2",1,1321563,1321563,2048,10,"__amd_rocclr_fillBufferAligned",256,0,0,8,0,48,"TCC_MISS",376.000000,222894647587892,222894647589653
343,343,"Agent 2",1,1321563,1321563,256,10,"__amd_rocclr_fillBufferAligned",256,0,0,8,0,48,"TCC_HIT",30.000000,222894647670974,222894647672214
343,343,"Agent 2",1,1321563,1321563,256,10,"__amd_rocclr_fillBufferAligned",256,0,0,8,0,48,"TCC_MISS",31.000000,222894647670974,222894647672214
344,344,"Agent 2",1,1321563,1321563,2048,10,"__amd_rocclr_fillBufferAligned",256,0,0,8,0,48,"TCC_HIT",368.000000,222894647756336,222894647758136
344,344,"Agent 2",1,1321563,1321563,2048,10,"__amd_rocclr_fillBufferAligned",256,0,0,8,0,48,"TCC_MISS",376.000000,222894647756336,222894647758136
345,345,"Agent 2",1,1321563,1321563,256,10,"__amd_rocclr_fillBufferAligned",256,0,0,8,0,48,"TCC_HIT",30.000000,222894647840377,222894647841617
345,345,"Agent 2",1,1321563,1321563,256,10,"__amd_rocclr_fillBufferAligned",256,0,0,8,0,48,"TCC_MISS",31.000000,222894647840377,222894647841617
346,346,"Agent 2",1,1321563,1321563,2048,10,"__amd_rocclr_fillBufferAligned",256,0,0,8,0,48,"TCC_HIT",368.000000,222894647923379,222894647925099
346,346,"Agent 2",1,1321563,1321563,2048,10,"__amd_rocclr_fillBufferAligned",256,0,0,8,0,48,"TCC_MISS",376.000000,222894647923379,222894647925099
347,347,"Agent 2",1,1321563,1321563,256,10,"__amd_rocclr_fillBufferAligned",256,0,0,8,0,48,"TCC_HIT",30.000000,222894648004900,222894648006260
347,347,"Agent 2",1,1321563,1321563,256,10,"__amd_rocclr_fillBufferAligned",256,0,0,8,0,48,"TCC_MISS",31.000000,222894648004900,222894648006260
348,348,"Agent 2",1,1321563,1321563,2048,10,"__amd_rocclr_fillBufferAligned",256,0,0,8,0,48,"TCC_HIT",368.000000,222894648090582,222894648092342
348,348,"Agent 2",1,1321563,1321563,2048,10,"__amd_rocclr_fillBufferAligned",256,0,0,8,0,48,"TCC_MISS",376.000000,222894648090582,222894648092342
349,349,"Agent 2",1,1321563,1321563,256,10,"__amd_rocclr_fillBufferAligned",256,0,0,8,0,48,"TCC_HIT",30.000000,222894648175583,222894648176903
349,349,"Agent 2",1,1321563,1321563,256,10,"__amd_rocclr_fillBufferAligned",256,0,0,8,0,48,"TCC_MISS",31.000000,222894648175583,222894648176903
350,350,"Agent 2",1,1321563,1321563,2048,10,"__amd_rocclr_fillBufferAligned",256,0,0,8,0,48,"TCC_HIT",368.000000,222894648262865,222894648264665
350,350,"Agent 2",1,1321563,1321563,2048,10,"__amd_rocclr_fillBufferAligned",256,0,0,8,0,48,"TCC_MISS",376.000000,222894648262865,222894648264665
351,351,"Agent 2",1,1321563,1321563,256,10,"__amd_rocclr_fillBufferAligned",256,0,0,8,0,48,"TCC_HIT",30.000000,222894648348746,222894648350066
351,351,"Agent 2",1,1321563,1321563,256,10,"__amd_rocclr_fillBufferAligned",256,0,0,8,0,48,"TCC_MISS",31.000000,222894648348746,222894648350066
352,352,"Agent 2",1,1321563,1321563,2048,10,"__amd_rocclr_fillBufferAligned",256,0,0,8,0,48,"TCC_HIT",368.000000,222894648432788,222894648434588
352,352,"Agent 2",1,1321563,1321563,2048,10,"__amd_rocclr_fillBufferAligned",256,0,0,8,0,48,"TCC_MISS",376.000000,222894648432788,222894648434588
353,353,"Agent 2",1,1321563,1321563,256,10,"__amd_rocclr_fillBufferAligned",256,0,0,8,0,48,"TCC_HIT",30.000000,222894648518509,222894648519909
353,353,"Agent 2",1,1321563,1321563,256,10,"__amd_rocclr_fillBufferAligned",256,0,0,8,0,48,"TCC_MISS",31.000000,222894648518509,222894648519909
354,354,"Agent 2",1,1321563,1321563,2048,10,"__amd_rocclr_fillBufferAligned",256,0,0,8,0,48,"TCC_HIT",368.000000,222894648602591,222894648604511
354,354,"Agent 2",1,1321563,1321563,2048,10,"__amd_rocclr_fillBufferAligned",256,0,0,8,0,48,"TCC_MISS",376.000000,222894648602591,222894648604511
355,355,"Agent 2",1,1321563,1321563,256,10,"__amd_rocclr_fillBufferAligned",256,0,0,8,0,48,"TCC_HIT",30.000000,222894648687873,222894648689113
355,355,"Agent 2",1,1321563,1321563,256,10,"__amd_rocclr_fillBufferAligned",256,0,0,8,0,48,"TCC_MISS",31.000000,222894648687873,222894648689113
356,356,"Agent 2",1,1321563,1321563,2048,10,"__amd_rocclr_fillBufferAligned",256,0,0,8,0,48,"TCC_HIT",368.000000,222894648774194,222894648775994
356,356,"Agent 2",1,1321563,1321563,2048,10,"__amd_rocclr_fillBufferAligned",256,0,0,8,0,48,"TCC_MISS",376.000000,222894648774194,222894648775994
357,357,"Agent 2",1,1321563,1321563,256,10,"__amd_rocclr_fillBufferAligned",256,0,0,8,0,48,"TCC_HIT",30.000000,222894648860396,222894648861596
357,357,"Agent 2",1,1321563,1321563,256,10,"__amd_rocclr_fillBufferAligned",256,0,0,8,0,48,"TCC_MISS",31.000000,222894648860396,222894648861596
358,358,"Agent 2",1,1321563,1321563,2048,10,"__amd_rocclr_fillBufferAligned",256,0,0,8,0,48,"TCC_HIT",368.000000,222894648949437,222894648951197
358,358,"Agent 2",1,1321563,1321563,2048,10,"__amd_rocclr_fillBufferAligned",256,0,0,8,0,48,"TCC_MISS",376.000000,222894648949437,222894648951197
359,359,"Agent 2",1,1321563,1321563,256,10,"__amd_rocclr_fillBufferAligned",256,0,0,8,0,48,"TCC_HIT",30.000000,222894649035999,222894649037199
359,359,"Agent 2",1,1321563,1321563,256,10,"__amd_rocclr_fillBufferAligned",256,0,0,8,0,48,"TCC_MISS",31.000000,222894649035999,222894649037199
360,360,"Agent 2",1,1321563,1321563,2048,10,"__amd_rocclr_fillBufferAligned",256,0,0,8,0,48,"TCC_HIT",368.000000,222894649120400,222894649122160
360,360,"Agent 2",1,1321563,1321563,2048,10,"__amd_rocclr_fillBufferAligned",256,0,0,8,0,48,"TCC_MISS",376.000000,222894649120400,222894649122160
361,361,"Agent 2",1,1321563,1321563,256,10,"__amd_rocclr_fillBufferAligned",256,0,0,8,0,48,"TCC_HIT",30.000000,222894649209442,222894649210682
361,361,"Agent 2",1,1321563,1321563,256,10,"__amd_rocclr_fillBufferAligned",256,0,0,8,0,48,"TCC_MISS",31.000000,222894649209442,222894649210682
362,362,"Agent 2",1,1321563,1321563,2048,10,"__amd_rocclr_fillBufferAligned",256,0,0,8,0,48,"TCC_HIT",368.000000,222894649289884,222894649291844
362,362,"Agent 2",1,1321563,1321563,2048,10,"__amd_rocclr_fillBufferAligned",256,0,0,8,0,48,"TCC_MISS",378.000000,222894649289884,222894649291844
363,363,"Agent 2",1,1321563,1321563,256,10,"__amd_rocclr_fillBufferAligned",256,0,0,8,0,48,"TCC_HIT",30.000000,222894649373365,222894649374645
363,363,"Agent 2",1,1321563,1321563,256,10,"__amd_rocclr_fillBufferAligned",256,0,0,8,0,48,"TCC_MISS",31.000000,222894649373365,222894649374645
364,364,"Agent 2",1,1321563,1321563,2048,10,"__amd_rocclr_fillBufferAligned",256,0,0,8,0,48,"TCC_HIT",368.000000,222894649455367,222894649457447
364,364,"Agent 2",1,1321563,1321563,2048,10,"__amd_rocclr_fillBufferAligned",256,0,0,8,0,48,"TCC_MISS",380.000000,222894649455367,222894649457447
365,365,"Agent 2",1,1321563,1321563,256,10,"__amd_rocclr_fillBufferAligned",256,0,0,8,0,48,"TCC_HIT",30.000000,222894649543008,222894649544248
365,365,"Agent 2",1,1321563,1321563,256,10,"__amd_rocclr_fillBufferAligned",256,0,0,8,0,48,"TCC_MISS",31.000000,222894649543008,222894649544248
366,366,"Agent 2",1,1321563,1321563,2048,10,"__amd_rocclr_fillBufferAligned",256,0,0,8,0,48,"TCC_HIT",368.000000,222894649628090,222894649629970
366,366,"Agent 2",1,1321563,1321563,2048,10,"__amd_rocclr_fillBufferAligned",256,0,0,8,0,48,"TCC_MISS",376.000000,222894649628090,222894649629970
367,367,"Agent 2",1,1321563,1321563,256,10,"__amd_rocclr_fillBufferAligned",256,0,0,8,0,48,"TCC_HIT",30.000000,222894649714131,222894649715371
367,367,"Agent 2",1,1321563,1321563,256,10,"__amd_rocclr_fillBufferAligned",256,0,0,8,0,48,"TCC_MISS",31.000000,222894649714131,222894649715371
368,368,"Agent 2",1,1321563,1321563,2048,10,"__amd_rocclr_fillBufferAligned",256,0,0,8,0,48,"TCC_HIT",368.000000,222894649802173,222894649804093
368,368,"Agent 2",1,1321563,1321563,2048,10,"__amd_rocclr_fillBufferAligned",256,0,0,8,0,48,"TCC_MISS",376.000000,222894649802173,222894649804093
369,369,"Agent 2",1,1321563,1321563,256,10,"__amd_rocclr_fillBufferAligned",256,0,0,8,0,48,"TCC_HIT",30.000000,222894649887534,222894649888814
369,369,"Agent 2",1,1321563,1321563,256,10,"__amd_rocclr_fillBufferAligned",256,0,0,8,0,48,"TCC_MISS",31.000000,222894649887534,222894649888814
370,370,"Agent 2",1,1321563,1321563,512,10,"__amd_rocclr_fillBufferAligned",256,0,0,8,0,48,"TCC_HIT",74.000000,222894649980176,222894649981776
370,370,"Agent 2",1,1321563,1321563,512,10,"__amd_rocclr_fillBufferAligned",256,0,0,8,0,48,"TCC_MISS",76.000000,222894649980176,222894649981776
371,371,"Agent 2",1,1321563,1321563,512,10,"__amd_rocclr_fillBufferAligned",256,0,0,8,0,48,"TCC_HIT",74.000000,222894650059298,222894650060858
371,371,"Agent 2",1,1321563,1321563,512,10,"__amd_rocclr_fillBufferAligned",256,0,0,8,0,48,"TCC_MISS",76.000000,222894650059298,222894650060858
372,372,"Agent 2",1,1321563,1321563,512,10,"__amd_rocclr_fillBufferAligned",256,0,0,8,0,48,"TCC_HIT",73.000000,222894650125819,222894650127459
372,372,"Agent 2",1,1321563,1321563,512,10,"__amd_rocclr_fillBufferAligned",256,0,0,8,0,48,"TCC_MISS",75.000000,222894650125819,222894650127459
373,373,"Agent 2",1,1321563,1321563,512,10,"__amd_rocclr_fillBufferAligned",256,0,0,8,0,48,"TCC_HIT",73.000000,222894650204340,222894650205980
373,373,"Agent 2",1,1321563,1321563,512,10,"__amd_rocclr_fillBufferAligned",256,0,0,8,0,48,"TCC_MISS",75.000000,222894650204340,222894650205980
374,374,"Agent 2",1,1321563,1321563,46080,10,"__amd_rocclr_fillBufferAligned",256,0,0,8,0,48,"TCC_HIT",8888.000000,222894650276582,222894650278422
374,374,"Agent 2",1,1321563,1321563,46080,10,"__amd_rocclr_fillBufferAligned",256,0,0,8,0,48,"TCC_MISS",5880.000000,222894650276582,222894650278422
375,375,"Agent 2",1,1321563,1321563,256,10,"__amd_rocclr_fillBufferAligned",256,0,0,8,0,48,"TCC_HIT",16.000000,222894650353903,222894650355143
375,375,"Agent 2",1,1321563,1321563,256,10,"__amd_rocclr_fillBufferAligned",256,0,0,8,0,48,"TCC_MISS",17.000000,222894650353903,222894650355143
376,376,"Agent 2",1,1321563,1321563,4096,10,"__amd_rocclr_fillBufferAligned",256,0,0,8,0,48,"TCC_HIT",856.000000,222894650425944,222894650427784
376,376,"Agent 2",1,1321563,1321563,4096,10,"__amd_rocclr_fillBufferAligned",256,0,0,8,0,48,"TCC_MISS",632.000000,222894650425944,222894650427784
377,377,"Agent 2",1,1321563,1321563,4096,10,"__amd_rocclr_fillBufferAligned",256,0,0,8,0,48,"TCC_HIT",856.000000,222894650499306,222894650501146
377,377,"Agent 2",1,1321563,1321563,4096,10,"__amd_rocclr_fillBufferAligned",256,0,0,8,0,48,"TCC_MISS",632.000000,222894650499306,222894650501146
378,378,"Agent 2",1,1321563,1321563,512,10,"__amd_rocclr_fillBufferAligned",256,0,0,8,0,48,"TCC_HIT",74.000000,222894650569667,222894650570947
378,378,"Agent 2",1,1321563,1321563,512,10,"__amd_rocclr_fillBufferAligned",256,0,0,8,0,48,"TCC_MISS",76.000000,222894650569667,222894650570947
379,379,"Agent 2",1,1321563,1321563,4096,10,"__amd_rocclr_fillBufferAligned",256,0,0,8,0,48,"TCC_HIT",856.000000,222894650644588,222894650646468
379,379,"Agent 2",1,1321563,1321563,4096,10,"__amd_rocclr_fillBufferAligned",256,0,0,8,0,48,"TCC_MISS",632.000000,222894650644588,222894650646468
380,380,"Agent 2",1,1321563,1321563,4096,10,"__amd_rocclr_fillBufferAligned",256,0,0,8,0,48,"TCC_HIT",856.000000,222894650718030,222894650720030
380,380,"Agent 2",1,1321563,1321563,4096,10,"__amd_rocclr_fillBufferAligned",256,0,0,8,0,48,"TCC_MISS",632.000000,222894650718030,222894650720030
381,381,"Agent 2",1,1321563,1321563,4096,10,"__amd_rocclr_fillBufferAligned",256,0,0,8,0,48,"TCC_HIT",856.000000,222894650791791,222894650793831
381,381,"Agent 2",1,1321563,1321563,4096,10,"__amd_rocclr_fillBufferAligned",256,0,0,8,0,48,"TCC_MISS",632.000000,222894650791791,222894650793831
382,382,"Agent 2",1,1321563,1321563,256,10,"__amd_rocclr_fillBufferAligned",256,0,0,8,0,48,"TCC_HIT",46.000000,222894650858552,222894650859752
382,382,"Agent 2",1,1321563,1321563,256,10,"__amd_rocclr_fillBufferAligned",256,0,0,8,0,48,"TCC_MISS",47.000000,222894650858552,222894650859752
383,383,"Agent 2",1,1321563,1321563,256,10,"__amd_rocclr_fillBufferAligned",256,0,0,8,0,48,"TCC_HIT",14.000000,222894650935354,222894650936954
383,383,"Agent 2",1,1321563,1321563,256,10,"__amd_rocclr_fillBufferAligned",256,0,0,8,0,48,"TCC_MISS",16.000000,222894650935354,222894650936954
384,384,"Agent 2",1,1321563,1321563,256,10,"__amd_rocclr_fillBufferAligned",256,0,0,8,0,48,"TCC_HIT",14.000000,222894651009315,222894651010835
384,384,"Agent 2",1,1321563,1321563,256,10,"__amd_rocclr_fillBufferAligned",256,0,0,8,0,48,"TCC_MISS",16.000000,222894651009315,222894651010835
385,385,"Agent 2",1,1321563,1321563,47104,11,"drive_phase7(void*, void*, void*, void*, void*, void*, void*, void*, void*, void*, void*, void*, void*, void*, void*, void*, void*, int*, int*, unsigned int*, unsigned int*, int*, int*, int*, int*, int*, int*, int*, int*, int*, int, int, int, int, int, int, int, int*, int*, int*, int*)",256,512,80,76,0,112,"TCC_HIT",9709576.000000,222894665415910,222894672396038
385,385,"Agent 2",1,1321563,1321563,47104,11,"drive_phase7(void*, void*, void*, void*, void*, void*, void*, void*, void*, void*, void*, void*, void*, void*, void*, void*, void*, int*, int*, unsigned int*, unsigned int*, int*, int*, int*, int*, int*, int*, int*, int*, int*, int, int, int, int, int, int, int, int*, int*, int*, int*)",256,512,80,76,0,112,"TCC_MISS",267895.000000,222894665415910,222894672396038
386,386,"Agent 2",1,1321563,1321563,512,7,"__amd_rocclr_copyBuffer",512,0,0,8,0,32,"TCC_HIT",11.000000,222894672513999,222894672515999
386,386,"Agent 2",1,1321563,1321563,512,7,"__amd_rocclr_copyBuffer",512,0,0,8,0,32,"TCC_MISS",16.000000,222894672513999,222894672515999
387,387,"Agent 2",1,1321563,1321563,512,7,"__amd_rocclr_copyBuffer",512,0,0,8,0,32,"TCC_HIT",57.000000,222894672595520,222894672597200
387,387,"Agent 2",1,1321563,1321563,512,7,"__amd_rocclr_copyBuffer",512,0,0,8,0,32,"TCC_MISS",104.000000,222894672595520,222894672597200
388,388,"Agent 2",1,1321563,1321563,512,7,"__amd_rocclr_copyBuffer",512,0,0,8,0,32,"TCC_HIT",56.000000,222894672670682,222894672672402
388,388,"Agent 2",1,1321563,1321563,512,7,"__amd_rocclr_copyBuffer",512,0,0,8,0,32,"TCC_MISS",102.000000,222894672670682,222894672672402
389,389,"Agent 2",1,1321563,1321563,512,7,"__amd_rocclr_copyBuffer",512,0,0,8,0,32,"TCC_HIT",75.000000,222894672755323,222894672756963
389,389,"Agent 2",1,1321563,1321563,512,7,"__amd_rocclr_copyBuffer",512,0,0,8,0,32,"TCC_MISS",140.000000,222894672755323,222894672756963
390,390,"Agent 2",1,1321563,1321563,512,7,"__amd_rocclr_copyBuffer",512,0,0,8,0,32,"TCC_HIT",13.000000,222894672830085,222894672831765
390,390,"Agent 2",1,1321563,1321563,512,7,"__amd_rocclr_copyBuffer",512,0,0,8,0,32,"TCC_MISS",16.000000,222894672830085,222894672831765
391,391,"Agent 2",1,1321563,1321563,512,7,"__amd_rocclr_copyBuffer",512,0,0,8,0,32,"TCC_HIT",13.000000,222894672906806,222894672908486
391,391,"Agent 2",1,1321563,1321563,512,7,"__amd_rocclr_copyBuffer",512,0,0,8,0,32,"TCC_MISS",16.000000,222894672906806,222894672908486
392,392,"Agent 2",1,1321563,1321563,512,7,"__amd_rocclr_copyBuffer",512,0,0,8,0,32,"TCC_HIT",13.000000,222894672991207,222894672992847
392,392,"Agent 2",1,1321563,1321563,512,7,"__amd_rocclr_copyBuffer",512,0,0,8,0,32,"TCC_MISS",16.000000,222894672991207,222894672992847
393,393,"Agent 2",1,1321563,1321563,512,7,"__amd_rocclr_copyBuffer",512,0,0,8,0,32,"TCC_HIT",57.000000,222894673071329,222894673073009
393,393,"Agent 2",1,1321563,1321563,512,7,"__amd_rocclr_copyBuffer",512,0,0,8,0,32,"TCC_MISS",104.000000,222894673071329,222894673073009
394,394,"Agent 2",1,1321563,1321563,512,7,"__amd_rocclr_copyBuffer",512,0,0,8,0,32,"TCC_HIT",56.000000,222894673146770,222894673148450
394,394,"Agent 2",1,1321563,1321563,512,7,"__amd_rocclr_copyBuffer",512,0,0,8,0,32,"TCC_MISS",102.000000,222894673146770,222894673148450
395,395,"Agent 2",1,1321563,1321563,512,7,"__amd_rocclr_copyBuffer",512,0,0,8,0,32,"TCC_HIT",43.000000,222894673227772,222894673229492
395,395,"Agent 2",1,1321563,1321563,512,7,"__amd_rocclr_copyBuffer",512,0,0,8,0,32,"TCC_MISS",78.000000,222894673227772,222894673229492
396,396,"Agent 2",1,1321563,1321563,512,7,"__amd_rocclr_copyBuffer",512,0,0,8,0,32,"TCC_HIT",43.000000,222894673301613,222894673303333
396,396,"Agent 2",1,1321563,1321563,512,7,"__amd_rocclr_copyBuffer",512,0,0,8,0,32,"TCC_MISS",76.000000,222894673301613,222894673303333
397,397,"Agent 2",1,1321563,1321563,512,7,"__amd_rocclr_copyBuffer",512,0,0,8,0,32,"TCC_HIT",43.000000,222894673380855,222894673382535
397,397,"Agent 2",1,1321563,1321563,512,7,"__amd_rocclr_copyBuffer",512,0,0,8,0,32,"TCC_MISS",76.000000,222894673380855,222894673382535
398,398,"Agent 2",1,1321563,1321563,512,7,"__amd_rocclr_copyBuffer",512,0,0,8,0,32,"TCC_HIT",43.000000,222894673456496,222894673458216
398,398,"Agent 2",1,1321563,1321563,512,7,"__amd_rocclr_copyBuffer",512,0,0,8,0,32,"TCC_MISS",76.000000,222894673456496,222894673458216
